Price,Area,Location,No._of_Bedrooms,Resale,LandscapedGardens,IndoorGames,Intercom,SportsFacility,ClubHouse,24X7Security,PowerBackup,CarParking,Gasconnection,AC,Wifi,Children'splayarea,LiftAvailable,Total_Amenities,Price_per_sqft,Amenity_Score,Bedroom_Density
10500000,1200,Sector 10 Dwarka,2,1,0,0,1,1,0,1,1,1,1,0,0,1,1,3,8750.0,0.21428571428571427,0.0016666666666666668
6000000,1000,Uttam Nagar,3,0,0,0,1,0,0,0,1,1,0,0,0,0,0,0,6000.0,0.0,0.003
15000000,1350,Other,2,1,0,0,0,0,0,0,0,0,0,0,0,0,0,0,11111.111111111111,0.0,0.0014814814814814814
2500000,435,Uttam Nagar,2,0,0,0,1,0,0,0,0,1,0,0,0,0,0,1,5747.126436781609,0.07142857142857142,0.004597701149425287
5800000,900,Dwarka Mor,3,0,0,0,0,0,0,0,0,1,0,0,0,0,1,0,6444.444444444444,0.0,0.0033333333333333335
15800000,1800,Other,4,1,0,0,1,0,1,1,1,1,1,0,0,1,1,6,8777.777777777777,0.42857142857142855,0.0022222222222222222
15400000,1500,Sector 6 Dwarka,3,1,0,0,0,0,0,0,0,0,0,0,0,0,0,0,10266.666666666666,0.0,0.002
13500000,1800,Other,3,1,0,0,1,1,1,0,1,0,1,0,0,1,0,1,7500.0,0.07142857142857142,0.0016666666666666668
6500000,1000,Other,3,0,0,0,0,0,0,0,0,1,0,0,0,0,1,0,6500.0,0.0,0.003
12500000,1300,Other,2,1,0,0,0,0,0,0,0,0,0,0,0,0,0,0,9615.384615384615,0.0,0.0015384615384615385
11000000,1000,Other,3,0,0,0,0,0,0,0,0,1,0,0,0,0,1,0,11000.0,0.0,0.003
12500000,1550,Sector 11 Dwarka,3,1,0,0,1,1,0,0,1,0,1,0,0,1,1,0,8064.5161290322585,0.0,0.001935483870967742
14800000,1800,Other,3,1,0,0,0,0,0,0,0,0,0,0,0,0,0,0,8222.222222222223,0.0,0.0016666666666666668
12500000,600,Sector 12 Dwarka,3,1,0,0,0,0,0,0,0,0,0,0,0,0,0,0,20833.333333333332,0.0,0.005
3300000,385,Other,1,1,0,0,0,0,0,0,0,0,0,0,0,0,0,0,8571.42857142857,0.0,0.0025974025974025974
110000000,2500,Other,4,1,0,0,0,0,0,0,1,0,1,1,0,0,1,2,44000.0,0.14285714285714285,0.0016
5000000,1000,Dwarka Mor,3,0,0,0,0,0,0,0,0,0,0,0,0,0,1,0,5000.0,0.0,0.003
17500000,1300,Other,3,0,0,0,1,0,0,0,0,0,1,0,0,1,0,0,13461.538461538461,0.0,0.002307692307692308
3600000,1050,Other,3,1,0,0,0,0,0,0,0,0,0,0,0,0,1,1,3428.5714285714284,0.07142857142857142,0.002857142857142857
16500000,1600,Sector 6 Dwarka,3,1,0,0,0,0,0,0,0,0,1,0,0,0,0,0,10312.5,0.0,0.001875
10500000,1200,Sector 10 Dwarka,2,1,0,0,1,1,0,1,1,1,1,0,0,1,1,3,8750.0,0.21428571428571427,0.0016666666666666668
6000000,1000,Uttam Nagar,3,0,0,0,1,0,0,0,1,1,0,0,0,0,0,0,6000.0,0.0,0.003
15000000,1350,Other,2,1,0,0,0,0,0,0,0,0,0,0,0,0,0,0,11111.111111111111,0.0,0.0014814814814814814
2500000,435,Uttam Nagar,2,0,0,0,1,0,0,0,0,1,0,0,0,0,0,1,5747.126436781609,0.07142857142857142,0.004597701149425287
5800000,900,Dwarka Mor,3,0,0,0,0,0,0,0,0,1,0,0,0,0,1,0,6444.444444444444,0.0,0.0033333333333333335
15800000,1800,Other,4,1,0,0,1,0,1,1,1,1,1,0,0,1,1,6,8777.777777777777,0.42857142857142855,0.0022222222222222222
15400000,1500,Sector 6 Dwarka,3,1,0,0,0,0,0,0,0,0,0,0,0,0,0,0,10266.666666666666,0.0,0.002
13500000,1800,Other,3,1,0,0,1,1,1,0,1,0,1,0,0,1,0,1,7500.0,0.07142857142857142,0.0016666666666666668
6500000,1000,Other,3,0,0,0,0,0,0,0,0,1,0,0,0,0,1,0,6500.0,0.0,0.003
12500000,1300,Other,2,1,0,0,0,0,0,0,0,0,0,0,0,0,0,0,9615.384615384615,0.0,0.0015384615384615385
11000000,1000,Other,3,0,0,0,0,0,0,0,0,1,0,0,0,0,1,0,11000.0,0.0,0.003
12500000,1550,Sector 11 Dwarka,3,1,0,0,1,1,0,0,1,0,1,0,0,1,1,0,8064.5161290322585,0.0,0.001935483870967742
14800000,1800,Other,3,1,0,0,0,0,0,0,0,0,0,0,0,0,0,0,8222.222222222223,0.0,0.0016666666666666668
12500000,600,Sector 12 Dwarka,3,1,0,0,0,0,0,0,0,0,0,0,0,0,0,0,20833.333333333332,0.0,0.005
3300000,385,Other,1,1,0,0,0,0,0,0,0,0,0,0,0,0,0,0,8571.42857142857,0.0,0.0025974025974025974
110000000,2500,Other,4,1,0,0,0,0,0,0,1,0,1,1,0,0,1,2,44000.0,0.14285714285714285,0.0016
5000000,1000,Dwarka Mor,3,0,0,0,0,0,0,0,0,0,0,0,0,0,1,0,5000.0,0.0,0.003
17500000,1300,Other,3,0,0,0,1,0,0,0,0,0,1,0,0,1,0,0,13461.538461538461,0.0,0.002307692307692308
3600000,1050,Other,3,1,0,0,0,0,0,0,0,0,0,0,0,0,1,1,3428.5714285714284,0.07142857142857142,0.002857142857142857
16500000,1600,Sector 6 Dwarka,3,1,0,0,0,0,0,0,0,0,1,0,0,0,0,0,10312.5,0.0,0.001875
12500000,1000,Other,2,1,0,0,0,0,0,0,0,0,0,0,0,0,0,0,12500.0,0.0,0.002
2750000,630,Jamia Nagar,2,1,0,0,0,0,0,0,0,0,0,0,0,0,1,1,4365.079365079365,0.07142857142857142,0.0031746031746031746
23500000,2000,Sector 19 Dwarka,4,1,0,0,1,0,1,0,1,1,1,0,0,1,1,0,11750.0,0.0,0.002
16200000,1600,Sector 10 Dwarka,3,1,0,0,0,0,0,0,0,0,0,0,0,0,0,0,10125.0,0.0,0.001875
13500000,1350,Other,4,0,1,0,0,0,0,0,0,1,0,0,0,0,1,0,10000.0,0.0,0.002962962962962963
5500000,1000,Uttam Nagar,3,0,0,0,1,0,0,0,0,0,0,0,0,0,1,1,5500.0,0.07142857142857142,0.003
5500000,1000,Dwarka Mor,3,0,0,0,1,0,0,0,0,0,0,0,0,0,1,1,5500.0,0.07142857142857142,0.003
3621000,900,Uttam Nagar,3,0,0,0,0,0,0,0,0,0,0,0,0,0,0,0,4023.3333333333335,0.0,0.0033333333333333335
9200000,1200,Other,2,1,0,0,1,0,0,0,0,0,1,0,0,1,0,0,7666.666666666667,0.0,0.0016666666666666668
10400000,1125,Other,3,1,0,0,0,0,0,0,0,1,0,0,0,0,1,0,9244.444444444445,0.0,0.0026666666666666666
2350000,415,Other,1,1,0,0,0,1,0,0,0,0,0,0,0,1,0,1,5662.650602409639,0.07142857142857142,0.0024096385542168677
8000000,1500,Dwarka Mor,4,0,0,0,0,0,0,0,0,0,0,0,0,0,0,0,5333.333333333333,0.0,0.0026666666666666666
3500000,675,Other,3,1,0,0,0,0,0,0,0,0,0,0,0,0,1,0,5185.185185185185,0.0,0.0044444444444444444
14800000,1750,Other,3,1,0,0,1,1,0,0,1,0,1,0,0,1,1,0,8457.142857142857,0.0,0.0017142857142857142
8500000,1200,Dwarka Mor,4,0,0,0,1,0,0,0,1,1,0,0,0,0,1,0,7083.333333333333,0.0,0.0033333333333333335
17500000,1650,Vasant Kunj,3,1,1,0,0,0,0,0,0,1,0,0,0,0,1,1,10606.060606060606,0.07142857142857142,0.0018181818181818182
2700000,540,Dwarka Mor,2,0,0,0,1,0,0,0,0,1,0,0,0,0,1,3,5000.0,0.21428571428571427,0.003703703703703704
4999000,950,Dwarka Mor,3,0,0,0,1,0,0,0,0,0,0,0,0,0,0,1,5262.105263157895,0.07142857142857142,0.003157894736842105
4699000,850,Dwarka Mor,3,1,0,0,1,0,0,0,0,0,1,0,0,0,1,0,5528.235294117647,0.0,0.0035294117647058825
3800000,450,Other,2,1,0,0,0,0,0,0,0,0,0,0,0,0,1,0,8444.444444444445,0.0,0.0044444444444444444
15000000,1551,Other,2,1,1,0,0,0,0,0,1,1,1,1,0,1,0,0,9671.17988394584,0.0,0.0012894906511927789
3000000,650,Jamia Nagar,2,0,0,0,0,0,0,0,0,0,0,0,0,0,0,0,4615.384615384615,0.0,0.003076923076923077
5100000,900,Other,3,0,0,0,0,0,0,0,0,1,0,0,0,0,0,0,5666.666666666667,0.0,0.0033333333333333335
2350000,550,Uttam Nagar,2,0,0,0,0,0,0,0,0,0,0,0,0,0,0,0,4272.727272727273,0.0,0.0036363636363636364
5499000,900,Dwarka Mor,3,0,0,0,1,0,0,0,0,1,0,0,0,0,0,0,6110.0,0.0,0.0033333333333333335
12800000,1843,Other,3,0,1,0,0,0,1,1,1,1,0,0,0,1,1,8,6945.198046663049,0.5714285714285714,0.0016277807921866521
2500000,630,Other,2,1,0,0,0,0,0,0,0,0,0,0,0,0,0,1,3968.253968253968,0.07142857142857142,0.0031746031746031746
27500000,3000,Sector 22 Dwarka,4,1,0,0,1,1,1,0,0,0,1,0,0,1,1,2,9166.666666666666,0.14285714285714285,0.0013333333333333333
3600000,675,Other,2,1,0,0,0,0,0,0,0,0,0,0,0,0,1,0,5333.333333333333,0.0,0.002962962962962963
45000000,1300,Other,3,1,0,0,0,1,0,0,1,0,1,1,0,1,0,7,34615.38461538462,0.5,0.002307692307692308
5500000,1000,Uttam Nagar,3,0,0,0,0,0,0,0,0,1,0,0,0,0,1,0,5500.0,0.0,0.003
5500000,900,Other,3,1,0,0,1,0,0,0,0,0,0,0,0,0,1,0,6111.111111111111,0.0,0.0033333333333333335
16800000,1700,Sector 6 Dwarka,3,1,0,0,1,1,1,0,0,0,1,0,0,1,1,2,9882.35294117647,0.14285714285714285,0.0017647058823529412
3900000,900,Dwarka Mor,3,0,0,0,0,0,0,0,0,0,0,0,0,0,1,0,4333.333333333333,0.0,0.0033333333333333335
4400000,1000,Dwarka Mor,3,0,0,0,1,0,0,0,0,0,0,0,0,0,1,1,4400.0,0.07142857142857142,0.003
15000000,1200,Other,2,1,0,0,1,0,0,0,1,0,1,1,0,1,1,7,12500.0,0.5,0.0016666666666666668
6500000,700,Other,3,1,0,0,0,0,0,0,0,0,1,0,0,0,1,0,9285.714285714286,0.0,0.004285714285714286
2900000,630,Burari,2,1,0,0,1,0,0,0,0,0,0,0,0,0,1,0,4603.174603174603,0.0,0.0031746031746031746
2100000,540,Burari,2,0,0,0,0,0,0,0,0,0,1,0,0,0,0,0,3888.8888888888887,0.0,0.003703703703703704
6200000,1200,Other,3,1,0,0,1,0,0,0,0,0,1,0,0,0,1,0,5166.666666666667,0.0,0.0025
4011000,1000,Uttam Nagar,3,0,0,0,0,0,0,0,0,0,0,0,0,0,0,0,4011.0,0.0,0.003
5300000,850,Other,3,1,0,0,0,0,0,0,0,0,0,0,0,0,1,0,6235.294117647059,0.0,0.0035294117647058825
13500000,1500,Sector 19 Dwarka,3,1,1,0,1,0,0,0,0,1,1,0,0,1,1,0,9000.0,0.0,0.002
2400000,750,Other,2,0,0,0,0,0,0,0,0,0,0,0,0,0,0,0,3200.0,0.0,0.0026666666666666666
14500000,1650,Other,3,1,0,0,1,1,1,0,1,1,1,0,0,1,1,1,8787.878787878788,0.07142857142857142,0.0018181818181818182
4500000,810,Other,3,1,0,0,0,0,0,0,0,0,0,0,0,0,1,1,5555.555555555556,0.07142857142857142,0.003703703703703704
16000000,1250,Other,3,1,0,0,0,0,0,0,0,0,0,0,0,0,0,0,12800.0,0.0,0.0024
6400000,600,Other,1,1,0,0,0,0,0,0,0,0,1,0,0,0,0,0,10666.666666666666,0.0,0.0016666666666666668
35000000,3800,Sector 12 Dwarka,5,1,1,1,1,1,1,1,1,1,1,0,0,1,1,2,9210.526315789473,0.14285714285714285,0.0013157894736842105
10000000,1000,Other,3,0,0,0,0,0,0,0,0,1,0,0,0,0,1,0,10000.0,0.0,0.003
2300000,380,Other,1,1,0,0,0,0,0,0,0,0,0,0,0,0,0,0,6052.631578947368,0.0,0.002631578947368421
6900000,600,Vasant Kunj,1,1,0,0,0,0,0,0,0,0,1,0,0,1,1,0,11500.0,0.0,0.0016666666666666668
17500000,2250,Other,2,1,0,0,0,0,0,0,0,0,0,0,0,0,0,0,7777.777777777777,0.0,0.0008888888888888889
16500000,1200,Other,3,1,0,0,0,0,1,1,1,1,0,0,0,0,1,5,13750.0,0.35714285714285715,0.0025
3000000,645,Jamia Nagar,3,1,0,0,0,0,0,0,0,0,0,0,0,0,0,0,4651.162790697675,0.0,0.004651162790697674
13500000,1600,Sector 4 Dwarka,3,1,0,0,1,0,0,0,1,0,1,0,0,1,1,0,8437.5,0.0,0.001875
3800000,1000,Uttam Nagar,3,0,0,0,1,0,0,0,0,0,0,0,0,0,0,0,3800.0,0.0,0.003
5000000,920,Uttam Nagar,3,0,0,0,1,0,1,0,1,0,1,0,0,0,1,0,5434.782608695652,0.0,0.003260869565217391
2800000,570,Dwarka Mor,2,0,0,0,1,0,0,0,1,0,0,0,0,0,1,0,4912.2807017543855,0.0,0.0035087719298245615
7500000,1100,Other,2,1,0,0,1,1,0,0,1,0,1,0,0,1,0,0,6818.181818181818,0.0,0.0018181818181818182
26000000,1650,Other,4,1,0,0,0,1,0,0,0,0,1,1,0,1,0,0,15757.575757575758,0.0,0.0024242424242424242
3000000,750,Other,2,1,0,0,0,0,0,0,0,0,0,0,0,0,1,0,4000.0,0.0,0.0026666666666666666
3000000,800,Other,2,1,0,0,0,0,0,0,0,0,0,0,0,0,0,0,3750.0,0.0,0.0025
5200000,1000,Dwarka Mor,3,0,0,0,0,0,0,0,0,0,0,0,0,0,0,0,5200.0,0.0,0.003
18000000,1700,Vasant Kunj,3,1,1,0,0,1,0,0,1,1,1,0,0,1,1,2,10588.235294117647,0.14285714285714285,0.0017647058823529412
35000000,1800,Vasant Kunj,4,1,0,0,0,1,0,0,1,0,1,0,0,0,0,1,19444.444444444445,0.07142857142857142,0.0022222222222222222
4400000,810,Other,2,0,0,0,0,0,0,0,0,0,0,0,0,0,1,0,5432.098765432099,0.0,0.0024691358024691358
15500000,1800,Other,3,1,0,0,1,1,0,0,1,0,1,0,0,1,1,0,8611.111111111111,0.0,0.0016666666666666668
27500000,1550,Other,3,1,0,0,0,0,0,0,0,0,0,0,0,0,0,0,17741.935483870966,0.0,0.001935483870967742
8200000,500,Vasant Kunj,1,1,0,0,0,0,1,0,1,0,1,0,0,1,1,1,16400.0,0.07142857142857142,0.002
4799000,950,Uttam Nagar,3,0,0,0,1,0,0,0,0,0,0,0,0,0,0,1,5051.578947368421,0.07142857142857142,0.003157894736842105
15000000,1250,Other,3,1,1,0,1,0,1,1,1,1,0,0,0,1,1,5,12000.0,0.35714285714285715,0.0024
14000000,1000,Other,2,1,0,0,0,0,0,0,0,0,0,0,0,0,0,0,14000.0,0.0,0.002
6500000,1000,Dwarka Mor,3,0,0,0,0,0,0,0,1,1,0,0,0,0,1,0,6500.0,0.0,0.003
3200000,620,Dwarka Mor,2,0,0,0,1,0,0,0,0,1,0,0,0,0,1,0,5161.290322580645,0.0,0.0032258064516129032
6600000,700,Other,2,1,0,0,0,0,0,0,0,0,0,0,0,0,0,0,9428.57142857143,0.0,0.002857142857142857
6800000,581,Vasant Kunj,1,0,1,0,0,0,0,0,0,1,0,1,0,0,1,5,11703.958691910499,0.35714285714285715,0.0017211703958691911
2650000,600,Vasant Kunj,1,1,0,0,0,0,0,0,0,0,0,0,0,0,0,0,4416.666666666667,0.0,0.0016666666666666668
10400000,1000,Other,2,1,0,0,0,0,0,0,0,0,1,1,0,0,0,1,10400.0,0.07142857142857142,0.002
22500000,2150,Sector 10 Dwarka,3,1,1,0,1,0,1,0,1,1,1,0,0,1,1,1,10465.116279069767,0.07142857142857142,0.0013953488372093023
28500000,2350,Sector 11 Dwarka,4,1,0,0,0,0,0,0,0,0,1,0,0,0,0,0,12127.659574468085,0.0,0.001702127659574468
14000000,1500,Other,2,1,0,0,0,0,0,0,0,0,0,0,0,0,0,0,9333.333333333334,0.0,0.0013333333333333333
5499000,900,Dwarka Mor,3,0,0,0,1,0,0,0,1,1,0,0,0,0,0,0,6110.0,0.0,0.0033333333333333335
3399000,720,Dwarka Mor,2,0,0,0,1,0,0,0,1,1,0,0,0,0,0,0,4720.833333333333,0.0,0.002777777777777778
2349000,450,Dwarka Mor,2,0,0,0,1,0,0,0,1,1,0,0,0,0,0,0,5220.0,0.0,0.0044444444444444444
6000000,990,Dwarka Mor,3,0,0,0,1,0,0,0,1,1,0,0,0,0,0,0,6060.606060606061,0.0,0.0030303030303030303
3199000,675,Dwarka Mor,3,0,0,0,1,0,0,0,1,1,0,0,0,0,0,0,4739.259259259259,0.0,0.0044444444444444444
4099000,765,Dwarka Mor,3,0,0,0,1,0,0,0,1,1,0,0,0,0,0,0,5358.169934640523,0.0,0.00392156862745098
5499000,900,Dwarka Mor,3,0,0,0,1,0,0,0,0,0,0,0,0,0,1,1,6110.0,0.07142857142857142,0.0033333333333333335
3399000,720,Dwarka Mor,2,0,0,0,1,0,0,0,0,0,0,0,0,0,1,1,4720.833333333333,0.07142857142857142,0.002777777777777778
2349000,450,Dwarka Mor,2,0,0,0,1,0,0,0,0,0,0,0,0,0,1,1,5220.0,0.07142857142857142,0.0044444444444444444
5999000,990,Dwarka Mor,3,0,0,0,1,0,0,0,0,0,0,0,0,0,1,1,6059.595959595959,0.07142857142857142,0.0030303030303030303
3199000,675,Dwarka Mor,3,0,0,0,1,0,0,0,0,0,0,0,0,0,1,1,4739.259259259259,0.07142857142857142,0.0044444444444444444
4099000,765,Dwarka Mor,3,0,0,0,1,0,0,0,0,0,0,0,0,0,1,1,5358.169934640523,0.07142857142857142,0.00392156862745098
5499000,900,Dwarka Mor,3,0,0,0,1,0,0,0,0,1,0,0,0,0,1,0,6110.0,0.0,0.0033333333333333335
3399000,720,Dwarka Mor,2,0,0,0,1,0,0,0,0,1,0,0,0,0,1,0,4720.833333333333,0.0,0.002777777777777778
2299000,450,Dwarka Mor,2,0,0,0,1,0,0,0,0,1,0,0,0,0,1,0,5108.888888888889,0.0,0.0044444444444444444
6000000,990,Dwarka Mor,3,0,0,0,1,0,0,0,0,1,0,0,0,0,1,0,6060.606060606061,0.0,0.0030303030303030303
3199000,675,Dwarka Mor,3,0,0,0,1,0,0,0,0,1,0,0,0,0,1,0,4739.259259259259,0.0,0.0044444444444444444
4099000,765,Dwarka Mor,3,0,0,0,1,0,0,0,0,1,0,0,0,0,1,0,5358.169934640523,0.0,0.00392156862745098
18900000,2150,Sector 11 Dwarka,4,1,0,0,0,0,0,0,0,0,1,0,0,0,0,0,8790.697674418605,0.0,0.0018604651162790699
17400000,1950,Sector 4 Dwarka,3,1,0,0,0,0,0,0,0,0,1,0,0,0,0,0,8923.076923076924,0.0,0.0015384615384615385
13400000,1650,Other,3,1,1,0,1,0,1,1,1,0,1,0,0,0,0,4,8121.212121212121,0.2857142857142857,0.0018181818181818182
16399999,1750,Sector 22 Dwarka,3,1,0,0,0,0,0,0,0,0,1,0,0,0,0,0,9371.428,0.0,0.0017142857142857142
19200000,2250,Sector 4 Dwarka,4,1,0,0,0,0,0,0,0,0,1,0,0,0,0,0,8533.333333333334,0.0,0.0017777777777777779
2300000,410,Uttam Nagar,2,0,0,0,1,0,0,0,0,1,0,0,0,0,0,1,5609.756097560976,0.07142857142857142,0.004878048780487805
2600000,450,Uttam Nagar,2,0,0,0,1,0,0,0,0,1,0,0,0,0,0,1,5777.777777777777,0.07142857142857142,0.0044444444444444444
5800000,750,Uttam Nagar,3,0,0,0,1,0,0,0,0,1,0,0,0,0,0,1,7733.333333333333,0.07142857142857142,0.004
5000000,700,Uttam Nagar,3,0,0,0,1,0,0,0,0,1,0,0,0,0,0,1,7142.857142857143,0.07142857142857142,0.004285714285714286
4500000,650,Uttam Nagar,3,0,0,0,1,0,0,0,0,1,0,0,0,0,0,1,6923.076923076923,0.07142857142857142,0.004615384615384616
17000000,1450,Other,3,1,0,0,0,0,0,0,1,1,0,0,0,0,0,0,11724.137931034482,0.0,0.0020689655172413794
13500000,1400,Other,3,1,0,0,0,0,0,0,1,1,0,0,0,0,0,0,9642.857142857143,0.0,0.002142857142857143
13000000,1150,Other,2,1,0,0,0,0,0,0,1,1,1,0,0,0,0,1,11304.347826086956,0.07142857142857142,0.0017391304347826088
18300000,1550,Other,3,1,0,0,0,0,0,0,1,1,1,0,0,1,0,1,11806.451612903225,0.07142857142857142,0.001935483870967742
18000000,1500,Other,4,1,0,0,0,0,0,0,1,1,0,0,0,0,0,1,12000.0,0.07142857142857142,0.0026666666666666666
17000000,1550,Other,3,1,0,0,0,0,0,0,0,0,0,0,0,0,0,0,10967.741935483871,0.0,0.001935483870967742
19000000,1500,Other,3,1,0,0,0,1,0,0,0,0,1,0,0,1,0,1,12666.666666666666,0.07142857142857142,0.002
18000000,1450,Other,3,1,0,0,0,0,0,0,0,0,0,0,0,0,0,0,12413.793103448275,0.0,0.0020689655172413794
14000000,1200,Other,2,1,0,0,0,0,0,0,0,0,0,0,0,0,0,0,11666.666666666666,0.0,0.0016666666666666668
4500000,500,Other,1,1,0,0,0,0,0,1,1,1,1,0,0,0,0,0,9000.0,0.0,0.002
16000000,1800,Sector 6 Dwarka,3,1,0,0,0,0,0,0,0,0,0,0,0,0,0,0,8888.888888888889,0.0,0.0016666666666666668
15500000,1700,Sector 4 Dwarka,3,1,0,0,1,0,0,0,1,0,1,0,0,1,1,1,9117.64705882353,0.07142857142857142,0.0017647058823529412
16000000,1800,Other,3,1,0,0,1,0,0,0,1,0,1,0,0,1,1,1,8888.888888888889,0.07142857142857142,0.0016666666666666668
24000000,2000,Other,4,1,1,0,1,0,0,0,1,0,1,0,0,1,1,1,12000.0,0.07142857142857142,0.002
18000000,1900,Other,4,1,0,0,0,0,0,1,1,1,0,0,0,0,1,4,9473.684210526315,0.2857142857142857,0.002105263157894737
16000000,1800,Sector 6 Dwarka,3,1,0,0,1,0,0,0,1,0,1,0,0,1,1,1,8888.888888888889,0.07142857142857142,0.0016666666666666668
15500000,1700,Other,3,1,1,1,1,0,1,1,1,1,1,0,0,1,1,7,9117.64705882353,0.5,0.0017647058823529412
18000000,1900,Other,4,1,0,0,1,0,0,0,1,0,1,0,0,1,1,1,9473.684210526315,0.07142857142857142,0.002105263157894737
17000000,1800,Other,3,1,0,0,1,0,1,1,1,1,1,0,0,1,1,6,9444.444444444445,0.42857142857142855,0.0016666666666666668
19500000,1900,Other,4,1,0,0,0,0,0,0,0,0,0,0,0,0,0,0,10263.157894736842,0.0,0.002105263157894737
16500000,1800,Other,3,1,1,0,1,0,0,0,1,0,1,0,0,1,1,1,9166.666666666666,0.07142857142857142,0.0016666666666666668
15500000,1800,Sector 12 Dwarka,3,1,0,0,1,1,1,1,1,1,1,0,0,1,1,8,8611.111111111111,0.5714285714285714,0.0016666666666666668
17500000,1800,Sector 12 Dwarka,3,1,0,0,1,1,0,0,1,0,1,0,0,1,1,0,9722.222222222223,0.0,0.0016666666666666668
4700000,820,Dwarka Mor,3,0,0,0,0,0,0,0,0,1,0,0,0,0,1,0,5731.707317073171,0.0,0.003658536585365854
2700000,625,Dwarka Mor,2,0,0,0,0,0,0,0,0,1,0,0,0,0,1,0,4320.0,0.0,0.0032
2400000,525,Dwarka Mor,2,0,0,0,0,0,0,0,0,1,0,0,0,0,1,0,4571.428571428572,0.0,0.0038095238095238095
3500000,750,Dwarka Mor,2,0,0,0,0,0,0,0,0,1,0,0,0,0,1,0,4666.666666666667,0.0,0.0026666666666666666
4200000,850,Dwarka Mor,3,0,0,0,0,0,0,0,0,1,0,0,0,0,1,0,4941.176470588235,0.0,0.0035294117647058825
16500000,1700,Sector 22 Dwarka,3,1,1,0,1,1,1,1,1,1,1,0,0,1,1,3,9705.882352941177,0.21428571428571427,0.0017647058823529412
16800000,1900,Sector 6 Dwarka,4,1,0,0,1,0,0,0,1,0,1,0,0,1,1,1,8842.105263157895,0.07142857142857142,0.002105263157894737
13799999,1700,Other,3,1,0,0,0,0,0,0,0,0,0,0,0,0,0,0,8117.646470588235,0.0,0.0017647058823529412
13000000,1700,Other,3,1,0,0,0,0,0,0,0,0,0,0,0,0,0,0,7647.058823529412,0.0,0.0017647058823529412
13000000,1700,Other,3,1,0,0,1,0,0,0,1,0,1,0,0,1,1,1,7647.058823529412,0.07142857142857142,0.0017647058823529412
10500000,1400,Other,2,1,0,0,1,0,1,1,1,1,1,0,0,1,1,6,7500.0,0.42857142857142855,0.0014285714285714286
19000000,1900,Other,4,1,1,0,1,0,0,0,1,0,1,0,0,1,1,1,10000.0,0.07142857142857142,0.002105263157894737
13000000,1700,Sector 4 Dwarka,3,1,0,0,0,0,0,0,0,0,0,0,0,0,0,0,7647.058823529412,0.0,0.0017647058823529412
13000000,1700,Sector 4 Dwarka,3,1,0,0,1,0,0,0,1,0,1,0,0,1,1,1,7647.058823529412,0.07142857142857142,0.0017647058823529412
18000000,1900,Other,4,1,0,0,1,0,0,1,1,1,1,0,0,1,1,4,9473.684210526315,0.2857142857142857,0.002105263157894737
19000000,1900,Other,4,1,1,1,1,0,1,1,1,1,1,0,0,1,1,7,10000.0,0.5,0.002105263157894737
19500000,1900,Other,4,1,0,0,1,0,0,0,1,0,1,0,0,1,1,1,10263.157894736842,0.07142857142857142,0.002105263157894737
18500000,1800,Other,3,1,0,0,0,0,1,1,1,1,0,0,0,0,1,5,10277.777777777777,0.35714285714285715,0.0016666666666666668
14500000,1800,Other,3,1,0,0,1,0,0,1,1,0,0,0,0,0,0,1,8055.555555555556,0.07142857142857142,0.0016666666666666668
14500000,1800,Other,3,1,1,0,0,0,0,1,1,1,0,0,0,1,0,2,8055.555555555556,0.14285714285714285,0.0016666666666666668
14500000,1800,Other,3,1,1,0,1,0,0,1,1,1,1,0,0,1,1,3,8055.555555555556,0.21428571428571427,0.0016666666666666668
15800000,1800,Other,3,1,0,0,1,0,1,1,1,0,1,0,0,1,1,4,8777.777777777777,0.2857142857142857,0.0016666666666666668
14500000,1800,Other,3,1,0,0,1,0,0,1,1,0,1,0,0,1,1,2,8055.555555555556,0.14285714285714285,0.0016666666666666668
19000000,2000,Other,3,1,1,0,1,0,0,0,1,0,1,0,0,1,1,3,9500.0,0.21428571428571427,0.0015
17000000,1900,Sector 10 Dwarka,3,1,0,0,1,0,1,1,1,1,0,0,0,1,1,6,8947.368421052632,0.42857142857142855,0.0015789473684210526
13799999,1700,Other,3,1,0,0,0,0,0,0,0,0,0,0,0,0,0,0,8117.646470588235,0.0,0.0017647058823529412
15800000,1700,Other,3,1,1,0,1,0,0,0,1,0,1,0,0,1,1,1,9294.117647058823,0.07142857142857142,0.0017647058823529412
10000000,1100,Other,2,1,0,0,0,0,0,0,0,0,0,0,0,0,0,0,9090.90909090909,0.0,0.0018181818181818182
14500000,1700,Sector 6 Dwarka,3,1,0,0,1,1,0,0,1,0,1,0,0,1,1,0,8529.411764705883,0.0,0.0017647058823529412
14500000,1700,Sector 6 Dwarka,3,1,0,0,0,0,0,0,0,0,0,0,0,0,0,0,8529.411764705883,0.0,0.0017647058823529412
15500000,1600,Sector 10 Dwarka,3,1,0,0,1,1,0,0,1,0,1,0,0,1,1,0,9687.5,0.0,0.001875
15500000,1600,Sector 10 Dwarka,3,1,0,0,1,1,1,1,1,1,1,0,0,1,1,9,9687.5,0.6428571428571429,0.001875
14500000,1500,Sector 4 Dwarka,3,1,0,0,0,0,0,0,0,0,0,0,0,0,0,0,9666.666666666666,0.0,0.002
14500000,1500,Sector 4 Dwarka,3,1,0,0,1,1,0,0,1,0,1,0,0,1,1,1,9666.666666666666,0.07142857142857142,0.002
16500000,1600,Sector 12 Dwarka,3,1,1,0,1,1,1,1,1,1,1,0,0,1,1,7,10312.5,0.5,0.001875
17200000,1800,Sector 22 Dwarka,3,1,0,0,1,0,1,0,1,0,0,0,0,0,0,4,9555.555555555555,0.2857142857142857,0.0016666666666666668
20900000,2200,Sector 11 Dwarka,4,1,0,0,1,1,0,0,1,0,1,0,0,1,1,0,9500.0,0.0,0.0018181818181818182
19500000,1900,Sector 4 Dwarka,3,1,0,0,1,0,0,0,1,0,1,0,0,1,1,1,10263.157894736842,0.07142857142857142,0.0015789473684210526
15800000,1700,Other,3,1,0,0,1,0,0,0,1,0,1,0,0,0,1,1,9294.117647058823,0.07142857142857142,0.0017647058823529412
17000000,1800,Other,3,1,0,0,0,1,0,0,0,0,0,0,0,0,1,1,9444.444444444445,0.07142857142857142,0.0016666666666666668
16000000,2000,Sector 22 Dwarka,3,1,0,0,0,0,0,0,0,0,0,0,0,0,1,0,8000.0,0.0,0.0015
17500000,2000,Other,3,1,0,0,1,0,0,0,0,0,1,0,0,0,1,0,8750.0,0.0,0.0015
14900000,1800,Other,3,1,0,0,1,0,0,0,1,0,1,0,0,0,1,1,8277.777777777777,0.07142857142857142,0.0016666666666666668
14500000,1900,Other,3,1,0,0,1,1,0,0,0,0,1,0,0,0,1,1,7631.578947368421,0.07142857142857142,0.0015789473684210526
17000000,1600,Sector 22 Dwarka,3,1,0,0,0,0,0,0,0,0,1,0,0,0,1,1,10625.0,0.07142857142857142,0.001875
14500000,1900,Other,3,1,0,0,1,1,0,0,0,0,1,0,0,0,1,1,7631.578947368421,0.07142857142857142,0.0015789473684210526
20000000,2400,Sector 11 Dwarka,4,1,0,0,1,1,1,0,1,0,1,1,0,1,1,1,8333.333333333334,0.07142857142857142,0.0016666666666666668
14500000,1800,Sector 6 Dwarka,3,1,0,0,1,1,1,1,1,0,1,1,0,1,1,5,8055.555555555556,0.35714285714285715,0.0016666666666666668
16500000,1800,Sector 11 Dwarka,3,1,0,0,1,1,0,0,1,0,1,0,0,0,1,1,9166.666666666666,0.07142857142857142,0.0016666666666666668
16000000,1800,Sector 11 Dwarka,3,1,0,0,1,1,0,0,1,0,1,0,0,0,1,1,8888.888888888889,0.07142857142857142,0.0016666666666666668
15500000,1700,Sector 11 Dwarka,3,1,0,0,1,1,1,0,1,0,1,0,0,1,1,1,9117.64705882353,0.07142857142857142,0.0017647058823529412
23000000,2300,Sector 11 Dwarka,4,1,0,0,1,0,0,0,1,0,1,0,0,0,1,1,10000.0,0.07142857142857142,0.0017391304347826088
19500000,2100,Sector 11 Dwarka,3,1,0,0,0,0,0,0,0,0,0,0,0,0,0,0,9285.714285714286,0.0,0.0014285714285714286
19500000,2100,Sector 11 Dwarka,3,1,0,0,1,1,1,0,1,0,1,0,0,1,1,1,9285.714285714286,0.07142857142857142,0.0014285714285714286
13500000,1700,Sector 11 Dwarka,3,1,0,0,1,0,0,0,1,0,1,0,0,0,1,1,7941.176470588235,0.07142857142857142,0.0017647058823529412
16500000,2200,Sector 11 Dwarka,4,1,0,0,1,0,1,0,1,0,1,0,0,0,1,1,7500.0,0.07142857142857142,0.0018181818181818182
17500000,2000,Sector 11 Dwarka,4,1,0,0,1,1,1,0,1,0,1,0,0,1,1,1,8750.0,0.07142857142857142,0.002
17500000,2000,Sector 11 Dwarka,3,1,0,0,0,0,0,0,0,0,0,0,0,0,0,0,8750.0,0.0,0.0015
14500000,1800,Sector 11 Dwarka,3,1,0,0,0,0,0,0,0,0,0,0,0,0,0,0,8055.555555555556,0.0,0.0016666666666666668
18500000,2000,Sector 11 Dwarka,3,1,0,0,1,1,1,0,1,0,1,0,0,1,1,1,9250.0,0.07142857142857142,0.0015
19000000,2000,Sector 11 Dwarka,3,1,0,0,1,1,1,0,0,0,1,0,0,1,1,1,9500.0,0.07142857142857142,0.0015
22000000,2200,Sector 11 Dwarka,3,1,0,0,1,1,1,0,1,0,1,0,0,1,1,1,10000.0,0.07142857142857142,0.0013636363636363637
27000000,3000,Sector 11 Dwarka,4,1,0,0,1,1,1,0,1,0,1,0,0,1,1,1,9000.0,0.07142857142857142,0.0013333333333333333
22000000,2200,Sector 11 Dwarka,4,1,0,0,1,1,1,0,1,0,1,0,0,1,1,1,10000.0,0.07142857142857142,0.0018181818181818182
19000000,2100,Sector 11 Dwarka,3,1,0,0,1,1,1,0,0,0,1,0,0,1,1,1,9047.619047619048,0.07142857142857142,0.0014285714285714286
15000000,1800,Sector 11 Dwarka,3,1,0,0,1,1,1,0,1,0,1,0,0,1,1,1,8333.333333333334,0.07142857142857142,0.0016666666666666668
17500000,2600,Other,4,0,0,0,0,0,0,0,0,1,0,0,0,0,1,0,6730.7692307692305,0.0,0.0015384615384615385
3500000,500,Other,2,0,0,0,0,0,0,0,0,1,0,0,0,0,1,0,7000.0,0.0,0.004
2100000,360,Other,1,0,0,0,0,0,0,0,0,1,0,0,0,0,1,0,5833.333333333333,0.0,0.002777777777777778
16000000,2250,Other,4,0,0,0,0,0,0,0,0,1,0,0,0,0,1,0,7111.111111111111,0.0,0.0017777777777777779
2300000,400,Other,1,0,0,0,0,0,0,0,0,1,0,0,0,0,1,0,5750.0,0.0,0.0025
4000000,650,Other,2,0,0,0,0,0,0,0,0,1,0,0,0,0,1,0,6153.846153846154,0.0,0.003076923076923077
14500000,2000,Other,4,0,0,0,0,0,0,0,0,1,0,0,0,0,1,0,7250.0,0.0,0.002
5300000,850,Other,3,0,0,0,0,0,0,0,0,1,0,0,0,0,1,0,6235.294117647059,0.0,0.0035294117647058825
4500000,800,Other,3,0,0,0,0,0,0,0,0,1,0,0,0,0,1,0,5625.0,0.0,0.00375
9700000,1300,Other,3,0,0,0,0,0,0,0,0,1,0,0,0,0,1,0,7461.538461538462,0.0,0.002307692307692308
17000000,1800,Dwarka Mor,3,1,0,0,1,1,1,0,1,0,1,0,0,1,1,1,9444.444444444445,0.07142857142857142,0.0016666666666666668
15500000,1800,Sector 10 Dwarka,3,1,0,0,1,1,1,0,1,0,1,0,0,1,1,1,8611.111111111111,0.07142857142857142,0.0016666666666666668
15500000,1800,Sector 10 Dwarka,3,1,0,0,1,1,1,0,1,0,1,0,0,1,1,1,8611.111111111111,0.07142857142857142,0.0016666666666666668
15800000,1800,Sector 10 Dwarka,3,1,0,0,1,1,1,1,1,1,1,0,0,1,1,9,8777.777777777777,0.6428571428571429,0.0016666666666666668
14000000,1800,Other,3,1,0,0,1,1,1,0,1,0,1,0,0,1,1,2,7777.777777777777,0.14285714285714285,0.0016666666666666668
13500000,1600,Other,3,1,0,0,1,1,1,0,1,0,1,0,0,1,1,1,8437.5,0.07142857142857142,0.001875
16500000,2000,Other,3,1,0,0,1,1,1,1,1,1,1,0,0,1,1,4,8250.0,0.2857142857142857,0.0015
14500000,1800,Other,3,1,0,0,1,1,1,0,1,0,1,0,0,1,1,1,8055.555555555556,0.07142857142857142,0.0016666666666666668
15500000,2800,Other,3,1,1,0,1,1,1,0,1,0,1,0,0,1,1,1,5535.714285714285,0.07142857142857142,0.0010714285714285715
21000000,2000,Other,3,1,0,0,1,1,1,0,1,0,1,0,0,1,1,1,10500.0,0.07142857142857142,0.0015
15000000,1600,Other,3,1,0,0,1,1,1,0,1,0,1,0,0,1,1,1,9375.0,0.07142857142857142,0.001875
16500000,1800,Sector 10 Dwarka,3,1,0,0,1,1,1,0,1,0,1,0,0,1,1,1,9166.666666666666,0.07142857142857142,0.0016666666666666668
24000000,1800,Other,3,1,1,0,1,1,1,1,1,0,1,0,0,0,0,4,13333.333333333334,0.2857142857142857,0.0016666666666666668
15600000,1800,Other,3,1,0,0,1,1,1,0,1,0,1,0,0,1,1,1,8666.666666666666,0.07142857142857142,0.0016666666666666668
16000000,2400,Other,3,1,0,0,1,1,1,1,1,1,1,0,0,1,1,6,6666.666666666667,0.42857142857142855,0.00125
16500000,1800,Other,3,1,0,0,1,1,1,0,1,0,1,0,0,1,1,1,9166.666666666666,0.07142857142857142,0.0016666666666666668
14000000,1800,Other,3,1,0,0,1,1,1,1,1,1,1,0,0,1,1,4,7777.777777777777,0.2857142857142857,0.0016666666666666668
15800000,1900,Other,4,1,0,0,1,1,1,0,1,0,1,0,0,1,1,1,8315.78947368421,0.07142857142857142,0.002105263157894737
17000000,1800,Other,3,1,0,0,1,1,1,0,1,0,1,0,0,1,1,1,9444.444444444445,0.07142857142857142,0.0016666666666666668
17000000,1800,Other,3,1,0,0,1,1,1,0,1,0,1,0,0,1,1,1,9444.444444444445,0.07142857142857142,0.0016666666666666668
18500000,2000,Other,3,1,0,0,1,1,1,0,1,0,1,0,0,1,1,1,9250.0,0.07142857142857142,0.0015
18000000,1900,Other,3,1,0,0,1,1,1,0,1,0,1,0,0,1,1,1,9473.684210526315,0.07142857142857142,0.0015789473684210526
16000000,1800,Other,3,1,0,0,1,1,1,0,1,0,1,0,0,1,1,1,8888.888888888889,0.07142857142857142,0.0016666666666666668
17000000,1900,Other,3,1,0,0,1,1,1,1,1,1,1,0,0,1,1,6,8947.368421052632,0.42857142857142855,0.0015789473684210526
13000000,1700,Other,3,1,0,0,1,1,1,0,1,0,1,0,0,1,1,1,7647.058823529412,0.07142857142857142,0.0017647058823529412
16000000,1800,Other,3,1,1,0,1,1,1,1,1,1,1,0,0,1,1,7,8888.888888888889,0.5,0.0016666666666666668
13500000,1800,Other,3,1,0,0,1,1,1,0,1,0,1,0,0,1,1,1,7500.0,0.07142857142857142,0.0016666666666666668
13000000,1700,Other,3,1,0,0,1,1,1,1,1,1,1,0,0,1,1,6,7647.058823529412,0.42857142857142855,0.0017647058823529412
13000000,1600,Other,3,1,0,0,1,1,1,0,1,0,1,0,0,1,1,1,8125.0,0.07142857142857142,0.001875
17000000,1900,Other,3,1,1,0,1,1,1,0,1,0,1,0,0,1,1,1,8947.368421052632,0.07142857142857142,0.0015789473684210526
15000000,1800,Other,3,1,0,0,1,1,1,0,1,0,1,0,0,1,1,1,8333.333333333334,0.07142857142857142,0.0016666666666666668
15500000,1700,Other,3,1,1,0,1,1,1,0,1,1,1,0,0,1,1,2,9117.64705882353,0.14285714285714285,0.0017647058823529412
15000000,1800,Other,3,1,0,0,1,1,1,0,1,0,1,0,0,1,1,1,8333.333333333334,0.07142857142857142,0.0016666666666666668
18500000,2000,Other,3,1,0,0,1,1,1,0,1,0,1,0,0,1,1,1,9250.0,0.07142857142857142,0.0015
21000000,2100,Other,4,1,0,0,1,1,1,0,1,0,1,0,0,1,1,1,10000.0,0.07142857142857142,0.0019047619047619048
16500000,1800,Other,3,1,1,0,1,1,1,0,1,1,1,0,0,1,1,5,9166.666666666666,0.35714285714285715,0.0016666666666666668
16000000,1800,Other,3,1,0,0,1,1,1,0,1,0,1,0,0,1,1,1,8888.888888888889,0.07142857142857142,0.0016666666666666668
14000000,1600,Other,3,1,0,0,1,1,1,0,1,0,1,0,0,1,1,1,8750.0,0.07142857142857142,0.001875
18000000,1900,Sector 4 Dwarka,4,1,1,0,1,1,1,0,1,1,1,0,0,1,1,4,9473.684210526315,0.2857142857142857,0.002105263157894737
13000000,1800,Sector 4 Dwarka,3,1,0,0,0,0,0,0,0,0,0,0,0,0,0,0,7222.222222222223,0.0,0.0016666666666666668
20000000,1900,Sector 4 Dwarka,3,1,0,0,0,0,0,0,0,0,1,1,0,0,0,0,10526.315789473685,0.0,0.0015789473684210526
19000000,1900,Sector 4 Dwarka,3,1,0,0,0,0,0,0,0,0,0,0,0,0,0,0,10000.0,0.0,0.0015789473684210526
15500000,1800,Sector 11 Dwarka,3,1,0,0,1,1,1,0,1,0,1,0,0,1,1,1,8611.111111111111,0.07142857142857142,0.0016666666666666668
10200000,1400,Other,2,1,0,0,1,1,1,0,1,0,1,1,0,1,1,1,7285.714285714285,0.07142857142857142,0.0014285714285714286
14500000,1900,Sector 19 Dwarka,3,1,0,0,1,1,1,0,1,0,1,0,0,1,1,1,7631.578947368421,0.07142857142857142,0.0015789473684210526
15500000,1900,Other,3,1,0,0,1,1,1,0,1,0,1,0,0,1,1,1,8157.894736842105,0.07142857142857142,0.0015789473684210526
16800000,2000,Sector 6 Dwarka,4,1,0,0,1,1,1,0,1,0,1,1,0,1,1,2,8400.0,0.14285714285714285,0.002
13500000,1800,Sector 6 Dwarka,3,1,1,0,1,0,1,0,1,1,1,0,0,1,1,2,7500.0,0.14285714285714285,0.0016666666666666668
16800000,2000,Other,4,1,0,0,1,1,1,0,1,0,1,0,0,1,1,1,8400.0,0.07142857142857142,0.002
15000000,1900,Sector 6 Dwarka,3,1,0,0,1,1,1,0,1,0,1,1,0,1,1,1,7894.736842105263,0.07142857142857142,0.0015789473684210526
16000000,1900,Sector 6 Dwarka,3,1,0,0,1,1,1,0,1,0,1,1,0,1,1,1,8421.052631578947,0.07142857142857142,0.0015789473684210526
16200000,1900,Sector 6 Dwarka,3,1,0,0,1,1,1,1,1,1,1,1,0,1,1,3,8526.315789473685,0.21428571428571427,0.0015789473684210526
17000000,2000,Sector 6 Dwarka,3,1,0,0,1,1,1,0,1,0,1,1,0,1,1,1,8500.0,0.07142857142857142,0.0015
15400000,1800,Sector 6 Dwarka,3,1,0,0,1,1,1,0,1,0,1,1,0,1,1,1,8555.555555555555,0.07142857142857142,0.0016666666666666668
14000000,1800,Sector 10 Dwarka,3,1,0,0,1,1,1,1,1,1,1,0,0,1,1,2,7777.777777777777,0.14285714285714285,0.0016666666666666668
14200000,1800,Sector 6 Dwarka,3,1,0,0,1,0,1,0,1,0,1,0,0,1,1,1,7888.888888888889,0.07142857142857142,0.0016666666666666668
18500000,2000,Sector 6 Dwarka,3,1,0,0,1,1,0,0,1,0,1,0,0,0,1,1,9250.0,0.07142857142857142,0.0015
16500000,1900,Sector 6 Dwarka,3,1,0,0,0,1,1,0,1,0,1,0,0,1,0,1,8684.21052631579,0.07142857142857142,0.0015789473684210526
14900000,1900,Other,3,1,0,0,1,1,1,0,1,0,1,0,0,1,1,1,7842.105263157895,0.07142857142857142,0.0015789473684210526
16800000,1900,Sector 6 Dwarka,3,1,0,0,1,0,0,0,1,0,1,0,0,1,1,1,8842.105263157895,0.07142857142857142,0.0015789473684210526
15000000,2000,Sector 6 Dwarka,3,1,0,0,1,1,1,0,1,0,1,0,0,1,1,1,7500.0,0.07142857142857142,0.0015
14500000,1900,Sector 6 Dwarka,3,1,1,0,1,0,1,1,1,0,1,0,0,0,1,3,7631.578947368421,0.21428571428571427,0.0015789473684210526
18500000,2000,Sector 6 Dwarka,3,1,0,0,1,1,1,0,1,0,1,0,0,1,1,1,9250.0,0.07142857142857142,0.0015
15300000,1800,Sector 6 Dwarka,3,1,0,0,1,1,1,0,1,0,1,0,0,1,1,1,8500.0,0.07142857142857142,0.0016666666666666668
15500000,1800,Sector 6 Dwarka,3,1,0,0,1,1,1,0,1,0,1,1,0,1,1,1,8611.111111111111,0.07142857142857142,0.0016666666666666668
16200000,2000,Sector 6 Dwarka,3,1,0,0,1,0,1,1,1,1,1,0,0,1,1,9,8100.0,0.6428571428571429,0.0015
15000000,1900,Sector 6 Dwarka,3,1,0,0,1,1,1,0,1,0,1,0,0,1,1,1,7894.736842105263,0.07142857142857142,0.0015789473684210526
16000000,1900,Sector 6 Dwarka,3,1,0,0,1,0,0,0,1,0,1,0,0,1,1,1,8421.052631578947,0.07142857142857142,0.0015789473684210526
15500000,1800,Other,3,1,1,0,1,1,1,1,1,0,1,0,0,1,1,4,8611.111111111111,0.2857142857142857,0.0016666666666666668
15000000,1800,Sector 6 Dwarka,3,1,1,0,1,1,1,1,1,1,1,0,0,1,1,8,8333.333333333334,0.5714285714285714,0.0016666666666666668
14800000,1900,Other,3,1,0,0,1,1,0,0,1,0,1,0,0,0,1,1,7789.473684210527,0.07142857142857142,0.0015789473684210526
15800000,1800,Other,3,1,0,0,1,1,0,0,1,0,1,0,0,0,1,0,8777.777777777777,0.0,0.0016666666666666668
15500000,1800,Other,3,1,1,0,1,0,0,0,1,1,1,0,0,0,1,0,8611.111111111111,0.0,0.0016666666666666668
15000000,1800,Other,3,1,0,0,0,0,0,0,0,0,1,0,0,0,1,1,8333.333333333334,0.07142857142857142,0.0016666666666666668
14500000,1800,Other,3,1,0,0,1,0,0,0,1,0,1,0,0,0,0,1,8055.555555555556,0.07142857142857142,0.0016666666666666668
21000000,2200,Other,3,1,1,0,1,1,1,0,1,0,1,0,0,1,1,3,9545.454545454546,0.21428571428571427,0.0013636363636363637
16000000,1800,Other,3,1,1,0,1,1,1,1,1,1,1,0,0,1,1,7,8888.888888888889,0.5,0.0016666666666666668
16500000,2000,Other,3,1,0,0,1,1,1,1,1,0,1,0,0,1,0,4,8250.0,0.2857142857142857,0.0015
16500000,1800,Sector 4 Dwarka,3,1,0,0,1,1,1,0,1,0,1,0,0,1,1,1,9166.666666666666,0.07142857142857142,0.0016666666666666668
18500000,1800,Sector 4 Dwarka,3,1,0,0,1,1,1,1,1,1,1,0,0,1,1,8,10277.777777777777,0.5714285714285714,0.0016666666666666668
16500000,1800,Dwarka Mor,3,1,0,0,1,1,1,0,1,0,1,0,0,1,1,1,9166.666666666666,0.07142857142857142,0.0016666666666666668
19000000,2000,Other,3,1,1,0,1,1,1,1,1,1,1,0,0,1,1,3,9500.0,0.21428571428571427,0.0015
15000000,1800,Sector 4 Dwarka,3,1,0,0,1,1,1,0,1,0,1,0,0,1,1,1,8333.333333333334,0.07142857142857142,0.0016666666666666668
14000000,1600,Sector 4 Dwarka,3,1,0,0,1,1,1,0,1,0,1,0,0,1,1,1,8750.0,0.07142857142857142,0.001875
14500000,1800,Sector 4 Dwarka,3,1,0,0,1,1,1,0,1,0,1,1,0,1,1,1,8055.555555555556,0.07142857142857142,0.0016666666666666668
16500000,1800,Sector 4 Dwarka,3,1,1,0,1,1,1,0,1,1,1,0,0,1,1,4,9166.666666666666,0.2857142857142857,0.0016666666666666668
15500000,1600,Other,4,0,0,0,0,0,0,0,1,1,0,0,0,1,1,0,9687.5,0.0,0.0025
3600000,500,Other,2,0,0,0,0,0,0,0,1,1,0,0,0,1,1,0,7200.0,0.0,0.004
6200000,800,Other,3,0,0,0,0,0,0,0,1,1,0,0,0,1,1,0,7750.0,0.0,0.00375
12000000,1550,Sector 4 Dwarka,3,1,0,0,1,0,0,0,1,0,0,0,0,0,1,0,7741.935483870968,0.0,0.001935483870967742
5400000,1125,Burari,3,1,0,0,1,0,0,0,0,0,0,0,0,0,1,0,4800.0,0.0,0.0026666666666666666
3300000,675,Burari,2,1,0,0,1,0,0,0,0,0,0,0,0,0,1,0,4888.888888888889,0.0,0.002962962962962963
16500000,2200,Sector 19 Dwarka,4,1,1,0,1,1,0,0,0,1,0,0,0,1,1,1,7500.0,0.07142857142857142,0.0018181818181818182
6500000,700,Other,2,1,0,0,0,0,0,0,0,0,1,0,0,0,0,0,9285.714285714286,0.0,0.002857142857142857
4500000,900,Burari,3,1,0,0,0,0,0,0,0,0,1,0,0,0,1,1,5000.0,0.07142857142857142,0.0033333333333333335
2400000,600,Burari,2,1,0,0,0,0,0,0,0,0,1,0,0,0,1,1,4000.0,0.07142857142857142,0.0033333333333333335
2400000,600,Burari,2,1,0,0,0,0,0,0,0,0,0,0,0,0,1,1,4000.0,0.07142857142857142,0.0033333333333333335
2500000,540,Burari,2,1,0,0,0,0,0,0,0,0,0,0,0,0,1,1,4629.62962962963,0.07142857142857142,0.003703703703703704
2800000,650,Burari,2,1,0,0,0,0,0,0,0,0,0,0,0,0,1,1,4307.692307692308,0.07142857142857142,0.003076923076923077
3200000,750,Burari,2,1,0,0,0,0,0,0,0,0,0,0,0,0,1,1,4266.666666666667,0.07142857142857142,0.0026666666666666666
3200000,750,Burari,2,1,0,0,0,0,0,0,0,0,0,0,0,0,1,1,4266.666666666667,0.07142857142857142,0.0026666666666666666
3300000,675,Burari,2,1,0,0,0,0,0,0,0,0,0,0,0,0,1,1,4888.888888888889,0.07142857142857142,0.002962962962962963
3200000,675,Burari,2,1,0,0,0,0,0,0,0,0,0,0,0,0,1,1,4740.740740740741,0.07142857142857142,0.002962962962962963
3200000,675,Burari,2,1,0,0,0,0,0,0,0,0,0,0,0,0,1,1,4740.740740740741,0.07142857142857142,0.002962962962962963
2000000,450,Dwarka Mor,2,0,0,0,0,0,0,0,0,1,0,0,0,0,1,0,4444.444444444444,0.0,0.0044444444444444444
5400000,950,Burari,3,1,0,0,0,0,0,0,0,0,1,0,0,0,1,0,5684.210526315789,0.0,0.003157894736842105
5500000,950,Burari,3,1,0,0,0,0,0,0,0,0,1,0,0,0,1,0,5789.473684210527,0.0,0.003157894736842105
5500000,900,Burari,3,1,0,0,0,0,0,0,0,0,1,0,0,0,1,0,6111.111111111111,0.0,0.0033333333333333335
3200000,630,Burari,2,1,0,0,0,0,0,0,0,0,0,0,0,0,1,0,5079.3650793650795,0.0,0.0031746031746031746
3200000,630,Burari,2,1,0,0,0,0,0,0,0,0,0,0,0,0,1,0,5079.3650793650795,0.0,0.0031746031746031746
4100000,810,Burari,3,1,0,0,0,0,0,0,0,0,0,0,0,0,1,0,5061.728395061728,0.0,0.003703703703703704
3100000,675,Burari,2,1,0,0,0,0,0,0,0,0,0,0,0,0,1,0,4592.592592592592,0.0,0.002962962962962963
2100000,540,Burari,2,1,0,0,0,0,0,0,0,0,0,0,0,0,1,0,3888.8888888888887,0.0,0.003703703703703704
4200000,1000,Burari,3,1,0,0,0,0,0,0,0,0,0,0,0,0,1,0,4200.0,0.0,0.003
4200000,810,Burari,3,1,0,0,0,0,0,0,0,0,0,0,0,0,1,0,5185.185185185185,0.0,0.003703703703703704
5400000,1125,Burari,3,1,0,0,0,0,0,0,0,0,0,0,0,0,1,0,4800.0,0.0,0.0026666666666666666
3000000,675,Burari,2,1,0,0,0,0,0,0,0,0,0,0,0,0,1,0,4444.444444444444,0.0,0.002962962962962963
5600000,1170,Burari,3,1,0,0,0,0,0,0,0,0,0,0,0,0,1,0,4786.324786324786,0.0,0.002564102564102564
2900000,630,Burari,2,1,0,0,0,0,0,0,0,0,0,0,0,0,1,0,4603.174603174603,0.0,0.0031746031746031746
2500000,570,Burari,2,1,0,0,0,0,0,0,0,0,0,0,0,0,1,0,4385.964912280701,0.0,0.0035087719298245615
3500000,765,Burari,2,1,0,0,0,0,0,0,0,0,0,0,0,0,1,0,4575.16339869281,0.0,0.00261437908496732
3100000,630,Burari,2,1,0,0,0,0,0,0,0,0,0,0,0,0,1,0,4920.6349206349205,0.0,0.0031746031746031746
3200000,638,Burari,2,1,0,0,0,0,0,0,0,0,0,0,0,0,1,0,5015.673981191223,0.0,0.003134796238244514
3100000,638,Burari,2,1,0,0,0,0,0,0,0,0,0,0,0,0,1,0,4858.934169278997,0.0,0.003134796238244514
3600000,750,Burari,2,1,0,0,0,0,0,0,0,0,0,0,0,0,1,0,4800.0,0.0,0.0026666666666666666
3600000,750,Burari,2,1,0,0,0,0,0,0,0,0,0,0,0,0,1,0,4800.0,0.0,0.0026666666666666666
3300000,675,Burari,2,1,0,0,0,0,0,0,0,0,0,0,0,0,1,0,4888.888888888889,0.0,0.002962962962962963
3100000,750,Burari,2,1,0,0,0,0,0,0,0,0,0,0,0,0,1,0,4133.333333333333,0.0,0.0026666666666666666
3000000,550,Burari,2,1,0,0,0,0,0,0,0,0,0,0,0,0,1,0,5454.545454545455,0.0,0.0036363636363636364
5700000,1170,Burari,3,1,0,0,0,0,0,0,0,0,0,0,0,0,1,0,4871.794871794872,0.0,0.002564102564102564
5900000,1170,Burari,3,1,0,0,0,0,0,0,0,0,0,0,0,0,1,0,5042.735042735043,0.0,0.002564102564102564
5800000,1170,Burari,3,1,0,0,0,0,0,0,0,0,0,0,0,0,1,0,4957.264957264957,0.0,0.002564102564102564
2200000,650,Burari,2,1,0,0,0,0,0,0,0,0,0,0,0,0,1,0,3384.6153846153848,0.0,0.003076923076923077
3200000,750,Burari,2,1,0,0,0,0,0,0,0,0,0,0,0,0,1,0,4266.666666666667,0.0,0.0026666666666666666
3700000,900,Burari,3,1,0,0,0,0,0,0,0,0,0,0,0,0,1,0,4111.111111111111,0.0,0.0033333333333333335
2800000,630,Burari,2,1,0,0,0,0,0,0,0,0,0,0,0,0,1,0,4444.444444444444,0.0,0.0031746031746031746
2800000,630,Burari,2,1,0,0,0,0,0,0,0,0,0,0,0,0,1,0,4444.444444444444,0.0,0.0031746031746031746
2300000,540,Burari,2,1,0,0,0,0,0,0,0,0,0,0,0,0,1,0,4259.259259259259,0.0,0.003703703703703704
2600000,540,Burari,2,1,0,0,0,0,0,0,0,0,0,0,0,1,1,0,4814.814814814815,0.0,0.003703703703703704
2800000,720,Burari,2,1,0,0,0,0,0,0,0,0,0,0,0,1,0,1,3888.8888888888887,0.07142857142857142,0.002777777777777778
3400000,765,Burari,2,1,0,0,0,0,0,0,0,0,0,0,0,0,1,0,4444.444444444444,0.0,0.00261437908496732
3400000,765,Burari,2,1,0,0,0,0,0,0,0,0,0,0,0,0,1,0,4444.444444444444,0.0,0.00261437908496732
4700000,990,Burari,3,1,0,0,0,0,0,0,0,0,0,0,0,0,1,0,4747.474747474747,0.0,0.0030303030303030303
4500000,900,Burari,3,1,0,0,0,0,0,0,0,0,0,0,0,0,1,0,5000.0,0.0,0.0033333333333333335
4500000,900,Burari,2,1,0,0,0,0,0,0,0,0,0,0,0,0,1,0,5000.0,0.0,0.0022222222222222222
4500000,900,Burari,3,1,0,0,0,0,0,0,0,0,0,0,0,0,1,0,5000.0,0.0,0.0033333333333333335
4400000,954,Burari,3,1,0,0,0,0,0,0,0,0,0,0,0,0,1,0,4612.1593291404615,0.0,0.0031446540880503146
2800000,630,Burari,2,1,0,0,0,0,0,0,0,0,0,0,0,0,1,0,4444.444444444444,0.0,0.0031746031746031746
2800000,630,Burari,2,1,0,0,0,0,0,0,0,0,0,0,0,0,1,0,4444.444444444444,0.0,0.0031746031746031746
2800000,630,Burari,2,1,0,0,0,0,0,0,0,0,0,0,0,0,1,0,4444.444444444444,0.0,0.0031746031746031746
2800000,630,Burari,2,1,0,0,0,0,0,0,0,0,0,0,0,0,1,0,4444.444444444444,0.0,0.0031746031746031746
2800000,630,Burari,2,1,0,0,0,0,0,0,0,0,0,0,0,0,1,0,4444.444444444444,0.0,0.0031746031746031746
3200000,675,Burari,2,1,0,0,0,0,0,0,0,0,0,0,0,0,1,0,4740.740740740741,0.0,0.002962962962962963
4500000,900,Burari,3,1,0,0,0,0,0,0,0,0,0,0,0,0,1,0,5000.0,0.0,0.0033333333333333335
4500000,900,Burari,3,1,0,0,0,0,0,0,0,0,0,0,0,0,1,0,5000.0,0.0,0.0033333333333333335
4500000,900,Burari,3,1,0,0,0,0,0,0,0,0,0,0,0,0,1,0,5000.0,0.0,0.0033333333333333335
4500000,900,Burari,3,1,0,0,0,0,0,0,0,0,0,0,0,0,1,0,5000.0,0.0,0.0033333333333333335
3400000,774,Burari,2,1,0,0,0,0,0,0,0,0,0,0,0,0,1,0,4392.764857881137,0.0,0.002583979328165375
2850000,630,Burari,2,1,0,0,0,0,0,0,0,0,0,0,0,0,1,0,4523.809523809524,0.0,0.0031746031746031746
2900000,540,Burari,2,1,0,0,0,0,0,0,0,0,0,0,0,0,1,0,5370.37037037037,0.0,0.003703703703703704
3100000,385,Other,1,1,0,0,0,0,0,0,0,0,0,0,0,0,0,0,8051.948051948052,0.0,0.0025974025974025974
2700000,385,Other,1,1,0,0,0,0,0,0,0,0,0,0,0,0,0,0,7012.987012987013,0.0,0.0025974025974025974
2200000,385,Other,1,1,0,0,0,0,0,0,0,0,0,0,0,0,0,0,5714.285714285715,0.0,0.0025974025974025974
3100000,385,Other,1,1,0,0,0,0,0,0,0,0,0,0,0,0,0,0,8051.948051948052,0.0,0.0025974025974025974
2400000,385,Other,1,1,0,0,0,0,0,0,0,0,1,0,0,1,0,1,6233.766233766234,0.07142857142857142,0.0025974025974025974
3400000,400,Other,1,1,0,0,0,0,0,0,0,0,0,0,0,0,0,0,8500.0,0.0,0.0025
2000000,495,Burari,2,1,0,0,0,0,0,0,0,0,0,0,0,0,0,0,4040.40404040404,0.0,0.00404040404040404
2600000,540,Burari,2,1,0,0,0,0,0,0,0,0,0,0,0,0,1,0,4814.814814814815,0.0,0.003703703703703704
3600000,738,Burari,3,1,0,0,0,0,0,0,0,0,0,0,0,0,1,0,4878.048780487805,0.0,0.0040650406504065045
4300000,900,Burari,3,1,0,0,0,0,0,0,0,0,0,0,0,0,1,0,4777.777777777777,0.0,0.0033333333333333335
3600000,810,Burari,3,1,0,0,0,0,0,0,0,0,0,0,0,0,1,0,4444.444444444444,0.0,0.003703703703703704
3600000,810,Burari,3,1,0,0,0,0,0,0,0,0,0,0,0,0,1,0,4444.444444444444,0.0,0.003703703703703704
2900000,630,Burari,2,1,0,0,0,0,0,0,0,0,0,0,0,0,1,0,4603.174603174603,0.0,0.0031746031746031746
3300000,720,Burari,2,1,0,0,0,0,0,0,0,0,0,0,0,0,1,0,4583.333333333333,0.0,0.002777777777777778
3000000,630,Burari,2,1,0,0,0,0,0,0,0,0,0,0,0,0,1,0,4761.9047619047615,0.0,0.0031746031746031746
5400000,1080,Burari,3,1,0,0,0,0,0,0,0,0,0,0,0,0,1,0,5000.0,0.0,0.002777777777777778
4400000,900,Burari,3,1,0,0,0,0,0,0,0,0,0,0,0,0,1,0,4888.888888888889,0.0,0.0033333333333333335
3000000,630,Burari,2,1,0,0,0,0,0,0,0,0,0,0,0,0,1,0,4761.9047619047615,0.0,0.0031746031746031746
4000000,774,Burari,2,1,0,0,0,0,0,0,0,0,0,0,0,0,1,0,5167.958656330749,0.0,0.002583979328165375
2000000,517,Burari,2,1,0,0,0,0,0,0,0,0,0,0,0,0,0,1,3868.4719535783365,0.07142857142857142,0.0038684719535783366
3100000,675,Burari,2,1,0,0,0,0,0,0,0,0,0,0,0,0,1,0,4592.592592592592,0.0,0.002962962962962963
3100000,675,Burari,2,1,0,0,0,0,0,0,0,0,0,0,0,0,1,0,4592.592592592592,0.0,0.002962962962962963
4000000,900,Burari,3,1,0,0,0,0,0,0,0,0,0,0,0,0,1,0,4444.444444444444,0.0,0.0033333333333333335
5500000,1080,Burari,3,1,0,0,0,0,0,0,0,0,0,0,0,0,1,0,5092.592592592592,0.0,0.002777777777777778
4600000,900,Burari,3,1,0,0,0,0,0,0,0,0,0,0,0,0,1,0,5111.111111111111,0.0,0.0033333333333333335
4700000,900,Burari,3,1,0,0,0,0,0,0,0,0,0,0,0,0,1,0,5222.222222222223,0.0,0.0033333333333333335
4600000,900,Burari,3,1,0,0,0,0,0,0,0,0,0,0,0,0,1,0,5111.111111111111,0.0,0.0033333333333333335
4600000,900,Burari,3,1,0,0,0,0,0,0,0,0,0,0,0,0,1,0,5111.111111111111,0.0,0.0033333333333333335
4500000,900,Burari,3,1,0,0,0,0,0,0,0,0,0,0,0,0,1,0,5000.0,0.0,0.0033333333333333335
4300000,864,Burari,3,1,0,0,0,0,0,0,0,0,0,0,0,0,1,0,4976.851851851852,0.0,0.003472222222222222
3500000,810,Burari,3,1,0,0,0,0,0,0,0,0,0,0,0,0,1,0,4320.9876543209875,0.0,0.003703703703703704
2200000,630,Burari,2,1,0,0,0,0,0,0,0,0,0,0,0,0,1,0,3492.063492063492,0.0,0.0031746031746031746
4500000,900,Burari,3,1,0,0,0,0,0,0,0,0,0,0,0,0,1,0,5000.0,0.0,0.0033333333333333335
4500000,900,Burari,3,1,0,0,0,0,0,0,0,0,0,0,0,0,1,0,5000.0,0.0,0.0033333333333333335
2600000,540,Burari,2,1,0,0,0,0,0,0,0,0,0,0,0,0,1,0,4814.814814814815,0.0,0.003703703703703704
3800000,900,Burari,3,1,0,0,0,0,0,0,0,0,0,0,0,0,1,0,4222.222222222223,0.0,0.0033333333333333335
3000000,612,Burari,2,1,0,0,0,0,0,0,0,0,0,0,0,0,1,0,4901.9607843137255,0.0,0.0032679738562091504
3000000,612,Burari,2,1,0,0,0,0,0,0,0,0,0,0,0,0,1,0,4901.9607843137255,0.0,0.0032679738562091504
3000000,612,Burari,2,1,0,0,0,0,0,0,0,0,0,0,0,0,1,0,4901.9607843137255,0.0,0.0032679738562091504
3000000,612,Burari,2,1,0,0,0,0,0,0,0,0,0,0,0,0,1,0,4901.9607843137255,0.0,0.0032679738562091504
2900000,630,Burari,2,1,0,0,0,0,0,0,0,0,0,0,0,0,1,0,4603.174603174603,0.0,0.0031746031746031746
3100000,675,Burari,2,1,0,0,0,0,0,0,0,0,0,0,0,0,1,0,4592.592592592592,0.0,0.002962962962962963
2900000,630,Burari,2,1,0,0,0,0,0,0,0,0,0,0,0,0,1,0,4603.174603174603,0.0,0.0031746031746031746
3100000,675,Burari,2,1,0,0,0,0,0,0,0,0,0,0,0,0,1,0,4592.592592592592,0.0,0.002962962962962963
3100000,675,Burari,2,1,0,0,0,0,0,0,0,0,0,0,0,0,1,0,4592.592592592592,0.0,0.002962962962962963
2200000,558,Burari,2,1,0,0,0,0,0,0,0,0,0,0,0,0,0,0,3942.652329749104,0.0,0.0035842293906810036
2200000,558,Burari,2,1,0,0,0,0,0,0,0,0,0,0,0,0,0,0,3942.652329749104,0.0,0.0035842293906810036
3100000,675,Burari,2,1,0,0,0,0,0,0,0,0,0,0,0,0,1,0,4592.592592592592,0.0,0.002962962962962963
4000000,900,Burari,3,1,0,0,0,0,0,0,0,0,0,0,0,0,1,0,4444.444444444444,0.0,0.0033333333333333335
2200000,558,Burari,2,1,0,0,0,0,0,0,0,0,0,0,0,0,0,0,3942.652329749104,0.0,0.0035842293906810036
2200000,558,Burari,2,1,0,0,0,0,0,0,0,0,0,0,0,0,0,0,3942.652329749104,0.0,0.0035842293906810036
4500000,990,Burari,3,1,0,0,0,0,0,0,0,0,0,0,0,0,1,0,4545.454545454545,0.0,0.0030303030303030303
2200000,558,Burari,2,1,0,0,0,0,0,0,0,0,0,0,0,0,0,0,3942.652329749104,0.0,0.0035842293906810036
2200000,630,Burari,2,0,0,0,0,0,0,0,0,0,0,0,0,0,0,0,3492.063492063492,0.0,0.0031746031746031746
4500000,900,Burari,3,0,0,0,0,0,0,0,0,1,0,0,0,1,0,0,5000.0,0.0,0.0033333333333333335
4500000,900,Burari,3,1,0,0,0,0,0,0,0,1,0,0,0,0,1,0,5000.0,0.0,0.0033333333333333335
2200000,630,Burari,2,0,0,0,0,0,0,0,0,0,0,0,0,0,0,0,3492.063492063492,0.0,0.0031746031746031746
4500000,900,Burari,3,0,0,0,0,0,0,0,0,0,0,0,0,0,0,0,5000.0,0.0,0.0033333333333333335
5500000,1080,Burari,4,1,0,0,0,0,0,0,0,1,0,0,0,0,1,0,5092.592592592592,0.0,0.003703703703703704
6000000,1170,Burari,3,1,0,0,0,0,0,0,0,1,0,0,0,0,1,0,5128.205128205128,0.0,0.002564102564102564
4500000,990,Burari,3,1,0,0,0,0,0,0,0,1,0,0,0,0,1,0,4545.454545454545,0.0,0.0030303030303030303
2400000,540,Burari,2,1,0,0,0,0,0,0,0,1,0,0,0,0,1,0,4444.444444444444,0.0,0.003703703703703704
2650000,540,Burari,2,1,0,0,0,0,0,0,0,0,0,0,0,0,0,0,4907.407407407408,0.0,0.003703703703703704
3000000,585,Burari,2,1,0,0,0,0,0,0,0,0,0,0,0,0,0,0,5128.205128205128,0.0,0.003418803418803419
2700000,567,Burari,2,1,0,0,0,0,0,0,0,0,0,0,0,0,0,0,4761.9047619047615,0.0,0.003527336860670194
2700000,567,Burari,2,1,0,0,0,0,0,0,0,0,0,0,0,0,0,0,4761.9047619047615,0.0,0.003527336860670194
2400000,450,Burari,2,1,0,0,0,0,0,0,0,0,0,0,0,0,0,0,5333.333333333333,0.0,0.0044444444444444444
2000000,450,Burari,1,1,0,0,0,0,0,0,0,0,0,0,0,0,0,0,4444.444444444444,0.0,0.0022222222222222222
7000000,1200,Dwarka Mor,4,0,0,0,0,0,0,0,0,0,0,0,0,0,1,0,5833.333333333333,0.0,0.0033333333333333335
2000000,500,Dwarka Mor,1,0,0,0,0,0,0,0,0,0,0,0,0,0,1,0,4000.0,0.0,0.002
7500000,1300,Dwarka Mor,4,0,0,0,0,0,0,0,0,0,0,0,0,0,0,0,5769.2307692307695,0.0,0.003076923076923077
7000000,1200,Dwarka Mor,4,0,0,0,0,0,0,0,0,0,0,0,0,0,0,0,5833.333333333333,0.0,0.0033333333333333335
5500000,1050,Dwarka Mor,3,0,0,0,0,0,0,0,0,0,0,0,0,0,0,0,5238.0952380952385,0.0,0.002857142857142857
4700000,875,Dwarka Mor,3,0,0,0,0,0,0,0,0,0,0,0,0,0,0,0,5371.428571428572,0.0,0.0034285714285714284
3200000,630,Dwarka Mor,2,0,0,0,0,0,0,0,0,0,0,0,0,0,0,0,5079.3650793650795,0.0,0.0031746031746031746
3500000,800,Dwarka Mor,2,0,0,0,0,0,0,0,0,0,0,0,0,0,1,0,4375.0,0.0,0.0025
4000000,750,Dwarka Mor,2,0,0,0,0,0,0,0,0,0,0,0,0,0,0,0,5333.333333333333,0.0,0.0026666666666666666
3500000,700,Dwarka Mor,2,0,0,0,0,0,0,0,0,0,0,0,0,0,0,0,5000.0,0.0,0.002857142857142857
2800000,700,Dwarka Mor,2,0,0,0,0,0,0,0,0,0,0,0,0,0,1,0,4000.0,0.0,0.002857142857142857
4300000,850,Dwarka Mor,3,0,0,0,0,0,0,0,0,0,0,0,0,0,0,0,5058.823529411765,0.0,0.0035294117647058825
4100000,800,Dwarka Mor,3,0,0,0,0,0,0,0,0,0,0,0,0,0,0,0,5125.0,0.0,0.00375
4000000,850,Dwarka Mor,3,0,0,0,0,0,0,0,0,0,0,0,0,0,1,0,4705.882352941177,0.0,0.0035294117647058825
3500000,750,Dwarka Mor,3,0,0,0,0,0,0,0,0,0,0,0,0,0,0,0,4666.666666666667,0.0,0.004
2500000,600,Dwarka Mor,2,0,0,0,0,0,0,0,0,0,0,0,0,0,1,0,4166.666666666667,0.0,0.0033333333333333335
2500000,550,Dwarka Mor,2,0,0,0,0,0,0,0,0,0,0,0,0,0,0,0,4545.454545454545,0.0,0.0036363636363636364
2200000,550,Dwarka Mor,2,0,0,0,0,0,0,0,0,0,0,0,0,0,1,0,4000.0,0.0,0.0036363636363636364
3200000,700,Dwarka Mor,3,0,0,0,0,0,0,0,0,0,0,0,0,0,1,0,4571.428571428572,0.0,0.004285714285714286
7500000,1300,Dwarka Mor,4,0,0,0,0,0,0,0,0,1,0,0,0,0,0,0,5769.2307692307695,0.0,0.003076923076923077
7000000,1200,Dwarka Mor,4,0,0,0,0,0,0,0,0,1,0,0,0,0,0,0,5833.333333333333,0.0,0.0033333333333333335
5500000,1050,Dwarka Mor,3,0,0,0,0,0,0,0,0,1,0,0,0,0,0,0,5238.0952380952385,0.0,0.002857142857142857
2000000,500,Dwarka Mor,1,0,0,0,0,0,0,0,0,1,0,0,0,0,0,0,4000.0,0.0,0.002
4700000,875,Dwarka Mor,3,0,0,0,0,0,0,0,0,1,0,0,0,0,0,0,5371.428571428572,0.0,0.0034285714285714284
3200000,630,Dwarka Mor,2,0,0,0,0,0,0,0,0,1,0,0,0,0,0,0,5079.3650793650795,0.0,0.0031746031746031746
4000000,750,Dwarka Mor,2,0,0,0,0,0,0,0,0,1,0,0,0,0,0,0,5333.333333333333,0.0,0.0026666666666666666
3500000,700,Dwarka Mor,2,0,0,0,0,0,0,0,0,1,0,0,0,0,0,0,5000.0,0.0,0.002857142857142857
4300000,850,Dwarka Mor,3,0,0,0,0,0,0,0,0,1,0,0,0,0,0,0,5058.823529411765,0.0,0.0035294117647058825
4100000,800,Dwarka Mor,3,0,0,0,0,0,0,0,0,1,0,0,0,0,0,0,5125.0,0.0,0.00375
3500000,750,Dwarka Mor,3,0,0,0,0,0,0,0,0,1,0,0,0,0,0,0,4666.666666666667,0.0,0.004
2500000,550,Dwarka Mor,2,0,0,0,0,0,0,0,0,1,0,0,0,0,0,0,4545.454545454545,0.0,0.0036363636363636364
3600000,1050,Other,3,1,0,0,0,0,0,0,0,0,0,0,0,0,1,1,3428.5714285714284,0.07142857142857142,0.002857142857142857
3600000,1050,Other,3,1,0,0,0,0,0,0,0,0,0,0,0,0,1,1,3428.5714285714284,0.07142857142857142,0.002857142857142857
3600000,1050,Other,3,1,0,0,0,0,0,0,0,0,0,0,0,0,1,1,3428.5714285714284,0.07142857142857142,0.002857142857142857
3600000,1050,Other,3,1,0,0,0,0,0,0,0,0,0,0,0,0,1,1,3428.5714285714284,0.07142857142857142,0.002857142857142857
3600000,1050,Other,3,1,0,0,0,0,0,0,0,0,0,0,0,0,1,1,3428.5714285714284,0.07142857142857142,0.002857142857142857
2700000,756,Other,2,1,0,0,0,0,0,0,0,0,0,0,0,0,1,1,3571.4285714285716,0.07142857142857142,0.0026455026455026454
3800000,765,Other,2,1,0,0,0,0,0,0,0,0,0,0,0,1,1,0,4967.320261437909,0.0,0.00261437908496732
3800000,720,Other,2,1,0,0,0,0,0,0,0,0,0,0,0,1,1,0,5277.777777777777,0.0,0.002777777777777778
3800000,720,Other,2,1,0,0,0,0,0,0,0,0,0,0,0,1,1,0,5277.777777777777,0.0,0.002777777777777778
4000000,720,Other,2,1,0,0,0,0,0,0,0,0,0,0,0,1,1,0,5555.555555555556,0.0,0.002777777777777778
3900000,720,Other,2,1,0,0,0,0,0,0,0,0,0,0,0,1,1,0,5416.666666666667,0.0,0.002777777777777778
4000000,720,Other,2,1,0,0,0,0,0,0,0,0,0,0,0,1,1,0,5555.555555555556,0.0,0.002777777777777778
3800000,720,Other,2,1,0,0,0,0,0,0,0,0,0,0,0,1,1,0,5277.777777777777,0.0,0.002777777777777778
4000000,720,Other,2,1,0,0,0,0,0,0,0,0,0,0,0,1,1,0,5555.555555555556,0.0,0.002777777777777778
4000000,765,Other,2,1,0,0,0,0,0,0,0,0,0,0,0,1,1,0,5228.75816993464,0.0,0.00261437908496732
3800000,765,Other,2,1,0,0,0,0,0,0,0,0,0,0,0,1,1,0,4967.320261437909,0.0,0.00261437908496732
3600000,765,Other,2,1,0,0,0,0,0,0,0,0,0,0,0,1,1,0,4705.882352941177,0.0,0.00261437908496732
3500000,765,Other,2,1,0,0,0,0,0,0,0,0,0,0,0,1,1,0,4575.16339869281,0.0,0.00261437908496732
3500000,765,Other,2,1,0,0,0,0,0,0,0,0,0,0,0,1,1,0,4575.16339869281,0.0,0.00261437908496732
4000000,765,Other,2,1,0,0,0,0,0,0,0,0,0,0,0,1,1,0,5228.75816993464,0.0,0.00261437908496732
12000000,1300,Other,2,1,1,0,1,1,0,1,1,0,0,0,0,1,1,5,9230.76923076923,0.35714285714285715,0.0015384615384615385
3600000,1050,Other,3,1,0,0,0,0,0,0,0,0,0,0,0,0,1,1,3428.5714285714284,0.07142857142857142,0.002857142857142857
16000000,1750,Sector 19 Dwarka,3,1,0,0,0,0,0,0,0,1,1,0,0,0,1,0,9142.857142857143,0.0,0.0017142857142857142
35000000,2500,Sector 12 Dwarka,5,1,1,1,0,0,1,1,1,1,1,0,0,1,1,3,14000.0,0.21428571428571427,0.002
45000000,4500,Sector 6 Dwarka,5,1,0,1,0,1,0,0,1,0,1,0,0,1,0,1,10000.0,0.07142857142857142,0.0011111111111111111
15000000,1600,Sector 12 Dwarka,3,1,0,0,0,0,0,0,0,0,1,0,0,0,0,0,9375.0,0.0,0.001875
8200000,1125,Other,3,1,0,0,0,0,0,0,0,0,1,0,0,0,1,0,7288.888888888889,0.0,0.0026666666666666666
8000000,1125,Other,3,1,0,0,0,0,0,0,0,0,1,0,0,0,1,0,7111.111111111111,0.0,0.0026666666666666666
17500000,1800,Other,3,1,0,0,0,0,0,0,0,0,1,0,0,0,0,0,9722.222222222223,0.0,0.0016666666666666668
3700000,855,Jamia Nagar,3,1,0,0,0,0,0,0,0,0,0,0,0,0,1,1,4327.485380116959,0.07142857142857142,0.0035087719298245615
3600000,855,Jamia Nagar,3,1,0,0,0,0,0,0,0,0,0,0,0,0,1,1,4210.526315789473,0.07142857142857142,0.0035087719298245615
2500000,540,Jamia Nagar,2,1,0,0,0,0,0,0,0,0,0,0,0,0,1,1,4629.62962962963,0.07142857142857142,0.003703703703703704
3800000,1000,Jamia Nagar,3,1,0,0,0,0,0,0,0,0,0,0,0,0,1,1,3800.0,0.07142857142857142,0.003
3700000,855,Jamia Nagar,3,1,0,0,0,0,0,0,0,0,0,0,0,0,1,1,4327.485380116959,0.07142857142857142,0.0035087719298245615
2200000,585,Jamia Nagar,2,1,0,0,0,0,0,0,0,0,0,0,0,0,1,1,3760.6837606837607,0.07142857142857142,0.003418803418803419
3700000,855,Jamia Nagar,3,1,0,0,0,0,0,0,0,0,0,0,0,0,1,0,4327.485380116959,0.0,0.0035087719298245615
15800000,1600,Other,3,1,1,0,0,0,0,0,0,1,1,0,0,0,1,0,9875.0,0.0,0.001875
20000000,2000,Sector 12 Dwarka,4,1,0,0,0,0,0,0,0,0,1,0,0,0,0,0,10000.0,0.0,0.002
17500000,1800,Other,3,1,0,0,0,0,0,0,0,0,1,0,0,0,0,0,9722.222222222223,0.0,0.0016666666666666668
6000000,900,Other,3,1,0,0,0,0,0,0,0,0,1,0,0,0,1,0,6666.666666666667,0.0,0.0033333333333333335
18500000,1800,Other,4,1,0,0,0,0,0,0,0,0,1,0,0,0,1,0,10277.777777777777,0.0,0.0022222222222222222
2400000,585,Jamia Nagar,2,1,0,0,0,0,0,0,0,0,0,0,0,0,0,0,4102.5641025641025,0.0,0.003418803418803419
14900000,1700,Sector 11 Dwarka,3,1,0,0,0,0,0,0,0,0,1,0,0,0,0,1,8764.70588235294,0.07142857142857142,0.0017647058823529412
16200000,1600,Sector 10 Dwarka,3,1,0,0,1,0,0,0,0,0,1,1,0,1,1,0,10125.0,0.0,0.001875
16000000,1800,Sector 10 Dwarka,3,1,0,0,0,0,0,0,0,0,1,0,0,0,0,0,8888.888888888889,0.0,0.0016666666666666668
15000000,1800,Sector 19 Dwarka,3,0,0,0,0,0,0,0,0,0,1,0,0,0,0,0,8333.333333333334,0.0,0.0016666666666666668
17500000,1750,Sector 22 Dwarka,3,1,0,0,0,0,0,0,0,0,1,0,0,0,0,0,10000.0,0.0,0.0017142857142857142
16200000,1800,Other,3,1,0,0,0,0,0,0,0,0,0,0,0,0,0,0,9000.0,0.0,0.0016666666666666668
16200000,1800,Other,3,1,0,0,0,0,0,0,0,0,1,0,0,0,0,1,9000.0,0.07142857142857142,0.0016666666666666668
16000000,1650,Sector 6 Dwarka,3,1,0,0,0,0,0,0,0,0,1,0,0,0,0,0,9696.969696969696,0.0,0.0018181818181818182
30000000,2500,Other,4,0,0,0,1,1,1,0,0,0,1,0,0,1,1,2,12000.0,0.14285714285714285,0.0016
15500000,1800,Other,3,1,1,0,0,0,0,0,0,0,1,0,0,1,0,0,8611.111111111111,0.0,0.0016666666666666668
3000000,1050,Jamia Nagar,3,1,0,0,0,0,0,0,0,0,0,0,0,0,0,0,2857.1428571428573,0.0,0.002857142857142857
2500000,750,Jamia Nagar,2,1,0,0,0,0,0,0,0,0,0,0,0,0,0,0,3333.3333333333335,0.0,0.0026666666666666666
2200000,750,Jamia Nagar,2,1,0,0,0,0,0,0,0,0,0,0,0,0,0,0,2933.3333333333335,0.0,0.0026666666666666666
23000000,2700,Sector 19 Dwarka,4,1,0,0,1,1,1,0,1,0,1,0,0,1,1,0,8518.518518518518,0.0,0.0014814814814814814
7500000,1300,Dwarka Mor,4,0,0,0,1,0,0,0,0,1,0,0,0,0,1,0,5769.2307692307695,0.0,0.003076923076923077
7000000,1200,Dwarka Mor,4,0,0,0,1,0,0,0,0,1,0,0,0,0,1,0,5833.333333333333,0.0,0.0033333333333333335
5500000,1050,Dwarka Mor,3,0,0,0,1,0,0,0,0,1,0,0,0,0,1,0,5238.0952380952385,0.0,0.002857142857142857
4700000,875,Dwarka Mor,3,0,0,0,1,0,0,0,0,1,0,0,0,0,1,0,5371.428571428572,0.0,0.0034285714285714284
3200000,630,Dwarka Mor,2,0,0,0,1,0,0,0,0,1,0,0,0,0,1,0,5079.3650793650795,0.0,0.0031746031746031746
4000000,750,Dwarka Mor,2,0,0,0,1,0,0,0,0,1,0,0,0,0,1,0,5333.333333333333,0.0,0.0026666666666666666
3500000,700,Dwarka Mor,2,0,0,0,1,0,0,0,0,1,0,0,0,0,1,0,5000.0,0.0,0.002857142857142857
4300000,850,Dwarka Mor,3,0,0,0,1,0,0,0,0,1,0,0,0,0,1,0,5058.823529411765,0.0,0.0035294117647058825
4100000,800,Dwarka Mor,3,0,0,0,1,0,0,0,0,1,0,0,0,0,1,0,5125.0,0.0,0.00375
3500000,750,Dwarka Mor,3,0,0,0,1,0,0,0,0,1,0,0,0,0,1,0,4666.666666666667,0.0,0.004
2500000,550,Dwarka Mor,2,0,0,0,1,0,0,0,0,1,0,0,0,0,1,0,4545.454545454545,0.0,0.0036363636363636364
3900000,900,Jamia Nagar,3,1,0,0,0,0,0,0,0,0,0,0,0,0,1,1,4333.333333333333,0.07142857142857142,0.0033333333333333335
2600000,800,Jamia Nagar,3,1,0,0,0,0,0,0,0,0,0,0,0,0,1,1,3250.0,0.07142857142857142,0.00375
2500000,675,Jamia Nagar,2,1,0,0,0,0,0,0,0,0,0,0,0,0,0,0,3703.703703703704,0.0,0.002962962962962963
3900000,900,Jamia Nagar,3,1,0,0,0,0,0,0,0,0,0,0,0,0,1,1,4333.333333333333,0.07142857142857142,0.0033333333333333335
2500000,980,Jamia Nagar,2,1,0,0,0,0,0,0,0,0,0,0,0,0,1,0,2551.0204081632655,0.0,0.0020408163265306124
2500000,540,Jamia Nagar,2,1,0,0,0,0,0,0,0,0,0,0,0,0,1,1,4629.62962962963,0.07142857142857142,0.003703703703703704
3600000,675,Jamia Nagar,2,1,0,0,0,0,0,0,0,0,0,0,0,0,0,1,5333.333333333333,0.07142857142857142,0.002962962962962963
2500000,675,Jamia Nagar,2,1,0,0,0,0,0,0,0,0,0,0,0,0,0,0,3703.703703703704,0.0,0.002962962962962963
2500000,675,Jamia Nagar,2,1,0,0,0,0,0,0,0,0,0,0,0,0,0,0,3703.703703703704,0.0,0.002962962962962963
2500000,675,Jamia Nagar,2,1,0,0,0,0,0,0,0,0,0,0,0,0,0,0,3703.703703703704,0.0,0.002962962962962963
3600000,855,Jamia Nagar,3,1,0,0,0,0,0,0,0,0,0,0,0,0,1,1,4210.526315789473,0.07142857142857142,0.0035087719298245615
3400000,675,Jamia Nagar,2,1,0,0,0,0,0,0,0,0,0,0,0,0,0,1,5037.037037037037,0.07142857142857142,0.002962962962962963
3600000,855,Jamia Nagar,3,1,0,0,0,0,0,0,0,0,0,0,0,0,1,1,4210.526315789473,0.07142857142857142,0.0035087719298245615
3400000,675,Jamia Nagar,2,1,0,0,0,0,0,0,0,0,0,0,0,0,0,1,5037.037037037037,0.07142857142857142,0.002962962962962963
2500000,700,Jamia Nagar,2,1,0,0,0,0,0,0,0,0,0,0,0,0,0,0,3571.4285714285716,0.0,0.002857142857142857
5000000,1000,Jamia Nagar,3,1,0,0,0,0,0,0,0,0,0,0,0,0,0,0,5000.0,0.0,0.003
2500000,540,Jamia Nagar,2,1,0,0,0,0,0,0,0,0,0,0,0,0,1,1,4629.62962962963,0.07142857142857142,0.003703703703703704
3600000,855,Jamia Nagar,3,1,0,0,0,0,0,0,0,0,0,0,0,0,1,1,4210.526315789473,0.07142857142857142,0.0035087719298245615
4100000,855,Jamia Nagar,3,1,0,0,0,0,0,0,0,0,0,0,0,0,1,1,4795.3216374269,0.07142857142857142,0.0035087719298245615
3000000,1050,Jamia Nagar,3,1,0,0,0,0,0,0,0,0,0,0,0,0,0,0,2857.1428571428573,0.0,0.002857142857142857
16000000,1700,Jamia Nagar,4,1,0,0,0,0,0,0,0,0,0,0,0,0,1,1,9411.764705882353,0.07142857142857142,0.002352941176470588
3600000,855,Jamia Nagar,3,1,0,0,0,0,0,0,0,0,0,0,0,0,1,1,4210.526315789473,0.07142857142857142,0.0035087719298245615
3900000,900,Jamia Nagar,3,1,0,0,0,0,0,0,0,0,0,0,0,0,1,1,4333.333333333333,0.07142857142857142,0.0033333333333333335
2750000,630,Jamia Nagar,2,1,0,0,0,0,0,0,0,0,0,0,0,0,1,1,4365.079365079365,0.07142857142857142,0.0031746031746031746
3700000,900,Jamia Nagar,3,1,0,0,0,0,0,0,0,0,0,0,0,0,0,1,4111.111111111111,0.07142857142857142,0.0033333333333333335
3500000,675,Jamia Nagar,3,1,0,0,0,0,0,0,0,0,0,0,0,0,0,1,5185.185185185185,0.07142857142857142,0.0044444444444444444
2200000,585,Jamia Nagar,2,1,0,0,0,0,0,0,0,0,0,0,0,0,1,1,3760.6837606837607,0.07142857142857142,0.003418803418803419
2600000,800,Jamia Nagar,3,1,0,0,0,0,0,0,0,0,0,0,0,0,1,1,3250.0,0.07142857142857142,0.00375
2500000,675,Jamia Nagar,2,1,0,0,0,0,0,0,0,0,0,0,0,0,0,0,3703.703703703704,0.0,0.002962962962962963
3900000,900,Jamia Nagar,3,1,0,0,0,0,0,0,0,0,0,0,0,0,1,1,4333.333333333333,0.07142857142857142,0.0033333333333333335
2500000,980,Jamia Nagar,2,1,0,0,0,0,0,0,0,0,0,0,0,0,1,0,2551.0204081632655,0.0,0.0020408163265306124
2500000,540,Jamia Nagar,2,1,0,0,0,0,0,0,0,0,0,0,0,0,1,1,4629.62962962963,0.07142857142857142,0.003703703703703704
3600000,675,Jamia Nagar,2,1,0,0,0,0,0,0,0,0,0,0,0,0,0,1,5333.333333333333,0.07142857142857142,0.002962962962962963
2500000,675,Jamia Nagar,2,1,0,0,0,0,0,0,0,0,0,0,0,0,0,0,3703.703703703704,0.0,0.002962962962962963
2500000,675,Jamia Nagar,2,1,0,0,0,0,0,0,0,0,0,0,0,0,0,0,3703.703703703704,0.0,0.002962962962962963
2500000,675,Jamia Nagar,2,1,0,0,0,0,0,0,0,0,0,0,0,0,0,0,3703.703703703704,0.0,0.002962962962962963
3600000,855,Jamia Nagar,3,1,0,0,0,0,0,0,0,0,0,0,0,0,1,1,4210.526315789473,0.07142857142857142,0.0035087719298245615
3400000,675,Jamia Nagar,2,1,0,0,0,0,0,0,0,0,0,0,0,0,0,1,5037.037037037037,0.07142857142857142,0.002962962962962963
3600000,855,Jamia Nagar,3,1,0,0,0,0,0,0,0,0,0,0,0,0,1,1,4210.526315789473,0.07142857142857142,0.0035087719298245615
3400000,675,Jamia Nagar,2,1,0,0,0,0,0,0,0,0,0,0,0,0,0,1,5037.037037037037,0.07142857142857142,0.002962962962962963
3900000,900,Jamia Nagar,3,1,0,0,0,0,0,0,0,0,0,0,0,0,1,1,4333.333333333333,0.07142857142857142,0.0033333333333333335
3600000,855,Jamia Nagar,3,1,0,0,0,0,0,0,0,0,0,0,0,0,1,1,4210.526315789473,0.07142857142857142,0.0035087719298245615
2500000,500,Jamia Nagar,2,1,0,0,0,0,0,0,0,0,0,0,0,0,0,0,5000.0,0.0,0.004
3400000,675,Jamia Nagar,2,1,0,0,0,0,0,0,0,0,0,0,0,0,0,1,5037.037037037037,0.07142857142857142,0.002962962962962963
2500000,400,Other,1,0,1,0,0,0,0,0,0,1,0,0,0,0,1,0,6250.0,0.0,0.0025
4000000,650,Other,2,0,1,0,0,0,0,0,0,1,0,0,0,0,1,0,6153.846153846154,0.0,0.003076923076923077
6200000,800,Other,3,0,1,0,0,0,0,0,0,1,0,0,0,0,1,0,7750.0,0.0,0.00375
2700000,540,Uttam Nagar,2,0,0,0,1,0,0,0,0,0,0,0,0,0,1,1,5000.0,0.07142857142857142,0.003703703703703704
3800000,900,Uttam Nagar,3,0,0,0,1,0,0,0,0,0,0,0,0,0,1,1,4222.222222222223,0.07142857142857142,0.0033333333333333335
6200000,1100,Uttam Nagar,4,0,0,0,1,0,0,0,0,0,0,0,0,0,1,1,5636.363636363636,0.07142857142857142,0.0036363636363636364
3200000,675,Uttam Nagar,3,0,0,0,1,0,0,0,0,0,0,0,0,0,1,1,4740.740740740741,0.07142857142857142,0.0044444444444444444
5700000,1100,Uttam Nagar,3,0,0,0,1,0,0,0,0,0,0,0,0,0,1,1,5181.818181818182,0.07142857142857142,0.0027272727272727275
6500000,1200,Uttam Nagar,4,0,0,0,1,0,0,0,0,0,0,0,0,0,1,1,5416.666666666667,0.07142857142857142,0.0033333333333333335
19000000,500,Uttam Nagar,2,0,0,0,1,0,0,0,0,0,0,0,0,0,1,1,38000.0,0.07142857142857142,0.004
3600000,810,Uttam Nagar,3,0,0,0,1,0,0,0,0,0,0,0,0,0,1,1,4444.444444444444,0.07142857142857142,0.003703703703703704
3200000,580,Uttam Nagar,2,0,0,0,1,0,0,0,0,0,0,0,0,0,1,1,5517.241379310345,0.07142857142857142,0.0034482758620689655
17000000,1850,Sector 12 Dwarka,3,1,0,0,1,0,0,0,1,0,1,0,0,1,1,0,9189.18918918919,0.0,0.0016216216216216215
13500000,2000,Sector 6 Dwarka,3,1,0,0,0,1,1,0,1,0,1,0,0,1,1,1,6750.0,0.07142857142857142,0.0015
14800000,1900,Sector 19 Dwarka,3,1,0,0,1,1,1,0,0,1,1,0,0,1,1,2,7789.473684210527,0.14285714285714285,0.0015789473684210526
14800000,1500,Sector 6 Dwarka,3,1,0,0,1,1,0,0,0,0,1,0,0,1,1,2,9866.666666666666,0.14285714285714285,0.002
17000000,2350,Other,3,1,0,0,1,1,1,1,1,1,0,0,0,1,1,6,7234.04255319149,0.42857142857142855,0.001276595744680851
29500000,3000,Sector 12 Dwarka,4,1,0,0,1,1,1,0,1,0,1,0,0,1,1,0,9833.333333333334,0.0,0.0013333333333333333
16500000,1950,Sector 22 Dwarka,3,1,0,0,1,1,0,0,1,0,1,0,0,1,1,0,8461.538461538461,0.0,0.0015384615384615385
16000000,1900,Other,3,1,0,0,1,1,0,0,1,0,1,0,0,1,1,0,8421.052631578947,0.0,0.0015789473684210526
16500000,1900,Sector 22 Dwarka,3,1,0,0,1,1,1,1,1,0,1,0,0,1,1,3,8684.21052631579,0.21428571428571427,0.0015789473684210526
16000000,1900,Other,3,1,0,0,0,0,0,0,0,0,1,0,0,0,0,0,8421.052631578947,0.0,0.0015789473684210526
17400000,1800,Other,3,1,0,0,0,0,0,0,0,0,0,0,0,0,0,0,9666.666666666666,0.0,0.0016666666666666668
2700000,540,Dwarka Mor,2,0,0,0,1,0,0,0,0,0,0,0,0,0,1,1,5000.0,0.07142857142857142,0.003703703703703704
3800000,900,Dwarka Mor,3,0,0,0,1,0,0,0,0,0,0,0,0,0,1,1,4222.222222222223,0.07142857142857142,0.0033333333333333335
5700000,1100,Dwarka Mor,4,0,0,0,1,0,0,0,0,0,0,0,0,0,1,1,5181.818181818182,0.07142857142857142,0.0036363636363636364
2900000,675,Dwarka Mor,3,0,0,0,1,0,0,0,0,0,0,0,0,0,1,1,4296.2962962962965,0.07142857142857142,0.0044444444444444444
6200000,1100,Dwarka Mor,3,0,0,0,1,0,0,0,0,0,0,0,0,0,1,1,5636.363636363636,0.07142857142857142,0.0027272727272727275
6500000,1200,Dwarka Mor,4,0,0,0,1,0,0,0,0,0,0,0,0,0,1,1,5416.666666666667,0.07142857142857142,0.0033333333333333335
3600000,810,Dwarka Mor,3,0,0,0,1,0,0,0,0,0,0,0,0,0,1,1,4444.444444444444,0.07142857142857142,0.003703703703703704
3200000,580,Dwarka Mor,2,0,0,0,1,0,0,0,0,0,0,0,0,0,1,1,5517.241379310345,0.07142857142857142,0.0034482758620689655
17500000,1900,Other,3,1,0,0,1,1,0,0,1,0,1,0,0,1,1,0,9210.526315789473,0.0,0.0015789473684210526
16500000,1900,Sector 6 Dwarka,3,1,1,0,1,1,1,0,1,1,1,0,0,1,1,2,8684.21052631579,0.14285714285714285,0.0015789473684210526
15500000,2050,Sector 12 Dwarka,3,1,1,1,1,1,1,1,1,1,1,0,0,1,1,2,7560.975609756098,0.14285714285714285,0.0014634146341463415
12900000,1850,Sector 12 Dwarka,3,1,0,0,0,0,0,0,1,0,1,0,0,0,1,0,6972.972972972973,0.0,0.0016216216216216215
17000000,2000,Sector 4 Dwarka,3,1,1,0,1,1,1,0,1,1,0,0,0,1,1,3,8500.0,0.21428571428571427,0.0015
25000000,3000,Sector 12 Dwarka,4,0,0,0,1,1,0,0,1,0,1,1,0,1,1,1,8333.333333333334,0.07142857142857142,0.0013333333333333333
15000000,1800,Sector 12 Dwarka,3,0,0,0,1,0,0,0,1,0,1,0,0,1,1,0,8333.333333333334,0.0,0.0016666666666666668
16000000,2100,Other,3,1,0,0,1,1,0,0,1,0,1,0,0,1,1,1,7619.047619047619,0.07142857142857142,0.0014285714285714286
14500000,1750,Other,3,1,0,0,1,0,0,0,1,0,1,0,0,0,1,0,8285.714285714286,0.0,0.0017142857142857142
12800000,1900,Sector 11 Dwarka,3,1,0,0,1,1,0,0,1,0,1,0,0,1,1,1,6736.8421052631575,0.07142857142857142,0.0015789473684210526
14000000,1800,Sector 6 Dwarka,3,1,0,0,1,0,0,0,1,0,1,0,0,0,1,0,7777.777777777777,0.0,0.0016666666666666668
33500000,3500,Sector 19 Dwarka,4,0,0,0,1,1,1,0,1,0,1,1,0,1,1,1,9571.42857142857,0.07142857142857142,0.001142857142857143
15000000,1800,Sector 12 Dwarka,3,1,0,0,1,0,0,0,1,0,1,0,0,1,1,0,8333.333333333334,0.0,0.0016666666666666668
16000000,1800,Sector 19 Dwarka,3,1,0,0,1,0,0,0,1,0,1,0,0,1,1,0,8888.888888888889,0.0,0.0016666666666666668
14900000,1880,Other,3,1,1,1,1,0,1,1,1,1,1,0,0,1,1,7,7925.531914893617,0.5,0.0015957446808510637
16500000,2250,Other,3,0,0,0,1,1,1,1,1,1,1,0,0,1,1,7,7333.333333333333,0.5,0.0013333333333333333
16500000,2000,Sector 19 Dwarka,3,1,0,0,1,0,0,0,1,1,1,0,0,1,1,0,8250.0,0.0,0.0015
29000000,2600,Sector 12 Dwarka,4,1,0,0,1,1,0,0,1,0,1,0,0,1,1,1,11153.846153846154,0.07142857142857142,0.0015384615384615385
14500000,2000,Other,3,1,1,0,1,1,1,0,1,1,1,0,0,1,1,1,7250.0,0.07142857142857142,0.0015
15500000,1900,Sector 6 Dwarka,3,1,1,0,1,1,1,1,1,1,1,0,0,1,1,6,8157.894736842105,0.42857142857142855,0.0015789473684210526
16299999,1800,Sector 12 Dwarka,3,1,0,0,1,1,1,0,1,0,1,0,0,1,1,0,9055.555,0.0,0.0016666666666666668
25500000,2800,Sector 6 Dwarka,4,1,1,0,1,1,0,1,1,1,1,0,0,1,1,3,9107.142857142857,0.21428571428571427,0.0014285714285714286
25600000,2600,Sector 6 Dwarka,4,1,1,0,1,1,0,1,1,1,0,0,0,1,1,3,9846.153846153846,0.21428571428571427,0.0015384615384615385
17500000,2500,Sector 11 Dwarka,4,1,0,0,1,1,0,0,0,0,1,0,0,1,1,1,7000.0,0.07142857142857142,0.0016
29500000,3500,Sector 12 Dwarka,5,1,0,0,1,1,0,0,0,0,1,0,0,1,1,1,8428.57142857143,0.07142857142857142,0.0014285714285714286
18000000,2250,Sector 4 Dwarka,4,1,0,0,1,1,0,0,1,0,1,0,0,1,1,1,8000.0,0.07142857142857142,0.0017777777777777779
16500000,2000,Sector 22 Dwarka,3,1,0,0,1,1,0,0,1,0,1,0,0,1,1,0,8250.0,0.0,0.0015
15800000,2000,Sector 10 Dwarka,3,1,0,0,1,1,1,0,1,0,1,0,0,1,1,4,7900.0,0.2857142857142857,0.0015
15800000,2200,Sector 12 Dwarka,4,1,1,0,1,1,1,1,1,1,1,1,0,1,1,11,7181.818181818182,0.7857142857142857,0.0018181818181818182
13500000,1900,Other,3,0,0,0,1,1,1,0,1,0,1,1,0,1,1,4,7105.263157894737,0.2857142857142857,0.0015789473684210526
15000000,2000,Other,4,1,0,0,1,1,1,0,1,0,1,0,0,1,1,1,7500.0,0.07142857142857142,0.002
14500000,1800,Sector 12 Dwarka,3,1,0,0,0,0,0,0,0,0,1,0,0,0,0,0,8055.555555555556,0.0,0.0016666666666666668
15000000,1900,Other,3,1,0,0,1,0,0,0,1,0,1,0,0,1,1,0,7894.736842105263,0.0,0.0015789473684210526
14500000,2000,Other,3,1,0,0,1,0,0,0,1,0,0,0,0,1,1,0,7250.0,0.0,0.0015
17900000,2100,Sector 6 Dwarka,3,1,0,0,1,1,1,1,1,1,1,0,0,1,1,9,8523.809523809523,0.6428571428571429,0.0014285714285714286
16000000,2000,Sector 10 Dwarka,3,1,0,0,1,1,0,0,1,0,1,0,0,1,1,0,8000.0,0.0,0.0015
17000000,2000,Sector 12 Dwarka,3,1,1,0,1,0,1,1,1,1,1,0,0,1,1,7,8500.0,0.5,0.0015
14500000,2000,Sector 19 Dwarka,3,0,0,0,1,0,0,0,1,1,1,0,0,1,1,1,7250.0,0.07142857142857142,0.0015
20000000,2000,Other,4,1,0,0,1,0,1,0,1,0,1,1,0,1,1,0,10000.0,0.0,0.002
15500000,1800,Sector 12 Dwarka,3,1,0,0,1,1,1,0,1,0,1,0,0,1,1,0,8611.111111111111,0.0,0.0016666666666666668
15000000,2000,Sector 12 Dwarka,3,0,0,0,1,0,0,0,1,0,1,0,0,1,1,1,7500.0,0.07142857142857142,0.0015
14500000,2000,Other,3,1,0,0,1,0,0,0,1,0,1,0,0,1,1,0,7250.0,0.0,0.0015
15500000,2000,Sector 11 Dwarka,3,1,0,0,1,0,1,0,1,0,1,0,0,1,1,0,7750.0,0.0,0.0015
16000000,1950,Other,3,1,0,0,1,1,0,0,1,0,1,1,0,1,1,2,8205.128205128205,0.14285714285714285,0.0015384615384615385
14500000,2000,Sector 10 Dwarka,3,1,0,0,1,0,1,0,1,0,1,0,0,1,1,4,7250.0,0.2857142857142857,0.0015
13500000,2000,Other,3,1,0,0,0,0,0,0,1,0,1,0,0,1,1,0,6750.0,0.0,0.0015
15600000,1950,Sector 12 Dwarka,3,1,1,0,1,0,1,1,1,1,1,0,0,1,1,7,8000.0,0.5,0.0015384615384615385
17000000,2500,Other,3,1,0,0,1,0,0,0,1,0,1,0,0,0,1,0,6800.0,0.0,0.0012
15500000,1900,Sector 6 Dwarka,3,1,1,0,1,0,0,0,1,1,1,1,0,0,1,1,8157.894736842105,0.07142857142857142,0.0015789473684210526
15500000,2000,Sector 22 Dwarka,3,1,1,0,1,0,0,0,1,1,1,0,0,0,1,0,7750.0,0.0,0.0015
15500000,1850,Sector 22 Dwarka,3,1,0,0,1,1,0,0,1,0,1,0,0,1,1,0,8378.378378378378,0.0,0.0016216216216216215
15000000,1950,Sector 6 Dwarka,3,1,1,0,1,1,1,1,1,1,1,0,0,1,1,6,7692.307692307692,0.42857142857142855,0.0015384615384615385
19500000,2000,Sector 11 Dwarka,3,1,0,0,1,1,0,0,1,0,1,1,0,1,1,0,9750.0,0.0,0.0015
19800000,2000,Sector 11 Dwarka,3,1,0,0,1,0,0,0,1,0,1,0,0,1,1,0,9900.0,0.0,0.0015
15500000,2000,Sector 12 Dwarka,3,1,0,0,1,0,0,0,1,0,1,0,0,0,1,0,7750.0,0.0,0.0015
19000000,2500,Sector 4 Dwarka,4,1,0,0,1,0,1,0,1,0,1,0,0,1,1,0,7600.0,0.0,0.0016
15000000,1800,Sector 6 Dwarka,3,1,0,0,1,0,1,1,1,1,1,0,0,1,1,9,8333.333333333334,0.6428571428571429,0.0016666666666666668
14500000,1800,Sector 10 Dwarka,3,1,0,0,1,0,0,0,1,0,1,0,0,1,1,0,8055.555555555556,0.0,0.0016666666666666668
14500000,1800,Sector 11 Dwarka,3,1,0,0,1,0,1,0,1,0,1,0,0,0,1,0,8055.555555555556,0.0,0.0016666666666666668
22500000,2400,Sector 19 Dwarka,4,1,0,0,1,1,1,0,1,0,1,1,0,1,1,8,9375.0,0.5714285714285714,0.0016666666666666668
15000000,1800,Sector 6 Dwarka,3,1,0,0,1,0,1,0,1,0,1,0,0,0,1,0,8333.333333333334,0.0,0.0016666666666666668
14000000,1600,Other,3,1,1,1,1,0,1,1,1,1,1,0,0,1,1,7,8750.0,0.5,0.001875
16500000,1800,Sector 10 Dwarka,3,1,0,0,1,0,0,0,1,0,1,0,0,0,1,0,9166.666666666666,0.0,0.0016666666666666668
15000000,1750,Sector 4 Dwarka,3,1,0,0,1,0,0,0,1,0,1,0,0,0,1,0,8571.42857142857,0.0,0.0017142857142857142
16000000,1800,Other,3,1,0,0,1,0,1,0,1,0,1,0,0,0,1,0,8888.888888888889,0.0,0.0016666666666666668
29800000,4200,Sector 12 Dwarka,5,1,0,0,1,1,0,0,1,0,1,0,0,0,1,1,7095.238095238095,0.07142857142857142,0.0011904761904761906
19800000,2000,Sector 11 Dwarka,3,1,0,0,1,1,1,0,1,0,1,0,0,1,1,0,9900.0,0.0,0.0015
18500000,2000,Other,3,1,0,0,1,1,1,1,1,1,1,0,0,1,1,7,9250.0,0.5,0.0015
19800000,2000,Sector 11 Dwarka,3,1,0,0,1,1,0,0,1,0,1,0,0,1,1,0,9900.0,0.0,0.0015
25500000,2000,Other,4,1,0,0,1,1,0,0,1,0,1,0,0,1,1,0,12750.0,0.0,0.002
20500000,1950,Sector 4 Dwarka,4,1,0,0,1,0,1,0,1,0,1,0,0,1,1,0,10512.820512820514,0.0,0.0020512820512820513
2351000,650,Dwarka Mor,2,0,0,0,1,1,0,0,0,0,0,0,0,1,1,1,3616.923076923077,0.07142857142857142,0.003076923076923077
2451000,550,Other,2,0,0,0,1,1,0,0,0,0,0,0,0,1,1,1,4456.363636363636,0.07142857142857142,0.0036363636363636364
5500000,900,Other,3,0,0,0,1,1,0,0,0,0,0,0,0,1,1,1,6111.111111111111,0.07142857142857142,0.0033333333333333335
3621000,900,Uttam Nagar,3,0,0,0,1,1,0,0,0,0,0,0,0,1,1,1,4023.3333333333335,0.07142857142857142,0.0033333333333333335
15400000,1800,Other,3,1,1,0,1,1,0,0,1,1,1,0,0,1,1,0,8555.555555555555,0.0,0.0016666666666666668
14000000,1500,Sector 4 Dwarka,3,1,0,0,1,1,0,0,1,0,1,0,0,1,1,0,9333.333333333334,0.0,0.002
12500000,1300,Sector 19 Dwarka,2,1,0,0,0,0,0,0,0,0,0,0,0,0,0,0,9615.384615384615,0.0,0.0015384615384615385
12500000,1300,Sector 19 Dwarka,2,1,0,0,1,0,0,0,1,0,1,0,0,0,1,0,9615.384615384615,0.0,0.0015384615384615385
17500000,1900,Other,3,1,0,0,0,0,0,0,0,0,0,0,0,0,0,0,9210.526315789473,0.0,0.0015789473684210526
16500000,1900,Other,3,1,0,0,1,1,0,0,1,0,1,0,0,1,1,1,8684.21052631579,0.07142857142857142,0.0015789473684210526
13799999,1500,Other,3,1,1,0,1,1,1,1,1,1,1,0,0,1,1,3,9199.999333333333,0.21428571428571427,0.002
14000000,1700,Other,3,1,0,0,1,1,0,0,1,0,1,0,0,1,1,0,8235.29411764706,0.0,0.0017647058823529412
14800000,1600,Sector 11 Dwarka,3,1,0,0,1,0,0,0,1,0,1,0,0,0,1,0,9250.0,0.0,0.001875
22500000,2000,Sector 19 Dwarka,4,1,0,0,1,1,0,0,1,0,1,0,0,0,1,0,11250.0,0.0,0.002
21500000,2300,Other,4,1,0,0,1,1,0,0,1,1,1,0,0,1,1,1,9347.826086956522,0.07142857142857142,0.0017391304347826088
17500000,1700,Sector 6 Dwarka,3,1,0,0,1,1,0,1,1,1,1,0,0,1,1,4,10294.117647058823,0.2857142857142857,0.0017647058823529412
12500000,1500,Sector 12 Dwarka,3,1,0,0,1,1,0,0,0,0,1,0,0,1,0,0,8333.333333333334,0.0,0.002
2451000,650,Dwarka Mor,2,0,0,0,1,1,0,0,0,0,0,0,0,1,1,1,3770.769230769231,0.07142857142857142,0.003076923076923077
3325000,415,Other,1,1,0,0,0,1,1,0,0,0,1,0,0,1,0,1,8012.048192771084,0.07142857142857142,0.0024096385542168677
4200000,900,Dwarka Mor,2,0,0,0,0,0,0,0,0,0,0,0,0,0,0,0,4666.666666666667,0.0,0.0022222222222222222
6500000,1250,Dwarka Mor,4,0,0,0,0,0,0,0,0,0,0,0,0,0,0,0,5200.0,0.0,0.0032
3000000,680,Dwarka Mor,3,0,0,0,0,0,0,0,0,0,0,0,0,0,0,0,4411.764705882353,0.0,0.004411764705882353
7000000,1200,Dwarka Mor,3,0,0,0,0,0,0,0,0,0,0,0,0,0,0,0,5833.333333333333,0.0,0.0025
5000000,850,Dwarka Mor,3,0,0,0,0,0,0,0,0,0,0,0,0,0,0,0,5882.35294117647,0.0,0.0035294117647058825
4500000,800,Dwarka Mor,3,0,0,0,0,0,0,0,0,0,0,0,0,0,0,0,5625.0,0.0,0.00375
2700000,550,Dwarka Mor,2,0,0,0,0,0,0,0,0,0,0,0,0,0,0,0,4909.090909090909,0.0,0.0036363636363636364
5000000,950,Uttam Nagar,3,0,0,0,1,0,0,0,1,0,0,0,0,0,1,1,5263.1578947368425,0.07142857142857142,0.003157894736842105
4575000,1000,Uttam Nagar,3,1,0,0,0,0,0,0,0,0,0,0,0,0,0,0,4575.0,0.0,0.003
16000000,1700,Sector 10 Dwarka,3,1,0,0,1,1,0,1,1,1,1,0,0,1,1,4,9411.764705882353,0.2857142857142857,0.0017647058823529412
5150000,900,Uttam Nagar,3,0,0,0,1,0,0,0,0,0,0,0,0,1,1,2,5722.222222222223,0.14285714285714285,0.0033333333333333335
9200000,1450,Uttam Nagar,4,0,0,0,1,0,0,0,1,0,0,0,0,1,1,2,6344.827586206897,0.14285714285714285,0.002758620689655172
7000000,1080,Dwarka Mor,3,0,0,0,1,0,0,0,1,1,0,0,0,0,1,0,6481.481481481482,0.0,0.002777777777777778
2800000,500,Dwarka Mor,2,0,0,0,1,0,0,0,1,1,0,0,0,0,1,0,5600.0,0.0,0.004
2200000,450,Dwarka Mor,2,0,0,0,1,0,0,0,1,1,0,0,0,0,1,0,4888.888888888889,0.0,0.0044444444444444444
3700000,675,Dwarka Mor,3,0,0,0,1,0,0,0,1,1,0,0,0,0,1,0,5481.481481481482,0.0,0.0044444444444444444
10000000,1485,Dwarka Mor,4,0,0,0,1,0,0,0,1,1,0,0,0,0,1,0,6734.006734006734,0.0,0.0026936026936026937
4700000,875,Dwarka Mor,3,0,0,0,1,0,0,0,1,1,0,0,0,0,1,0,5371.428571428572,0.0,0.0034285714285714284
7000000,1080,Dwarka Mor,4,0,0,0,1,0,0,0,1,1,0,0,0,0,1,0,6481.481481481482,0.0,0.003703703703703704
4100000,750,Dwarka Mor,3,0,0,0,1,0,0,0,1,1,0,0,0,0,1,0,5466.666666666667,0.0,0.004
3500000,600,Dwarka Mor,2,0,0,0,1,0,0,0,1,1,0,0,0,0,1,0,5833.333333333333,0.0,0.0033333333333333335
2300000,480,Dwarka Mor,1,0,0,0,1,0,0,0,1,1,0,0,0,0,1,0,4791.666666666667,0.0,0.0020833333333333333
4242000,850,Uttam Nagar,3,0,0,0,1,0,0,0,0,0,0,0,0,1,1,2,4990.588235294118,0.14285714285714285,0.0035294117647058825
12200000,1300,Sector 19 Dwarka,2,1,1,0,1,1,0,1,1,1,1,0,0,1,0,4,9384.615384615385,0.2857142857142857,0.0015384615384615385
11500000,1300,Other,2,1,1,0,1,1,1,1,1,1,1,0,0,1,1,3,8846.153846153846,0.21428571428571427,0.0015384615384615385
12400000,1350,Other,3,1,0,0,1,0,0,0,0,0,1,0,0,1,1,0,9185.185185185184,0.0,0.0022222222222222222
5100000,900,Other,3,0,0,0,0,0,0,0,0,0,0,0,0,0,1,0,5666.666666666667,0.0,0.0033333333333333335
3500000,850,Uttam Nagar,3,0,0,0,1,0,0,0,1,0,0,0,0,1,1,2,4117.64705882353,0.14285714285714285,0.0035294117647058825
11000000,1000,Other,2,1,0,0,0,0,0,0,0,0,0,0,0,0,0,0,11000.0,0.0,0.002
2500000,450,Other,1,1,0,0,0,0,0,0,0,0,0,0,0,0,0,0,5555.555555555556,0.0,0.0022222222222222222
12500000,850,Other,2,1,0,0,0,0,0,0,0,0,0,0,0,0,0,0,14705.882352941177,0.0,0.002352941176470588
2800000,650,Uttam Nagar,2,0,0,0,1,0,0,0,0,0,0,0,0,1,1,2,4307.692307692308,0.14285714285714285,0.003076923076923077
5100000,900,Uttam Nagar,3,0,0,0,1,0,0,0,0,0,0,0,0,1,1,2,5666.666666666667,0.14285714285714285,0.0033333333333333335
2751000,650,Uttam Nagar,2,0,0,0,1,0,0,0,0,0,0,0,0,1,1,2,4232.307692307692,0.14285714285714285,0.003076923076923077
3800000,675,Other,3,1,0,0,0,0,0,0,0,0,0,0,0,0,1,0,5629.62962962963,0.0,0.0044444444444444444
4000000,500,Other,2,0,0,0,0,0,0,0,0,1,0,0,0,0,1,0,8000.0,0.0,0.004
3400000,400,Other,1,0,0,0,0,0,0,0,0,1,0,0,0,0,1,0,8500.0,0.0,0.0025
2699000,350,Other,1,0,0,0,0,0,0,0,0,1,0,0,0,0,1,0,7711.428571428572,0.0,0.002857142857142857
4600000,650,Other,2,0,0,0,0,0,0,0,0,1,0,0,0,0,1,0,7076.923076923077,0.0,0.003076923076923077
11500000,1125,Other,3,1,0,0,0,0,0,0,0,0,1,0,0,0,1,1,10222.222222222223,0.07142857142857142,0.0026666666666666666
11500000,1375,Other,3,1,0,0,0,0,0,0,0,0,1,0,0,0,1,1,8363.636363636364,0.07142857142857142,0.002181818181818182
3200000,650,Uttam Nagar,2,0,0,0,1,0,0,0,0,0,0,0,0,1,1,2,4923.076923076923,0.14285714285714285,0.003076923076923077
21000000,2200,Other,4,1,0,0,1,1,0,0,1,1,1,0,0,1,1,0,9545.454545454546,0.0,0.0018181818181818182
17300000,1650,Sector 22 Dwarka,3,1,0,0,1,1,1,0,1,0,1,0,0,1,1,4,10484.848484848484,0.2857142857142857,0.0018181818181818182
10500000,980,Vasant Kunj,2,1,1,0,0,0,0,0,0,1,0,0,0,0,1,1,10714.285714285714,0.07142857142857142,0.0020408163265306124
14800000,1600,Sector 22 Dwarka,3,1,0,0,0,0,0,0,0,0,0,0,0,0,0,0,9250.0,0.0,0.001875
14800000,1600,Sector 22 Dwarka,3,1,0,0,1,1,0,0,1,0,1,0,0,1,1,0,9250.0,0.0,0.001875
4200000,850,Uttam Nagar,3,0,0,0,1,0,0,0,0,0,0,0,0,1,1,1,4941.176470588235,0.07142857142857142,0.0035294117647058825
4700000,820,Uttam Nagar,3,0,0,0,1,0,0,0,1,1,0,0,0,0,1,1,5731.707317073171,0.07142857142857142,0.003658536585365854
2399000,525,Uttam Nagar,2,0,0,0,1,0,0,0,1,1,0,0,0,0,1,1,4569.523809523809,0.07142857142857142,0.0038095238095238095
7500000,1350,Uttam Nagar,3,0,0,0,1,0,0,0,1,1,0,0,0,0,1,1,5555.555555555556,0.07142857142857142,0.0022222222222222222
4199000,850,Uttam Nagar,3,0,0,0,1,0,0,0,1,1,0,0,0,0,1,1,4940.0,0.07142857142857142,0.0035294117647058825
2700000,625,Uttam Nagar,2,0,0,0,1,0,0,0,1,1,0,0,0,0,1,1,4320.0,0.07142857142857142,0.0032
3500000,750,Uttam Nagar,2,0,0,0,1,0,0,0,1,1,0,0,0,0,1,1,4666.666666666667,0.07142857142857142,0.0026666666666666666
10500000,1250,Other,2,1,1,0,1,1,0,0,1,1,1,0,0,1,1,1,8400.0,0.07142857142857142,0.0016
16000000,1700,Other,3,1,0,0,1,1,0,0,1,0,1,0,0,1,1,0,9411.764705882353,0.0,0.0017647058823529412
14500000,1600,Sector 4 Dwarka,3,1,0,0,1,1,0,0,1,0,1,0,0,1,1,0,9062.5,0.0,0.001875
12500000,1300,Sector 19 Dwarka,2,1,1,0,1,1,0,1,1,1,1,0,0,1,0,4,9615.384615384615,0.2857142857142857,0.0015384615384615385
12500000,1300,Sector 19 Dwarka,2,1,1,0,1,1,0,1,1,1,1,0,0,1,0,4,9615.384615384615,0.2857142857142857,0.0015384615384615385
2300000,540,Uttam Nagar,2,0,0,0,1,0,0,0,0,0,0,0,0,0,1,1,4259.259259259259,0.07142857142857142,0.003703703703703704
2251000,500,Dwarka Mor,2,0,0,0,1,1,0,0,0,0,0,0,0,0,1,0,4502.0,0.0,0.004
2200000,540,Dwarka Mor,2,0,0,0,0,0,0,0,0,0,0,0,0,0,1,0,4074.074074074074,0.0,0.003703703703703704
2200000,540,Dwarka Mor,2,0,0,0,0,0,0,0,0,0,0,0,0,0,1,0,4074.074074074074,0.0,0.003703703703703704
10500000,1200,Other,2,1,0,0,1,0,0,0,1,0,1,0,0,0,1,1,8750.0,0.07142857142857142,0.0016666666666666668
20500000,2300,Sector 4 Dwarka,4,1,0,0,1,0,0,0,1,0,1,0,0,1,1,0,8913.04347826087,0.0,0.0017391304347826088
17600000,1700,Sector 6 Dwarka,3,1,0,0,1,1,1,1,1,1,1,0,0,1,1,9,10352.941176470587,0.6428571428571429,0.0017647058823529412
2700000,540,Dwarka Mor,2,0,0,0,1,0,0,0,0,0,0,0,0,0,0,1,5000.0,0.07142857142857142,0.003703703703703704
4799000,900,Dwarka Mor,3,0,0,0,1,0,0,0,0,0,0,0,0,0,0,1,5332.222222222223,0.07142857142857142,0.0033333333333333335
4099000,740,Dwarka Mor,3,0,0,0,1,0,0,0,0,0,0,0,0,0,0,1,5539.189189189189,0.07142857142857142,0.004054054054054054
2449000,495,Dwarka Mor,2,0,0,0,1,0,0,0,0,0,0,0,0,0,0,1,4947.474747474747,0.07142857142857142,0.00404040404040404
2399000,477,Dwarka Mor,2,0,0,0,1,0,0,0,0,0,0,0,0,0,0,1,5029.350104821803,0.07142857142857142,0.0041928721174004195
3500000,630,Dwarka Mor,2,0,0,0,1,0,0,0,0,0,0,0,0,0,0,1,5555.555555555556,0.07142857142857142,0.0031746031746031746
4300000,765,Dwarka Mor,3,0,0,0,1,0,0,0,0,0,0,0,0,0,0,1,5620.915032679739,0.07142857142857142,0.00392156862745098
4000000,720,Dwarka Mor,3,0,0,0,1,0,0,0,0,0,0,0,0,0,0,1,5555.555555555556,0.07142857142857142,0.004166666666666667
6500000,1080,Dwarka Mor,3,0,0,0,1,0,0,0,0,0,0,0,0,0,0,1,6018.518518518518,0.07142857142857142,0.002777777777777778
2200000,450,Dwarka Mor,2,0,0,0,1,0,0,0,0,0,0,0,0,0,0,1,4888.888888888889,0.07142857142857142,0.0044444444444444444
5800000,855,Dwarka Mor,3,0,0,0,1,0,0,0,0,0,0,0,0,0,0,1,6783.625730994152,0.07142857142857142,0.0035087719298245615
5200000,990,Dwarka Mor,3,0,0,0,1,0,0,0,0,0,0,0,0,0,0,1,5252.525252525253,0.07142857142857142,0.0030303030303030303
4699000,810,Dwarka Mor,3,0,0,0,1,0,0,0,0,0,0,0,0,0,0,1,5801.234567901234,0.07142857142857142,0.003703703703703704
2999000,585,Dwarka Mor,2,0,0,0,1,0,0,0,0,0,0,0,0,0,0,1,5126.495726495727,0.07142857142857142,0.003418803418803419
4199000,720,Dwarka Mor,3,0,0,0,1,0,0,0,0,1,0,0,0,0,1,3,5831.944444444444,0.21428571428571427,0.004166666666666667
2550000,495,Dwarka Mor,2,0,0,0,1,0,0,0,0,1,0,0,0,0,1,3,5151.515151515152,0.21428571428571427,0.00404040404040404
3099000,585,Dwarka Mor,2,0,0,0,1,0,0,0,0,1,0,0,0,0,1,3,5297.4358974358975,0.21428571428571427,0.003418803418803419
5500000,900,Other,3,1,0,0,0,0,0,0,0,0,0,0,0,0,1,0,6111.111111111111,0.0,0.0033333333333333335
4500000,1000,Uttam Nagar,2,0,0,0,1,0,0,0,1,0,0,0,0,0,1,2,4500.0,0.14285714285714285,0.002
45000000,4500,Other,5,1,0,0,1,1,1,0,1,0,1,0,0,1,1,1,10000.0,0.07142857142857142,0.0011111111111111111
13000000,1600,Sector 6 Dwarka,3,1,1,0,1,0,1,1,1,1,0,0,0,1,1,9,8125.0,0.6428571428571429,0.001875
24800000,2600,Sector 6 Dwarka,4,0,1,0,1,1,0,1,1,1,1,0,0,1,1,4,9538.461538461539,0.2857142857142857,0.0015384615384615385
2599000,450,Dwarka Mor,2,0,0,0,1,0,0,0,0,0,0,0,0,0,0,1,5775.555555555556,0.07142857142857142,0.0044444444444444444
2899000,650,Dwarka Mor,2,0,0,0,1,0,0,0,0,0,0,0,0,0,0,1,4460.0,0.07142857142857142,0.003076923076923077
4500000,800,Dwarka Mor,3,0,0,0,1,0,0,0,0,0,0,0,0,0,0,1,5625.0,0.07142857142857142,0.00375
19500000,2100,Other,4,1,0,0,1,1,0,0,1,0,1,0,0,1,1,0,9285.714285714286,0.0,0.0019047619047619048
11399999,1200,Sector 6 Dwarka,2,1,0,0,1,1,1,0,0,0,1,0,0,1,1,2,9499.999166666666,0.14285714285714285,0.0016666666666666668
4599000,850,Dwarka Mor,3,1,0,0,1,0,0,0,0,0,1,0,0,0,1,0,5410.588235294118,0.0,0.0035294117647058825
16200000,1800,Other,3,1,0,0,0,0,0,0,0,0,0,0,0,0,0,0,9000.0,0.0,0.0016666666666666668
3500000,650,Other,2,0,0,0,0,0,0,0,0,0,0,0,0,0,1,0,5384.615384615385,0.0,0.003076923076923077
3600000,450,Other,2,1,0,0,0,0,0,0,0,0,0,0,0,0,1,0,8000.0,0.0,0.0044444444444444444
3800000,450,Other,2,1,0,0,0,0,0,0,0,0,0,0,0,0,1,0,8444.444444444445,0.0,0.0044444444444444444
4200000,450,Other,2,1,0,0,0,0,0,0,0,0,0,0,0,0,1,0,9333.333333333334,0.0,0.0044444444444444444
4000000,450,Other,2,1,0,0,0,0,0,0,0,0,0,0,0,0,1,0,8888.888888888889,0.0,0.0044444444444444444
3600000,450,Other,2,1,0,0,0,0,0,0,0,0,0,0,0,0,1,0,8000.0,0.0,0.0044444444444444444
8200000,900,Other,3,1,0,0,0,0,0,0,0,0,0,0,0,0,1,0,9111.111111111111,0.0,0.0033333333333333335
6500000,800,Other,3,1,0,0,0,0,0,0,0,0,0,0,0,0,1,0,8125.0,0.0,0.00375
7000000,800,Other,3,1,0,0,0,0,0,0,0,0,0,0,0,0,1,0,8750.0,0.0,0.00375
7000000,800,Other,3,1,0,0,0,0,0,0,0,0,0,0,0,0,1,0,8750.0,0.0,0.00375
3800000,450,Other,2,1,0,0,0,0,0,0,0,0,0,0,0,0,1,0,8444.444444444445,0.0,0.0044444444444444444
3600000,450,Other,2,1,0,0,0,0,0,0,0,0,1,0,0,0,1,0,8000.0,0.0,0.0044444444444444444
7000000,750,Other,3,1,0,0,0,0,0,0,0,0,1,0,0,0,1,0,9333.333333333334,0.0,0.004
8200000,900,Other,3,1,0,0,0,0,0,0,0,0,0,0,0,0,1,0,9111.111111111111,0.0,0.0033333333333333335
4599000,850,Dwarka Mor,3,1,0,0,1,0,0,0,0,0,1,0,0,0,1,0,5410.588235294118,0.0,0.0035294117647058825
45000000,4500,Other,5,1,0,0,1,1,0,0,1,0,1,0,0,1,1,1,10000.0,0.07142857142857142,0.0011111111111111111
37500000,3500,Other,4,1,0,0,1,1,0,0,1,0,1,0,0,0,1,1,10714.285714285714,0.07142857142857142,0.001142857142857143
15800000,1600,Sector 6 Dwarka,3,1,1,0,1,1,1,1,1,1,1,0,0,1,1,8,9875.0,0.5714285714285714,0.001875
3500000,650,Other,2,0,0,0,0,0,0,0,0,1,0,0,0,0,0,0,5384.615384615385,0.0,0.003076923076923077
3399000,720,Dwarka Mor,2,0,0,0,1,0,0,0,0,1,0,0,0,0,0,0,4720.833333333333,0.0,0.002777777777777778
2349000,450,Dwarka Mor,2,0,0,0,1,0,0,0,0,1,0,0,0,0,0,0,5220.0,0.0,0.0044444444444444444
5999000,990,Dwarka Mor,3,0,0,0,1,0,0,0,0,1,0,0,0,0,0,0,6059.595959595959,0.0,0.0030303030303030303
3199000,675,Dwarka Mor,3,0,0,0,1,0,0,0,0,1,0,0,0,0,0,0,4739.259259259259,0.0,0.0044444444444444444
4099000,765,Dwarka Mor,3,0,0,0,1,0,0,0,0,1,0,0,0,0,0,0,5358.169934640523,0.0,0.00392156862745098
4600000,1000,Uttam Nagar,3,0,0,0,0,1,0,0,0,0,0,1,0,0,1,4,4600.0,0.2857142857142857,0.003
3500000,865,Uttam Nagar,3,0,0,0,0,0,0,0,0,0,0,0,0,0,0,0,4046.242774566474,0.0,0.003468208092485549
3500000,865,Uttam Nagar,3,0,0,0,0,1,0,0,0,0,0,1,0,0,1,4,4046.242774566474,0.2857142857142857,0.003468208092485549
2500000,640,Uttam Nagar,2,0,0,0,0,1,0,0,0,0,0,1,0,0,1,4,3906.25,0.2857142857142857,0.003125
2500000,640,Uttam Nagar,2,0,0,0,0,0,0,0,0,0,0,0,0,0,0,0,3906.25,0.0,0.003125
14000000,1800,Sector 12 Dwarka,3,1,0,0,0,0,0,0,0,0,0,0,0,0,0,0,7777.777777777777,0.0,0.0016666666666666668
16000000,1800,Sector 12 Dwarka,3,1,0,0,1,0,0,0,1,0,1,0,0,1,1,0,8888.888888888889,0.0,0.0016666666666666668
16000000,1600,Other,3,1,0,0,1,0,0,1,1,1,1,0,0,0,1,3,10000.0,0.21428571428571427,0.001875
19000000,2500,Sector 10 Dwarka,4,1,0,0,1,0,1,0,1,1,1,1,0,0,1,2,7600.0,0.14285714285714285,0.0016
16000000,1750,Other,3,1,0,0,1,0,0,0,1,0,1,0,0,0,1,1,9142.857142857143,0.07142857142857142,0.0017142857142857142
18500000,2000,Other,4,1,0,0,1,1,0,0,1,0,1,0,0,1,1,1,9250.0,0.07142857142857142,0.002
2600000,685,Dwarka Mor,2,0,0,0,0,0,0,0,0,0,0,0,0,0,0,0,3795.6204379562046,0.0,0.00291970802919708
2600000,685,Dwarka Mor,2,0,0,0,0,0,0,0,0,0,0,0,0,0,0,0,3795.6204379562046,0.0,0.00291970802919708
2300000,540,Other,2,1,0,0,0,0,0,0,0,0,0,0,0,0,0,1,4259.259259259259,0.07142857142857142,0.003703703703703704
2500000,540,Other,2,1,0,0,0,0,0,0,0,0,0,0,0,0,0,1,4629.62962962963,0.07142857142857142,0.003703703703703704
2500000,520,Other,2,0,0,0,0,0,0,0,0,0,0,0,0,0,0,0,4807.692307692308,0.0,0.0038461538461538464
4000000,810,Other,3,1,0,0,0,0,0,0,0,0,0,0,0,0,1,1,4938.271604938272,0.07142857142857142,0.003703703703703704
21100000,2500,Sector 19 Dwarka,4,1,0,0,1,1,1,0,1,0,1,1,0,1,1,7,8440.0,0.5,0.0016
4100000,865,Uttam Nagar,3,0,0,0,0,1,0,0,0,0,0,1,0,0,1,4,4739.884393063584,0.2857142857142857,0.003468208092485549
4100000,865,Uttam Nagar,3,0,0,0,0,0,0,0,0,0,0,0,0,0,0,0,4739.884393063584,0.0,0.003468208092485549
2500000,550,Uttam Nagar,2,0,0,0,0,1,0,0,0,0,0,1,0,0,1,4,4545.454545454545,0.2857142857142857,0.0036363636363636364
2500000,550,Uttam Nagar,2,0,0,0,0,0,0,0,0,0,0,0,0,0,0,0,4545.454545454545,0.0,0.0036363636363636364
4100000,865,Uttam Nagar,3,0,0,0,0,1,0,0,0,0,0,1,0,0,1,4,4739.884393063584,0.2857142857142857,0.003468208092485549
3500000,650,Other,2,0,0,0,0,0,0,0,0,0,0,0,0,0,0,0,5384.615384615385,0.0,0.003076923076923077
4600000,850,Other,3,0,0,0,0,0,0,0,0,0,0,0,0,0,0,0,5411.764705882353,0.0,0.0035294117647058825
3000000,658,Dwarka Mor,2,0,0,0,0,1,0,0,0,0,0,1,0,0,1,4,4559.270516717325,0.2857142857142857,0.00303951367781155
14900000,1700,Sector 4 Dwarka,3,1,1,0,1,0,1,1,1,1,1,0,0,1,1,4,8764.70588235294,0.2857142857142857,0.0017647058823529412
13899999,1600,Other,3,1,0,0,1,0,0,0,1,0,1,0,0,1,1,0,8687.499375,0.0,0.001875
18000000,2000,Sector 11 Dwarka,4,1,0,0,1,0,0,0,1,0,1,0,0,1,1,0,9000.0,0.0,0.002
12400000,1300,Other,3,1,1,1,1,1,1,1,1,1,1,0,0,1,1,7,9538.461538461539,0.5,0.002307692307692308
4800000,900,Other,3,1,0,0,0,0,0,0,0,0,0,0,0,0,1,0,5333.333333333333,0.0,0.0033333333333333335
2600000,600,Other,2,0,0,0,0,1,0,0,1,0,0,1,0,0,1,4,4333.333333333333,0.2857142857142857,0.0033333333333333335
10700000,1638,Other,3,0,1,0,0,0,1,1,1,1,0,0,0,1,1,8,6532.356532356533,0.5714285714285714,0.0018315018315018315
5200000,900,Dwarka Mor,3,0,0,0,0,0,0,0,0,0,0,0,0,0,1,0,5777.777777777777,0.0,0.0033333333333333335
4200000,820,Dwarka Mor,3,0,0,0,0,0,0,0,0,0,0,0,0,0,1,0,5121.951219512195,0.0,0.003658536585365854
6000000,1200,Dwarka Mor,3,0,0,0,0,0,0,0,0,0,0,0,0,0,1,0,5000.0,0.0,0.0025
3200000,650,Dwarka Mor,2,0,0,0,0,0,0,0,0,0,0,0,0,0,1,0,4923.076923076923,0.0,0.003076923076923077
6000000,1000,Dwarka Mor,4,0,0,0,0,0,0,0,0,0,0,0,0,0,1,0,6000.0,0.0,0.004
4000000,750,Dwarka Mor,3,0,0,0,0,0,0,0,0,0,0,0,0,0,1,0,5333.333333333333,0.0,0.004
5000000,900,Dwarka Mor,4,0,0,0,0,0,0,0,0,0,0,0,0,0,1,0,5555.555555555556,0.0,0.0044444444444444444
3500000,700,Dwarka Mor,3,0,0,0,0,0,0,0,0,0,0,0,0,0,1,0,5000.0,0.0,0.004285714285714286
5200000,900,Dwarka Mor,3,0,0,0,0,0,0,0,0,0,0,0,0,0,0,0,5777.777777777777,0.0,0.0033333333333333335
6500000,1200,Dwarka Mor,4,0,0,0,0,0,0,0,0,0,0,0,0,0,0,0,5416.666666666667,0.0,0.0033333333333333335
4200000,820,Dwarka Mor,3,0,0,0,0,0,0,0,0,0,0,0,0,0,0,0,5121.951219512195,0.0,0.003658536585365854
3300000,630,Dwarka Mor,3,0,0,0,0,0,0,0,0,0,0,0,0,0,0,0,5238.0952380952385,0.0,0.004761904761904762
6000000,1200,Dwarka Mor,3,0,0,0,0,0,0,0,0,0,0,0,0,0,0,0,5000.0,0.0,0.0025
3200000,650,Dwarka Mor,2,0,0,0,0,0,0,0,0,0,0,0,0,0,0,0,4923.076923076923,0.0,0.003076923076923077
4000000,750,Dwarka Mor,3,0,0,0,0,0,0,0,0,0,0,0,0,0,0,0,5333.333333333333,0.0,0.004
2800000,600,Dwarka Mor,2,0,0,0,0,0,0,0,0,0,0,0,0,0,0,0,4666.666666666667,0.0,0.0033333333333333335
5000000,900,Dwarka Mor,4,0,0,0,0,0,0,0,0,0,0,0,0,0,0,0,5555.555555555556,0.0,0.0044444444444444444
3200000,616,Other,2,1,0,0,0,0,0,0,0,0,0,0,0,0,1,0,5194.805194805195,0.0,0.003246753246753247
3200000,616,Other,2,1,0,0,0,0,0,0,0,0,0,0,0,0,1,0,5194.805194805195,0.0,0.003246753246753247
2800000,505,Other,2,1,0,0,0,0,0,0,0,0,0,0,0,0,1,0,5544.554455445545,0.0,0.0039603960396039604
2800000,505,Other,2,1,0,0,0,0,0,0,0,0,0,0,0,0,1,0,5544.554455445545,0.0,0.0039603960396039604
2700000,505,Other,2,1,0,0,0,0,0,0,0,0,0,0,0,0,1,0,5346.534653465346,0.0,0.0039603960396039604
5000000,900,Other,3,1,0,0,0,0,0,0,0,0,0,0,0,0,1,0,5555.555555555556,0.0,0.0033333333333333335
4500000,900,Other,3,1,0,0,0,0,0,0,0,0,0,0,0,0,1,0,5000.0,0.0,0.0033333333333333335
3400000,675,Other,2,1,0,0,0,0,0,0,0,0,0,0,0,0,1,0,5037.037037037037,0.0,0.002962962962962963
4200000,810,Burari,3,1,0,0,0,0,0,0,0,0,0,0,0,0,1,0,5185.185185185185,0.0,0.003703703703703704
4200000,1000,Burari,3,1,0,0,0,0,0,0,0,0,0,0,0,0,1,0,4200.0,0.0,0.003
5400000,1125,Burari,3,1,0,0,0,0,0,0,0,0,0,0,0,0,1,0,4800.0,0.0,0.0026666666666666666
4200000,810,Burari,3,1,0,0,0,0,0,0,0,0,0,0,0,0,1,0,5185.185185185185,0.0,0.003703703703703704
3300000,675,Burari,2,1,0,0,0,0,0,0,0,0,0,0,0,0,1,0,4888.888888888889,0.0,0.002962962962962963
5600000,1200,Burari,3,1,0,0,0,0,0,0,0,0,0,0,0,0,1,0,4666.666666666667,0.0,0.0025
2200000,630,Burari,2,0,0,0,0,0,0,0,0,0,0,0,0,0,0,0,3492.063492063492,0.0,0.0031746031746031746
11500000,1050,Vasant Kunj,2,1,1,0,0,0,0,0,0,1,1,0,0,1,1,1,10952.380952380952,0.07142857142857142,0.0019047619047619048
18500000,2400,Sector 11 Dwarka,4,1,0,0,1,1,0,0,0,0,1,1,0,1,1,7,7708.333333333333,0.5,0.0016666666666666668
9500000,1300,Sector 19 Dwarka,2,1,1,0,1,0,0,1,1,1,1,0,0,1,0,4,7307.692307692308,0.2857142857142857,0.0015384615384615385
14500000,1700,Other,3,1,0,0,1,1,1,1,1,0,1,0,0,1,1,10,8529.411764705883,0.7142857142857143,0.0017647058823529412
30000000,1600,Other,3,1,0,0,0,1,0,0,1,0,1,0,0,0,0,1,18750.0,0.07142857142857142,0.001875
2700000,540,Uttam Nagar,2,0,0,0,0,0,0,0,0,1,0,0,0,0,1,0,5000.0,0.0,0.003703703703703704
4200000,900,Uttam Nagar,3,0,0,0,0,0,0,0,0,1,0,0,0,0,1,0,4666.666666666667,0.0,0.0033333333333333335
5700000,1100,Uttam Nagar,4,0,0,0,0,0,0,0,0,1,0,0,0,0,1,0,5181.818181818182,0.0,0.0036363636363636364
3200000,675,Uttam Nagar,3,0,0,0,0,0,0,0,0,1,0,0,0,0,1,0,4740.740740740741,0.0,0.0044444444444444444
6199000,1100,Uttam Nagar,3,0,0,0,0,0,0,0,0,1,0,0,0,0,1,0,5635.454545454545,0.0,0.0027272727272727275
6500000,1200,Uttam Nagar,4,0,0,0,0,0,0,0,0,1,0,0,0,0,1,0,5416.666666666667,0.0,0.0033333333333333335
2000000,500,Uttam Nagar,2,0,0,0,0,0,0,0,0,1,0,0,0,0,1,0,4000.0,0.0,0.004
4199000,810,Uttam Nagar,3,0,0,0,0,0,0,0,0,1,0,0,0,0,1,0,5183.950617283951,0.0,0.003703703703703704
3199000,580,Uttam Nagar,2,0,0,0,0,0,0,0,0,1,0,0,0,0,1,0,5515.517241379311,0.0,0.0034482758620689655
11000000,1500,Sector 19 Dwarka,3,1,1,0,1,0,0,1,1,1,1,0,0,1,0,4,7333.333333333333,0.2857142857142857,0.002
21500000,2000,Other,3,1,0,0,1,0,0,0,1,0,1,1,0,1,1,7,10750.0,0.5,0.0015
14500000,1800,Other,3,1,0,0,1,0,1,1,1,1,1,1,0,1,1,13,8055.555555555556,0.9285714285714286,0.0016666666666666668
18500000,1800,Sector 6 Dwarka,3,1,0,0,1,0,0,0,1,0,1,1,0,1,1,7,10277.777777777777,0.5,0.0016666666666666668
6500000,625,Other,2,1,0,0,0,0,0,0,0,0,1,0,0,0,0,0,10400.0,0.0,0.0032
17000000,1400,Other,3,1,0,0,0,0,0,0,0,0,1,0,0,1,0,0,12142.857142857143,0.0,0.002142857142857143
2200000,450,Dwarka Mor,2,1,0,0,0,0,0,0,0,0,0,0,0,0,0,1,4888.888888888889,0.07142857142857142,0.0044444444444444444
3200000,495,Dwarka Mor,2,0,0,0,0,0,0,0,0,0,0,0,0,0,1,0,6464.646464646465,0.0,0.00404040404040404
6300000,1000,Dwarka Mor,4,0,0,0,0,0,0,0,0,0,0,0,0,0,1,0,6300.0,0.0,0.004
2500000,540,Dwarka Mor,2,1,0,0,0,0,0,0,0,0,0,0,0,0,0,0,4629.62962962963,0.0,0.003703703703703704
2700000,505,Other,2,1,0,0,0,0,0,0,0,0,0,0,0,0,1,0,5346.534653465346,0.0,0.0039603960396039604
2500000,540,Dwarka Mor,2,1,0,0,0,0,0,0,0,0,0,0,0,0,0,0,4629.62962962963,0.0,0.003703703703703704
4800000,810,Other,3,1,0,0,1,0,0,0,0,0,0,0,0,0,1,0,5925.925925925926,0.0,0.003703703703703704
3200000,616,Other,2,1,0,0,0,0,0,0,0,0,0,0,0,0,1,0,5194.805194805195,0.0,0.003246753246753247
3100000,616,Other,2,1,0,0,0,0,0,0,0,0,0,0,0,0,1,0,5032.467532467533,0.0,0.003246753246753247
2700000,505,Other,2,1,0,0,0,0,0,0,0,0,0,0,0,0,1,0,5346.534653465346,0.0,0.0039603960396039604
5200000,855,Other,3,1,0,0,0,0,0,0,0,0,0,0,0,0,1,1,6081.87134502924,0.07142857142857142,0.0035087719298245615
3300000,616,Other,2,1,0,0,0,0,0,0,0,0,0,0,0,0,1,0,5357.142857142857,0.0,0.003246753246753247
2500000,540,Dwarka Mor,2,1,0,0,0,0,0,0,0,0,0,0,0,0,0,0,4629.62962962963,0.0,0.003703703703703704
2750000,667,Uttam Nagar,2,0,0,0,0,0,0,0,0,0,0,0,0,0,0,0,4122.938530734633,0.0,0.0029985007496251873
2750000,667,Uttam Nagar,2,0,0,0,0,0,0,0,0,0,0,0,0,0,0,0,4122.938530734633,0.0,0.0029985007496251873
19800000,2400,Sector 4 Dwarka,4,1,0,0,1,0,0,0,1,0,1,0,0,1,1,0,8250.0,0.0,0.0016666666666666668
10000000,1000,Other,2,1,0,0,0,0,0,0,0,0,0,0,0,0,0,0,10000.0,0.0,0.002
10000000,1000,Other,2,1,0,0,1,0,0,0,0,0,1,0,0,0,0,0,10000.0,0.0,0.002
19000000,1900,Sector 6 Dwarka,3,1,0,0,1,0,0,0,1,0,1,0,0,1,1,0,10000.0,0.0,0.0015789473684210526
22000000,2500,Sector 11 Dwarka,5,1,0,0,1,1,1,0,0,0,1,0,0,1,1,3,8800.0,0.21428571428571427,0.002
2100000,500,Uttam Nagar,2,0,0,0,1,0,0,0,0,0,0,0,0,0,1,0,4200.0,0.0,0.004
2000000,520,Uttam Nagar,2,0,0,0,1,0,0,0,0,0,0,0,0,0,1,0,3846.153846153846,0.0,0.0038461538461538464
2200000,510,Uttam Nagar,2,0,0,0,1,0,0,0,0,0,0,0,0,0,1,0,4313.725490196079,0.0,0.00392156862745098
3100000,750,Uttam Nagar,3,0,0,0,1,0,0,0,0,0,0,0,0,0,1,0,4133.333333333333,0.0,0.004
2800000,600,Uttam Nagar,2,0,0,0,1,0,0,0,0,0,0,0,0,0,1,0,4666.666666666667,0.0,0.0033333333333333335
6500000,861,Other,2,1,0,0,0,0,0,0,0,0,1,0,0,0,0,1,7549.361207897793,0.07142857142857142,0.0023228803716608595
2700000,640,Uttam Nagar,2,0,0,0,0,0,0,0,0,0,0,0,0,0,0,0,4218.75,0.0,0.003125
2700000,640,Uttam Nagar,2,0,0,0,0,0,0,0,0,0,0,0,0,0,0,0,4218.75,0.0,0.003125
16800000,1800,Sector 4 Dwarka,3,1,0,0,1,0,0,0,1,0,1,0,0,0,1,1,9333.333333333334,0.07142857142857142,0.0016666666666666668
4600000,1000,Uttam Nagar,3,0,0,0,0,0,0,0,0,0,0,0,0,0,0,0,4600.0,0.0,0.003
3400000,755,Dwarka Mor,2,0,0,0,1,0,0,0,0,0,0,0,0,0,1,1,4503.311258278146,0.07142857142857142,0.0026490066225165563
4400000,1000,Dwarka Mor,3,0,0,0,1,0,0,0,0,0,0,0,0,0,1,1,4400.0,0.07142857142857142,0.003
4700000,1050,Dwarka Mor,3,0,0,0,1,0,0,0,0,0,0,0,0,0,1,1,4476.190476190476,0.07142857142857142,0.002857142857142857
3400000,755,Dwarka Mor,2,0,0,0,1,0,0,0,0,0,0,0,0,0,1,1,4503.311258278146,0.07142857142857142,0.0026490066225165563
4700000,1050,Dwarka Mor,3,0,0,0,1,0,0,0,0,0,0,0,0,0,1,1,4476.190476190476,0.07142857142857142,0.002857142857142857
3700000,760,Dwarka Mor,2,0,0,0,1,0,0,0,0,0,0,0,0,0,1,1,4868.421052631579,0.07142857142857142,0.002631578947368421
3700000,760,Dwarka Mor,2,0,0,0,1,0,0,0,0,0,0,0,0,0,1,1,4868.421052631579,0.07142857142857142,0.002631578947368421
2900000,750,Dwarka Mor,2,0,0,0,1,0,0,0,0,0,0,0,0,0,1,1,3866.6666666666665,0.07142857142857142,0.0026666666666666666
2900000,750,Dwarka Mor,2,0,0,0,1,0,0,0,0,0,0,0,0,0,1,1,3866.6666666666665,0.07142857142857142,0.0026666666666666666
4600000,1000,Uttam Nagar,3,0,0,0,0,0,0,0,0,0,0,0,0,0,0,0,4600.0,0.0,0.003
15500000,1200,Alaknanda,3,1,0,0,0,0,0,0,1,0,1,0,0,1,0,0,12916.666666666666,0.0,0.0025
3500000,720,Dwarka Mor,3,1,0,0,0,0,0,0,0,0,0,0,0,0,0,0,4861.111111111111,0.0,0.004166666666666667
3400000,675,Other,2,1,0,0,0,0,0,0,0,0,0,0,0,0,1,0,5037.037037037037,0.0,0.002962962962962963
2800000,540,Dwarka Mor,2,1,0,0,0,0,0,0,0,0,0,0,0,0,1,0,5185.185185185185,0.0,0.003703703703703704
5400000,900,Uttam Nagar,3,1,0,0,1,0,0,0,0,0,0,0,0,0,1,0,6000.0,0.0,0.0033333333333333335
6200000,900,Other,3,1,0,0,0,0,0,0,0,0,1,0,0,0,1,1,6888.888888888889,0.07142857142857142,0.0033333333333333335
5000000,810,Other,3,1,0,0,0,0,0,0,0,0,0,0,0,0,1,1,6172.83950617284,0.07142857142857142,0.003703703703703704
4800000,900,Other,3,1,0,0,1,0,0,0,0,0,0,0,0,0,1,0,5333.333333333333,0.0,0.0033333333333333335
2500000,540,Dwarka Mor,2,1,0,0,0,0,0,0,0,0,0,0,0,0,0,0,4629.62962962963,0.0,0.003703703703703704
3800000,675,Other,3,1,0,0,0,0,0,0,0,0,0,0,0,0,1,1,5629.62962962963,0.07142857142857142,0.0044444444444444444
3500000,630,Other,3,1,0,0,1,0,0,0,0,0,0,0,0,0,1,0,5555.555555555556,0.0,0.004761904761904762
5000000,810,Other,3,1,0,0,1,0,0,0,0,0,0,0,0,0,1,0,6172.83950617284,0.0,0.003703703703703704
4800000,810,Dwarka Mor,3,1,0,0,0,0,0,0,0,0,0,0,0,0,1,0,5925.925925925926,0.0,0.003703703703703704
20000000,2500,Sector 22 Dwarka,4,1,0,0,1,0,0,0,1,0,1,1,0,1,1,8,8000.0,0.5714285714285714,0.0016
19500000,2000,Sector 4 Dwarka,4,1,0,0,1,1,1,0,1,0,0,0,0,1,1,1,9750.0,0.07142857142857142,0.002
20500000,2000,Sector 4 Dwarka,4,1,0,0,1,1,1,0,1,0,1,0,0,1,1,0,10250.0,0.0,0.002
45000000,4500,Other,4,1,0,0,1,1,1,0,1,0,1,0,0,1,1,1,10000.0,0.07142857142857142,0.0008888888888888889
24900000,2200,Sector 6 Dwarka,4,1,1,0,1,1,0,1,1,1,0,0,0,1,1,3,11318.181818181818,0.21428571428571427,0.0018181818181818182
19500000,2000,Other,4,1,0,0,1,1,1,0,1,0,0,0,0,1,1,1,9750.0,0.07142857142857142,0.002
8400000,900,Sector 6 Dwarka,2,1,0,0,0,1,0,0,0,0,0,0,0,1,0,0,9333.333333333334,0.0,0.0022222222222222222
16800000,1900,Other,4,1,0,0,1,1,1,0,1,0,1,0,0,1,1,1,8842.105263157895,0.07142857142857142,0.002105263157894737
15800000,1600,Other,3,1,0,0,1,1,1,0,1,0,1,0,0,1,1,1,9875.0,0.07142857142857142,0.001875
14800000,1550,Sector 22 Dwarka,3,1,0,0,1,1,0,0,1,0,0,0,0,1,1,0,9548.387096774193,0.0,0.001935483870967742
21500000,2000,Other,4,1,0,0,0,0,0,0,1,1,0,0,0,0,1,0,10750.0,0.0,0.002
19500000,2000,Other,4,1,0,0,1,1,1,0,1,0,1,0,0,1,1,1,9750.0,0.07142857142857142,0.002
23500000,2200,Sector 10 Dwarka,4,1,1,0,1,0,1,0,1,1,1,0,0,1,1,1,10681.818181818182,0.07142857142857142,0.0018181818181818182
15100000,1700,Sector 10 Dwarka,3,1,0,0,1,0,0,0,1,0,0,0,0,0,1,0,8882.35294117647,0.0,0.0017647058823529412
17600000,1500,Sector 11 Dwarka,3,1,0,0,1,1,0,0,0,0,1,0,0,1,1,2,11733.333333333334,0.14285714285714285,0.002
34100000,3800,Sector 11 Dwarka,4,1,0,0,1,0,0,0,1,0,1,0,0,0,1,1,8973.684210526315,0.07142857142857142,0.0010526315789473684
22500000,2400,Other,3,1,0,0,1,0,1,1,1,1,1,0,0,0,1,5,9375.0,0.35714285714285715,0.00125
18200000,2200,Other,4,1,1,0,0,0,0,0,0,0,0,0,0,1,0,0,8272.727272727272,0.0,0.0018181818181818182
14800000,1800,Sector 6 Dwarka,2,1,1,0,1,0,1,1,1,1,1,0,0,1,1,9,8222.222222222223,0.6428571428571429,0.0011111111111111111
11000000,2520,Other,4,1,0,0,0,0,0,0,0,0,1,0,0,0,1,1,4365.079365079365,0.07142857142857142,0.0015873015873015873
8500000,1440,Jamia Nagar,4,1,0,0,0,0,0,0,0,0,0,0,0,0,0,0,5902.777777777777,0.0,0.002777777777777778
3500000,765,Jamia Nagar,2,1,0,0,0,0,0,0,0,0,0,0,0,0,0,0,4575.16339869281,0.0,0.00261437908496732
3600000,585,Jamia Nagar,2,1,0,0,0,0,0,0,0,0,1,0,0,0,1,1,6153.846153846154,0.07142857142857142,0.003418803418803419
7500000,1350,Jamia Nagar,3,1,0,0,0,0,0,0,0,0,1,0,0,0,1,1,5555.555555555556,0.07142857142857142,0.0022222222222222222
3550000,675,Other,2,1,0,0,0,0,0,0,0,0,1,0,0,0,1,1,5259.259259259259,0.07142857142857142,0.002962962962962963
3500000,720,Other,3,1,0,0,1,0,0,0,0,0,0,0,0,0,1,0,4861.111111111111,0.0,0.004166666666666667
4500000,900,Other,3,1,0,0,0,0,0,0,0,0,0,0,0,0,1,0,5000.0,0.0,0.0033333333333333335
6211000,1000,Other,4,1,0,0,0,0,0,0,0,0,0,0,0,0,1,1,6211.0,0.07142857142857142,0.004
3200000,616,Other,2,1,0,0,0,0,0,0,0,0,0,0,0,0,1,0,5194.805194805195,0.0,0.003246753246753247
2500000,540,Dwarka Mor,2,1,0,0,0,0,0,0,0,0,0,0,0,0,0,0,4629.62962962963,0.0,0.003703703703703704
3500000,720,Dwarka Mor,3,1,0,0,0,0,0,0,0,0,0,0,0,0,0,0,4861.111111111111,0.0,0.004166666666666667
19000000,2000,Sector 4 Dwarka,3,1,0,0,0,0,0,0,0,0,0,0,0,0,0,0,9500.0,0.0,0.0015
16500000,1700,Sector 6 Dwarka,3,1,0,0,1,0,0,1,1,1,0,0,0,1,1,4,9705.882352941177,0.2857142857142857,0.0017647058823529412
24800000,2400,Sector 6 Dwarka,4,1,1,0,1,1,0,1,1,1,1,0,0,1,1,3,10333.333333333334,0.21428571428571427,0.0016666666666666668
21500000,2400,Sector 22 Dwarka,4,1,0,0,1,0,0,0,1,0,1,0,0,1,1,0,8958.333333333334,0.0,0.0016666666666666668
19000000,2000,Sector 4 Dwarka,3,1,0,0,1,0,0,0,1,0,1,0,0,1,1,0,9500.0,0.0,0.0015
16500000,1700,Sector 6 Dwarka,3,1,0,0,1,0,0,1,1,1,1,0,0,1,1,4,9705.882352941177,0.2857142857142857,0.0017647058823529412
15500000,1900,Other,3,1,0,0,1,1,0,1,1,1,1,1,0,1,1,10,8157.894736842105,0.7142857142857143,0.0015789473684210526
3050000,685,Uttam Nagar,2,0,0,0,0,0,0,0,0,0,0,0,0,0,0,0,4452.554744525547,0.0,0.00291970802919708
3900000,1000,Uttam Nagar,3,0,0,0,0,0,0,0,0,0,0,0,0,0,0,0,3900.0,0.0,0.003
2900000,600,Uttam Nagar,2,0,0,0,0,1,0,0,0,0,0,1,0,0,1,4,4833.333333333333,0.2857142857142857,0.0033333333333333335
11000000,1300,Sector 10 Dwarka,2,1,0,0,1,0,0,0,1,0,1,0,0,1,1,0,8461.538461538461,0.0,0.0015384615384615385
15000000,1800,Other,3,1,1,0,1,0,0,1,1,0,1,0,0,1,1,3,8333.333333333334,0.21428571428571427,0.0016666666666666668
12000000,1700,Sector 4 Dwarka,3,1,0,0,1,0,0,0,0,0,1,0,0,1,1,0,7058.823529411765,0.0,0.0017647058823529412
11000000,1600,Other,3,1,1,0,1,0,1,1,1,1,1,0,0,1,1,3,6875.0,0.21428571428571427,0.001875
9000000,645,Other,2,1,0,0,0,0,0,0,0,0,1,0,0,0,0,3,13953.488372093023,0.21428571428571427,0.0031007751937984496
10500000,865,Other,3,1,0,0,0,0,0,0,0,0,1,0,0,0,0,2,12138.728323699423,0.14285714285714285,0.003468208092485549
7500000,680,Other,3,1,0,0,0,0,0,0,0,0,1,0,0,0,0,2,11029.411764705883,0.14285714285714285,0.004411764705882353
9800000,1055,Other,3,1,0,0,0,0,0,0,0,0,1,0,0,0,0,3,9289.099526066351,0.21428571428571427,0.002843601895734597
19000000,1800,Sector 12 Dwarka,2,1,0,0,1,0,0,0,1,0,1,0,0,1,1,0,10555.555555555555,0.0,0.0011111111111111111
6900000,950,Other,2,1,0,0,0,0,0,0,0,0,1,0,0,0,0,0,7263.1578947368425,0.0,0.002105263157894737
7500000,680,Other,3,1,0,0,0,0,0,0,0,0,1,0,0,0,0,1,11029.411764705883,0.07142857142857142,0.004411764705882353
2600000,550,Dwarka Mor,2,1,0,0,1,0,0,0,0,0,0,0,0,1,0,1,4727.272727272727,0.07142857142857142,0.0036363636363636364
7200000,900,Dwarka Mor,3,0,0,0,1,0,0,0,0,0,0,0,0,0,0,1,8000.0,0.07142857142857142,0.0033333333333333335
3600000,450,Dwarka Mor,2,0,0,0,1,0,0,0,0,0,0,0,0,0,0,1,8000.0,0.07142857142857142,0.0044444444444444444
3200000,400,Dwarka Mor,2,0,0,0,1,0,0,0,0,0,0,0,0,0,0,1,8000.0,0.07142857142857142,0.005
6400000,800,Dwarka Mor,3,0,0,0,1,0,0,0,0,0,0,0,0,0,0,1,8000.0,0.07142857142857142,0.00375
3050000,600,Dwarka Mor,2,1,0,0,0,0,0,0,0,0,1,0,0,0,1,1,5083.333333333333,0.07142857142857142,0.0033333333333333335
2300000,400,Dwarka Mor,2,0,0,0,1,0,0,0,0,1,0,0,0,0,1,1,5750.0,0.07142857142857142,0.005
4400000,800,Dwarka Mor,3,0,0,0,1,0,0,0,0,1,0,0,0,0,1,1,5500.0,0.07142857142857142,0.00375
4799000,900,Dwarka Mor,3,0,0,0,1,0,0,0,0,1,0,0,0,0,1,1,5332.222222222223,0.07142857142857142,0.0033333333333333335
3400000,550,Other,2,1,0,0,1,0,0,0,0,0,1,0,0,0,1,0,6181.818181818182,0.0,0.0036363636363636364
4500000,800,Other,3,1,0,0,1,0,0,0,0,0,1,0,0,0,1,0,5625.0,0.0,0.00375
8500000,970,Other,3,1,0,0,1,0,0,0,0,0,1,0,0,0,1,3,8762.886597938144,0.21428571428571427,0.003092783505154639
9000000,1080,Other,4,1,0,0,0,0,0,0,0,0,1,0,0,0,0,4,8333.333333333334,0.2857142857142857,0.003703703703703704
3500000,650,Other,2,1,0,0,0,0,0,0,0,0,0,0,0,0,1,0,5384.615384615385,0.0,0.003076923076923077
3200000,550,Other,2,1,0,0,0,0,0,0,0,0,0,0,0,0,0,0,5818.181818181818,0.0,0.0036363636363636364
4999000,950,Dwarka Mor,3,0,0,0,1,0,0,0,0,0,0,0,0,0,0,1,5262.105263157895,0.07142857142857142,0.003157894736842105
2600000,450,Dwarka Mor,2,0,0,0,1,0,0,0,0,0,0,0,0,0,0,1,5777.777777777777,0.07142857142857142,0.0044444444444444444
2900000,650,Dwarka Mor,2,0,0,0,1,0,0,0,0,0,0,0,0,0,0,1,4461.538461538462,0.07142857142857142,0.003076923076923077
4400000,800,Dwarka Mor,3,0,0,0,1,0,0,0,0,0,0,0,0,0,0,1,5500.0,0.07142857142857142,0.00375
20500000,2200,Sector 6 Dwarka,2,1,0,0,1,1,0,0,1,0,0,0,0,1,1,0,9318.181818181818,0.0,0.0009090909090909091
23200000,2400,Sector 19 Dwarka,4,1,0,0,1,0,0,0,1,0,1,0,0,0,1,0,9666.666666666666,0.0,0.0016666666666666668
25900000,2800,Sector 6 Dwarka,4,1,1,0,1,1,0,1,1,1,1,0,0,1,1,3,9250.0,0.21428571428571427,0.0014285714285714286
17500000,1500,Other,3,1,0,0,1,1,0,0,0,0,1,0,0,1,1,1,11666.666666666666,0.07142857142857142,0.002
14800000,1600,Sector 6 Dwarka,3,1,0,0,1,0,1,1,1,0,1,0,0,0,1,4,9250.0,0.2857142857142857,0.001875
13500000,1500,Sector 10 Dwarka,3,1,0,0,1,0,0,0,1,1,1,0,0,0,1,1,9000.0,0.07142857142857142,0.002
15500000,1600,Sector 10 Dwarka,3,1,1,1,1,0,0,1,1,1,1,0,0,1,1,5,9687.5,0.35714285714285715,0.001875
12800000,1500,Other,3,1,1,0,1,0,1,1,1,0,1,0,0,0,1,4,8533.333333333334,0.2857142857142857,0.002
3300000,675,Burari,2,1,0,0,1,0,0,0,0,0,0,0,0,0,1,0,4888.888888888889,0.0,0.002962962962962963
2100000,540,Burari,2,0,0,0,0,0,0,0,0,0,1,0,0,0,0,0,3888.8888888888887,0.0,0.003703703703703704
6700000,1150,Other,3,0,0,0,1,1,1,0,1,0,1,1,0,1,1,2,5826.086956521739,0.14285714285714285,0.0026086956521739132
5500000,1000,Other,3,0,0,0,1,1,1,0,1,0,1,1,0,1,1,2,5500.0,0.14285714285714285,0.003
6000000,1000,Other,3,0,0,0,1,0,0,0,1,0,1,1,0,1,1,2,6000.0,0.14285714285714285,0.003
6000000,1000,Other,3,0,0,0,1,1,0,0,1,0,1,1,0,1,1,2,6000.0,0.14285714285714285,0.003
5500000,990,Uttam Nagar,3,0,0,0,0,0,0,0,1,0,0,0,0,0,0,0,5555.555555555556,0.0,0.0030303030303030303
2600000,545,Uttam Nagar,2,0,0,0,0,0,0,0,1,0,0,0,0,0,0,0,4770.642201834862,0.0,0.003669724770642202
3699000,750,Uttam Nagar,3,0,0,0,0,0,0,0,1,0,0,0,0,0,0,0,4932.0,0.0,0.004
3199000,615,Uttam Nagar,2,0,0,0,0,0,0,0,1,0,0,0,0,0,0,0,5201.626016260163,0.0,0.0032520325203252032
2200000,540,Dwarka Mor,2,1,0,0,1,0,0,0,0,0,0,0,0,0,1,1,4074.074074074074,0.07142857142857142,0.003703703703703704
3800000,720,Other,3,1,0,0,0,0,0,0,0,0,0,0,0,0,1,0,5277.777777777777,0.0,0.004166666666666667
2200000,450,Other,2,1,0,0,0,0,0,0,0,0,0,0,0,0,1,0,4888.888888888889,0.0,0.0044444444444444444
2200000,450,Other,2,1,0,0,0,0,0,0,0,0,0,0,0,0,0,0,4888.888888888889,0.0,0.0044444444444444444
2300000,500,Other,2,1,0,0,1,0,0,0,0,0,0,0,0,0,1,0,4600.0,0.0,0.004
4500000,810,Other,3,1,0,0,1,0,0,0,0,0,0,0,0,0,1,0,5555.555555555556,0.0,0.003703703703703704
2600000,540,Dwarka Mor,2,1,0,0,0,0,0,0,0,0,0,0,0,0,1,0,4814.814814814815,0.0,0.003703703703703704
3000000,540,Uttam Nagar,2,1,0,0,1,0,0,0,0,0,0,0,0,0,0,0,5555.555555555556,0.0,0.003703703703703704
2800000,540,Uttam Nagar,2,1,0,0,1,0,0,0,0,0,0,0,0,0,0,0,5185.185185185185,0.0,0.003703703703703704
3500000,720,Other,3,1,0,0,0,0,0,0,0,0,0,0,0,0,1,0,4861.111111111111,0.0,0.004166666666666667
2100000,450,Other,2,1,0,0,0,0,0,0,0,0,0,0,0,0,0,0,4666.666666666667,0.0,0.0044444444444444444
2400000,360,Other,1,1,0,0,0,0,0,0,0,0,0,0,0,0,1,0,6666.666666666667,0.0,0.002777777777777778
3800000,650,Other,2,1,0,0,0,0,0,0,0,0,0,0,0,0,1,0,5846.153846153846,0.0,0.003076923076923077
8000000,1215,Other,4,1,0,0,0,0,0,0,0,0,0,0,0,0,1,0,6584.3621399176955,0.0,0.0032921810699588477
11500000,1440,Other,4,1,0,0,0,0,0,0,0,0,0,0,0,0,1,0,7986.111111111111,0.0,0.002777777777777778
9000000,1000,Other,4,1,0,0,0,0,0,0,0,0,0,0,0,0,0,0,9000.0,0.0,0.004
12800000,1700,Sector 22 Dwarka,3,1,1,1,1,1,1,1,1,1,1,0,0,1,1,6,7529.411764705882,0.42857142857142855,0.0017647058823529412
19200000,2001,Sector 11 Dwarka,4,1,0,0,0,1,1,0,1,0,1,0,0,1,1,0,9595.2023988006,0.0,0.001999000499750125
14500000,1800,Other,3,1,0,0,1,1,0,0,0,0,1,0,0,0,1,1,8055.555555555556,0.07142857142857142,0.0016666666666666668
12000000,1750,Other,3,1,0,0,0,0,0,0,0,0,0,0,0,0,0,0,6857.142857142857,0.0,0.0017142857142857142
12500000,1700,Sector 22 Dwarka,3,1,1,1,1,0,1,1,0,0,0,0,0,1,1,6,7352.941176470588,0.42857142857142855,0.0017647058823529412
13500000,1600,Sector 19 Dwarka,3,1,0,0,0,0,0,0,0,0,1,0,0,1,1,0,8437.5,0.0,0.001875
15500000,2100,Sector 4 Dwarka,4,1,0,0,0,0,0,0,0,0,0,0,0,0,0,0,7380.952380952381,0.0,0.0019047619047619048
15500000,1900,Sector 12 Dwarka,4,1,0,0,1,1,0,0,1,1,1,0,0,1,1,2,8157.894736842105,0.14285714285714285,0.002105263157894737
13500000,1600,Sector 19 Dwarka,3,1,0,0,0,0,0,0,0,0,1,0,0,1,1,0,8437.5,0.0,0.001875
7500000,680,Other,3,1,0,0,0,0,0,0,0,0,0,0,0,0,0,0,11029.411764705883,0.0,0.004411764705882353
13500000,1800,Other,3,1,0,0,0,0,0,0,0,0,0,0,0,0,0,0,7500.0,0.0,0.0016666666666666668
13500000,1800,Other,3,1,0,0,1,1,0,0,1,0,1,1,0,1,1,7,7500.0,0.5,0.0016666666666666668
11000000,1400,Sector 11 Dwarka,2,1,0,0,1,1,0,0,1,0,1,1,0,1,1,7,7857.142857142857,0.5,0.0014285714285714286
2100000,540,Uttam Nagar,2,0,0,0,0,0,0,0,0,0,0,0,0,0,0,0,3888.8888888888887,0.0,0.003703703703703704
2200000,540,Uttam Nagar,2,0,0,0,0,0,0,0,0,0,0,0,0,0,0,0,4074.074074074074,0.0,0.003703703703703704
2300000,600,Other,2,0,0,0,0,0,0,0,0,0,0,0,0,0,0,0,3833.3333333333335,0.0,0.0033333333333333335
7000000,800,Other,2,1,0,0,0,0,0,0,0,0,1,0,0,0,0,3,8750.0,0.21428571428571427,0.0025
8500000,1800,Other,3,1,0,0,0,1,0,0,1,0,1,1,0,1,0,7,4722.222222222223,0.5,0.0016666666666666668
29500000,2400,Other,4,1,0,0,1,0,1,1,1,1,1,1,0,1,1,5,12291.666666666666,0.35714285714285715,0.0016666666666666668
25000000,1440,Other,3,1,0,0,0,1,0,0,1,0,1,1,0,1,0,7,17361.11111111111,0.5,0.0020833333333333333
7800000,1100,Other,2,1,0,0,1,0,0,0,1,0,1,1,0,1,1,7,7090.909090909091,0.5,0.0018181818181818182
16500000,1900,Other,4,1,0,0,1,0,0,0,1,0,1,0,0,1,1,0,8684.21052631579,0.0,0.002105263157894737
20000000,2000,Sector 12 Dwarka,4,1,0,0,1,0,0,1,1,1,1,0,0,0,1,4,10000.0,0.2857142857142857,0.002
16900000,1700,Sector 4 Dwarka,2,1,0,0,1,0,0,0,1,0,1,1,0,1,1,5,9941.176470588236,0.35714285714285715,0.001176470588235294
27500000,2000,Sector 10 Dwarka,3,1,0,0,1,0,0,0,1,0,1,0,0,1,1,0,13750.0,0.0,0.0015
17500000,1800,Other,2,1,0,0,1,0,0,0,1,1,1,0,0,1,1,0,9722.222222222223,0.0,0.0011111111111111111
14900000,1700,Other,3,1,0,0,1,0,0,0,1,0,1,0,0,0,1,0,8764.70588235294,0.0,0.0017647058823529412
25000000,2400,Other,3,1,0,0,1,1,1,1,1,1,1,0,0,1,1,5,10416.666666666666,0.35714285714285715,0.00125
2400000,585,Other,2,1,0,0,0,0,0,0,0,0,0,0,0,0,0,1,4102.5641025641025,0.07142857142857142,0.003418803418803419
13899999,1500,Sector 19 Dwarka,3,1,0,0,1,0,0,0,0,0,1,0,0,1,1,0,9266.666,0.0,0.002
14000000,1850,Other,4,1,1,0,1,0,0,0,0,0,1,0,0,1,1,0,7567.5675675675675,0.0,0.002162162162162162
13200000,1350,Dwarka Mor,3,1,0,0,1,1,0,0,0,0,1,0,0,1,1,0,9777.777777777777,0.0,0.0022222222222222222
8500000,1100,Sector 11 Dwarka,2,1,0,0,0,0,0,0,0,0,1,0,0,1,0,0,7727.272727272727,0.0,0.0018181818181818182
18500000,1750,Sector 19 Dwarka,4,1,0,0,1,1,0,0,0,1,1,0,0,1,1,1,10571.42857142857,0.07142857142857142,0.002285714285714286
13799999,1300,Sector 11 Dwarka,3,1,0,0,1,1,0,0,0,0,1,0,0,1,1,0,10615.383846153845,0.0,0.002307692307692308
10800000,1200,Sector 12 Dwarka,2,1,1,1,1,0,1,1,1,1,1,0,0,1,1,3,9000.0,0.21428571428571427,0.0016666666666666668
12800000,1750,Other,3,1,0,0,1,1,0,0,0,0,1,0,0,1,1,2,7314.285714285715,0.14285714285714285,0.0017142857142857142
3600000,675,Uttam Nagar,2,1,0,0,1,0,0,0,0,0,0,0,0,0,0,0,5333.333333333333,0.0,0.002962962962962963
4700000,810,Uttam Nagar,3,1,0,0,1,0,0,0,0,0,0,0,0,0,1,0,5802.469135802469,0.0,0.003703703703703704
4650000,810,Uttam Nagar,3,1,0,0,1,0,0,0,0,0,0,0,0,0,1,0,5740.740740740741,0.0,0.003703703703703704
4200000,785,Other,3,1,0,0,1,0,0,0,0,0,1,0,0,0,1,0,5350.3184713375795,0.0,0.003821656050955414
4700000,810,Uttam Nagar,3,1,0,0,1,0,0,0,0,0,0,0,0,0,1,0,5802.469135802469,0.0,0.003703703703703704
3200000,750,Uttam Nagar,2,0,0,0,1,0,0,0,1,0,1,1,0,0,1,0,4266.666666666667,0.0,0.0026666666666666666
2600000,500,Uttam Nagar,2,1,0,0,1,0,0,0,0,0,0,0,0,0,0,0,5200.0,0.0,0.004
2700000,550,Other,2,1,0,0,1,0,0,0,0,0,0,0,0,0,0,0,4909.090909090909,0.0,0.0036363636363636364
3300000,540,Uttam Nagar,2,1,0,0,0,0,0,0,0,0,0,0,0,0,0,0,6111.111111111111,0.0,0.003703703703703704
5000000,1000,Uttam Nagar,3,0,0,0,0,0,0,0,1,0,0,0,0,0,0,0,5000.0,0.0,0.003
4100000,800,Uttam Nagar,3,0,0,0,0,0,0,0,1,0,0,0,0,0,0,0,5125.0,0.0,0.00375
2550000,600,Uttam Nagar,2,0,0,0,0,0,0,0,1,0,0,0,0,0,0,0,4250.0,0.0,0.0033333333333333335
2200000,550,Uttam Nagar,2,0,0,0,0,0,0,0,1,0,0,0,0,0,0,0,4000.0,0.0,0.0036363636363636364
10500000,1100,Sector 10 Dwarka,2,1,0,0,1,0,0,0,1,1,1,0,0,1,1,1,9545.454545454546,0.07142857142857142,0.0018181818181818182
5350000,900,Other,3,1,0,0,1,0,0,0,0,0,0,0,0,0,1,0,5944.444444444444,0.0,0.0033333333333333335
2800000,540,Other,2,1,0,0,0,0,0,0,0,0,0,0,0,0,1,1,5185.185185185185,0.07142857142857142,0.003703703703703704
4500000,810,Other,3,1,0,0,0,0,0,0,0,0,0,0,0,0,1,1,5555.555555555556,0.07142857142857142,0.003703703703703704
5600000,900,Other,3,1,0,0,0,0,0,0,0,0,0,0,0,0,1,0,6222.222222222223,0.0,0.0033333333333333335
5400000,900,Other,3,1,0,0,0,0,0,0,0,0,0,0,0,0,1,0,6000.0,0.0,0.0033333333333333335
5700000,950,Other,3,1,0,0,0,0,0,0,0,0,0,0,0,0,1,0,6000.0,0.0,0.003157894736842105
3600000,675,Other,2,1,0,0,0,0,0,0,0,0,0,0,0,0,1,0,5333.333333333333,0.0,0.002962962962962963
3800000,550,Other,2,1,0,0,0,0,0,0,0,0,0,0,0,0,1,0,6909.090909090909,0.0,0.0036363636363636364
5600000,900,Other,3,1,0,0,0,0,0,0,0,0,0,0,0,0,1,0,6222.222222222223,0.0,0.0033333333333333335
5400000,900,Other,3,1,0,0,0,0,0,0,0,0,0,0,0,0,1,0,6000.0,0.0,0.0033333333333333335
6000000,1000,Other,3,1,0,0,0,0,0,0,0,0,0,0,0,0,1,0,6000.0,0.0,0.003
6000000,990,Other,3,1,0,0,0,0,0,0,0,0,0,0,0,0,1,0,6060.606060606061,0.0,0.0030303030303030303
6000000,990,Other,3,1,0,0,0,0,0,0,0,0,0,0,0,0,1,0,6060.606060606061,0.0,0.0030303030303030303
16500000,2302,Other,3,1,1,0,1,1,1,1,1,1,0,1,0,1,1,8,7167.680278019114,0.5714285714285714,0.0013032145960034753
12000000,1638,Other,2,1,1,0,1,1,1,1,1,1,0,1,0,1,1,8,7326.007326007326,0.5714285714285714,0.001221001221001221
10000000,1245,Other,2,0,1,0,1,1,1,1,1,1,0,1,0,1,1,8,8032.128514056225,0.5714285714285714,0.001606425702811245
10000000,1245,Other,2,1,1,0,1,1,1,1,1,1,1,0,0,1,1,8,8032.128514056225,0.5714285714285714,0.001606425702811245
17500000,2302,Other,4,1,1,0,1,1,1,1,1,1,1,0,0,1,1,8,7602.085143353605,0.5714285714285714,0.0017376194613379669
18000000,2302,Other,4,1,1,0,1,1,1,1,1,1,1,0,0,1,1,8,7819.287576020852,0.5714285714285714,0.0017376194613379669
2450000,585,Other,2,1,0,0,0,0,0,0,0,0,0,0,0,0,0,1,4188.034188034188,0.07142857142857142,0.003418803418803419
3800000,820,Other,3,1,0,0,0,0,0,0,0,0,0,0,0,0,0,1,4634.1463414634145,0.07142857142857142,0.003658536585365854
2500000,585,Other,2,1,0,0,0,0,0,0,0,0,0,0,0,0,0,1,4273.504273504273,0.07142857142857142,0.003418803418803419
2300000,540,Other,2,1,0,0,0,0,0,0,0,0,0,0,0,0,0,1,4259.259259259259,0.07142857142857142,0.003703703703703704
2400000,585,Other,2,1,0,0,0,0,0,0,0,0,0,0,0,0,0,1,4102.5641025641025,0.07142857142857142,0.003418803418803419
2400000,500,Other,2,1,0,0,0,0,0,0,0,0,0,0,0,0,0,1,4800.0,0.07142857142857142,0.004
2400000,600,Other,2,1,0,0,0,0,0,0,0,0,0,0,0,0,0,1,4000.0,0.07142857142857142,0.0033333333333333335
2400000,500,Other,2,1,0,0,0,0,0,0,0,0,0,0,0,0,0,1,4800.0,0.07142857142857142,0.004
2500000,500,Other,2,1,0,0,0,0,0,0,0,0,0,0,0,0,0,1,5000.0,0.07142857142857142,0.004
2300000,540,Other,2,1,0,0,0,0,0,0,0,0,0,0,0,0,0,1,4259.259259259259,0.07142857142857142,0.003703703703703704
2400000,500,Other,2,1,0,0,0,0,0,0,0,0,0,0,0,0,0,1,4800.0,0.07142857142857142,0.004
5500000,900,Other,3,1,0,0,1,0,0,0,0,0,0,0,0,0,1,0,6111.111111111111,0.0,0.0033333333333333335
5500000,900,Other,3,1,0,0,1,0,0,0,0,0,0,0,0,0,1,0,6111.111111111111,0.0,0.0033333333333333335
5500000,900,Other,3,1,0,0,1,0,0,0,0,0,0,0,0,0,1,0,6111.111111111111,0.0,0.0033333333333333335
3800000,675,Uttam Nagar,3,1,0,0,0,0,0,0,0,0,0,0,0,0,1,0,5629.62962962963,0.0,0.0044444444444444444
29200000,2500,Sector 22 Dwarka,3,1,0,0,1,0,0,0,1,0,1,0,0,0,1,0,11680.0,0.0,0.0012
46500000,3200,Sector 11 Dwarka,3,1,0,0,1,0,0,0,1,0,1,0,0,1,1,0,14531.25,0.0,0.0009375
15500000,1600,Sector 10 Dwarka,3,1,0,0,1,0,1,0,1,0,1,0,0,1,1,3,9687.5,0.21428571428571427,0.001875
12000000,1500,Sector 12 Dwarka,3,1,0,0,0,0,0,0,0,0,1,0,0,0,0,0,8000.0,0.0,0.002
8500000,1350,Sector 19 Dwarka,2,1,1,0,1,0,0,1,1,1,1,0,0,1,0,4,6296.2962962962965,0.2857142857142857,0.0014814814814814814
8000000,1000,Other,2,1,0,0,0,0,0,0,0,0,1,0,0,0,0,0,8000.0,0.0,0.002
16500000,1600,Sector 10 Dwarka,3,1,0,0,1,0,1,0,1,0,1,0,0,1,1,3,10312.5,0.21428571428571427,0.001875
14000000,1600,Sector 10 Dwarka,3,1,0,0,1,0,0,0,1,0,1,0,0,0,1,0,8750.0,0.0,0.001875
11500000,1300,Sector 6 Dwarka,2,1,1,0,1,0,1,1,1,0,1,0,0,0,1,3,8846.153846153846,0.21428571428571427,0.0015384615384615385
15000000,850,Other,2,1,0,0,0,1,0,0,0,0,1,1,0,1,0,7,17647.058823529413,0.5,0.002352941176470588
9500000,1100,Other,2,1,0,0,0,1,0,0,1,1,1,0,0,1,0,1,8636.363636363636,0.07142857142857142,0.0018181818181818182
12000000,1500,Sector 4 Dwarka,3,1,0,0,1,0,0,0,1,0,1,0,0,0,1,0,8000.0,0.0,0.002
15500000,1550,Other,3,1,1,0,0,0,0,0,1,1,1,0,0,1,0,5,10000.0,0.35714285714285715,0.001935483870967742
13500000,1400,Other,4,0,0,0,0,0,0,0,0,1,0,0,0,0,1,0,9642.857142857143,0.0,0.002857142857142857
18000000,2250,Other,4,0,0,0,0,0,0,0,0,1,0,0,0,0,1,0,8000.0,0.0,0.0017777777777777779
4500000,700,Other,2,0,0,0,0,0,0,0,0,1,0,0,0,0,1,0,6428.571428571428,0.0,0.002857142857142857
6000000,800,Other,3,0,0,0,0,0,0,0,0,1,0,0,0,0,1,0,7500.0,0.0,0.00375
8500000,750,Vasant Kunj,1,1,0,0,0,0,0,0,0,0,1,0,0,1,1,0,11333.333333333334,0.0,0.0013333333333333333
4600000,850,Uttam Nagar,3,1,0,0,1,0,0,0,0,0,1,0,0,0,1,0,5411.764705882353,0.0,0.0035294117647058825
5600000,1000,Uttam Nagar,3,1,0,0,1,0,0,0,0,0,1,0,0,0,1,0,5600.0,0.0,0.003
16000000,1700,Sector 10 Dwarka,3,1,0,0,1,1,1,1,1,1,1,0,0,1,1,4,9411.764705882353,0.2857142857142857,0.0017647058823529412
14500000,1700,Sector 4 Dwarka,3,1,0,0,1,1,1,0,1,0,1,0,0,1,1,0,8529.411764705883,0.0,0.0017647058823529412
11500000,1000,Sector 6 Dwarka,2,1,0,0,1,0,1,1,1,1,1,0,0,1,1,9,11500.0,0.6428571428571429,0.002
28000000,2800,Sector 11 Dwarka,5,1,0,0,1,1,1,0,1,0,1,0,0,1,1,0,10000.0,0.0,0.0017857142857142857
13100000,1300,Sector 10 Dwarka,3,1,0,0,1,1,0,0,0,0,1,0,0,1,1,0,10076.923076923076,0.0,0.002307692307692308
11000000,1100,Sector 19 Dwarka,2,1,0,0,1,0,0,0,1,0,1,0,0,0,0,0,10000.0,0.0,0.0018181818181818182
12800000,1600,Other,3,1,0,0,1,0,0,0,1,0,1,0,0,0,0,0,8000.0,0.0,0.001875
21000000,1900,Sector 10 Dwarka,4,1,1,0,1,0,1,1,1,1,1,0,0,1,1,6,11052.631578947368,0.42857142857142855,0.002105263157894737
9500000,950,Other,3,1,0,0,0,0,0,0,0,0,0,0,0,0,0,1,10000.0,0.07142857142857142,0.003157894736842105
22500000,1450,Other,3,1,0,0,0,0,0,0,0,0,1,1,0,0,0,6,15517.241379310344,0.42857142857142855,0.0020689655172413794
21000000,2400,Sector 10 Dwarka,2,1,0,0,1,0,0,0,1,1,0,0,0,0,1,1,8750.0,0.07142857142857142,0.0008333333333333334
32500000,2400,Sector 11 Dwarka,4,1,0,0,0,0,0,0,0,0,0,0,0,0,0,0,13541.666666666666,0.0,0.0016666666666666668
9500000,900,Other,2,1,0,0,0,0,0,0,0,0,1,1,0,0,0,1,10555.555555555555,0.07142857142857142,0.0022222222222222222
10000000,800,Other,3,1,0,0,0,0,0,0,1,0,1,0,0,1,0,0,12500.0,0.0,0.00375
14500000,1125,Other,2,1,0,0,0,0,0,0,1,0,1,1,0,1,0,7,12888.888888888889,0.5,0.0017777777777777779
16500000,2400,Sector 11 Dwarka,4,1,0,0,0,0,0,0,0,0,0,0,0,0,0,0,6875.0,0.0,0.0016666666666666668
11100000,1215,Other,2,1,0,0,0,1,0,0,0,0,1,0,0,1,0,0,9135.802469135802,0.0,0.0016460905349794238
8000000,1050,Other,2,1,0,0,0,0,0,0,0,0,1,0,0,1,0,0,7619.047619047619,0.0,0.0019047619047619048
17000000,950,Other,2,1,0,0,0,0,0,0,0,0,0,0,0,0,0,0,17894.736842105263,0.0,0.002105263157894737
21000000,2400,Sector 10 Dwarka,2,1,0,0,1,0,0,0,1,1,0,0,0,0,1,1,8750.0,0.07142857142857142,0.0008333333333333334
20000000,1150,Vasant Kunj,2,1,0,0,0,0,0,0,0,0,1,1,0,0,0,7,17391.304347826088,0.5,0.0017391304347826088
18000000,1700,Sector 19 Dwarka,2,1,0,0,1,1,0,0,1,0,0,0,0,1,1,0,10588.235294117647,0.0,0.001176470588235294
25000000,1500,Vasant Kunj,3,1,1,0,0,1,0,0,0,1,1,0,0,1,1,1,16666.666666666668,0.07142857142857142,0.002
18800000,1700,Sector 4 Dwarka,2,1,0,0,1,1,0,0,1,0,0,0,0,1,1,0,11058.823529411764,0.0,0.001176470588235294
20000000,1800,Other,2,1,0,0,0,0,0,0,1,0,1,0,0,1,0,0,11111.111111111111,0.0,0.0011111111111111111
16000000,1450,Other,3,1,0,0,0,0,0,0,0,0,0,0,0,0,0,0,11034.48275862069,0.0,0.0020689655172413794
21900000,1500,Other,3,1,0,0,0,1,0,0,1,0,1,0,0,1,0,1,14600.0,0.07142857142857142,0.002
15000000,1900,Other,3,1,0,0,1,1,1,1,1,1,1,1,0,1,0,9,7894.736842105263,0.6428571428571429,0.0015789473684210526
17600000,2400,Sector 10 Dwarka,4,1,0,0,1,1,0,0,1,0,1,0,0,1,1,1,7333.333333333333,0.07142857142857142,0.0016666666666666668
19900000,2300,Sector 10 Dwarka,4,1,0,0,1,0,0,0,1,1,1,1,0,0,1,1,8652.173913043478,0.07142857142857142,0.0017391304347826088
15500000,1800,Sector 6 Dwarka,3,1,0,0,1,0,0,0,1,0,1,0,0,0,1,0,8611.111111111111,0.0,0.0016666666666666668
14500000,1125,Other,2,1,0,0,0,0,0,0,1,0,1,1,0,1,0,7,12888.888888888889,0.5,0.0017777777777777779
18800000,1700,Sector 4 Dwarka,2,1,0,0,1,1,0,0,1,0,0,0,0,1,1,0,11058.823529411764,0.0,0.001176470588235294
20000000,1800,Other,2,1,0,0,0,0,0,0,1,0,1,0,0,1,0,0,11111.111111111111,0.0,0.0011111111111111111
16000000,1450,Other,3,1,0,0,0,0,0,0,0,0,0,0,0,0,0,0,11034.48275862069,0.0,0.0020689655172413794
21900000,1500,Other,3,1,0,0,0,1,0,0,1,0,1,0,0,1,0,1,14600.0,0.07142857142857142,0.002
15000000,1900,Other,3,1,0,0,1,1,1,1,1,1,1,1,0,1,0,9,7894.736842105263,0.6428571428571429,0.0015789473684210526
16500000,1850,Other,4,1,0,0,1,0,0,0,1,0,1,0,0,1,1,0,8918.918918918918,0.0,0.002162162162162162
16000000,1600,Other,3,1,0,0,0,0,0,0,1,0,1,0,0,1,0,1,10000.0,0.07142857142857142,0.001875
15800000,1850,Sector 4 Dwarka,3,1,1,0,1,0,1,0,1,1,1,0,0,1,1,2,8540.54054054054,0.14285714285714285,0.0016216216216216215
28500000,1800,Other,2,1,0,0,0,1,0,0,1,0,1,1,0,1,0,7,15833.333333333334,0.5,0.0011111111111111111
20000000,1150,Vasant Kunj,2,1,0,0,1,1,0,0,1,0,1,1,0,1,0,7,17391.304347826088,0.5,0.0017391304347826088
18900000,1250,Other,3,1,0,0,1,1,0,0,0,0,1,0,0,1,0,1,15120.0,0.07142857142857142,0.0024
17000000,950,Other,2,1,0,0,0,0,0,0,0,0,0,0,0,0,0,0,17894.736842105263,0.0,0.002105263157894737
15500000,1800,Other,4,1,0,0,1,0,0,0,1,0,1,0,0,1,1,0,8611.111111111111,0.0,0.0022222222222222222
8000000,1050,Other,2,1,0,0,0,0,0,0,0,0,1,0,0,1,0,0,7619.047619047619,0.0,0.0019047619047619048
20500000,2500,Sector 6 Dwarka,4,1,0,0,1,0,0,0,1,0,1,0,0,0,1,0,8200.0,0.0,0.0016
20000000,1800,Other,2,1,0,0,1,0,0,0,0,0,1,1,0,1,1,7,11111.111111111111,0.5,0.0011111111111111111
16000000,1450,Other,3,1,0,0,0,0,0,0,0,0,1,0,0,0,0,5,11034.48275862069,0.35714285714285715,0.0020689655172413794
15100000,1700,Sector 10 Dwarka,2,1,1,0,1,1,0,1,1,1,0,0,0,1,1,3,8882.35294117647,0.21428571428571427,0.001176470588235294
19000000,1700,Sector 4 Dwarka,3,1,0,0,1,0,0,0,1,0,1,0,0,1,1,0,11176.470588235294,0.0,0.0017647058823529412
17000000,2300,Other,3,1,0,0,1,1,0,0,1,0,1,0,0,1,1,0,7391.304347826087,0.0,0.0013043478260869566
15500000,1750,Other,3,1,0,0,1,0,0,0,1,0,1,0,0,1,1,0,8857.142857142857,0.0,0.0017142857142857142
13500000,1250,Other,2,1,0,0,0,0,0,0,0,0,0,0,0,1,0,1,10800.0,0.07142857142857142,0.0016
2500000,550,Uttam Nagar,2,1,0,0,1,0,0,0,0,0,1,0,0,0,1,0,4545.454545454545,0.0,0.0036363636363636364
5200000,1000,Other,3,1,0,0,1,0,0,0,0,0,1,0,0,0,1,0,5200.0,0.0,0.003
4900000,1000,Uttam Nagar,3,0,0,0,0,0,0,0,0,1,0,0,0,0,0,0,4900.0,0.0,0.003
4000000,900,Uttam Nagar,3,0,0,0,0,0,0,0,0,1,0,0,0,0,0,0,4444.444444444444,0.0,0.0033333333333333335
2500000,500,Uttam Nagar,2,0,0,0,0,0,0,0,0,1,0,0,0,0,0,0,5000.0,0.0,0.004
5500000,1100,Uttam Nagar,3,0,0,0,0,0,0,0,0,1,0,0,0,0,0,0,5000.0,0.0,0.0027272727272727275
3700000,800,Uttam Nagar,3,0,0,0,0,0,0,0,0,1,0,0,0,0,0,0,4625.0,0.0,0.00375
3500000,750,Uttam Nagar,3,0,0,0,0,0,0,0,0,1,0,0,0,0,0,0,4666.666666666667,0.0,0.004
3000000,600,Uttam Nagar,2,0,0,0,0,0,0,0,0,1,0,0,0,0,0,0,5000.0,0.0,0.0033333333333333335
3400000,700,Uttam Nagar,3,0,0,0,0,0,0,0,0,1,0,0,0,0,0,0,4857.142857142857,0.0,0.004285714285714286
5600000,1000,Uttam Nagar,3,1,0,0,1,0,0,0,0,0,1,0,0,0,1,0,5600.0,0.0,0.003
5300000,1000,Other,3,1,0,0,1,0,0,0,0,0,1,0,0,0,1,0,5300.0,0.0,0.003
4500000,900,Uttam Nagar,3,1,0,0,0,0,0,0,0,0,1,0,0,0,1,0,5000.0,0.0,0.0033333333333333335
3800000,850,Other,3,1,0,0,1,0,0,0,0,0,1,0,0,0,1,0,4470.588235294118,0.0,0.0035294117647058825
4500000,850,Uttam Nagar,3,1,0,0,1,0,0,0,0,0,1,0,0,0,1,0,5294.117647058823,0.0,0.0035294117647058825
5300000,1000,Other,3,1,0,0,1,0,0,0,0,0,1,0,0,0,1,0,5300.0,0.0,0.003
3200000,540,Uttam Nagar,2,1,0,0,0,0,0,0,0,0,0,0,0,0,1,0,5925.925925925926,0.0,0.003703703703703704
3200000,540,Uttam Nagar,2,1,0,0,0,0,0,0,0,0,0,0,0,0,1,0,5925.925925925926,0.0,0.003703703703703704
13500000,1300,Other,3,1,0,0,1,0,0,0,0,0,1,0,0,1,1,0,10384.615384615385,0.0,0.002307692307692308
10500000,1000,Sector 4 Dwarka,2,1,0,0,1,1,1,0,1,0,1,0,0,1,1,0,10500.0,0.0,0.002
15800000,1600,Sector 11 Dwarka,3,1,0,0,1,1,1,0,1,0,1,0,0,1,1,0,9875.0,0.0,0.001875
15800000,1600,Sector 11 Dwarka,3,1,0,0,0,0,0,0,0,0,0,0,0,0,0,0,9875.0,0.0,0.001875
16500000,1700,Sector 22 Dwarka,3,1,0,0,1,1,1,0,1,0,1,0,0,1,1,0,9705.882352941177,0.0,0.0017647058823529412
16200000,1600,Sector 4 Dwarka,3,1,0,0,1,1,1,0,1,0,1,0,0,1,1,0,10125.0,0.0,0.001875
14800000,1700,Sector 4 Dwarka,3,1,0,0,1,1,1,0,1,0,1,0,0,1,1,0,8705.882352941177,0.0,0.0017647058823529412
18000000,2000,Sector 12 Dwarka,4,1,0,0,1,1,1,0,1,0,1,0,0,1,1,0,9000.0,0.0,0.002
22000000,2100,Other,4,1,0,0,1,1,1,0,1,0,1,0,0,1,1,0,10476.190476190477,0.0,0.0019047619047619048
19500000,1800,Sector 11 Dwarka,4,1,0,0,1,1,1,0,1,0,1,0,0,1,1,1,10833.333333333334,0.07142857142857142,0.0022222222222222222
14500000,1600,Sector 11 Dwarka,3,1,0,0,1,0,0,0,1,0,1,0,0,1,1,0,9062.5,0.0,0.001875
18500000,1900,Other,4,1,1,0,1,0,0,0,1,0,1,0,0,1,1,0,9736.842105263158,0.0,0.002105263157894737
18200000,1700,Sector 12 Dwarka,3,1,1,1,1,0,1,1,1,1,1,0,0,1,1,2,10705.882352941177,0.14285714285714285,0.0017647058823529412
13500000,1450,Sector 4 Dwarka,3,1,0,0,1,0,0,0,1,0,1,0,0,1,1,0,9310.344827586207,0.0,0.0020689655172413794
13100000,1530,Other,3,1,0,0,1,0,0,0,1,0,1,0,0,1,1,0,8562.091503267973,0.0,0.00196078431372549
21000000,2100,Sector 19 Dwarka,4,1,0,0,1,0,0,0,1,0,1,0,0,1,1,0,10000.0,0.0,0.0019047619047619048
28500000,3300,Sector 19 Dwarka,4,1,0,0,1,1,1,0,1,0,1,0,0,1,1,0,8636.363636363636,0.0,0.0012121212121212121
15500000,1600,Sector 10 Dwarka,3,1,0,0,1,1,1,0,1,0,1,0,0,1,1,0,9687.5,0.0,0.001875
15500000,1600,Sector 12 Dwarka,3,1,1,0,1,1,1,1,1,1,1,0,0,1,1,7,9687.5,0.5,0.001875
15200000,1400,Sector 10 Dwarka,3,1,0,0,1,0,0,0,1,0,1,0,0,0,0,1,10857.142857142857,0.07142857142857142,0.002142857142857143
25400000,2200,Sector 22 Dwarka,4,1,0,0,1,0,1,0,1,0,1,0,0,0,1,0,11545.454545454546,0.0,0.0018181818181818182
14500000,1600,Sector 6 Dwarka,3,1,0,0,1,0,0,0,1,0,1,0,0,1,1,0,9062.5,0.0,0.001875
17500000,1700,Sector 6 Dwarka,3,1,0,0,1,0,1,1,1,1,1,0,0,0,1,9,10294.117647058823,0.6428571428571429,0.0017647058823529412
14800000,1700,Other,3,1,0,0,1,0,0,0,1,0,1,0,0,0,1,0,8705.882352941177,0.0,0.0017647058823529412
12800000,1500,Sector 10 Dwarka,3,0,1,0,1,0,1,1,1,1,1,0,0,1,1,5,8533.333333333334,0.35714285714285715,0.002
24000000,2200,Other,3,1,0,0,1,0,1,0,1,0,1,0,0,0,1,0,10909.09090909091,0.0,0.0013636363636363637
11500000,1100,Sector 22 Dwarka,2,1,0,0,1,0,0,0,1,0,1,0,0,0,1,0,10454.545454545454,0.0,0.0018181818181818182
28500000,3300,Sector 19 Dwarka,4,1,0,0,1,1,1,0,1,0,1,0,0,1,1,0,8636.363636363636,0.0,0.0012121212121212121
15500000,1600,Sector 10 Dwarka,3,1,0,0,1,1,1,0,1,0,1,0,0,1,1,0,9687.5,0.0,0.001875
15500000,1600,Sector 12 Dwarka,3,1,1,0,1,1,1,1,1,1,1,0,0,1,1,7,9687.5,0.5,0.001875
13500000,1300,Other,3,1,0,0,1,0,0,0,0,0,1,0,0,1,1,0,10384.615384615385,0.0,0.002307692307692308
15500000,1500,Sector 6 Dwarka,3,1,0,0,1,1,1,0,1,0,1,0,0,1,1,0,10333.333333333334,0.0,0.002
16000000,1800,Sector 10 Dwarka,3,1,0,0,1,1,1,0,1,0,1,0,0,1,1,0,8888.888888888889,0.0,0.0016666666666666668
14100000,1600,Sector 19 Dwarka,3,1,0,0,1,1,1,0,1,0,1,0,0,1,1,0,8812.5,0.0,0.001875
15500000,1500,Sector 19 Dwarka,3,1,1,0,1,1,1,0,1,1,1,0,0,1,1,0,10333.333333333334,0.0,0.002
24500000,2150,Sector 10 Dwarka,4,1,0,0,1,1,1,0,1,0,1,0,0,1,1,0,11395.348837209302,0.0,0.0018604651162790699
19800000,2500,Sector 11 Dwarka,3,1,0,0,1,1,0,0,0,0,1,0,0,1,1,1,7920.0,0.07142857142857142,0.0012
18500000,2200,Other,4,1,0,0,1,0,0,0,1,1,1,0,0,0,1,0,8409.09090909091,0.0,0.0018181818181818182
19500000,2200,Sector 19 Dwarka,4,1,0,0,1,1,0,0,0,0,1,0,0,1,1,0,8863.636363636364,0.0,0.0018181818181818182
7000000,900,Other,2,1,0,0,0,0,0,0,0,0,1,0,0,1,0,0,7777.777777777777,0.0,0.0022222222222222222
19500000,2500,Other,4,1,0,0,0,0,0,0,0,0,1,0,0,1,1,0,7800.0,0.0,0.0016
14000000,1750,Other,3,1,0,0,0,0,0,0,1,0,1,0,0,1,1,0,8000.0,0.0,0.0017142857142857142
6500000,1000,Uttam Nagar,3,0,0,0,0,0,0,0,0,0,0,0,0,0,0,0,6500.0,0.0,0.003
5800000,900,Uttam Nagar,3,0,0,0,0,0,0,0,0,0,0,0,0,0,0,0,6444.444444444444,0.0,0.0033333333333333335
4700000,820,Uttam Nagar,3,0,0,0,0,0,0,0,0,0,0,0,0,0,0,0,5731.707317073171,0.0,0.003658536585365854
2700000,625,Uttam Nagar,2,0,0,0,0,0,0,0,0,0,0,0,0,0,0,0,4320.0,0.0,0.0032
2400000,525,Uttam Nagar,2,0,0,0,0,0,0,0,0,0,0,0,0,0,0,0,4571.428571428572,0.0,0.0038095238095238095
3500000,750,Uttam Nagar,2,0,0,0,0,0,0,0,0,0,0,0,0,0,0,0,4666.666666666667,0.0,0.0026666666666666666
4200000,850,Uttam Nagar,3,0,0,0,0,0,0,0,0,0,0,0,0,0,0,0,4941.176470588235,0.0,0.0035294117647058825
4600000,1200,Uttam Nagar,4,0,0,0,1,0,0,0,0,0,0,0,0,0,0,0,3833.3333333333335,0.0,0.0033333333333333335
2000000,500,Uttam Nagar,2,0,0,0,1,0,0,0,0,0,0,0,0,0,0,0,4000.0,0.0,0.004
2700000,560,Uttam Nagar,2,0,0,0,1,0,0,0,0,0,0,0,0,0,0,0,4821.428571428572,0.0,0.0035714285714285713
2800000,580,Uttam Nagar,2,0,0,0,1,0,0,0,0,0,0,0,0,0,0,0,4827.586206896552,0.0,0.0034482758620689655
3500000,950,Uttam Nagar,3,0,0,0,1,0,0,0,0,0,0,0,0,0,0,0,3684.2105263157896,0.0,0.003157894736842105
2900000,675,Uttam Nagar,3,0,0,0,1,0,0,0,0,0,0,0,0,0,0,0,4296.2962962962965,0.0,0.0044444444444444444
3300000,810,Uttam Nagar,3,0,0,0,1,0,0,0,0,0,0,0,0,0,0,0,4074.074074074074,0.0,0.003703703703703704
4200000,1100,Uttam Nagar,3,0,0,0,1,0,0,0,0,0,0,0,0,0,0,0,3818.181818181818,0.0,0.0027272727272727275
14000000,1600,Sector 4 Dwarka,3,1,1,0,1,0,1,0,1,1,1,0,0,1,1,2,8750.0,0.14285714285714285,0.001875
17000000,1800,Sector 10 Dwarka,3,1,0,0,0,0,0,0,0,0,0,0,0,0,0,0,9444.444444444445,0.0,0.0016666666666666668
17000000,1800,Sector 10 Dwarka,3,1,0,0,0,0,0,0,1,0,0,0,0,0,1,1,9444.444444444445,0.07142857142857142,0.0016666666666666668
2700000,630,Jamia Nagar,3,1,0,0,0,0,0,0,0,0,0,0,0,0,1,1,4285.714285714285,0.07142857142857142,0.004761904761904762
2600000,630,Jamia Nagar,3,1,0,0,0,0,0,0,0,0,0,0,0,0,1,1,4126.984126984127,0.07142857142857142,0.004761904761904762
2600000,630,Jamia Nagar,3,1,0,0,0,0,0,0,0,0,0,0,0,0,1,1,4126.984126984127,0.07142857142857142,0.004761904761904762
2500000,630,Jamia Nagar,3,1,0,0,0,0,0,0,0,0,0,0,0,0,0,1,3968.253968253968,0.07142857142857142,0.004761904761904762
26500000,2400,Sector 22 Dwarka,4,1,0,0,1,0,0,0,1,0,1,1,0,1,1,1,11041.666666666666,0.07142857142857142,0.0016666666666666668
22000000,2200,Sector 19 Dwarka,4,1,0,0,1,0,0,0,1,0,1,0,0,1,1,0,10000.0,0.0,0.0018181818181818182
22500000,2600,Sector 19 Dwarka,4,1,0,0,0,0,0,0,0,0,0,0,0,0,0,0,8653.846153846154,0.0,0.0015384615384615385
21000000,2400,Sector 11 Dwarka,3,1,0,0,1,1,0,0,1,0,1,0,0,1,1,0,8750.0,0.0,0.00125
18000000,2000,Other,3,1,0,0,1,0,0,0,1,0,1,0,0,0,1,0,9000.0,0.0,0.0015
17000000,2100,Sector 12 Dwarka,3,1,0,0,0,0,0,0,1,0,1,0,0,0,1,0,8095.238095238095,0.0,0.0014285714285714286
7000000,1200,Other,3,1,0,0,0,0,0,0,0,0,1,0,0,0,1,0,5833.333333333333,0.0,0.0025
9500000,1125,Other,3,1,0,0,0,0,0,0,0,0,1,0,0,0,1,0,8444.444444444445,0.0,0.0026666666666666666
5500000,800,Other,3,1,0,0,0,0,0,0,0,0,1,0,0,0,1,0,6875.0,0.0,0.00375
8000000,1125,Other,3,1,0,0,0,0,0,0,0,0,1,0,0,0,1,0,7111.111111111111,0.0,0.0026666666666666666
8500000,1125,Other,3,1,0,0,0,0,0,0,0,0,1,0,0,0,1,0,7555.555555555556,0.0,0.0026666666666666666
8500000,1200,Other,3,1,0,0,0,0,0,0,0,0,1,0,0,0,1,0,7083.333333333333,0.0,0.0025
7500000,1200,Other,3,1,0,0,0,0,0,0,0,0,1,0,0,0,1,0,6250.0,0.0,0.0025
8000000,1200,Other,3,1,0,0,0,0,0,0,0,0,1,0,0,0,1,0,6666.666666666667,0.0,0.0025
24000000,1450,Vasant Kunj,3,1,0,0,0,0,0,0,0,0,1,0,0,1,1,0,16551.724137931036,0.0,0.0020689655172413794
5000000,920,Uttam Nagar,3,0,0,0,0,0,0,0,0,0,0,0,0,0,0,0,5434.782608695652,0.0,0.003260869565217391
2100000,500,Uttam Nagar,2,0,0,0,1,0,0,0,0,0,1,1,0,0,0,0,4200.0,0.0,0.004
7500000,800,Other,3,1,0,0,0,0,0,0,0,0,0,0,0,1,1,0,9375.0,0.0,0.00375
15000000,1600,Other,4,0,0,0,0,0,0,0,0,0,0,0,0,0,1,0,9375.0,0.0,0.0025
8000000,1450,Other,3,0,0,0,0,0,0,0,0,0,0,0,0,0,1,0,5517.241379310345,0.0,0.0020689655172413794
12000000,1150,Other,4,0,0,0,0,0,0,0,0,0,0,0,0,0,1,0,10434.782608695652,0.0,0.0034782608695652175
5000000,750,Other,3,0,0,0,0,0,0,0,0,0,0,0,0,0,1,0,6666.666666666667,0.0,0.004
4000000,600,Other,2,0,0,0,0,0,0,0,0,0,0,0,0,0,1,0,6666.666666666667,0.0,0.0033333333333333335
7900000,1125,Other,3,1,0,0,0,0,0,0,0,0,1,0,0,0,1,1,7022.222222222223,0.07142857142857142,0.0026666666666666666
16500000,1700,Other,3,1,0,0,1,0,0,0,0,0,1,0,0,1,1,0,9705.882352941177,0.0,0.0017647058823529412
2750000,650,Uttam Nagar,2,0,0,0,1,0,0,0,0,0,0,0,0,0,1,0,4230.7692307692305,0.0,0.003076923076923077
2500000,540,Uttam Nagar,2,0,0,0,1,0,0,0,0,0,0,0,0,0,1,0,4629.62962962963,0.0,0.003703703703703704
2850000,650,Uttam Nagar,2,0,0,0,1,0,0,0,0,0,0,0,0,0,1,0,4384.615384615385,0.0,0.003076923076923077
3811000,800,Uttam Nagar,3,0,0,0,1,0,0,0,0,0,0,0,0,0,1,0,4763.75,0.0,0.00375
2150000,525,Uttam Nagar,2,0,0,0,1,0,0,0,0,0,0,0,0,0,1,0,4095.2380952380954,0.0,0.0038095238095238095
3651000,750,Uttam Nagar,3,0,0,0,1,0,0,0,0,0,0,0,0,0,1,0,4868.0,0.0,0.004
3651000,750,Uttam Nagar,3,0,0,0,1,0,0,0,0,0,0,0,0,0,1,0,4868.0,0.0,0.004
3000000,600,Uttam Nagar,2,1,0,0,0,0,0,0,0,0,0,0,0,0,1,1,5000.0,0.07142857142857142,0.0033333333333333335
2030000,560,Uttam Nagar,2,1,0,0,0,0,0,0,0,0,0,0,0,0,0,0,3625.0,0.0,0.0035714285714285713
14800000,1800,Sector 10 Dwarka,3,1,0,0,1,0,0,0,0,0,1,0,0,0,1,0,8222.222222222223,0.0,0.0016666666666666668
4500000,900,Uttam Nagar,3,0,0,0,1,0,0,0,0,0,0,0,0,0,1,0,5000.0,0.0,0.0033333333333333335
2611000,600,Uttam Nagar,2,0,0,0,1,0,0,0,0,0,0,0,0,0,1,0,4351.666666666667,0.0,0.0033333333333333335
2100000,500,Other,2,0,0,0,1,0,0,0,0,0,0,0,0,0,0,0,4200.0,0.0,0.004
3200000,750,Uttam Nagar,3,0,0,0,1,0,0,0,0,0,0,0,0,0,1,0,4266.666666666667,0.0,0.004
2751000,650,Uttam Nagar,2,0,0,0,1,0,0,0,0,0,0,0,0,0,1,0,4232.307692307692,0.0,0.003076923076923077
3600000,750,Uttam Nagar,3,0,0,0,0,0,0,0,0,0,0,0,0,0,0,0,4800.0,0.0,0.004
4000000,850,Uttam Nagar,3,0,0,0,1,0,0,0,0,0,0,0,0,0,1,0,4705.882352941177,0.0,0.0035294117647058825
3211000,750,Uttam Nagar,3,0,0,0,1,0,0,0,0,0,0,0,0,0,1,0,4281.333333333333,0.0,0.004
2351000,500,Uttam Nagar,2,0,0,0,1,0,0,0,0,0,0,0,0,0,1,0,4702.0,0.0,0.004
3700000,750,Uttam Nagar,3,0,0,0,1,0,0,0,0,0,0,0,0,0,1,0,4933.333333333333,0.0,0.004
3200000,750,Uttam Nagar,3,0,0,0,1,0,0,0,0,0,0,0,0,0,1,0,4266.666666666667,0.0,0.004
3511000,750,Uttam Nagar,3,0,0,0,1,0,0,0,0,0,0,0,0,0,1,0,4681.333333333333,0.0,0.004
2351000,525,Uttam Nagar,2,0,0,0,0,0,0,0,0,0,0,0,0,0,0,0,4478.0952380952385,0.0,0.0038095238095238095
3751000,800,Uttam Nagar,3,0,0,0,1,0,0,0,0,0,0,0,0,0,1,0,4688.75,0.0,0.00375
3851000,810,Uttam Nagar,3,0,0,0,1,0,0,0,0,0,0,0,0,0,1,0,4754.320987654321,0.0,0.003703703703703704
2351000,540,Uttam Nagar,2,0,0,0,1,0,0,0,0,0,0,0,0,0,1,0,4353.7037037037035,0.0,0.003703703703703704
3911000,800,Uttam Nagar,3,0,0,0,1,0,0,0,0,0,0,0,0,0,1,0,4888.75,0.0,0.00375
2150000,525,Uttam Nagar,2,0,0,0,1,0,0,0,0,0,0,0,0,0,1,0,4095.2380952380954,0.0,0.0038095238095238095
3520000,750,Uttam Nagar,3,0,0,0,0,0,0,0,0,0,0,0,0,0,0,0,4693.333333333333,0.0,0.004
2899000,540,Uttam Nagar,2,1,0,0,0,0,0,0,0,0,0,0,0,0,1,1,5368.518518518518,0.07142857142857142,0.003703703703703704
2550000,540,Uttam Nagar,2,0,0,0,1,0,0,0,0,0,0,0,0,0,1,0,4722.222222222223,0.0,0.003703703703703704
2851000,600,Uttam Nagar,2,0,0,0,1,0,0,0,0,0,0,0,0,0,1,0,4751.666666666667,0.0,0.0033333333333333335
3521000,800,Uttam Nagar,3,0,0,0,1,0,0,0,0,0,0,0,0,0,1,0,4401.25,0.0,0.00375
3411000,750,Other,3,0,0,0,1,0,0,0,0,0,0,0,0,0,1,0,4548.0,0.0,0.004
3900000,720,Uttam Nagar,3,1,0,0,0,0,0,0,0,0,0,0,0,0,1,1,5416.666666666667,0.07142857142857142,0.004166666666666667
4010000,900,Uttam Nagar,3,0,0,0,1,0,0,0,0,0,0,0,0,0,1,0,4455.555555555556,0.0,0.0033333333333333335
2499000,540,Uttam Nagar,2,0,0,0,1,0,0,0,0,0,0,0,0,0,1,0,4627.777777777777,0.0,0.003703703703703704
2710000,600,Uttam Nagar,2,0,0,0,1,0,0,0,0,0,0,0,0,0,1,0,4516.666666666667,0.0,0.0033333333333333335
2511000,600,Uttam Nagar,2,0,0,0,1,0,0,0,0,0,0,0,0,0,1,0,4185.0,0.0,0.0033333333333333335
2511000,500,Uttam Nagar,2,0,0,0,1,0,0,0,0,0,0,0,0,0,1,0,5022.0,0.0,0.004
3621000,800,Uttam Nagar,3,0,0,0,1,0,0,0,0,0,0,0,0,0,1,0,4526.25,0.0,0.00375
2211000,500,Uttam Nagar,2,0,0,0,0,0,0,0,0,0,0,0,0,0,0,0,4422.0,0.0,0.004
4000000,720,Other,3,1,0,0,1,0,0,0,0,0,0,0,0,0,1,0,5555.555555555556,0.0,0.004166666666666667
4700000,810,Other,3,1,0,0,1,0,0,0,0,0,0,0,0,0,1,0,5802.469135802469,0.0,0.003703703703703704
4700000,855,Other,3,1,0,0,1,0,0,0,0,0,0,0,0,0,1,0,5497.076023391813,0.0,0.0035087719298245615
4000000,830,Dwarka Mor,3,0,0,0,1,0,0,0,1,0,0,0,0,0,1,0,4819.277108433735,0.0,0.0036144578313253013
15000000,1800,Sector 6 Dwarka,3,1,1,0,1,0,0,0,1,1,0,0,0,1,1,1,8333.333333333334,0.07142857142857142,0.0016666666666666668
2651000,600,Uttam Nagar,2,0,0,0,1,0,0,0,0,0,0,0,0,0,1,0,4418.333333333333,0.0,0.0033333333333333335
2351000,525,Uttam Nagar,2,0,0,0,1,0,0,0,0,0,0,0,0,0,1,0,4478.0952380952385,0.0,0.0038095238095238095
3521000,750,Uttam Nagar,3,0,0,0,1,0,0,0,0,0,0,0,0,0,1,0,4694.666666666667,0.0,0.004
2311000,500,Uttam Nagar,2,0,0,0,0,0,0,0,0,0,0,0,0,0,0,0,4622.0,0.0,0.004
4211000,900,Uttam Nagar,3,0,0,0,1,0,0,0,0,0,0,0,0,0,1,0,4678.888888888889,0.0,0.0033333333333333335
4151000,900,Other,3,0,0,0,1,0,0,0,0,0,0,0,0,0,1,0,4612.222222222223,0.0,0.0033333333333333335
2350000,540,Other,2,0,0,0,1,0,0,0,0,0,0,0,0,0,1,0,4351.851851851852,0.0,0.003703703703703704
2851000,600,Uttam Nagar,2,0,0,0,1,0,0,0,0,0,0,0,0,0,1,0,4751.666666666667,0.0,0.0033333333333333335
4100000,900,Dwarka Mor,3,0,0,0,1,0,0,0,0,0,0,0,0,0,1,0,4555.555555555556,0.0,0.0033333333333333335
3611000,800,Uttam Nagar,3,0,0,0,1,0,0,0,0,0,0,0,0,0,1,0,4513.75,0.0,0.00375
2000000,500,Uttam Nagar,1,0,0,0,1,0,0,0,0,0,0,0,0,0,0,0,4000.0,0.0,0.002
2100000,500,Uttam Nagar,2,0,0,0,1,0,0,0,0,0,0,0,0,0,1,0,4200.0,0.0,0.004
3621000,750,Uttam Nagar,3,0,0,0,1,0,0,0,0,0,0,0,0,0,1,0,4828.0,0.0,0.004
2200000,525,Uttam Nagar,2,0,0,0,1,0,0,0,0,0,0,0,0,0,1,0,4190.476190476191,0.0,0.0038095238095238095
3850000,800,Uttam Nagar,3,0,0,0,1,0,0,0,0,0,0,0,0,0,1,0,4812.5,0.0,0.00375
3611000,750,Uttam Nagar,3,0,0,0,1,0,0,0,0,0,0,0,0,0,1,0,4814.666666666667,0.0,0.004
2311000,540,Uttam Nagar,2,0,0,0,0,0,0,0,0,0,0,0,0,0,0,0,4279.62962962963,0.0,0.003703703703703704
3500000,675,Other,3,1,0,0,1,0,0,0,0,0,0,0,0,0,1,0,5185.185185185185,0.0,0.0044444444444444444
3750000,800,Uttam Nagar,3,0,0,0,1,0,0,0,0,0,0,0,0,0,1,0,4687.5,0.0,0.00375
16399999,1650,Alaknanda,4,1,0,0,0,1,0,0,0,0,1,1,0,1,0,0,9939.393333333333,0.0,0.0024242424242424242
15600000,1300,Alaknanda,2,1,0,0,0,1,0,0,0,0,1,1,0,1,0,0,12000.0,0.0,0.0015384615384615385
25000000,1650,Other,3,1,0,0,0,1,0,0,0,0,1,1,0,1,0,0,15151.515151515152,0.0,0.0018181818181818182
19000000,1650,Other,3,1,0,0,0,1,0,0,0,0,1,0,0,1,0,0,11515.151515151516,0.0,0.0018181818181818182
15100000,1350,Other,2,1,0,0,0,1,0,0,0,0,1,0,0,1,0,0,11185.185185185184,0.0,0.0014814814814814814
16700000,1350,Other,3,1,1,0,0,1,0,1,1,1,1,1,0,1,0,2,12370.37037037037,0.14285714285714285,0.0022222222222222222
19000000,1450,Alaknanda,3,1,0,0,0,1,0,0,0,0,1,1,0,1,0,0,13103.448275862069,0.0,0.0020689655172413794
19000000,1450,Alaknanda,3,1,0,0,0,1,0,0,0,0,1,0,0,1,0,0,13103.448275862069,0.0,0.0020689655172413794
15000000,1200,Alaknanda,2,1,0,0,0,1,0,0,0,0,1,1,0,1,0,0,12500.0,0.0,0.0016666666666666668
15500000,1250,Alaknanda,2,1,0,0,0,1,0,0,0,0,1,0,0,1,0,0,12400.0,0.0,0.0016
18700000,1450,Alaknanda,3,1,0,0,0,1,0,0,0,0,1,1,0,1,0,0,12896.551724137931,0.0,0.0020689655172413794
18300000,1400,Alaknanda,3,1,0,0,0,1,0,0,0,0,1,0,0,1,0,0,13071.42857142857,0.0,0.002142857142857143
13500000,1400,Other,4,0,0,0,0,0,0,0,0,1,0,0,0,0,1,0,9642.857142857143,0.0,0.002857142857142857
27500000,2250,Other,4,0,0,0,0,0,0,0,0,1,0,0,0,0,1,0,12222.222222222223,0.0,0.0017777777777777779
2200000,300,Other,1,0,0,0,0,0,0,0,0,1,0,0,0,0,1,0,7333.333333333333,0.0,0.0033333333333333335
2600000,400,Other,1,0,0,0,0,0,0,0,0,1,0,0,0,0,1,0,6500.0,0.0,0.0025
6000000,700,Other,2,0,0,0,0,0,0,0,0,1,0,0,0,0,1,0,8571.42857142857,0.0,0.002857142857142857
7000000,800,Other,3,0,0,0,0,0,0,0,0,1,0,0,0,0,1,0,8750.0,0.0,0.00375
5500000,600,Other,2,0,0,0,0,0,0,0,0,1,0,0,0,0,1,0,9166.666666666666,0.0,0.0033333333333333335
16500000,1350,Other,2,1,0,0,0,0,0,0,0,0,1,0,0,1,1,0,12222.222222222223,0.0,0.0014814814814814814
15700000,1650,Alaknanda,3,1,0,0,0,1,0,0,0,0,1,0,0,1,0,0,9515.151515151516,0.0,0.0018181818181818182
16500000,1350,Alaknanda,3,1,0,0,0,1,0,0,0,0,1,0,0,1,0,0,12222.222222222223,0.0,0.0022222222222222222
15000000,1350,Alaknanda,2,1,0,0,0,0,0,0,0,0,1,0,0,1,0,0,11111.111111111111,0.0,0.0014814814814814814
18500000,1450,Alaknanda,3,1,0,0,0,0,0,0,0,0,1,0,0,1,0,0,12758.620689655172,0.0,0.0020689655172413794
18900000,1450,Alaknanda,3,1,0,0,0,0,0,0,0,0,1,1,0,1,0,0,13034.48275862069,0.0,0.0020689655172413794
19600000,1450,Alaknanda,3,1,0,0,0,0,0,0,0,0,1,0,0,1,0,0,13517.241379310344,0.0,0.0020689655172413794
16500000,1350,Alaknanda,2,1,0,0,0,0,0,0,0,0,1,1,0,1,0,0,12222.222222222223,0.0,0.0014814814814814814
21500000,1650,Alaknanda,3,1,0,0,0,0,0,0,0,0,1,1,0,0,0,0,13030.30303030303,0.0,0.0018181818181818182
24500000,1550,Other,3,1,0,0,1,0,0,0,0,0,1,1,0,1,1,0,15806.451612903225,0.0,0.001935483870967742
19000000,1550,Alaknanda,3,1,0,0,0,1,0,0,0,0,1,1,0,1,0,0,12258.064516129032,0.0,0.001935483870967742
14100000,1250,Alaknanda,2,1,0,0,0,0,0,0,0,0,1,0,0,1,0,0,11280.0,0.0,0.0016
22900000,1650,Alaknanda,3,1,0,0,0,0,0,0,0,0,1,0,0,1,0,0,13878.787878787878,0.0,0.0018181818181818182
15500000,1250,Other,2,1,0,0,1,1,0,0,0,0,1,1,0,1,0,0,12400.0,0.0,0.0016
20500000,1450,Alaknanda,3,1,0,0,0,0,0,0,0,0,1,0,0,1,0,0,14137.931034482759,0.0,0.0020689655172413794
15700000,1550,Alaknanda,3,1,0,0,0,1,0,0,0,0,1,0,0,1,0,0,10129.032258064517,0.0,0.001935483870967742
22500000,1650,Other,3,1,0,0,0,0,0,0,0,0,1,1,0,1,0,0,13636.363636363636,0.0,0.0018181818181818182
19000000,1450,Alaknanda,3,1,0,0,0,1,0,0,0,0,1,0,0,1,0,0,13103.448275862069,0.0,0.0020689655172413794
16700000,1700,Other,3,1,0,0,0,1,0,0,0,0,1,0,0,1,0,0,9823.529411764706,0.0,0.0017647058823529412
15500000,1250,Alaknanda,2,1,0,0,0,1,0,0,0,0,1,1,0,1,0,0,12400.0,0.0,0.0016
17000000,1300,Alaknanda,2,1,0,0,1,0,0,0,0,0,1,0,0,1,1,0,13076.923076923076,0.0,0.0015384615384615385
16000000,1350,Other,2,1,0,0,0,0,0,0,0,0,1,0,0,1,0,0,11851.851851851852,0.0,0.0014814814814814814
15500000,1250,Other,2,1,0,0,0,1,0,0,0,0,1,1,0,1,0,0,12400.0,0.0,0.0016
19000000,1400,Alaknanda,3,1,0,0,0,0,0,0,0,0,1,0,0,1,0,0,13571.42857142857,0.0,0.002142857142857143
14500000,1200,Other,2,1,0,0,0,0,0,0,0,0,1,0,0,1,0,0,12083.333333333334,0.0,0.0016666666666666668
13799999,1250,Alaknanda,2,1,0,0,1,0,0,0,0,0,1,0,0,1,0,0,11039.9992,0.0,0.0016
19500000,1450,Alaknanda,3,1,0,0,0,0,0,0,0,0,1,1,0,1,0,0,13448.275862068966,0.0,0.0020689655172413794
19500000,1650,Alaknanda,3,1,0,0,0,0,0,0,0,0,1,1,0,1,0,0,11818.181818181818,0.0,0.0018181818181818182
9000000,2200,Other,4,1,0,0,0,0,0,0,0,0,1,0,0,0,1,1,4090.909090909091,0.07142857142857142,0.0018181818181818182
4299000,750,Dwarka Mor,3,0,0,0,0,0,0,0,0,0,0,0,0,0,0,0,5732.0,0.0,0.004
3200000,800,Dwarka Mor,2,0,0,0,0,0,0,0,0,0,0,0,0,0,0,0,4000.0,0.0,0.0025
2499000,700,Dwarka Mor,2,0,0,0,0,0,0,0,0,0,0,0,0,0,0,0,3570.0,0.0,0.002857142857142857
7000000,1170,Other,3,0,0,0,0,0,0,0,0,0,0,0,0,0,0,0,5982.9059829059825,0.0,0.002564102564102564
15500000,1850,Other,3,1,1,0,1,1,1,1,1,1,1,0,0,1,1,4,8378.378378378378,0.2857142857142857,0.0016216216216216215
13799999,1800,Other,3,1,1,1,1,1,1,1,1,1,1,0,0,1,1,7,7666.666111111111,0.5,0.0016666666666666668
13200000,1750,Other,3,1,0,0,1,1,0,0,1,0,1,0,0,1,1,0,7542.857142857143,0.0,0.0017142857142857142
13000000,1800,Sector 22 Dwarka,3,1,1,0,1,1,1,1,1,1,1,0,0,1,1,7,7222.222222222223,0.5,0.0016666666666666668
13000000,1750,Other,3,1,0,0,1,1,0,0,1,0,1,0,0,1,1,0,7428.571428571428,0.0,0.0017142857142857142
25000000,1650,Vasant Kunj,3,1,0,0,0,0,0,0,0,0,1,0,0,0,0,0,15151.515151515152,0.0,0.0018181818181818182
4499000,850,Uttam Nagar,3,0,0,0,1,0,0,0,0,1,0,0,0,0,0,0,5292.941176470588,0.0,0.0035294117647058825
2799000,600,Uttam Nagar,2,0,0,0,1,0,0,0,0,1,0,0,0,0,0,0,4665.0,0.0,0.0033333333333333335
3799000,750,Uttam Nagar,2,0,0,0,1,0,0,0,0,1,0,0,0,0,0,0,5065.333333333333,0.0,0.0026666666666666666
3500000,700,Uttam Nagar,2,0,0,0,1,0,0,0,0,1,0,0,0,0,0,0,5000.0,0.0,0.002857142857142857
3900000,750,Uttam Nagar,3,0,0,0,1,0,0,0,0,1,0,0,0,0,0,0,5200.0,0.0,0.004
7000000,600,Vasant Kunj,1,1,1,0,0,1,0,0,1,1,1,1,0,1,1,8,11666.666666666666,0.5714285714285714,0.0016666666666666668
9000000,650,Vasant Kunj,1,1,1,0,0,1,0,0,1,1,1,0,0,1,1,2,13846.153846153846,0.14285714285714285,0.0015384615384615385
7500000,600,Vasant Kunj,1,1,1,0,0,1,0,0,1,1,1,1,0,1,1,7,12500.0,0.5,0.0016666666666666668
13000000,1100,Vasant Kunj,2,1,1,0,0,1,0,0,1,1,1,0,0,1,1,2,11818.181818181818,0.14285714285714285,0.0018181818181818182
11000000,800,Vasant Kunj,2,1,1,0,0,1,0,0,1,1,1,0,0,1,1,2,13750.0,0.14285714285714285,0.0025
19000000,1700,Vasant Kunj,3,1,1,0,0,1,0,0,1,1,1,0,0,1,1,2,11176.470588235294,0.14285714285714285,0.0017647058823529412
7200000,581,Other,1,1,0,0,0,0,0,0,0,0,1,0,0,0,0,0,12392.426850258176,0.0,0.0017211703958691911
7500000,581,Vasant Kunj,1,1,1,0,0,0,0,0,0,1,1,0,0,1,1,1,12908.777969018933,0.07142857142857142,0.0017211703958691911
2100000,500,Uttam Nagar,2,0,0,0,1,0,0,0,1,1,0,0,0,0,0,0,4200.0,0.0,0.004
7000000,1150,Uttam Nagar,4,0,0,0,1,0,0,0,1,1,0,0,0,0,0,0,6086.95652173913,0.0,0.0034782608695652175
3699000,750,Uttam Nagar,2,0,0,0,1,0,0,0,1,1,0,0,0,0,0,0,4932.0,0.0,0.0026666666666666666
3099000,650,Uttam Nagar,2,0,0,0,1,0,0,0,1,1,0,0,0,0,0,0,4767.692307692308,0.0,0.003076923076923077
4799000,850,Uttam Nagar,3,0,0,0,1,0,0,0,1,1,0,0,0,0,0,0,5645.882352941177,0.0,0.0035294117647058825
5800000,900,Dwarka Mor,3,0,0,0,0,0,0,0,1,1,0,0,0,0,1,0,6444.444444444444,0.0,0.0033333333333333335
4700000,820,Dwarka Mor,3,0,0,0,0,0,0,0,1,1,0,0,0,0,1,0,5731.707317073171,0.0,0.003658536585365854
2700000,625,Dwarka Mor,2,0,0,0,0,0,0,0,1,1,0,0,0,0,1,0,4320.0,0.0,0.0032
2400000,525,Dwarka Mor,2,0,0,0,0,0,0,0,1,1,0,0,0,0,1,0,4571.428571428572,0.0,0.0038095238095238095
3500000,750,Dwarka Mor,2,0,0,0,0,0,0,0,1,1,0,0,0,0,1,0,4666.666666666667,0.0,0.0026666666666666666
4200000,850,Dwarka Mor,3,0,0,0,0,0,0,0,1,1,0,0,0,0,1,0,4941.176470588235,0.0,0.0035294117647058825
30000000,1800,Vasant Kunj,3,1,0,0,0,0,0,0,0,0,0,0,0,0,0,0,16666.666666666668,0.0,0.0016666666666666668
30000000,1800,Vasant Kunj,3,1,0,0,0,0,0,0,0,0,1,0,0,0,0,0,16666.666666666668,0.0,0.0016666666666666668
10000000,1000,Other,3,1,0,0,0,0,0,0,0,0,0,0,0,0,0,0,10000.0,0.0,0.003
6900000,1250,Dwarka Mor,3,0,0,0,1,0,0,0,0,1,0,0,0,0,1,0,5520.0,0.0,0.0024
5500000,1050,Dwarka Mor,3,0,0,0,1,0,0,0,0,1,0,0,0,0,1,0,5238.0952380952385,0.0,0.002857142857142857
3190000,610,Dwarka Mor,2,0,0,0,1,0,0,0,0,1,0,0,0,0,1,0,5229.508196721312,0.0,0.003278688524590164
3220000,640,Dwarka Mor,2,0,0,0,1,0,0,0,0,1,0,0,0,0,1,0,5031.25,0.0,0.003125
4700000,875,Dwarka Mor,3,0,0,0,1,0,0,0,0,1,0,0,0,0,1,0,5371.428571428572,0.0,0.0034285714285714284
3210000,630,Dwarka Mor,2,0,0,0,1,0,0,0,0,1,0,0,0,0,1,0,5095.238095238095,0.0,0.0031746031746031746
3225000,650,Dwarka Mor,2,0,0,0,1,0,0,0,0,1,0,0,0,0,1,0,4961.538461538462,0.0,0.003076923076923077
4300000,850,Dwarka Mor,3,0,0,0,1,0,0,0,0,1,0,0,0,0,1,0,5058.823529411765,0.0,0.0035294117647058825
4100000,800,Dwarka Mor,3,0,0,0,1,0,0,0,0,1,0,0,0,0,1,0,5125.0,0.0,0.00375
2700000,600,Dwarka Mor,2,0,0,0,1,0,0,0,0,1,0,0,0,0,1,0,4500.0,0.0,0.0033333333333333335
7500000,581,Vasant Kunj,1,0,1,0,0,0,0,0,0,1,1,1,0,0,1,5,12908.777969018933,0.35714285714285715,0.0017211703958691911
10500000,1000,Vasant Kunj,2,1,1,0,0,0,0,0,0,1,1,0,0,0,1,1,10500.0,0.07142857142857142,0.002
7500000,600,Vasant Kunj,1,1,1,0,0,0,0,0,0,1,0,0,0,0,1,1,12500.0,0.07142857142857142,0.0016666666666666668
2599000,450,Uttam Nagar,2,0,0,0,1,0,0,0,0,0,0,0,0,0,0,1,5775.555555555556,0.07142857142857142,0.0044444444444444444
2899000,650,Uttam Nagar,2,0,0,0,1,0,0,0,0,0,0,0,0,0,0,1,4460.0,0.07142857142857142,0.003076923076923077
4400000,800,Uttam Nagar,3,0,0,0,1,0,0,0,0,0,0,0,0,0,0,1,5500.0,0.07142857142857142,0.00375
11000000,1000,Vasant Kunj,2,1,1,0,0,0,0,0,0,1,1,0,0,1,1,1,11000.0,0.07142857142857142,0.002
2650000,600,Vasant Kunj,1,1,0,0,0,0,0,0,0,0,0,0,0,0,0,0,4416.666666666667,0.0,0.0016666666666666668
4200000,800,Other,3,1,0,0,0,0,0,0,0,0,0,0,0,0,1,0,5250.0,0.0,0.00375
3500000,500,Other,2,1,0,0,0,0,0,0,0,0,1,0,0,0,0,0,7000.0,0.0,0.004
21000000,1600,Vasant Kunj,4,1,0,0,0,0,0,0,1,0,1,0,0,0,0,0,13125.0,0.0,0.0025
21000000,1650,Vasant Kunj,4,1,0,0,0,0,0,0,0,0,0,0,0,0,0,0,12727.272727272728,0.0,0.0024242424242424242
21000000,1650,Vasant Kunj,4,1,0,0,0,0,0,0,0,0,1,0,0,0,0,0,12727.272727272728,0.0,0.0024242424242424242
3600000,738,Burari,3,1,0,0,0,0,0,0,0,0,0,0,0,0,1,0,4878.048780487805,0.0,0.0040650406504065045
5999000,900,Other,2,0,0,0,0,0,0,0,1,0,0,0,0,0,1,0,6665.555555555556,0.0,0.0022222222222222222
10500000,1500,Other,3,0,0,0,0,0,0,0,1,0,0,0,0,0,1,0,7000.0,0.0,0.002
17500000,1600,Vasant Kunj,3,1,1,0,0,0,0,0,0,1,0,0,0,0,1,1,10937.5,0.07142857142857142,0.001875
3200000,750,Other,2,1,0,0,0,0,0,0,0,0,0,0,0,0,0,0,4266.666666666667,0.0,0.0026666666666666666
11500000,1700,Other,3,1,0,0,1,1,0,0,1,0,1,0,0,1,0,0,6764.705882352941,0.0,0.0017647058823529412
11500000,1450,Other,3,1,0,0,1,1,1,0,1,0,1,0,0,1,1,2,7931.0344827586205,0.14285714285714285,0.0020689655172413794
9000000,1100,Other,2,1,0,0,1,1,1,0,1,0,0,0,0,1,0,2,8181.818181818182,0.14285714285714285,0.0018181818181818182
16000000,1500,Other,3,1,0,0,0,0,0,0,0,0,0,0,0,0,0,0,10666.666666666666,0.0,0.002
4799000,950,Uttam Nagar,3,0,0,0,1,0,0,0,0,0,0,0,0,0,0,1,5051.578947368421,0.07142857142857142,0.003157894736842105
2599000,450,Uttam Nagar,2,0,0,0,1,0,0,0,0,0,0,0,0,0,0,1,5775.555555555556,0.07142857142857142,0.0044444444444444444
2899000,650,Uttam Nagar,2,0,0,0,1,0,0,0,0,0,0,0,0,0,0,1,4460.0,0.07142857142857142,0.003076923076923077
4400000,800,Uttam Nagar,3,0,0,0,1,0,0,0,0,0,0,0,0,0,0,1,5500.0,0.07142857142857142,0.00375
6100000,500,Other,1,1,0,0,0,0,0,0,1,0,1,1,0,0,0,0,12200.0,0.0,0.002
3200000,750,Other,2,1,0,0,0,0,0,0,0,0,0,0,0,0,1,0,4266.666666666667,0.0,0.0026666666666666666
4700000,810,Other,3,1,0,0,0,0,0,0,0,0,0,0,0,0,1,1,5802.469135802469,0.07142857142857142,0.003703703703703704
4000000,770,Other,3,1,0,0,0,0,0,0,0,0,0,0,0,0,1,1,5194.805194805195,0.07142857142857142,0.003896103896103896
4000000,720,Other,3,1,0,0,0,0,0,0,0,0,0,0,0,0,1,1,5555.555555555556,0.07142857142857142,0.004166666666666667
2700000,650,Uttam Nagar,2,1,0,0,0,0,0,0,0,0,1,0,0,0,1,0,4153.846153846154,0.0,0.003076923076923077
2800000,450,Uttam Nagar,2,1,0,0,0,0,0,0,0,0,0,0,0,0,0,1,6222.222222222223,0.07142857142857142,0.0044444444444444444
3400000,700,Other,3,1,0,0,0,0,0,0,0,0,0,0,0,0,1,1,4857.142857142857,0.07142857142857142,0.004285714285714286
4000000,800,Dwarka Mor,3,1,0,0,0,0,0,0,0,0,0,0,0,0,1,0,5000.0,0.0,0.00375
3600000,850,Dwarka Mor,3,1,0,0,0,0,0,0,0,0,0,0,0,0,1,0,4235.294117647059,0.0,0.0035294117647058825
2500000,550,Dwarka Mor,2,1,0,0,0,0,0,0,0,0,0,0,0,0,1,0,4545.454545454545,0.0,0.0036363636363636364
4200000,810,Other,3,1,0,0,0,0,0,0,0,0,0,0,0,0,1,1,5185.185185185185,0.07142857142857142,0.003703703703703704
4200000,750,Uttam Nagar,3,1,0,0,0,0,0,0,0,0,1,0,0,0,1,0,5600.0,0.0,0.004
4500000,900,Dwarka Mor,3,1,0,0,0,0,0,0,0,0,0,0,0,0,1,0,5000.0,0.0,0.0033333333333333335
4300000,800,Uttam Nagar,3,1,0,0,0,0,0,0,0,0,1,0,0,0,1,0,5375.0,0.0,0.00375
3200000,750,Other,2,1,0,0,0,0,0,0,0,0,0,0,0,0,1,0,4266.666666666667,0.0,0.0026666666666666666
3200000,750,Other,2,1,0,0,0,0,0,0,0,0,0,0,0,0,1,0,4266.666666666667,0.0,0.0026666666666666666
7000000,600,Vasant Kunj,1,1,1,0,0,1,0,0,1,1,1,1,0,1,1,8,11666.666666666666,0.5714285714285714,0.0016666666666666668
23000000,1700,Vasant Kunj,3,1,1,0,0,0,0,0,0,1,0,0,0,0,1,1,13529.411764705883,0.07142857142857142,0.0017647058823529412
5000000,600,Other,1,1,0,0,0,0,0,0,0,0,0,0,0,0,0,1,8333.333333333334,0.07142857142857142,0.0016666666666666668
9500000,1100,Other,3,1,0,0,0,0,0,0,0,0,0,0,0,1,0,3,8636.363636363636,0.21428571428571427,0.0027272727272727275
18000000,1800,Other,3,1,0,0,0,0,0,0,0,0,0,0,0,0,0,1,10000.0,0.07142857142857142,0.0016666666666666668
2800000,450,Other,2,0,0,0,0,0,0,0,0,0,0,0,0,0,0,0,6222.222222222223,0.0,0.0044444444444444444
4500000,800,Other,2,0,0,0,0,0,0,0,0,0,0,0,0,0,0,0,5625.0,0.0,0.0025
5000000,800,Other,2,1,0,0,0,0,0,0,1,0,0,0,0,0,1,0,6250.0,0.0,0.0025
6200000,1000,Other,2,0,0,0,1,0,0,0,1,0,1,0,0,0,1,1,6200.0,0.07142857142857142,0.002
2800000,850,Other,2,0,0,0,0,0,0,0,0,0,0,0,0,0,0,0,3294.1176470588234,0.0,0.002352941176470588
10000000,1500,Other,3,0,0,0,0,0,0,0,0,0,0,0,0,0,0,0,6666.666666666667,0.0,0.002
3000000,800,Vasant Kunj,2,0,0,0,0,0,0,0,0,0,0,0,0,0,0,0,3750.0,0.0,0.0025
3000000,800,Other,2,0,0,0,1,0,0,0,1,0,0,0,0,0,1,0,3750.0,0.0,0.0025
3000000,800,Other,2,0,0,0,1,0,0,0,1,0,0,0,0,0,1,0,3750.0,0.0,0.0025
11000000,1100,Vasant Kunj,2,1,1,0,0,0,0,0,0,1,1,0,0,0,1,1,10000.0,0.07142857142857142,0.0018181818181818182
6500000,581,Sector 6 Dwarka,1,1,0,0,0,0,0,0,0,0,1,0,0,1,1,1,11187.607573149742,0.07142857142857142,0.0017211703958691911
18000000,1700,Vasant Kunj,2,1,1,0,0,0,0,0,1,1,1,0,0,0,1,1,10588.235294117647,0.07142857142857142,0.001176470588235294
6798999,581,Vasant Kunj,1,1,0,0,0,0,0,0,0,0,1,0,0,0,1,0,11702.235800344233,0.0,0.0017211703958691911
16500000,900,Vasant Kunj,2,1,1,0,0,0,0,0,0,1,1,0,0,0,1,1,18333.333333333332,0.07142857142857142,0.0022222222222222222
7000000,1000,Uttam Nagar,3,0,0,0,0,0,0,0,0,1,0,0,0,0,1,0,7000.0,0.0,0.003
4700000,820,Uttam Nagar,3,0,0,0,0,0,0,0,0,1,0,0,0,0,1,0,5731.707317073171,0.0,0.003658536585365854
2400000,500,Uttam Nagar,1,0,0,0,0,0,0,0,0,1,0,0,0,0,1,0,4800.0,0.0,0.002
2000000,450,Uttam Nagar,1,0,0,0,0,0,0,0,0,1,0,0,0,0,1,0,4444.444444444444,0.0,0.0022222222222222222
2700000,525,Uttam Nagar,2,0,0,0,0,0,0,0,0,1,0,0,0,0,1,0,5142.857142857143,0.0,0.0038095238095238095
3500000,750,Uttam Nagar,2,0,0,0,0,0,0,0,0,1,0,0,0,0,1,0,4666.666666666667,0.0,0.0026666666666666666
4200000,850,Uttam Nagar,3,0,0,0,0,0,0,0,0,1,0,0,0,0,1,0,4941.176470588235,0.0,0.0035294117647058825
4700000,820,Uttam Nagar,3,0,0,0,0,0,0,0,0,1,0,0,0,0,1,0,5731.707317073171,0.0,0.003658536585365854
2500000,450,Uttam Nagar,1,0,0,0,0,0,0,0,0,1,0,0,0,0,1,0,5555.555555555556,0.0,0.0022222222222222222
2700000,525,Uttam Nagar,2,0,0,0,0,0,0,0,0,1,0,0,0,0,1,0,5142.857142857143,0.0,0.0038095238095238095
3500000,750,Uttam Nagar,2,0,0,0,0,0,0,0,0,1,0,0,0,0,1,0,4666.666666666667,0.0,0.0026666666666666666
4200000,850,Uttam Nagar,3,0,0,0,0,0,0,0,0,1,0,0,0,0,1,0,4941.176470588235,0.0,0.0035294117647058825
18000000,1100,Vasant Kunj,3,1,0,0,0,0,0,0,0,0,0,0,0,0,0,0,16363.636363636364,0.0,0.0027272727272727275
18000000,1100,Vasant Kunj,3,1,0,0,0,1,0,0,1,0,1,0,0,1,0,0,16363.636363636364,0.0,0.0027272727272727275
8000000,850,Other,2,1,0,0,0,0,0,0,1,0,1,0,0,0,0,0,9411.764705882353,0.0,0.002352941176470588
7500000,750,Other,2,1,0,0,0,0,0,0,1,0,1,0,0,0,0,0,10000.0,0.0,0.0026666666666666666
8500000,900,Other,2,1,0,0,1,0,0,0,1,0,1,0,0,0,0,0,9444.444444444445,0.0,0.0022222222222222222
6500000,650,Other,2,1,0,0,1,0,0,0,1,0,1,0,0,0,0,0,10000.0,0.0,0.003076923076923077
7500000,600,Vasant Kunj,1,1,1,0,0,0,0,0,0,1,1,0,0,0,1,1,12500.0,0.07142857142857142,0.0016666666666666668
13000000,1105,Other,3,1,0,0,0,1,0,0,1,0,1,1,0,1,1,0,11764.70588235294,0.0,0.0027149321266968325
7000000,600,Other,2,1,1,0,0,0,1,0,1,1,1,0,0,1,0,2,11666.666666666666,0.14285714285714285,0.0033333333333333335
13500000,1000,Vasant Kunj,3,1,0,0,0,0,0,0,0,0,0,0,0,0,0,0,13500.0,0.0,0.003
13500000,1000,Vasant Kunj,3,1,0,0,0,1,0,0,0,0,0,0,0,1,0,0,13500.0,0.0,0.003
16500000,1200,Vasant Kunj,2,1,0,0,0,1,0,0,0,0,0,0,0,1,0,1,13750.0,0.07142857142857142,0.0016666666666666668
2800000,600,Other,2,1,0,0,0,0,0,0,0,0,0,0,0,0,0,0,4666.666666666667,0.0,0.0033333333333333335
20500000,1650,Other,2,1,1,0,0,0,1,0,1,1,0,0,0,1,0,5,12424.242424242424,0.35714285714285715,0.0012121212121212121
8500000,1000,Other,2,1,1,0,0,0,1,0,1,1,1,0,0,1,0,5,8500.0,0.35714285714285715,0.002
23000000,2000,Vasant Kunj,3,1,1,0,0,1,0,0,1,1,1,0,0,1,1,2,11500.0,0.14285714285714285,0.0015
2300000,450,Other,2,1,0,0,0,0,0,0,0,0,0,0,0,0,1,1,5111.111111111111,0.07142857142857142,0.0044444444444444444
6000000,1450,Other,3,0,0,0,0,0,0,0,1,0,0,0,0,0,0,0,4137.931034482759,0.0,0.0020689655172413794
2600000,540,Burari,2,1,0,0,0,0,0,0,0,0,0,0,0,0,1,0,4814.814814814815,0.0,0.003703703703703704
2700000,630,Burari,2,1,0,0,0,0,0,0,0,0,0,0,0,0,1,0,4285.714285714285,0.0,0.0031746031746031746
12000000,1200,Other,3,1,0,0,0,0,1,1,1,1,0,0,0,0,1,6,10000.0,0.42857142857142855,0.0025
5500000,1080,Burari,3,1,0,0,0,0,0,0,0,0,0,0,0,0,1,0,5092.592592592592,0.0,0.002777777777777778
5800000,900,Dwarka Mor,3,0,0,0,0,0,0,0,0,1,0,0,0,0,1,0,6444.444444444444,0.0,0.0033333333333333335
4700000,820,Dwarka Mor,3,0,0,0,0,0,0,0,0,1,0,0,0,0,1,0,5731.707317073171,0.0,0.003658536585365854
2700000,625,Dwarka Mor,2,0,0,0,0,0,0,0,0,1,0,0,0,0,1,0,4320.0,0.0,0.0032
2400000,525,Dwarka Mor,2,0,0,0,0,0,0,0,0,1,0,0,0,0,1,0,4571.428571428572,0.0,0.0038095238095238095
3500000,750,Dwarka Mor,2,0,0,0,0,0,0,0,0,1,0,0,0,0,1,0,4666.666666666667,0.0,0.0026666666666666666
4200000,850,Dwarka Mor,3,0,0,0,0,0,0,0,0,1,0,0,0,0,1,0,4941.176470588235,0.0,0.0035294117647058825
5200000,1000,Uttam Nagar,3,0,1,0,1,0,0,0,0,0,0,0,0,0,1,1,5200.0,0.07142857142857142,0.003
3200000,800,Uttam Nagar,2,0,1,0,1,0,0,0,0,0,0,0,0,0,1,1,4000.0,0.07142857142857142,0.0025
4299000,750,Uttam Nagar,3,0,1,0,1,0,0,0,0,0,0,0,0,0,1,1,5732.0,0.07142857142857142,0.004
3200000,800,Dwarka Mor,2,0,1,0,0,0,0,0,1,1,0,0,0,0,1,0,4000.0,0.0,0.0025
2499000,700,Dwarka Mor,2,0,1,0,0,0,0,0,1,1,0,0,0,0,1,0,3570.0,0.0,0.002857142857142857
4299000,750,Dwarka Mor,3,0,1,0,0,0,0,0,1,1,0,0,0,0,1,0,5732.0,0.0,0.004
5200000,1000,Dwarka Mor,3,0,1,0,0,0,0,0,1,1,0,0,0,0,1,0,5200.0,0.0,0.003
8900000,1400,Uttam Nagar,4,0,0,0,0,0,0,0,0,0,0,0,0,0,0,0,6357.142857142857,0.0,0.002857142857142857
5500000,820,Uttam Nagar,3,0,0,0,0,0,0,0,0,0,0,0,0,0,0,0,6707.317073170731,0.0,0.003658536585365854
2700000,625,Uttam Nagar,2,0,0,0,0,0,0,0,0,0,0,0,0,0,0,0,4320.0,0.0,0.0032
2400000,525,Uttam Nagar,2,0,0,0,0,0,0,0,0,0,0,0,0,0,0,0,4571.428571428572,0.0,0.0038095238095238095
7500000,1350,Uttam Nagar,3,0,0,0,0,0,0,0,0,0,0,0,0,0,0,0,5555.555555555556,0.0,0.0022222222222222222
7000000,1250,Uttam Nagar,4,0,0,0,0,0,0,0,0,0,0,0,0,0,0,0,5600.0,0.0,0.0032
3500000,750,Uttam Nagar,2,0,0,0,0,0,0,0,0,0,0,0,0,0,0,0,4666.666666666667,0.0,0.0026666666666666666
4200000,850,Uttam Nagar,3,0,0,0,0,0,0,0,0,0,0,0,0,0,0,0,4941.176470588235,0.0,0.0035294117647058825
16000000,1200,Alaknanda,2,1,0,0,0,1,0,0,0,0,1,0,0,1,0,0,13333.333333333334,0.0,0.0016666666666666668
8800000,1400,Other,3,0,0,0,0,0,0,0,1,0,0,0,0,0,0,0,6285.714285714285,0.0,0.002142857142857143
12000000,1125,Other,3,1,0,0,0,0,0,0,0,0,0,0,0,0,0,0,10666.666666666666,0.0,0.0026666666666666666
30000000,2650,Other,4,1,0,0,0,1,0,0,1,0,1,0,0,1,0,0,11320.754716981131,0.0,0.0015094339622641509
12300000,1300,Other,3,1,0,0,1,1,1,0,1,0,1,0,0,1,0,2,9461.538461538461,0.14285714285714285,0.002307692307692308
15000000,1200,Alaknanda,2,1,0,0,0,1,0,0,0,0,1,0,0,1,0,0,12500.0,0.0,0.0016666666666666668
8400000,1800,Other,2,1,0,0,0,0,0,0,0,0,0,0,0,0,0,0,4666.666666666667,0.0,0.0011111111111111111
10000000,1800,Other,2,1,0,0,0,0,0,0,0,0,0,0,0,0,0,0,5555.555555555556,0.0,0.0011111111111111111
4199000,720,Dwarka Mor,3,0,0,0,1,0,0,0,0,1,0,0,0,0,1,3,5831.944444444444,0.21428571428571427,0.004166666666666667
2700000,540,Dwarka Mor,2,0,0,0,1,0,0,0,0,1,0,0,0,0,1,3,5000.0,0.21428571428571427,0.003703703703703704
2550000,495,Dwarka Mor,2,0,0,0,1,0,0,0,0,1,0,0,0,0,1,3,5151.515151515152,0.21428571428571427,0.00404040404040404
3099000,585,Dwarka Mor,2,0,0,0,1,0,0,0,0,1,0,0,0,0,1,3,5297.4358974358975,0.21428571428571427,0.003418803418803419
5000000,1000,Dwarka Mor,3,0,0,0,1,0,0,0,0,0,0,0,0,0,1,0,5000.0,0.0,0.003
4500000,900,Dwarka Mor,3,0,0,0,1,0,0,0,0,0,0,0,0,0,1,0,5000.0,0.0,0.0033333333333333335
2400000,500,Dwarka Mor,2,0,0,0,1,0,0,0,0,0,0,0,0,0,1,0,4800.0,0.0,0.004
2000000,520,Dwarka Mor,2,0,0,0,1,0,0,0,0,0,0,0,0,0,1,0,3846.153846153846,0.0,0.0038461538461538464
6000000,1050,Dwarka Mor,3,0,0,0,1,0,0,0,0,0,0,0,0,0,1,0,5714.285714285715,0.0,0.002857142857142857
2200000,510,Dwarka Mor,2,0,0,0,1,0,0,0,0,0,0,0,0,0,1,0,4313.725490196079,0.0,0.00392156862745098
6500000,1100,Dwarka Mor,3,0,0,0,1,0,0,0,0,0,0,0,0,0,1,0,5909.090909090909,0.0,0.0027272727272727275
3500000,800,Dwarka Mor,3,0,0,0,1,0,0,0,0,0,0,0,0,0,1,0,4375.0,0.0,0.00375
3100000,750,Dwarka Mor,3,0,0,0,1,0,0,0,0,0,0,0,0,0,1,0,4133.333333333333,0.0,0.004
2800000,600,Dwarka Mor,2,0,0,0,1,0,0,0,0,0,0,0,0,0,1,0,4666.666666666667,0.0,0.0033333333333333335
13600000,1600,Alaknanda,3,1,0,0,0,1,0,0,0,0,1,0,0,1,0,0,8500.0,0.0,0.001875
11000000,1800,Other,2,1,1,0,1,0,0,0,1,1,0,0,0,1,1,1,6111.111111111111,0.07142857142857142,0.0011111111111111111
11700000,1400,Sector 6 Dwarka,3,1,0,0,0,0,0,0,0,0,0,0,0,0,0,0,8357.142857142857,0.0,0.002142857142857143
18500000,1400,Other,3,1,0,0,0,1,0,0,0,0,1,0,0,1,0,0,13214.285714285714,0.0,0.002142857142857143
17000000,1250,Alaknanda,2,1,0,0,0,1,0,0,0,0,1,0,0,1,0,0,13600.0,0.0,0.0016
19500000,1650,Alaknanda,3,1,0,0,0,1,0,0,0,0,1,0,0,1,0,0,11818.181818181818,0.0,0.0018181818181818182
28000000,1800,Other,3,1,0,0,1,1,1,0,1,0,1,1,0,1,0,0,15555.555555555555,0.0,0.0016666666666666668
20500000,1800,Other,3,1,0,0,1,1,0,0,0,0,1,1,0,0,0,0,11388.888888888889,0.0,0.0016666666666666668
8000000,1200,Vasant Kunj,3,1,0,0,0,0,0,0,0,0,0,0,0,0,0,0,6666.666666666667,0.0,0.0025
3700000,720,Vasant Kunj,2,0,0,0,0,0,0,0,0,0,0,0,0,0,0,0,5138.888888888889,0.0,0.002777777777777778
3700000,720,Vasant Kunj,2,0,0,0,0,0,0,0,0,0,0,0,0,0,0,0,5138.888888888889,0.0,0.002777777777777778
14500000,1550,Alaknanda,3,1,0,0,0,0,0,0,0,0,1,0,0,1,0,0,9354.838709677419,0.0,0.001935483870967742
14500000,1550,Alaknanda,3,1,0,0,0,0,0,0,0,0,0,0,0,0,0,0,9354.838709677419,0.0,0.001935483870967742
16500000,1450,Other,2,1,0,0,1,1,0,0,0,0,1,0,0,1,0,0,11379.310344827587,0.0,0.001379310344827586
12800000,1800,Other,3,1,0,0,1,1,0,0,1,0,1,0,0,1,1,0,7111.111111111111,0.0,0.0016666666666666668
14000000,1800,Sector 10 Dwarka,3,1,0,0,1,1,1,1,1,1,1,0,0,1,1,9,7777.777777777777,0.6428571428571429,0.0016666666666666668
12800000,1800,Other,3,1,0,0,1,1,0,0,1,0,1,0,0,1,1,0,7111.111111111111,0.0,0.0016666666666666668
8500000,1550,Other,3,0,0,0,0,0,0,0,0,0,0,0,0,0,0,0,5483.870967741936,0.0,0.001935483870967742
8500000,1550,Other,3,0,0,0,0,0,0,0,1,0,0,0,0,0,1,0,5483.870967741936,0.0,0.001935483870967742
29000000,2750,Other,5,1,0,0,1,1,0,0,1,0,1,1,0,1,0,0,10545.454545454546,0.0,0.0018181818181818182
19000000,2250,Other,4,1,0,0,0,0,0,0,0,0,0,0,0,0,0,1,8444.444444444445,0.07142857142857142,0.0017777777777777779
14500000,1800,Other,3,1,0,0,0,0,0,0,0,0,0,0,0,0,0,0,8055.555555555556,0.0,0.0016666666666666668
7500000,1250,Vasant Kunj,3,1,0,0,0,0,0,0,0,0,0,0,0,0,1,0,6000.0,0.0,0.0024
4500000,850,Vasant Kunj,2,1,0,0,0,0,0,0,0,0,0,0,0,0,1,0,5294.117647058823,0.0,0.002352941176470588
4500000,850,Vasant Kunj,2,0,0,0,0,0,0,0,0,0,0,0,0,0,0,0,5294.117647058823,0.0,0.002352941176470588
7500000,1150,Vasant Kunj,2,0,0,0,0,0,0,0,0,0,1,0,0,0,1,0,6521.739130434783,0.0,0.0017391304347826088
6500000,1000,Vasant Kunj,3,0,0,0,0,0,0,0,0,0,0,0,0,0,0,0,6500.0,0.0,0.003
7500000,1170,Vasant Kunj,3,0,0,0,0,0,0,0,0,0,0,0,0,0,0,0,6410.25641025641,0.0,0.002564102564102564
7000000,1100,Vasant Kunj,3,0,0,0,0,0,0,0,0,0,0,0,0,0,0,0,6363.636363636364,0.0,0.0027272727272727275
7500000,1200,Vasant Kunj,3,1,0,0,0,0,0,0,0,0,0,0,0,0,0,0,6250.0,0.0,0.0025
15000000,2000,Vasant Kunj,4,0,0,0,0,0,0,0,0,0,0,0,0,0,0,0,7500.0,0.0,0.002
4400000,750,Vasant Kunj,2,0,0,0,0,0,0,0,0,0,0,0,0,0,0,0,5866.666666666667,0.0,0.0026666666666666666
5500000,900,Vasant Kunj,3,1,0,0,0,0,0,0,0,0,0,0,0,0,0,0,6111.111111111111,0.0,0.0033333333333333335
5500000,900,Vasant Kunj,3,1,0,0,0,0,0,0,0,0,0,0,0,0,0,0,6111.111111111111,0.0,0.0033333333333333335
17000000,1350,Other,2,1,0,0,1,1,1,0,1,0,1,0,0,1,0,2,12592.592592592593,0.14285714285714285,0.0014814814814814814
18000000,1500,Other,2,1,0,0,1,1,0,0,0,0,1,0,0,0,0,0,12000.0,0.0,0.0013333333333333333
13000000,1900,Other,3,1,0,0,1,1,1,0,1,0,1,0,0,1,1,1,6842.105263157895,0.07142857142857142,0.0015789473684210526
16000000,2600,Other,4,0,0,0,0,0,0,0,1,0,0,0,0,0,1,0,6153.846153846154,0.0,0.0015384615384615385
3300000,220,Other,1,1,0,0,0,0,0,0,0,0,0,0,0,0,0,0,15000.0,0.0,0.004545454545454545
3300000,200,Other,1,1,0,0,0,0,0,0,0,0,0,0,0,0,0,0,16500.0,0.0,0.005
3300000,210,Other,1,1,0,0,0,0,0,0,0,0,0,0,0,0,0,0,15714.285714285714,0.0,0.004761904761904762
3300000,750,Other,2,1,0,0,0,0,0,0,0,0,0,0,0,0,0,0,4400.0,0.0,0.0026666666666666666
3350000,220,Other,1,1,0,0,0,0,0,0,0,0,0,0,0,0,0,0,15227.272727272728,0.0,0.004545454545454545
32500000,1800,Vasant Kunj,3,1,1,0,0,1,0,0,1,1,1,0,0,1,1,2,18055.555555555555,0.14285714285714285,0.0016666666666666668
6000000,1350,Other,2,1,0,0,0,0,0,0,0,0,0,0,0,0,0,0,4444.444444444444,0.0,0.0014814814814814814
5500000,1300,Other,3,1,0,0,0,1,0,0,0,1,1,0,0,0,1,1,4230.7692307692305,0.07142857142857142,0.002307692307692308
4800000,1300,Other,3,0,0,0,0,0,0,0,0,1,1,0,0,0,1,1,3692.3076923076924,0.07142857142857142,0.002307692307692308
4400000,1450,Other,3,0,0,0,0,0,0,0,0,1,1,0,0,0,1,1,3034.4827586206898,0.07142857142857142,0.0020689655172413794
8395000,531,Other,2,1,0,0,0,0,0,0,0,0,0,0,0,0,0,0,15809.792843691148,0.0,0.003766478342749529
5300000,1500,Other,3,0,0,0,0,0,0,0,0,0,1,0,0,0,1,1,3533.3333333333335,0.07142857142857142,0.002
17500000,1250,Vasant Kunj,2,1,0,0,0,0,0,0,0,0,0,0,0,0,0,0,14000.0,0.0,0.0016
4000000,900,Other,2,0,0,0,0,0,0,0,0,0,0,0,0,0,1,0,4444.444444444444,0.0,0.0022222222222222222
22500000,1750,Other,3,1,0,0,0,0,0,0,0,0,1,1,0,1,0,0,12857.142857142857,0.0,0.0017142857142857142
27000000,3260,Other,4,1,0,0,1,1,0,0,1,0,1,1,0,1,0,1,8282.208588957055,0.07142857142857142,0.001226993865030675
26000000,3450,Other,3,1,0,0,1,1,0,0,0,0,1,1,0,1,0,6,7536.231884057971,0.42857142857142855,0.0008695652173913044
21000000,2200,Other,4,1,0,0,1,1,0,0,1,0,1,1,0,1,0,1,9545.454545454546,0.07142857142857142,0.0018181818181818182
20000000,1750,Other,3,1,0,0,1,1,0,0,0,0,1,0,0,1,0,1,11428.57142857143,0.07142857142857142,0.0017142857142857142
21500000,1750,Other,2,1,0,0,1,1,0,0,0,0,1,0,0,0,0,0,12285.714285714286,0.0,0.001142857142857143
21000000,1600,Other,3,1,0,0,1,0,0,0,0,0,1,1,0,1,0,1,13125.0,0.07142857142857142,0.001875
18500000,1350,Other,3,1,0,0,1,0,0,0,0,0,1,0,0,1,0,0,13703.703703703704,0.0,0.0022222222222222222
20000000,2160,Other,3,1,0,0,1,1,1,0,0,0,1,1,0,1,0,8,9259.25925925926,0.5714285714285714,0.001388888888888889
29000000,2500,Other,4,1,0,0,1,1,0,0,0,0,1,1,0,1,0,0,11600.0,0.0,0.0016
30000000,2850,Other,4,1,0,0,1,1,1,0,0,0,1,0,0,1,0,0,10526.315789473685,0.0,0.0014035087719298245
16000000,1650,Other,3,1,0,0,0,1,0,0,0,0,1,0,0,0,0,0,9696.969696969696,0.0,0.0018181818181818182
28200000,1880,Other,3,1,0,0,1,0,0,0,0,0,1,1,0,0,0,0,15000.0,0.0,0.0015957446808510637
6500000,1160,Other,3,0,0,0,0,0,0,0,0,0,0,0,0,0,1,0,5603.448275862069,0.0,0.002586206896551724
4000000,900,Other,2,0,0,0,0,0,0,0,0,0,0,0,0,0,0,0,4444.444444444444,0.0,0.0022222222222222222
2499000,700,Uttam Nagar,2,0,1,0,1,0,0,0,0,0,0,0,0,0,1,1,3570.0,0.07142857142857142,0.002857142857142857
3000000,750,Other,2,0,0,0,0,0,0,0,0,0,0,0,0,0,0,0,4000.0,0.0,0.0026666666666666666
11000000,1100,Other,2,1,1,0,1,0,0,0,1,1,1,0,0,0,0,3,10000.0,0.21428571428571427,0.0018181818181818182
15500000,1650,Other,2,1,0,0,0,0,0,0,0,1,1,0,0,1,0,0,9393.939393939394,0.0,0.0012121212121212121
5700000,1125,Other,3,1,0,0,0,0,0,0,0,0,0,0,0,0,1,0,5066.666666666667,0.0,0.0026666666666666666
7500000,650,Vasant Kunj,1,1,1,0,1,1,0,0,1,1,1,0,0,1,1,8,11538.461538461539,0.5714285714285714,0.0015384615384615385
13000000,1100,Vasant Kunj,2,1,1,0,0,1,0,0,1,1,1,0,0,1,1,2,11818.181818181818,0.14285714285714285,0.0018181818181818182
8500000,650,Vasant Kunj,1,1,1,0,0,1,0,0,1,1,1,0,0,1,1,2,13076.923076923076,0.14285714285714285,0.0015384615384615385
11700000,1500,Sector 6 Dwarka,3,1,0,0,1,1,1,0,1,0,1,0,0,1,0,1,7800.0,0.07142857142857142,0.002
2100000,450,Other,1,1,0,0,0,0,0,0,0,0,0,0,0,0,0,0,4666.666666666667,0.0,0.0022222222222222222
3500000,600,Other,2,1,0,0,0,0,0,0,0,0,0,0,0,0,0,0,5833.333333333333,0.0,0.0033333333333333335
4400000,800,Other,3,1,0,0,1,0,0,0,0,0,1,0,0,0,1,0,5500.0,0.0,0.00375
6700000,1125,Other,3,1,0,0,0,0,0,0,0,0,1,0,0,1,0,1,5955.555555555556,0.07142857142857142,0.0026666666666666666
2100000,450,Other,1,1,0,0,0,0,0,0,0,0,0,0,0,0,0,0,4666.666666666667,0.0,0.0022222222222222222
4600000,500,Other,1,1,0,0,0,0,0,0,0,0,0,0,0,0,0,0,9200.0,0.0,0.002
4500000,800,Other,3,1,0,0,0,0,0,0,0,0,0,0,0,0,1,0,5625.0,0.0,0.00375
9000000,1000,Other,2,1,0,0,1,1,1,0,1,0,0,0,0,1,0,2,9000.0,0.14285714285714285,0.002
2000000,495,Dwarka Mor,2,0,0,0,0,0,0,0,0,1,0,0,0,0,1,0,4040.40404040404,0.0,0.00404040404040404
8000000,1215,Other,4,1,0,0,0,0,0,0,0,0,0,0,0,0,1,0,6584.3621399176955,0.0,0.0032921810699588477
5100000,1500,Other,3,0,0,0,0,0,0,0,0,0,1,0,0,0,1,1,3400.0,0.07142857142857142,0.002
13000000,1500,Other,3,1,1,0,0,1,1,1,1,0,0,0,0,1,1,4,8666.666666666666,0.2857142857142857,0.002
11500000,1440,Other,4,1,0,0,1,0,0,0,0,0,0,0,0,0,1,0,7986.111111111111,0.0,0.002777777777777778
3000000,750,Dwarka Mor,3,0,0,0,1,0,0,0,0,1,0,0,0,0,1,0,4000.0,0.0,0.004
3071000,818,Other,2,0,0,0,0,0,0,0,0,0,1,0,0,0,1,1,3754.278728606357,0.07142857142857142,0.0024449877750611247
3300000,845,Other,2,0,0,0,0,0,0,0,0,0,1,0,0,0,1,1,3905.3254437869823,0.07142857142857142,0.002366863905325444
18500000,1550,Vasant Kunj,3,1,0,0,0,0,0,0,0,0,1,0,0,1,1,0,11935.483870967742,0.0,0.001935483870967742
19000000,1650,Vasant Kunj,3,1,0,0,0,0,0,0,0,0,1,0,0,1,1,0,11515.151515151516,0.0,0.0018181818181818182
14500000,1100,Vasant Kunj,2,1,0,0,0,0,0,0,0,0,1,0,0,1,1,0,13181.818181818182,0.0,0.0018181818181818182
22500000,1650,Vasant Kunj,3,1,0,0,0,0,0,0,0,0,1,0,0,1,1,0,13636.363636363636,0.0,0.0018181818181818182
6500000,550,Vasant Kunj,1,1,0,0,1,1,1,0,0,0,0,0,0,1,1,5,11818.181818181818,0.35714285714285715,0.0018181818181818182
7000000,581,Vasant Kunj,1,1,0,0,0,0,0,0,0,1,1,1,0,1,1,4,12048.192771084337,0.2857142857142857,0.0017211703958691911
4500000,1250,Other,3,1,0,0,0,0,0,0,0,0,1,0,0,0,1,0,3600.0,0.0,0.0024
5999000,1350,Other,3,1,0,0,0,0,0,0,0,0,1,0,0,0,1,0,4443.7037037037035,0.0,0.0022222222222222222
22500000,1350,Other,2,1,0,0,1,1,0,0,1,0,1,1,0,1,1,0,16666.666666666668,0.0,0.0014814814814814814
7200000,580,Vasant Kunj,1,1,0,0,0,0,0,0,0,0,1,1,0,0,1,5,12413.793103448275,0.35714285714285715,0.0017241379310344827
5100000,1500,Other,3,0,0,0,0,0,0,0,0,0,1,0,0,0,1,1,3400.0,0.07142857142857142,0.002
13000000,1500,Other,3,1,1,0,0,1,1,1,1,0,0,0,0,1,1,4,8666.666666666666,0.2857142857142857,0.002
11500000,1440,Other,4,1,0,0,1,0,0,0,0,0,0,0,0,0,1,0,7986.111111111111,0.0,0.002777777777777778
3000000,750,Dwarka Mor,3,0,0,0,1,0,0,0,0,1,0,0,0,0,1,0,4000.0,0.0,0.004
17500000,1200,Vasant Kunj,3,1,1,0,0,1,0,0,1,1,1,0,0,1,1,2,14583.333333333334,0.14285714285714285,0.0025
47500000,2500,Other,4,1,0,0,0,0,0,0,0,0,1,0,0,0,1,0,19000.0,0.0,0.0016
4900000,1475,Other,3,0,0,0,0,0,0,0,0,0,1,0,0,0,1,1,3322.0338983050847,0.07142857142857142,0.002033898305084746
2600000,833,Other,2,0,0,0,0,0,0,0,0,0,1,0,0,0,1,1,3121.24849939976,0.07142857142857142,0.0024009603841536613
2800000,850,Other,2,0,0,0,0,0,0,0,0,0,1,0,0,0,1,1,3294.1176470588234,0.07142857142857142,0.002352941176470588
2500000,900,Other,2,0,0,0,0,0,0,0,0,1,1,0,0,0,1,1,2777.777777777778,0.07142857142857142,0.0022222222222222222
4351000,1450,Other,3,0,0,0,0,0,0,0,0,1,1,0,0,0,1,1,3000.689655172414,0.07142857142857142,0.0020689655172413794
2900000,799,Other,2,1,0,0,0,1,0,0,0,1,1,0,0,0,1,1,3629.5369211514394,0.07142857142857142,0.0025031289111389237
4300000,1400,Other,3,0,0,0,0,0,0,0,0,0,1,0,0,0,1,1,3071.4285714285716,0.07142857142857142,0.002142857142857143
4699000,1300,Other,3,0,0,0,0,0,0,0,0,0,1,0,0,0,1,1,3614.6153846153848,0.07142857142857142,0.002307692307692308
3500000,765,Dwarka Mor,3,0,0,0,1,0,0,0,0,1,0,0,0,0,1,0,4575.16339869281,0.0,0.00392156862745098
3000000,750,Dwarka Mor,3,0,0,0,1,0,0,0,0,1,0,0,0,0,1,0,4000.0,0.0,0.004
2000000,450,Dwarka Mor,1,0,0,0,0,0,0,0,0,1,0,0,0,0,1,0,4444.444444444444,0.0,0.0022222222222222222
14800000,1030,Other,3,0,0,0,0,0,0,0,0,0,0,0,0,0,0,0,14368.932038834952,0.0,0.002912621359223301
15500000,1025,Other,3,0,0,0,0,0,0,0,0,0,0,0,0,0,0,0,15121.951219512195,0.0,0.002926829268292683
15500000,1025,Other,3,0,0,0,0,0,0,0,0,0,0,0,0,0,0,0,15121.951219512195,0.0,0.002926829268292683
16000000,1400,Other,3,0,0,0,0,0,0,0,0,0,0,0,0,0,0,0,11428.57142857143,0.0,0.002142857142857143
15500000,1035,Other,3,0,0,0,0,0,0,0,0,0,0,0,0,0,0,0,14975.845410628019,0.0,0.002898550724637681
15000000,1025,Other,3,0,0,0,0,0,0,0,0,0,0,0,0,0,0,0,14634.146341463415,0.0,0.002926829268292683
14800000,1030,Other,3,0,0,0,0,0,0,0,0,0,0,0,0,0,0,0,14368.932038834952,0.0,0.002912621359223301
15000000,1025,Other,3,0,0,0,0,0,0,0,0,0,0,0,0,0,0,0,14634.146341463415,0.0,0.002926829268292683
16000000,1400,Other,3,0,0,0,0,0,0,0,0,0,0,0,0,0,0,0,11428.57142857143,0.0,0.002142857142857143
14800000,1030,Other,3,0,0,0,0,0,0,0,0,0,0,0,0,0,0,0,14368.932038834952,0.0,0.002912621359223301
15500000,1025,Other,3,0,0,0,0,0,0,0,0,0,0,0,0,0,0,0,15121.951219512195,0.0,0.002926829268292683
14800000,1030,Other,3,0,0,0,0,0,0,0,0,0,0,0,0,0,0,0,14368.932038834952,0.0,0.002912621359223301
14800000,1030,Other,3,0,0,0,0,0,0,0,0,0,0,0,0,0,0,0,14368.932038834952,0.0,0.002912621359223301
14800000,1030,Other,3,0,0,0,0,0,0,0,0,0,0,0,0,0,0,0,14368.932038834952,0.0,0.002912621359223301
15500000,1035,Other,3,0,0,0,0,0,0,0,0,0,0,0,0,0,0,0,14975.845410628019,0.0,0.002898550724637681
15500000,1025,Other,3,0,0,0,0,0,0,0,0,0,0,0,0,0,0,0,15121.951219512195,0.0,0.002926829268292683
15500000,1025,Other,3,0,0,0,0,0,0,0,0,0,0,0,0,0,0,0,15121.951219512195,0.0,0.002926829268292683
15500000,1035,Other,3,0,0,0,0,0,0,0,0,0,0,0,0,0,0,0,14975.845410628019,0.0,0.002898550724637681
15500000,1035,Other,3,0,0,0,0,0,0,0,0,0,0,0,0,0,0,0,14975.845410628019,0.0,0.002898550724637681
15500000,1035,Other,3,0,0,0,0,0,0,0,0,0,0,0,0,0,0,0,14975.845410628019,0.0,0.002898550724637681
15500000,1025,Other,3,0,0,0,0,0,0,0,0,0,0,0,0,0,0,0,15121.951219512195,0.0,0.002926829268292683
15500000,1035,Other,3,0,0,0,0,0,0,0,0,0,0,0,0,0,0,0,14975.845410628019,0.0,0.002898550724637681
8000000,1125,Other,3,1,0,0,0,0,0,0,0,0,1,0,0,0,1,0,7111.111111111111,0.0,0.0026666666666666666
17500000,1350,Alaknanda,2,1,0,0,0,0,0,0,0,0,1,1,0,1,0,7,12962.962962962964,0.5,0.0014814814814814814
19500000,1650,Alaknanda,3,1,0,0,0,0,0,0,0,0,1,0,0,1,0,0,11818.181818181818,0.0,0.0018181818181818182
23000000,1650,Other,3,1,0,0,0,0,0,0,0,0,0,0,0,1,0,0,13939.39393939394,0.0,0.0018181818181818182
17500000,1350,Alaknanda,3,1,0,0,0,0,0,0,0,0,1,0,0,1,0,0,12962.962962962964,0.0,0.0022222222222222222
18500000,1400,Alaknanda,3,1,0,0,0,1,0,0,0,0,1,0,0,1,0,0,13214.285714285714,0.0,0.002142857142857143
13500000,900,Other,2,1,0,0,0,0,0,0,0,1,1,0,0,0,0,1,15000.0,0.07142857142857142,0.0022222222222222222
2500000,410,Other,1,1,0,0,0,0,0,0,0,0,0,0,0,0,0,1,6097.5609756097565,0.07142857142857142,0.0024390243902439024
12500000,1700,Sector 6 Dwarka,3,1,1,0,1,0,1,1,1,1,0,0,0,1,1,9,7352.941176470588,0.6428571428571429,0.0017647058823529412
11399999,1800,Sector 12 Dwarka,3,1,0,0,1,1,1,1,1,1,1,0,0,1,1,2,6333.332777777778,0.14285714285714285,0.0016666666666666668
40000000,2600,Vasant Kunj,3,1,1,0,1,1,1,0,1,1,1,0,0,1,1,2,15384.615384615385,0.14285714285714285,0.001153846153846154
21000000,1700,Vasant Kunj,2,1,1,0,1,1,1,0,1,1,1,0,0,1,1,2,12352.941176470587,0.14285714285714285,0.001176470588235294
22000000,1350,Other,3,1,0,0,1,0,0,0,1,0,1,0,0,1,1,0,16296.296296296296,0.0,0.0022222222222222222
30000000,2200,Vasant Kunj,2,1,1,0,1,1,1,0,1,1,1,0,0,1,1,2,13636.363636363636,0.14285714285714285,0.0009090909090909091
8000000,580,Vasant Kunj,1,1,1,0,0,0,1,0,1,1,1,1,0,1,1,5,13793.103448275862,0.35714285714285715,0.0017241379310344827
29000000,1800,Vasant Kunj,3,1,1,0,0,1,0,0,1,1,1,0,0,1,1,2,16111.111111111111,0.14285714285714285,0.0016666666666666668
14000000,1100,Vasant Kunj,2,1,1,0,0,1,1,0,1,1,1,0,0,1,1,2,12727.272727272728,0.14285714285714285,0.0018181818181818182
75000000,2000,Vasant Kunj,3,1,1,0,1,1,1,0,1,1,1,0,0,1,1,2,37500.0,0.14285714285714285,0.0015
17000000,1150,Other,2,1,1,0,0,1,1,1,1,1,1,0,0,1,0,5,14782.608695652174,0.35714285714285715,0.0017391304347826088
7500000,650,Vasant Kunj,1,1,1,0,0,1,0,0,1,1,1,1,0,1,1,7,11538.461538461539,0.5,0.0015384615384615385
16000000,1100,Vasant Kunj,1,1,1,0,1,1,1,0,1,1,1,1,0,1,1,8,14545.454545454546,0.5714285714285714,0.0009090909090909091
16000000,1300,Vasant Kunj,2,1,1,0,0,1,0,0,1,1,1,0,0,1,1,2,12307.692307692309,0.14285714285714285,0.0015384615384615385
11500000,1050,Vasant Kunj,1,1,1,0,0,1,0,0,1,1,0,0,0,1,1,2,10952.380952380952,0.14285714285714285,0.0009523809523809524
9000000,1500,Uttam Nagar,4,0,0,0,0,0,0,0,0,1,0,0,0,0,1,0,6000.0,0.0,0.0026666666666666666
8900000,1400,Uttam Nagar,4,0,0,0,0,0,0,0,0,1,0,0,0,0,1,0,6357.142857142857,0.0,0.002857142857142857
4700000,820,Uttam Nagar,3,0,0,0,0,0,0,0,0,1,0,0,0,0,1,0,5731.707317073171,0.0,0.003658536585365854
2700000,625,Uttam Nagar,2,0,0,0,0,0,0,0,0,1,0,0,0,0,1,0,4320.0,0.0,0.0032
2400000,525,Uttam Nagar,2,0,0,0,0,0,0,0,0,1,0,0,0,0,1,0,4571.428571428572,0.0,0.0038095238095238095
7500000,1350,Uttam Nagar,3,0,0,0,0,0,0,0,0,1,0,0,0,0,1,0,5555.555555555556,0.0,0.0022222222222222222
3500000,750,Uttam Nagar,2,0,0,0,0,0,0,0,0,1,0,0,0,0,1,0,4666.666666666667,0.0,0.0026666666666666666
4200000,850,Uttam Nagar,3,0,0,0,0,0,0,0,0,1,0,0,0,0,1,0,4941.176470588235,0.0,0.0035294117647058825
12000000,1100,Vasant Kunj,2,1,1,0,0,0,1,0,1,1,0,0,0,0,1,1,10909.09090909091,0.07142857142857142,0.0018181818181818182
12000000,1000,Other,2,1,0,0,0,0,0,0,0,1,1,0,0,1,0,0,12000.0,0.0,0.002
12500000,900,Other,2,1,0,0,0,0,0,0,1,1,0,0,0,0,0,0,13888.888888888889,0.0,0.0022222222222222222
12000000,950,Other,2,1,0,0,0,0,0,0,0,1,1,0,0,0,0,0,12631.578947368422,0.0,0.002105263157894737
6900000,1565,Other,3,1,0,0,0,1,0,0,0,0,0,0,0,1,0,0,4408.945686900958,0.0,0.0019169329073482429
2300000,450,Other,1,1,0,0,1,0,0,0,0,0,1,0,0,0,1,0,5111.111111111111,0.0,0.0022222222222222222
4200000,675,Other,3,1,0,0,1,0,0,0,0,0,1,0,0,0,1,0,6222.222222222223,0.0,0.0044444444444444444
19000000,1400,Other,3,1,0,0,0,0,0,0,0,0,1,0,0,0,0,0,13571.42857142857,0.0,0.002142857142857143
18000000,1500,Other,3,1,0,0,0,0,0,0,0,1,0,0,0,0,1,0,12000.0,0.0,0.002
8499000,750,Other,2,1,0,0,0,0,0,0,1,1,0,0,0,0,0,0,11332.0,0.0,0.0026666666666666666
3200000,750,Other,2,1,0,0,0,0,0,0,0,0,0,0,0,0,0,0,4266.666666666667,0.0,0.0026666666666666666
40000000,1485,Other,3,1,0,0,0,0,0,0,0,1,0,0,0,0,0,0,26936.026936026938,0.0,0.00202020202020202
5700000,1125,Other,3,1,0,0,0,0,0,0,0,0,0,0,0,0,1,0,5066.666666666667,0.0,0.0026666666666666666
32500000,1800,Other,3,1,0,0,1,1,1,0,1,1,0,1,0,1,1,2,18055.555555555555,0.14285714285714285,0.0016666666666666668
5000000,810,Uttam Nagar,3,1,0,0,0,0,0,0,1,0,0,0,0,0,1,0,6172.83950617284,0.0,0.003703703703703704
6200000,900,Uttam Nagar,3,1,0,0,1,0,0,0,0,0,0,0,0,0,1,0,6888.888888888889,0.0,0.0033333333333333335
5200000,765,Uttam Nagar,3,1,0,0,1,0,0,0,0,0,0,0,0,0,1,0,6797.385620915033,0.0,0.00392156862745098
41800000,2550,Other,4,1,1,1,1,1,1,1,1,1,1,1,0,1,1,9,16392.156862745098,0.6428571428571429,0.001568627450980392
5100000,1125,Other,2,1,0,0,0,0,0,0,0,0,0,0,0,0,0,0,4533.333333333333,0.0,0.0017777777777777779
5233000,1300,Other,3,1,0,0,0,1,0,0,0,0,0,0,0,1,0,0,4025.3846153846152,0.0,0.002307692307692308
36000000,2250,Other,3,1,1,1,1,1,1,1,1,1,1,1,0,1,1,10,16000.0,0.7142857142857143,0.0013333333333333333
25000000,1560,Other,3,1,0,0,1,1,0,0,1,0,1,0,0,1,1,0,16025.641025641025,0.0,0.0019230769230769232
9000000,650,Vasant Kunj,1,1,1,0,0,1,1,0,1,1,1,0,0,1,1,2,13846.153846153846,0.14285714285714285,0.0015384615384615385
18500000,1700,Vasant Kunj,3,1,1,0,0,1,1,0,1,1,1,0,0,1,1,2,10882.35294117647,0.14285714285714285,0.0017647058823529412
2868000,562,Other,2,1,0,0,0,0,0,0,0,0,0,0,0,0,0,0,5103.202846975089,0.0,0.0035587188612099642
21500000,2100,Sector 6 Dwarka,4,1,0,0,1,1,1,0,1,0,1,1,0,1,1,9,10238.095238095239,0.6428571428571429,0.0019047619047619048
21000000,1800,Sector 6 Dwarka,3,1,0,0,1,1,1,0,1,0,1,1,0,1,1,9,11666.666666666666,0.6428571428571429,0.0016666666666666668
18000000,1500,Sector 6 Dwarka,3,1,0,0,1,1,1,0,1,0,1,1,0,1,1,9,12000.0,0.6428571428571429,0.002
13799999,1500,Other,3,1,0,0,1,1,1,0,1,0,1,1,0,1,1,9,9199.999333333333,0.6428571428571429,0.002
16000000,1500,Sector 10 Dwarka,3,1,0,0,1,1,1,1,1,1,1,1,0,1,1,13,10666.666666666666,0.9285714285714286,0.002
20000000,2100,Sector 6 Dwarka,4,1,0,0,1,1,1,0,1,0,1,1,0,1,1,9,9523.809523809523,0.6428571428571429,0.0019047619047619048
3325000,549,Other,2,1,0,0,0,0,0,0,0,0,0,0,0,0,0,0,6056.466302367941,0.0,0.0036429872495446266
12500000,900,Other,3,1,0,0,0,0,0,0,1,1,0,0,0,0,0,0,13888.888888888889,0.0,0.0033333333333333335
8500000,1100,Other,2,1,0,0,0,0,0,0,0,0,1,0,0,1,0,0,7727.272727272727,0.0,0.0018181818181818182
6300000,750,Other,1,1,0,0,0,0,0,0,0,1,1,0,0,0,0,0,8400.0,0.0,0.0013333333333333333
12500000,1200,Other,3,1,0,0,0,0,0,0,0,0,0,0,0,0,0,0,10416.666666666666,0.0,0.0025
8700000,1050,Other,2,1,0,0,0,0,0,0,0,1,1,0,0,0,0,0,8285.714285714286,0.0,0.0019047619047619048
19900000,1700,Vasant Kunj,2,1,1,0,1,1,1,0,1,1,1,0,0,1,1,2,11705.882352941177,0.14285714285714285,0.001176470588235294
15000000,1150,Vasant Kunj,2,1,1,0,0,0,0,0,0,1,0,0,0,0,1,1,13043.478260869566,0.07142857142857142,0.0017391304347826088
22000000,1150,Vasant Kunj,2,1,1,0,0,1,1,0,1,1,1,0,0,1,1,2,19130.434782608696,0.14285714285714285,0.0017391304347826088
21500000,1700,Vasant Kunj,3,1,1,0,1,1,1,0,1,1,1,0,0,1,1,4,12647.058823529413,0.2857142857142857,0.0017647058823529412
21500000,1150,Vasant Kunj,2,1,1,0,0,1,0,0,1,1,1,0,0,1,1,2,18695.652173913044,0.14285714285714285,0.0017391304347826088
28000000,1800,Vasant Kunj,3,1,1,0,0,1,0,0,1,1,1,0,0,1,1,2,15555.555555555555,0.14285714285714285,0.0016666666666666668
22000000,1300,Vasant Kunj,2,1,1,0,0,1,0,0,0,1,1,0,0,1,1,2,16923.076923076922,0.14285714285714285,0.0015384615384615385
5300000,855,Uttam Nagar,3,1,0,0,0,0,0,0,0,0,0,0,0,0,1,0,6198.830409356725,0.0,0.0035087719298245615
35000000,1953,Other,3,0,0,0,1,1,1,0,1,1,1,1,0,1,1,3,17921.14695340502,0.21428571428571427,0.0015360983102918587
19500000,1650,Vasant Kunj,3,1,1,0,0,0,1,0,1,1,1,0,0,1,1,2,11818.181818181818,0.14285714285714285,0.0018181818181818182
4200000,750,Other,2,1,0,0,0,0,0,0,0,0,0,0,0,0,0,0,5600.0,0.0,0.0026666666666666666
5400000,855,Uttam Nagar,3,1,0,0,1,0,0,0,0,0,0,0,0,0,1,0,6315.789473684211,0.0,0.0035087719298245615
5100000,900,Other,2,1,0,0,0,0,0,0,0,0,0,0,0,0,1,0,5666.666666666667,0.0,0.0022222222222222222
65000000,1950,Other,3,1,0,0,1,1,1,0,0,0,0,1,0,1,0,2,33333.333333333336,0.14285714285714285,0.0015384615384615385
24900000,1900,Other,4,1,0,0,1,1,1,0,1,0,1,1,0,1,1,9,13105.263157894737,0.6428571428571429,0.002105263157894737
22500000,1900,Sector 19 Dwarka,4,1,0,0,1,1,1,0,1,1,1,1,0,1,1,9,11842.105263157895,0.6428571428571429,0.002105263157894737
20500000,1900,Sector 11 Dwarka,4,1,0,0,1,1,1,0,1,0,1,1,0,1,1,9,10789.473684210527,0.6428571428571429,0.002105263157894737
17500000,1900,Sector 22 Dwarka,4,1,0,0,1,1,1,1,1,0,1,1,0,1,1,11,9210.526315789473,0.7857142857142857,0.002105263157894737
7200000,500,Vasant Kunj,1,1,0,0,0,0,0,0,0,0,1,0,0,1,1,0,14400.0,0.0,0.002
14500000,800,Other,2,1,1,0,0,0,0,0,1,0,0,0,0,1,0,0,18125.0,0.0,0.0025
8000000,1000,Other,2,1,0,0,0,0,0,0,0,0,0,0,0,0,0,0,8000.0,0.0,0.002
14000000,1500,Sector 10 Dwarka,3,1,1,0,1,1,1,1,1,1,1,1,0,1,1,10,9333.333333333334,0.7142857142857143,0.002
7200000,500,Vasant Kunj,1,1,0,0,0,0,0,0,0,0,1,0,0,1,1,0,14400.0,0.0,0.002
14500000,800,Other,2,1,1,0,0,0,0,0,1,0,0,0,0,1,0,0,18125.0,0.0,0.0025
8000000,1000,Other,2,1,0,0,0,0,0,0,0,0,0,0,0,0,0,0,8000.0,0.0,0.002
2200000,450,Other,1,1,1,0,0,0,0,0,1,0,0,0,0,0,0,2,4888.888888888889,0.14285714285714285,0.0022222222222222222
14800000,1300,Other,2,1,0,0,0,0,0,0,0,0,1,0,0,0,0,0,11384.615384615385,0.0,0.0015384615384615385
12000000,900,Other,2,1,0,0,0,0,0,0,0,0,0,0,0,0,0,0,13333.333333333334,0.0,0.0022222222222222222
4500000,900,Other,2,1,0,0,0,0,0,0,0,0,0,0,0,0,1,0,5000.0,0.0,0.0022222222222222222
7000000,1600,Vasant Kunj,3,1,0,0,0,0,0,0,0,0,0,0,0,0,0,0,4375.0,0.0,0.001875
5500000,1000,Vasant Kunj,2,1,0,0,0,0,0,0,0,0,0,0,0,0,0,0,5500.0,0.0,0.002
20000000,1150,Vasant Kunj,1,1,1,0,0,1,0,0,1,1,1,0,0,0,1,1,17391.304347826088,0.07142857142857142,0.0008695652173913044
17500000,1800,Sector 6 Dwarka,3,1,0,0,1,1,1,0,1,0,1,1,0,1,1,9,9722.222222222223,0.6428571428571429,0.0016666666666666668
14700000,1500,Sector 6 Dwarka,3,1,1,0,1,1,1,1,1,1,1,1,0,1,1,13,9800.0,0.9285714285714286,0.002
15500000,1500,Other,3,1,0,0,1,1,1,0,1,0,1,1,0,1,1,9,10333.333333333334,0.6428571428571429,0.002
9000000,950,Other,2,1,0,0,0,0,0,0,0,0,0,0,0,0,0,0,9473.684210526315,0.0,0.002105263157894737
3000000,450,Other,1,1,0,0,0,0,0,0,0,0,0,0,0,0,0,0,6666.666666666667,0.0,0.0022222222222222222
11800000,1200,Other,2,1,0,0,0,1,1,0,0,0,1,0,0,1,0,1,9833.333333333334,0.07142857142857142,0.0016666666666666668
3600000,650,Other,2,1,0,0,0,0,0,0,0,0,0,0,0,0,1,0,5538.461538461538,0.0,0.003076923076923077
17000000,1150,Other,3,1,0,0,0,0,0,0,0,0,1,0,0,1,0,1,14782.608695652174,0.07142857142857142,0.0026086956521739132
3000000,450,Other,1,1,0,0,0,0,0,0,0,0,0,0,0,0,0,0,6666.666666666667,0.0,0.0022222222222222222
10500000,900,Other,2,1,0,0,0,0,0,0,0,0,0,0,0,0,0,0,11666.666666666666,0.0,0.0022222222222222222
5300000,855,Uttam Nagar,3,1,0,0,0,0,0,0,0,0,0,0,0,0,1,0,6198.830409356725,0.0,0.0035087719298245615
35000000,1953,Other,3,0,0,0,1,1,1,0,1,1,1,1,0,1,1,3,17921.14695340502,0.21428571428571427,0.0015360983102918587
5100000,900,Other,2,1,0,0,0,0,0,0,0,0,0,0,0,0,1,0,5666.666666666667,0.0,0.0022222222222222222
65000000,1950,Other,3,1,0,0,1,1,1,0,0,0,0,1,0,1,0,2,33333.333333333336,0.14285714285714285,0.0015384615384615385
12000000,1300,Other,1,1,0,0,0,0,0,0,0,0,1,1,0,0,0,0,9230.76923076923,0.0,0.0007692307692307692
10000000,900,Other,2,1,0,0,0,0,0,0,0,0,0,0,0,0,0,0,11111.111111111111,0.0,0.0022222222222222222
20000000,2000,Other,3,1,1,0,0,0,0,1,1,1,0,0,0,1,0,2,10000.0,0.14285714285714285,0.0015
27000000,1800,Vasant Kunj,2,1,1,0,1,1,1,0,1,1,1,1,0,1,1,2,15000.0,0.14285714285714285,0.0011111111111111111
4200000,800,Other,2,1,0,0,0,0,0,0,0,0,0,0,0,0,1,0,5250.0,0.0,0.0025
21000000,1900,Sector 10 Dwarka,4,1,0,0,1,1,1,0,1,1,1,1,0,1,1,10,11052.631578947368,0.7142857142857143,0.002105263157894737
17500000,1900,Sector 22 Dwarka,4,1,0,0,1,1,1,1,1,0,1,1,0,1,1,11,9210.526315789473,0.7857142857142857,0.002105263157894737
11500000,1150,Sector 22 Dwarka,2,1,0,0,1,1,1,0,1,0,1,1,0,1,1,9,10000.0,0.6428571428571429,0.0017391304347826088
23000000,2000,Sector 19 Dwarka,4,1,0,0,1,1,1,0,1,0,1,1,0,1,1,9,11500.0,0.6428571428571429,0.002
13500000,1500,Other,3,1,0,0,1,1,1,0,1,0,1,1,0,1,1,9,9000.0,0.6428571428571429,0.002
12400000,1150,Sector 19 Dwarka,2,1,0,0,1,1,1,0,1,0,1,1,0,1,1,9,10782.608695652174,0.6428571428571429,0.0017391304347826088
16500000,1500,Other,3,1,0,0,1,1,1,0,1,0,1,1,0,1,1,9,11000.0,0.6428571428571429,0.002
10500000,1150,Other,2,1,0,0,1,1,1,0,1,0,1,1,0,1,1,9,9130.434782608696,0.6428571428571429,0.0017391304347826088
17500000,1500,Sector 12 Dwarka,3,1,0,0,1,1,1,0,1,0,1,1,0,1,1,9,11666.666666666666,0.6428571428571429,0.002
10500000,1150,Other,2,1,0,0,1,1,1,1,1,1,1,1,0,1,1,13,9130.434782608696,0.9285714285714286,0.0017391304347826088
3000000,450,Other,1,1,0,0,0,0,0,0,0,0,0,0,0,0,0,0,6666.666666666667,0.0,0.0022222222222222222
11800000,1200,Other,2,1,0,0,0,1,1,0,0,0,1,0,0,1,0,1,9833.333333333334,0.07142857142857142,0.0016666666666666668
3600000,650,Other,2,1,0,0,0,0,0,0,0,0,0,0,0,0,1,0,5538.461538461538,0.0,0.003076923076923077
19900000,1700,Vasant Kunj,2,1,1,0,1,1,1,0,1,1,1,0,0,1,1,2,11705.882352941177,0.14285714285714285,0.001176470588235294
24900000,1900,Other,4,1,0,0,1,1,1,0,1,0,1,1,0,1,1,9,13105.263157894737,0.6428571428571429,0.002105263157894737
14500000,1500,Other,3,1,0,0,1,1,1,0,1,0,1,1,0,1,1,9,9666.666666666666,0.6428571428571429,0.002
20500000,1900,Sector 11 Dwarka,4,1,0,0,1,1,1,0,1,0,1,1,0,1,1,9,10789.473684210527,0.6428571428571429,0.002105263157894737
11500000,1150,Sector 22 Dwarka,2,1,0,0,1,1,1,0,1,0,1,1,0,1,1,9,10000.0,0.6428571428571429,0.0017391304347826088
23000000,2000,Sector 19 Dwarka,4,1,0,0,1,1,1,0,1,0,1,1,0,1,1,9,11500.0,0.6428571428571429,0.002
13500000,1500,Other,3,1,0,0,1,1,1,0,1,0,1,1,0,1,1,9,9000.0,0.6428571428571429,0.002
12400000,1150,Sector 19 Dwarka,2,1,0,0,1,1,1,0,1,0,1,1,0,1,1,9,10782.608695652174,0.6428571428571429,0.0017391304347826088
7200000,500,Vasant Kunj,1,1,0,0,0,0,0,0,0,0,1,0,0,1,1,0,14400.0,0.0,0.002
14500000,800,Other,2,1,1,0,0,0,0,0,1,0,0,0,0,1,0,0,18125.0,0.0,0.0025
8000000,1000,Other,2,1,0,0,0,0,0,0,0,0,0,0,0,0,0,0,8000.0,0.0,0.002
2200000,450,Other,1,1,1,0,0,0,0,0,1,0,0,0,0,0,0,2,4888.888888888889,0.14285714285714285,0.0022222222222222222
3325000,549,Other,2,1,0,0,0,0,0,0,0,0,0,0,0,0,0,0,6056.466302367941,0.0,0.0036429872495446266
12000000,1300,Other,1,1,0,0,0,0,0,0,0,0,1,1,0,0,0,0,9230.76923076923,0.0,0.0007692307692307692
10000000,900,Other,2,1,0,0,0,0,0,0,0,0,0,0,0,0,0,0,11111.111111111111,0.0,0.0022222222222222222
20000000,2000,Other,3,1,1,0,0,0,0,1,1,1,0,0,0,1,0,2,10000.0,0.14285714285714285,0.0015
22000000,2000,Other,3,1,1,0,0,0,0,1,1,1,0,0,0,1,0,3,11000.0,0.21428571428571427,0.0015
7000000,650,Vasant Kunj,1,1,1,0,0,1,1,0,1,1,1,1,0,1,1,8,10769.23076923077,0.5714285714285714,0.0015384615384615385
29000000,1800,Vasant Kunj,3,1,1,0,0,1,0,0,0,1,1,0,0,1,1,2,16111.111111111111,0.14285714285714285,0.0016666666666666668
7500000,650,Vasant Kunj,1,1,1,0,0,1,1,0,1,1,0,0,0,1,1,2,11538.461538461539,0.14285714285714285,0.0015384615384615385
3000000,500,Other,1,1,0,0,0,0,0,0,0,0,0,0,0,0,0,0,6000.0,0.0,0.002
19500000,1100,Vasant Kunj,2,1,1,0,0,1,1,0,1,1,1,0,0,1,1,1,17727.272727272728,0.07142857142857142,0.0018181818181818182
25000000,1800,Vasant Kunj,3,1,1,0,0,1,1,0,1,1,1,0,0,1,1,2,13888.888888888889,0.14285714285714285,0.0016666666666666668
26000000,1700,Vasant Kunj,3,1,1,0,0,1,0,0,1,1,1,0,0,1,1,1,15294.117647058823,0.07142857142857142,0.0017647058823529412
3400000,675,Other,3,1,0,0,1,0,0,0,0,0,0,0,0,0,1,0,5037.037037037037,0.0,0.0044444444444444444
12500000,1200,Other,3,1,0,0,1,1,1,0,1,0,0,0,0,1,0,2,10416.666666666666,0.14285714285714285,0.0025
9000000,1000,Other,2,1,0,0,1,1,1,0,1,0,0,0,0,1,0,2,9000.0,0.14285714285714285,0.002
10000000,1200,Other,3,1,0,0,1,1,1,0,1,0,0,0,0,1,0,2,8333.333333333334,0.14285714285714285,0.0025
10000000,1200,Other,3,1,0,0,1,1,1,0,1,0,0,0,0,1,1,2,8333.333333333334,0.14285714285714285,0.0025
12500000,1000,Other,2,1,0,0,0,0,0,0,0,0,0,0,0,0,0,0,12500.0,0.0,0.002
9400000,1000,Other,2,1,0,0,0,0,0,0,0,0,0,0,0,0,0,0,9400.0,0.0,0.002
16500000,1350,Other,3,1,0,0,0,0,0,0,0,0,0,0,0,0,0,0,12222.222222222223,0.0,0.0022222222222222222
15000000,1025,Other,2,1,0,0,1,1,0,0,1,1,1,0,0,1,1,1,14634.146341463415,0.07142857142857142,0.001951219512195122
18500000,1250,Other,3,1,0,0,0,0,0,0,1,1,0,0,0,0,1,0,14800.0,0.0,0.0024
10700000,1000,Other,2,1,0,0,0,0,0,0,1,1,0,0,0,0,0,0,10700.0,0.0,0.002
19500000,900,Other,3,1,0,0,1,0,0,0,1,1,1,0,0,0,1,0,21666.666666666668,0.0,0.0033333333333333335
16000000,1500,Other,1,1,0,0,0,0,0,0,0,0,1,0,0,1,0,0,10666.666666666666,0.0,0.0006666666666666666
8000000,650,Vasant Kunj,1,1,0,0,0,0,0,0,0,0,1,0,0,1,1,0,12307.692307692309,0.0,0.0015384615384615385
16000000,1100,Vasant Kunj,2,1,0,0,0,0,0,0,0,0,1,0,0,1,1,0,14545.454545454546,0.0,0.0018181818181818182
19000000,1650,Vasant Kunj,3,1,1,0,0,0,0,1,1,1,1,0,0,1,1,3,11515.151515151516,0.21428571428571427,0.0018181818181818182
11900000,1100,Other,2,1,0,0,0,0,1,0,1,0,0,0,0,1,0,0,10818.181818181818,0.0,0.0018181818181818182
11700000,1050,Other,2,1,0,0,0,1,0,0,1,0,1,0,0,1,0,1,11142.857142857143,0.07142857142857142,0.0019047619047619048
11000000,1150,Other,2,1,0,0,0,0,0,0,1,0,1,0,0,1,0,1,9565.217391304348,0.07142857142857142,0.0017391304347826088
11100000,1050,Other,2,1,0,0,0,0,0,0,1,0,1,0,0,1,0,1,10571.42857142857,0.07142857142857142,0.0019047619047619048
11500000,1050,Other,2,1,0,0,0,0,0,0,1,0,0,0,0,1,0,1,10952.380952380952,0.07142857142857142,0.0019047619047619048
13799999,1450,Other,3,1,0,0,0,0,0,0,1,0,1,0,0,1,0,0,9517.240689655173,0.0,0.0020689655172413794
12600000,1450,Other,3,1,0,0,0,0,0,0,1,0,1,0,0,1,0,1,8689.655172413793,0.07142857142857142,0.0020689655172413794
11600000,1050,Other,2,1,0,0,0,0,0,0,1,0,1,0,0,1,0,1,11047.619047619048,0.07142857142857142,0.0019047619047619048
13600000,1450,Other,3,1,0,0,0,0,0,0,1,0,1,0,0,1,0,0,9379.310344827587,0.0,0.0020689655172413794
4999000,600,Other,1,1,0,0,0,0,0,0,0,0,1,0,0,0,0,0,8331.666666666666,0.0,0.0016666666666666668
14500000,1100,Vasant Kunj,2,1,1,0,1,1,1,0,1,1,1,0,0,1,1,2,13181.818181818182,0.14285714285714285,0.0018181818181818182
3600000,650,Other,2,1,0,0,1,0,0,0,0,0,1,0,0,0,1,0,5538.461538461538,0.0,0.003076923076923077
2400000,450,Other,1,1,0,0,1,0,0,0,0,0,1,0,0,0,1,0,5333.333333333333,0.0,0.0022222222222222222
5500000,900,Other,3,1,0,0,1,0,0,0,0,0,1,0,0,0,1,0,6111.111111111111,0.0,0.0033333333333333335
9000000,1200,Other,2,1,0,0,1,1,1,0,1,0,1,0,0,1,0,2,7500.0,0.14285714285714285,0.0016666666666666668
12000000,1350,Other,3,1,0,0,0,0,0,0,0,0,1,0,0,0,0,1,8888.888888888889,0.07142857142857142,0.0022222222222222222
16000000,1963,Other,4,1,0,0,0,1,0,0,0,0,0,0,0,1,0,0,8150.78960774325,0.0,0.0020376974019358125
11600000,1050,Other,2,1,0,0,0,0,0,0,1,0,1,0,0,1,0,1,11047.619047619048,0.07142857142857142,0.0019047619047619048
13600000,1450,Other,3,1,0,0,0,0,0,0,1,0,1,0,0,1,0,0,9379.310344827587,0.0,0.0020689655172413794
12500000,1100,Vasant Kunj,2,1,0,0,0,0,0,0,0,0,0,0,0,0,0,0,11363.636363636364,0.0,0.0018181818181818182
9400000,1000,Other,2,1,0,0,0,0,0,0,0,0,0,0,0,0,0,0,9400.0,0.0,0.002
16500000,1000,Other,2,1,0,0,0,0,0,0,0,0,0,0,0,0,0,0,16500.0,0.0,0.002
15000000,1350,Other,3,1,0,0,0,0,0,0,0,0,0,0,0,0,0,0,11111.111111111111,0.0,0.0022222222222222222
18500000,1025,Other,2,1,0,0,0,0,0,0,0,0,0,0,0,0,0,0,18048.780487804877,0.0,0.001951219512195122
10700000,1250,Other,3,1,0,0,0,0,0,0,0,0,0,0,0,0,0,0,8560.0,0.0,0.0024
19500000,1000,Other,2,1,0,0,0,0,0,0,0,0,0,0,0,0,0,0,19500.0,0.0,0.002
16000000,900,Other,3,1,0,0,0,0,0,0,0,0,0,0,0,0,0,0,17777.777777777777,0.0,0.0033333333333333335
8000000,1500,Other,1,1,0,0,0,0,0,0,0,0,0,0,0,0,0,0,5333.333333333333,0.0,0.0006666666666666666
16000000,650,Vasant Kunj,1,1,0,0,0,0,0,0,0,0,0,0,0,0,0,0,24615.384615384617,0.0,0.0015384615384615385
19000000,1100,Vasant Kunj,2,1,0,0,0,0,0,0,0,0,0,0,0,0,0,0,17272.727272727272,0.0,0.0018181818181818182
3902000,1650,Vasant Kunj,3,1,0,0,0,0,0,0,0,0,0,0,0,0,0,0,2364.848484848485,0.0,0.0018181818181818182
6800000,1000,Uttam Nagar,3,0,0,0,0,0,0,0,0,0,0,0,0,0,0,0,6800.0,0.0,0.003
3075000,1400,Uttam Nagar,4,0,0,0,0,0,0,0,0,0,0,0,0,0,0,0,2196.4285714285716,0.0,0.002857142857142857
2200000,820,Uttam Nagar,3,0,0,0,0,0,0,0,0,0,0,0,0,0,0,0,2682.9268292682927,0.0,0.003658536585365854
2369000,520,Uttam Nagar,2,0,0,0,0,0,0,0,0,0,0,0,0,0,0,0,4555.7692307692305,0.0,0.0038461538461538464
4000000,560,Uttam Nagar,2,0,0,0,0,0,0,0,0,0,0,0,0,0,0,0,7142.857142857143,0.0,0.0035714285714285713
6000000,1025,Uttam Nagar,3,0,0,0,0,0,0,0,0,0,0,0,0,0,0,0,5853.658536585366,0.0,0.002926829268292683
3000000,1250,Uttam Nagar,4,0,0,0,0,0,0,0,0,0,0,0,0,0,0,0,2400.0,0.0,0.0032
2700000,800,Uttam Nagar,3,0,0,0,0,0,0,0,0,0,0,0,0,0,0,0,3375.0,0.0,0.00375
2500000,600,Uttam Nagar,2,0,0,0,0,0,0,0,0,0,0,0,0,0,0,0,4166.666666666667,0.0,0.0033333333333333335
17500000,650,Other,2,0,0,0,0,0,0,0,0,0,0,0,0,0,0,0,26923.076923076922,0.0,0.003076923076923077
16800000,1711,Other,3,1,0,0,0,0,0,0,0,0,0,0,0,0,0,0,9818.819403857393,0.0,0.0017533606078316774
8900000,1650,Sector 4 Dwarka,4,1,0,0,0,0,0,0,0,0,0,0,0,0,0,0,5393.939393939394,0.0,0.0024242424242424242
5500000,1100,Other,3,1,0,0,0,0,0,0,0,0,0,0,0,0,0,0,5000.0,0.0,0.0027272727272727275
2700000,1000,Other,2,1,0,0,0,0,0,0,0,0,0,0,0,0,0,0,2700.0,0.0,0.002
4000000,600,Other,2,1,0,0,0,0,0,0,0,0,0,0,0,0,0,0,6666.666666666667,0.0,0.0033333333333333335
2500000,900,Other,3,1,0,0,0,0,0,0,0,0,0,0,0,0,0,0,2777.777777777778,0.0,0.0033333333333333335
4000000,650,Other,2,0,0,0,0,0,0,0,0,0,0,0,0,0,0,0,6153.846153846154,0.0,0.003076923076923077
2800000,900,Other,3,1,0,0,0,0,0,0,0,0,0,0,0,0,0,0,3111.1111111111113,0.0,0.0033333333333333335
2800000,630,Other,2,1,0,0,0,0,0,0,0,0,0,0,0,0,0,0,4444.444444444444,0.0,0.0031746031746031746
2800000,900,Other,2,1,0,0,0,0,0,0,0,0,0,0,0,0,0,0,3111.1111111111113,0.0,0.0022222222222222222
4000000,600,Other,2,1,0,0,0,0,0,0,0,0,0,0,0,0,0,0,6666.666666666667,0.0,0.0033333333333333335
4500000,800,Other,3,0,0,0,0,0,0,0,0,0,0,0,0,0,0,0,5625.0,0.0,0.00375
5600000,810,Other,3,0,0,0,0,0,0,0,0,0,0,0,0,0,0,0,6913.580246913581,0.0,0.003703703703703704
4399000,900,Other,3,0,0,0,0,0,0,0,0,0,0,0,0,0,0,0,4887.777777777777,0.0,0.0033333333333333335
4000000,720,Uttam Nagar,3,1,0,0,0,0,0,0,0,0,0,0,0,0,0,0,5555.555555555556,0.0,0.004166666666666667
2700000,810,Other,3,0,0,0,0,0,0,0,0,0,0,0,0,0,0,0,3333.3333333333335,0.0,0.003703703703703704
2500000,540,Other,2,0,0,0,0,0,0,0,0,0,0,0,0,0,0,0,4629.62962962963,0.0,0.003703703703703704
2700000,650,Other,2,0,0,0,0,0,0,0,0,0,0,0,0,0,0,0,4153.846153846154,0.0,0.003076923076923077
2500000,600,Other,2,1,0,0,0,0,0,0,0,0,0,0,0,0,0,0,4166.666666666667,0.0,0.0033333333333333335
2500000,540,Other,2,1,0,0,0,0,0,0,0,0,0,0,0,0,0,0,4629.62962962963,0.0,0.003703703703703704
3600000,500,Other,2,0,0,0,0,0,0,0,0,0,0,0,0,0,0,0,7200.0,0.0,0.004
6000000,675,Other,2,1,0,0,0,0,0,0,0,0,0,0,0,0,0,0,8888.888888888889,0.0,0.002962962962962963
6500000,1100,Other,3,0,0,0,0,0,0,0,0,0,0,0,0,0,0,0,5909.090909090909,0.0,0.0027272727272727275
2500000,1500,Other,3,1,0,0,0,0,0,0,0,0,0,0,0,0,0,0,1666.6666666666667,0.0,0.002
2600000,540,Other,2,0,0,0,0,0,0,0,0,0,0,0,0,0,0,0,4814.814814814815,0.0,0.003703703703703704
2000000,540,Other,2,0,0,0,0,0,0,0,0,0,0,0,0,0,0,0,3703.703703703704,0.0,0.003703703703703704
3600000,700,Uttam Nagar,2,0,0,0,0,0,0,0,0,0,0,0,0,0,0,0,5142.857142857143,0.0,0.002857142857142857
2000000,720,Uttam Nagar,3,0,0,0,0,0,0,0,0,0,0,0,0,0,0,0,2777.777777777778,0.0,0.004166666666666667
2900000,550,Uttam Nagar,2,1,0,0,0,0,0,0,0,0,0,0,0,0,0,0,5272.727272727273,0.0,0.0036363636363636364
21000000,500,Other,2,1,0,0,0,0,0,0,0,0,0,0,0,0,0,0,42000.0,0.0,0.004
2800000,1800,Other,3,1,0,0,0,0,0,0,0,0,0,0,0,0,0,0,1555.5555555555557,0.0,0.0016666666666666668
2200000,580,Other,2,0,0,0,0,0,0,0,0,0,0,0,0,0,0,0,3793.103448275862,0.0,0.0034482758620689655
3200000,650,Other,2,0,0,0,0,0,0,0,0,0,0,0,0,0,0,0,4923.076923076923,0.0,0.003076923076923077
2500000,850,Other,3,1,0,0,0,0,0,0,0,0,0,0,0,0,0,0,2941.176470588235,0.0,0.0035294117647058825
3200000,700,Other,2,1,0,0,0,0,0,0,0,0,0,0,0,0,0,0,4571.428571428572,0.0,0.002857142857142857
2600000,850,Other,3,1,0,0,0,0,0,0,0,0,0,0,0,0,0,0,3058.823529411765,0.0,0.0035294117647058825
2400000,500,Uttam Nagar,1,1,0,0,0,0,0,0,0,0,0,0,0,0,0,0,4800.0,0.0,0.002
5000000,650,Other,2,1,0,0,0,0,0,0,0,0,0,0,0,0,0,0,7692.307692307692,0.0,0.003076923076923077
2000000,760,Other,2,1,0,0,0,0,0,0,0,0,0,0,0,0,0,0,2631.5789473684213,0.0,0.002631578947368421
16900000,650,Other,2,1,0,0,0,0,0,0,0,0,0,0,0,0,0,0,26000.0,0.0,0.003076923076923077
15800000,1700,Sector 11 Dwarka,3,1,0,0,0,0,0,0,0,0,0,0,0,0,0,0,9294.117647058823,0.0,0.0017647058823529412
9500000,1700,Sector 11 Dwarka,3,1,0,0,0,0,0,0,0,0,0,0,0,0,0,0,5588.235294117647,0.0,0.0017647058823529412
2500000,800,Other,2,1,0,0,0,0,0,0,0,0,0,0,0,0,0,0,3125.0,0.0,0.0025
2500000,480,Other,2,1,0,0,0,0,0,0,0,0,0,0,0,0,0,0,5208.333333333333,0.0,0.004166666666666667
17800000,450,Other,1,1,0,0,0,0,0,0,0,0,0,0,0,0,0,0,39555.555555555555,0.0,0.0022222222222222222
2400000,1650,Sector 12 Dwarka,3,1,0,0,0,0,0,0,0,0,0,0,0,0,0,0,1454.5454545454545,0.0,0.0018181818181818182
4500000,650,Other,2,1,0,0,0,0,0,0,0,0,0,0,0,0,0,0,6923.076923076923,0.0,0.003076923076923077
2400000,900,Other,3,1,0,0,0,0,0,0,0,0,0,0,0,0,0,0,2666.6666666666665,0.0,0.0033333333333333335
2400000,650,Other,2,1,0,0,0,0,0,0,0,0,0,0,0,0,0,0,3692.3076923076924,0.0,0.003076923076923077
5600000,650,Other,2,1,0,0,0,0,0,0,0,0,0,0,0,0,0,0,8615.384615384615,0.0,0.003076923076923077
2450000,900,Other,3,1,0,0,0,0,0,0,0,0,0,0,0,0,0,0,2722.222222222222,0.0,0.0033333333333333335
3175000,450,Other,1,1,0,0,0,0,0,0,0,0,0,0,0,0,0,0,7055.555555555556,0.0,0.0022222222222222222
3300000,600,Other,2,1,0,0,0,0,0,0,0,0,0,0,0,0,0,0,5500.0,0.0,0.0033333333333333335
3200000,650,Other,2,1,0,0,0,0,0,0,0,0,0,0,0,0,0,0,4923.076923076923,0.0,0.003076923076923077
2500000,650,Other,2,1,0,0,0,0,0,0,0,0,0,0,0,0,0,0,3846.153846153846,0.0,0.003076923076923077
17800000,650,Other,2,1,0,0,0,0,0,0,0,0,0,0,0,0,0,0,27384.615384615383,0.0,0.003076923076923077
2400000,1650,Sector 12 Dwarka,3,1,0,0,0,0,0,0,0,0,0,0,0,0,0,0,1454.5454545454545,0.0,0.0018181818181818182
4500000,650,Other,2,1,0,0,0,0,0,0,0,0,0,0,0,0,0,0,6923.076923076923,0.0,0.003076923076923077
2400000,900,Other,3,1,0,0,0,0,0,0,0,0,0,0,0,0,0,0,2666.6666666666665,0.0,0.0033333333333333335
25000000,650,Other,2,1,0,0,0,0,0,0,0,0,0,0,0,0,0,0,38461.53846153846,0.0,0.003076923076923077
13000000,1800,Other,3,1,0,0,0,0,0,0,0,0,0,0,0,0,0,0,7222.222222222223,0.0,0.0016666666666666668
20000000,1150,Other,3,1,0,0,0,0,0,0,0,0,0,0,0,0,0,0,17391.304347826088,0.0,0.0026086956521739132
4500000,1450,Other,2,1,0,0,0,0,0,0,0,0,0,0,0,0,0,0,3103.448275862069,0.0,0.001379310344827586
20000000,810,Other,3,0,0,0,0,0,0,0,0,0,0,0,0,0,0,0,24691.35802469136,0.0,0.003703703703703704
3000000,1400,Other,3,1,0,0,0,0,0,0,0,0,0,0,0,0,0,0,2142.8571428571427,0.0,0.002142857142857143
29800000,585,Other,2,1,0,0,0,0,0,0,0,0,0,0,0,0,0,0,50940.17094017094,0.0,0.003418803418803419
2500000,2800,Other,3,1,0,0,0,0,0,0,0,0,0,0,0,0,0,0,892.8571428571429,0.0,0.0010714285714285715
42500000,480,Other,2,1,0,0,0,0,0,0,0,0,0,0,0,0,0,0,88541.66666666667,0.0,0.004166666666666667
22000000,2100,Other,4,1,0,0,0,0,0,0,0,0,0,0,0,0,0,0,10476.190476190477,0.0,0.0019047619047619048
21000000,1550,Alaknanda,3,1,0,0,0,0,0,0,0,0,0,0,0,0,0,0,13548.387096774193,0.0,0.001935483870967742
2600000,2700,Other,2,1,0,0,0,0,0,0,0,0,0,0,0,0,0,0,962.9629629629629,0.0,0.0007407407407407407
3700000,700,Other,2,1,0,0,0,0,0,0,0,0,0,0,0,0,0,0,5285.714285714285,0.0,0.002857142857142857
3800000,810,Other,2,0,0,0,0,0,0,0,0,0,0,0,0,0,0,0,4691.358024691358,0.0,0.0024691358024691358
2400000,720,Uttam Nagar,3,0,0,0,0,0,0,0,0,0,0,0,0,0,0,0,3333.3333333333335,0.0,0.004166666666666667
2400000,650,Other,2,1,0,0,0,0,0,0,0,0,0,0,0,0,0,0,3692.3076923076924,0.0,0.003076923076923077
4300000,650,Other,2,1,0,0,0,0,0,0,0,0,0,0,0,0,0,0,6615.384615384615,0.0,0.003076923076923077
2400000,900,Other,2,1,0,0,0,0,0,0,0,0,0,0,0,0,0,0,2666.6666666666665,0.0,0.0022222222222222222
5200000,650,Other,2,1,0,0,0,0,0,0,0,0,0,0,0,0,0,0,8000.0,0.0,0.003076923076923077
20000000,900,Other,3,1,0,0,0,0,0,0,0,0,0,0,0,0,0,0,22222.222222222223,0.0,0.0033333333333333335
15500000,1400,Other,3,1,0,0,0,0,0,0,0,0,0,0,0,0,0,0,11071.42857142857,0.0,0.002142857142857143
2400000,1699,Sector 11 Dwarka,3,1,0,0,0,0,0,0,0,0,0,0,0,0,0,0,1412.5956444967628,0.0,0.0017657445556209534
2400000,650,Other,2,1,0,0,0,0,0,0,0,0,0,0,0,0,0,0,3692.3076923076924,0.0,0.003076923076923077
16500000,650,Other,2,1,0,0,0,0,0,0,0,0,0,0,0,0,0,0,25384.615384615383,0.0,0.003076923076923077
6000000,1550,Other,3,1,0,0,0,0,0,0,0,0,0,0,0,0,0,0,3870.967741935484,0.0,0.001935483870967742
24900000,1100,Other,3,1,0,0,0,0,0,0,0,0,0,0,0,0,0,0,22636.363636363636,0.0,0.0027272727272727275
13500000,2500,Other,4,1,0,0,0,0,0,0,0,0,0,0,0,0,0,0,5400.0,0.0,0.0016
10000000,1050,Other,3,1,0,0,0,0,0,0,0,0,0,0,0,0,0,0,9523.809523809523,0.0,0.002857142857142857
12600000,1321,Other,2,1,0,0,0,0,0,0,0,0,0,0,0,0,0,0,9538.228614685844,0.0,0.001514004542013626
5800000,1599,Other,3,1,0,0,0,0,0,0,0,0,0,0,0,0,0,0,3627.2670419011883,0.0,0.001876172607879925
5700000,900,Other,3,1,0,0,0,0,0,0,0,0,0,0,0,0,0,0,6333.333333333333,0.0,0.0033333333333333335
2100000,900,Other,3,1,0,0,0,0,0,0,0,0,0,0,0,0,0,0,2333.3333333333335,0.0,0.0033333333333333335
4400000,400,Other,1,1,0,0,0,0,0,0,0,0,0,0,0,0,0,0,11000.0,0.0,0.0025
4500000,900,Other,3,0,0,0,0,0,0,0,0,0,0,0,0,0,0,0,5000.0,0.0,0.0033333333333333335
2200000,900,Other,3,1,0,0,0,0,0,0,0,0,0,0,0,0,0,0,2444.4444444444443,0.0,0.0033333333333333335
3600000,990,Other,3,0,0,0,0,0,0,0,0,0,0,0,0,0,0,0,3636.3636363636365,0.0,0.0030303030303030303
3500000,990,Other,3,0,0,0,0,0,0,0,0,0,0,0,0,0,0,0,3535.3535353535353,0.0,0.0030303030303030303
3900000,900,Other,3,0,0,0,0,0,0,0,0,0,0,0,0,0,0,0,4333.333333333333,0.0,0.0033333333333333335
2800000,1050,Other,3,0,0,0,0,0,0,0,0,0,0,0,0,0,0,0,2666.6666666666665,0.0,0.002857142857142857
2720000,680,Other,2,0,0,0,0,0,0,0,0,0,0,0,0,0,0,0,4000.0,0.0,0.0029411764705882353
2750000,650,Other,2,0,0,0,0,0,0,0,0,0,0,0,0,0,0,0,4230.7692307692305,0.0,0.003076923076923077
2600000,650,Other,2,0,0,0,0,0,0,0,0,0,0,0,0,0,0,0,4000.0,0.0,0.003076923076923077
2500000,620,Other,2,1,0,0,0,0,0,0,0,0,0,0,0,0,0,0,4032.2580645161293,0.0,0.0032258064516129032
3000000,650,Other,2,1,0,0,0,0,0,0,0,0,0,0,0,0,0,0,4615.384615384615,0.0,0.003076923076923077
2800000,850,Other,3,1,0,0,0,0,0,0,0,0,0,0,0,0,0,0,3294.1176470588234,0.0,0.0035294117647058825
2400000,700,Other,2,1,0,0,0,0,0,0,0,0,0,0,0,0,0,0,3428.5714285714284,0.0,0.002857142857142857
2500000,650,Other,2,1,0,0,0,0,0,0,0,0,0,0,0,0,0,0,3846.153846153846,0.0,0.003076923076923077
4000000,700,Other,2,1,0,0,0,0,0,0,0,0,0,0,0,0,0,0,5714.285714285715,0.0,0.002857142857142857
2500000,1000,Other,3,1,0,0,0,0,0,0,0,0,0,0,0,0,0,0,2500.0,0.0,0.003
2500000,480,Other,2,1,0,0,0,0,0,0,0,0,0,0,0,0,0,0,5208.333333333333,0.0,0.004166666666666667
3800000,650,Other,2,1,0,0,0,0,0,0,0,0,0,0,0,0,0,0,5846.153846153846,0.0,0.003076923076923077
2700000,550,Other,2,1,0,0,0,0,0,0,0,0,0,0,0,0,0,0,4909.090909090909,0.0,0.0036363636363636364
3600000,500,Other,2,1,0,0,0,0,0,0,0,0,0,0,0,0,0,0,7200.0,0.0,0.004
2800000,750,Other,3,1,0,0,0,0,0,0,0,0,0,0,0,0,0,0,3733.3333333333335,0.0,0.004
2800000,600,Uttam Nagar,2,1,0,0,0,0,0,0,0,0,0,0,0,0,0,0,4666.666666666667,0.0,0.0033333333333333335
2650000,600,Uttam Nagar,2,1,0,0,0,0,0,0,0,0,0,0,0,0,0,0,4416.666666666667,0.0,0.0033333333333333335
3200000,630,Uttam Nagar,2,0,0,0,0,0,0,0,0,0,0,0,0,0,0,0,5079.3650793650795,0.0,0.0031746031746031746
2350000,990,Uttam Nagar,3,0,0,0,0,0,0,0,0,0,0,0,0,0,0,0,2373.7373737373737,0.0,0.0030303030303030303
2500000,600,Uttam Nagar,2,0,0,0,0,0,0,0,0,0,0,0,0,0,0,0,4166.666666666667,0.0,0.0033333333333333335
2300000,560,Uttam Nagar,2,0,0,0,0,0,0,0,0,0,0,0,0,0,0,0,4107.142857142857,0.0,0.0035714285714285713
3499000,560,Uttam Nagar,2,0,0,0,0,0,0,0,0,0,0,0,0,0,0,0,6248.214285714285,0.0,0.0035714285714285713
3650000,630,Other,2,0,0,0,0,0,0,0,0,0,0,0,0,0,0,0,5793.650793650793,0.0,0.0031746031746031746
2700000,990,Other,3,0,0,0,0,0,0,0,0,0,0,0,0,0,0,0,2727.2727272727275,0.0,0.0030303030303030303
2600000,600,Other,2,0,0,0,0,0,0,0,0,0,0,0,0,0,0,0,4333.333333333333,0.0,0.0033333333333333335
2750000,600,Other,2,0,0,0,0,0,0,0,0,0,0,0,0,0,0,0,4583.333333333333,0.0,0.0033333333333333335
15900000,620,Other,2,0,0,0,0,0,0,0,0,0,0,0,0,0,0,0,25645.16129032258,0.0,0.0032258064516129032
22000000,1858,Sector 6 Dwarka,3,1,0,0,0,0,0,0,0,0,0,0,0,0,0,0,11840.688912809472,0.0,0.0016146393972012918
4100000,2350,Sector 10 Dwarka,4,1,0,0,0,0,0,0,0,0,0,0,0,0,0,0,1744.6808510638298,0.0,0.001702127659574468
3600000,990,Other,3,0,0,0,0,0,0,0,0,0,0,0,0,0,0,0,3636.3636363636365,0.0,0.0030303030303030303
2000000,990,Other,3,0,0,0,0,0,0,0,0,0,0,0,0,0,0,0,2020.20202020202,0.0,0.0030303030303030303
2200000,700,Uttam Nagar,2,0,0,0,0,0,0,0,0,0,0,0,0,0,0,0,3142.8571428571427,0.0,0.002857142857142857
2200000,650,Other,2,0,0,0,0,0,0,0,0,0,0,0,0,0,0,0,3384.6153846153848,0.0,0.003076923076923077
2200000,650,Other,2,0,0,0,0,0,0,0,0,0,0,0,0,0,0,0,3384.6153846153848,0.0,0.003076923076923077
10000000,650,Other,2,0,0,0,0,0,0,0,0,0,0,0,0,0,0,0,15384.615384615385,0.0,0.003076923076923077
12600000,1321,Other,2,1,0,0,0,0,0,0,0,0,0,0,0,0,0,0,9538.228614685844,0.0,0.001514004542013626
2700000,1599,Other,3,1,0,0,0,0,0,0,0,0,0,0,0,0,0,0,1688.5553470919324,0.0,0.001876172607879925
3600000,500,Other,2,1,0,0,0,0,0,0,0,0,0,0,0,0,0,0,7200.0,0.0,0.004
2200000,750,Other,3,1,0,0,0,0,0,0,0,0,0,0,0,0,0,0,2933.3333333333335,0.0,0.004
3000000,500,Other,2,1,0,0,0,0,0,0,0,0,0,0,0,0,0,0,6000.0,0.0,0.004
3000000,900,Other,3,1,0,0,0,0,0,0,0,0,0,0,0,0,0,0,3333.3333333333335,0.0,0.0033333333333333335
2800000,850,Other,3,1,0,0,0,0,0,0,0,0,0,0,0,0,0,0,3294.1176470588234,0.0,0.0035294117647058825
2400000,700,Other,2,1,0,0,0,0,0,0,0,0,0,0,0,0,0,0,3428.5714285714284,0.0,0.002857142857142857
2600000,650,Other,2,1,0,0,0,0,0,0,0,0,0,0,0,0,0,0,4000.0,0.0,0.003076923076923077
2500000,700,Other,2,1,0,0,0,0,0,0,0,0,0,0,0,0,0,0,3571.4285714285716,0.0,0.002857142857142857
5000000,480,Other,2,1,0,0,0,0,0,0,0,0,0,0,0,0,0,0,10416.666666666666,0.0,0.004166666666666667
2500000,750,Other,3,1,0,0,0,0,0,0,0,0,0,0,0,0,0,0,3333.3333333333335,0.0,0.004
2600000,650,Other,2,1,0,0,0,0,0,0,0,0,0,0,0,0,0,0,4000.0,0.0,0.003076923076923077
2500000,620,Other,2,1,0,0,0,0,0,0,0,0,0,0,0,0,0,0,4032.2580645161293,0.0,0.0032258064516129032
3000000,650,Other,2,1,0,0,0,0,0,0,0,0,0,0,0,0,0,0,4615.384615384615,0.0,0.003076923076923077
2800000,850,Other,3,1,0,0,0,0,0,0,0,0,0,0,0,0,0,0,3294.1176470588234,0.0,0.0035294117647058825
2400000,700,Other,2,1,0,0,0,0,0,0,0,0,0,0,0,0,0,0,3428.5714285714284,0.0,0.002857142857142857
2100000,650,Other,2,1,0,0,0,0,0,0,0,0,0,0,0,0,0,0,3230.769230769231,0.0,0.003076923076923077
4400000,400,Other,1,1,0,0,0,0,0,0,0,0,0,0,0,0,0,0,11000.0,0.0,0.0025
4500000,900,Other,3,0,0,0,0,0,0,0,0,0,0,0,0,0,0,0,5000.0,0.0,0.0033333333333333335
2200000,900,Other,3,1,0,0,0,0,0,0,0,0,0,0,0,0,0,0,2444.4444444444443,0.0,0.0033333333333333335
2200000,450,Other,2,1,0,0,0,0,0,0,0,0,0,0,0,0,0,0,4888.888888888889,0.0,0.0044444444444444444
3600000,450,Other,2,1,0,0,0,0,0,0,0,0,0,0,0,0,0,0,8000.0,0.0,0.0044444444444444444
21000000,720,Uttam Nagar,3,0,0,0,0,0,0,0,0,0,0,0,0,0,0,0,29166.666666666668,0.0,0.004166666666666667
19500000,1400,Other,3,1,0,0,0,0,0,0,0,0,0,0,0,0,0,0,13928.57142857143,0.0,0.002142857142857143
15500000,2150,Sector 19 Dwarka,4,1,0,0,0,0,0,0,0,0,0,0,0,0,0,0,7209.302325581395,0.0,0.0018604651162790699
17200000,1750,Sector 10 Dwarka,3,1,0,0,0,0,0,0,0,0,0,0,0,0,0,0,9828.57142857143,0.0,0.0017142857142857142
15200000,1750,Sector 6 Dwarka,3,1,0,0,0,0,0,0,0,0,0,0,0,0,0,0,8685.714285714286,0.0,0.0017142857142857142
12700000,1750,Other,3,1,0,0,0,0,0,0,0,0,0,0,0,0,0,0,7257.142857142857,0.0,0.0017142857142857142
12500000,1350,Sector 6 Dwarka,2,1,0,0,0,0,0,0,0,0,0,0,0,0,0,0,9259.25925925926,0.0,0.0014814814814814814
17200000,1250,Sector 19 Dwarka,2,1,0,0,0,0,0,0,0,0,0,0,0,0,0,0,13760.0,0.0,0.0016
19200000,1750,Sector 22 Dwarka,3,1,0,0,0,0,0,0,0,0,0,0,0,0,0,0,10971.42857142857,0.0,0.0017142857142857142
23500000,1950,Sector 22 Dwarka,3,1,0,0,0,0,0,0,0,0,0,0,0,0,0,0,12051.28205128205,0.0,0.0015384615384615385
16800000,2350,Sector 6 Dwarka,4,1,0,0,0,0,0,0,0,0,0,0,0,0,0,0,7148.936170212766,0.0,0.001702127659574468
19800000,1700,Sector 11 Dwarka,3,1,0,0,0,0,0,0,0,0,0,0,0,0,0,0,11647.058823529413,0.0,0.0017647058823529412
17200000,2250,Sector 4 Dwarka,4,1,0,0,0,0,0,0,0,0,0,0,0,0,0,0,7644.444444444444,0.0,0.0017777777777777779
15000000,1850,Sector 4 Dwarka,3,1,0,0,0,0,0,0,0,0,0,0,0,0,0,0,8108.108108108108,0.0,0.0016216216216216215
6500000,1200,Other,2,1,0,0,0,0,0,0,0,0,0,0,0,0,0,0,5416.666666666667,0.0,0.0016666666666666668
5500000,1080,Uttam Nagar,3,1,0,0,0,0,0,0,0,0,0,0,0,0,0,0,5092.592592592592,0.0,0.002777777777777778
4500000,900,Other,3,1,0,0,0,0,0,0,0,0,0,0,0,0,0,0,5000.0,0.0,0.0033333333333333335
2800000,900,Other,3,1,0,0,0,0,0,0,0,0,0,0,0,0,0,0,3111.1111111111113,0.0,0.0033333333333333335
2600000,590,Dwarka Mor,2,0,0,0,0,0,0,0,0,0,0,0,0,0,0,0,4406.779661016949,0.0,0.003389830508474576
4300000,465,Uttam Nagar,2,0,0,0,0,0,0,0,0,0,0,0,0,0,0,0,9247.31182795699,0.0,0.004301075268817204
6800000,810,Dwarka Mor,3,0,0,0,0,0,0,0,0,0,0,0,0,0,0,0,8395.061728395061,0.0,0.003703703703703704
17500000,800,Other,2,1,0,0,0,0,0,0,0,0,0,0,0,0,0,0,21875.0,0.0,0.0025
13700000,2000,Other,4,0,0,0,0,0,0,0,0,0,0,0,0,0,0,0,6850.0,0.0,0.002
18000000,2000,Other,3,0,0,0,0,0,0,0,0,0,0,0,0,0,0,0,9000.0,0.0,0.0015
18000000,1500,Alaknanda,3,1,0,0,0,0,0,0,0,0,0,0,0,0,0,0,12000.0,0.0,0.002
4000000,1500,Alaknanda,3,1,0,0,0,0,0,0,0,0,0,0,0,0,0,0,2666.6666666666665,0.0,0.002
4000000,720,Other,3,1,0,0,0,0,0,0,0,0,0,0,0,0,0,0,5555.555555555556,0.0,0.004166666666666667
4000000,720,Other,3,1,0,0,0,0,0,0,0,0,0,0,0,0,0,0,5555.555555555556,0.0,0.004166666666666667
4000000,720,Other,3,1,0,0,0,0,0,0,0,0,0,0,0,0,0,0,5555.555555555556,0.0,0.004166666666666667
4000000,720,Other,3,1,0,0,0,0,0,0,0,0,0,0,0,0,0,0,5555.555555555556,0.0,0.004166666666666667
4000000,720,Other,3,1,0,0,0,0,0,0,0,0,0,0,0,0,0,0,5555.555555555556,0.0,0.004166666666666667
4000000,720,Other,3,1,0,0,0,0,0,0,0,0,0,0,0,0,0,0,5555.555555555556,0.0,0.004166666666666667
4000000,720,Other,3,1,0,0,0,0,0,0,0,0,0,0,0,0,0,0,5555.555555555556,0.0,0.004166666666666667
3000000,720,Other,3,1,0,0,0,0,0,0,0,0,0,0,0,0,0,0,4166.666666666667,0.0,0.004166666666666667
3150000,720,Other,3,1,0,0,0,0,0,0,0,0,0,0,0,0,0,0,4375.0,0.0,0.004166666666666667
2500000,720,Other,3,1,0,0,0,0,0,0,0,0,0,0,0,0,0,0,3472.222222222222,0.0,0.004166666666666667
4500000,540,Uttam Nagar,2,1,0,0,0,0,0,0,0,0,0,0,0,0,0,0,8333.333333333334,0.0,0.003703703703703704
3500000,900,Uttam Nagar,3,1,0,0,0,0,0,0,0,0,0,0,0,0,0,0,3888.8888888888887,0.0,0.0033333333333333335
2500000,720,Other,3,1,0,0,0,0,0,0,0,0,0,0,0,0,0,0,3472.222222222222,0.0,0.004166666666666667
2500000,495,Uttam Nagar,2,1,0,0,0,0,0,0,0,0,0,0,0,0,0,0,5050.50505050505,0.0,0.00404040404040404
4000000,540,Other,2,1,0,0,0,0,0,0,0,0,0,0,0,0,0,0,7407.407407407408,0.0,0.003703703703703704
4000000,900,Uttam Nagar,3,1,0,0,0,0,0,0,0,0,0,0,0,0,0,0,4444.444444444444,0.0,0.0033333333333333335
14000000,720,Other,3,1,0,0,0,0,0,0,0,0,0,0,0,0,0,0,19444.444444444445,0.0,0.004166666666666667
12000000,2000,Other,3,0,0,0,0,0,0,0,0,0,0,0,0,0,0,0,6000.0,0.0,0.0015
14200000,1600,Sector 22 Dwarka,3,1,0,0,0,0,0,0,0,0,0,0,0,0,0,0,8875.0,0.0,0.001875
14600000,2000,Other,3,0,0,0,0,0,0,0,0,0,0,0,0,0,0,0,7300.0,0.0,0.0015
33500000,2000,Other,3,0,0,0,0,0,0,0,0,0,0,0,0,0,0,0,16750.0,0.0,0.0015
28000000,2800,Sector 22 Dwarka,4,1,0,0,0,0,0,0,0,0,0,0,0,0,0,0,10000.0,0.0,0.0014285714285714286
11000000,2870,Sector 12 Dwarka,4,1,0,0,0,0,0,0,0,0,0,0,0,0,0,0,3832.752613240418,0.0,0.0013937282229965157
4400000,1250,Other,2,1,0,0,0,0,0,0,0,0,0,0,0,0,0,0,3520.0,0.0,0.0016
10800000,1300,Other,3,1,0,0,0,0,0,0,0,0,0,0,0,0,0,0,8307.692307692309,0.0,0.002307692307692308
4000000,1200,Other,2,1,0,0,0,0,0,0,0,0,0,0,0,0,0,0,3333.3333333333335,0.0,0.0016666666666666668
4000000,516,Other,1,1,0,0,0,0,0,0,0,0,0,0,0,0,0,0,7751.937984496124,0.0,0.001937984496124031
4300000,516,Other,1,1,0,0,0,0,0,0,0,0,0,0,0,0,0,0,8333.333333333334,0.0,0.001937984496124031
4100000,516,Other,1,1,0,0,0,0,0,0,0,0,0,0,0,0,0,0,7945.736434108527,0.0,0.001937984496124031
4000000,550,Other,1,1,0,0,0,0,0,0,0,0,0,0,0,0,0,0,7272.727272727273,0.0,0.0018181818181818182
11500000,550,Other,1,1,0,0,0,0,0,0,0,0,0,0,0,0,0,0,20909.090909090908,0.0,0.0018181818181818182
4300000,1600,Sector 22 Dwarka,3,1,0,0,0,0,0,0,0,0,0,0,0,0,0,0,2687.5,0.0,0.001875
14500000,516,Other,1,1,0,0,0,0,0,0,0,0,0,0,0,0,0,0,28100.77519379845,0.0,0.001937984496124031
35000000,1100,Other,3,1,0,0,0,0,0,0,0,0,0,0,0,0,0,0,31818.18181818182,0.0,0.0027272727272727275
32000000,2200,Vasant Kunj,4,1,0,0,0,0,0,0,0,0,0,0,0,0,0,0,14545.454545454546,0.0,0.0018181818181818182
20000000,2700,Vasant Kunj,4,1,0,0,0,0,0,0,0,0,0,0,0,0,0,0,7407.407407407408,0.0,0.0014814814814814814
20000000,1800,Vasant Kunj,2,1,0,0,0,0,0,0,0,0,0,0,0,0,0,0,11111.111111111111,0.0,0.0011111111111111111
3600000,1450,Vasant Kunj,3,1,0,0,0,0,0,0,0,0,0,0,0,0,0,0,2482.7586206896553,0.0,0.0020689655172413794
11500000,550,Other,1,1,0,0,0,0,0,0,0,0,0,0,0,0,0,0,20909.090909090908,0.0,0.0018181818181818182
11500000,1600,Sector 22 Dwarka,3,1,0,0,0,0,0,0,0,0,0,0,0,0,0,0,7187.5,0.0,0.001875
19000000,1600,Sector 22 Dwarka,3,1,0,0,0,0,0,0,0,0,0,0,0,0,0,0,11875.0,0.0,0.001875
3700000,1800,Other,3,1,0,0,0,0,0,0,0,0,0,0,0,0,0,0,2055.5555555555557,0.0,0.0016666666666666668
4000000,580,Other,1,1,0,0,0,0,0,0,0,0,0,0,0,0,0,0,6896.551724137931,0.0,0.0017241379310344827
29000000,580,Other,1,1,0,0,0,0,0,0,0,0,0,0,0,0,0,0,50000.0,0.0,0.0017241379310344827
5000000,1200,Other,3,1,0,0,0,0,0,0,0,0,0,0,0,0,0,0,4166.666666666667,0.0,0.0025
34000000,530,Other,1,1,0,0,0,0,0,0,0,0,0,0,0,0,0,0,64150.943396226416,0.0,0.0018867924528301887
15900000,1800,Other,4,1,0,0,0,0,0,0,0,0,0,0,0,0,0,0,8833.333333333334,0.0,0.0022222222222222222
13500000,1850,Sector 12 Dwarka,3,1,0,0,0,0,0,0,0,0,0,0,0,0,0,0,7297.2972972972975,0.0,0.0016216216216216215
11700000,1800,Other,3,1,0,0,0,0,0,0,0,0,0,0,0,0,0,0,6500.0,0.0,0.0016666666666666668
15200000,1300,Sector 22 Dwarka,2,1,0,0,0,0,0,0,0,0,0,0,0,0,0,0,11692.307692307691,0.0,0.0015384615384615385
3600000,1800,Sector 10 Dwarka,3,1,0,0,0,0,0,0,0,0,0,0,0,0,0,0,2000.0,0.0,0.0016666666666666668
4400000,520,Other,1,1,0,0,0,0,0,0,0,0,0,0,0,0,0,0,8461.538461538461,0.0,0.0019230769230769232
4000000,520,Other,1,1,0,0,0,0,0,0,0,0,0,0,0,0,0,0,7692.307692307692,0.0,0.0019230769230769232
5100000,562,Other,1,1,0,0,0,0,0,0,0,0,0,0,0,0,0,0,9074.733096085409,0.0,0.0017793594306049821
5000000,580,Other,1,1,0,0,0,0,0,0,0,0,0,0,0,0,0,0,8620.689655172413,0.0,0.0017241379310344827
4100000,516,Other,1,1,0,0,0,0,0,0,0,0,0,0,0,0,0,0,7945.736434108527,0.0,0.001937984496124031
9900000,516,Other,1,1,0,0,0,0,0,0,0,0,0,0,0,0,0,0,19186.04651162791,0.0,0.001937984496124031
24500000,1400,Other,2,1,0,0,0,0,0,0,0,0,0,0,0,0,0,0,17500.0,0.0,0.0014285714285714286
2250000,2000,Other,3,1,0,0,0,0,0,0,0,0,0,0,0,0,0,0,1125.0,0.0,0.0015
6500000,540,Uttam Nagar,1,0,0,0,0,0,0,0,0,0,0,0,0,0,0,0,12037.037037037036,0.0,0.001851851851851852
3800000,750,Other,2,1,0,0,0,0,0,0,0,0,0,0,0,0,0,0,5066.666666666667,0.0,0.0026666666666666666
3900000,550,Other,1,1,0,0,0,0,0,0,0,0,0,0,0,0,0,0,7090.909090909091,0.0,0.0018181818181818182
3900000,594,Other,1,1,0,0,0,0,0,0,0,0,0,0,0,0,0,0,6565.656565656565,0.0,0.0016835016835016834
4300000,520,Other,1,1,0,0,0,0,0,0,0,0,0,0,0,0,0,0,8269.23076923077,0.0,0.0019230769230769232
5000000,516,Other,1,1,0,0,0,0,0,0,0,0,0,0,0,0,0,0,9689.922480620155,0.0,0.001937984496124031
4600000,550,Other,1,1,0,0,0,0,0,0,0,0,0,0,0,0,0,0,8363.636363636364,0.0,0.0018181818181818182
3750000,565,Other,1,1,0,0,0,0,0,0,0,0,0,0,0,0,0,0,6637.168141592921,0.0,0.0017699115044247787
13500000,550,Other,1,1,0,0,0,0,0,0,0,0,0,0,0,0,0,0,24545.454545454544,0.0,0.0018181818181818182
13000000,1800,Other,3,1,0,0,0,0,0,0,0,0,0,0,0,0,0,0,7222.222222222223,0.0,0.0016666666666666668
20000000,1800,Other,3,1,0,0,0,0,0,0,0,0,0,0,0,0,0,0,11111.111111111111,0.0,0.0016666666666666668
4000000,1250,Other,3,1,0,0,0,0,0,0,0,0,0,0,0,0,0,0,3200.0,0.0,0.0024
8700000,750,Other,1,1,0,0,0,0,0,0,0,0,0,0,0,0,0,0,11600.0,0.0,0.0013333333333333333
3500000,700,Other,2,1,0,0,0,0,0,0,0,0,0,0,0,0,0,0,5000.0,0.0,0.002857142857142857
32500000,516,Other,1,1,0,0,0,0,0,0,0,0,0,0,0,0,0,0,62984.49612403101,0.0,0.001937984496124031
8500000,2800,Sector 11 Dwarka,4,1,0,0,0,0,0,0,0,0,0,0,0,0,0,0,3035.714285714286,0.0,0.0014285714285714286
38400000,1000,Other,2,1,0,0,0,0,0,0,0,0,0,0,0,0,0,0,38400.0,0.0,0.002
2800000,1450,Other,3,1,0,0,0,0,0,0,0,0,0,0,0,0,0,0,1931.0344827586207,0.0,0.0020689655172413794
15500000,550,Other,2,1,0,0,0,0,0,0,0,0,0,0,0,0,0,0,28181.81818181818,0.0,0.0036363636363636364
11000000,1680,Other,3,1,0,0,0,0,0,0,0,0,0,0,0,0,0,0,6547.619047619048,0.0,0.0017857142857142857
8500000,1300,Other,2,1,0,0,0,0,0,0,0,0,0,0,0,0,0,0,6538.461538461538,0.0,0.0015384615384615385
7500000,700,Other,2,1,0,0,0,0,0,0,0,0,0,0,0,0,0,0,10714.285714285714,0.0,0.002857142857142857
19500000,600,Other,1,1,0,0,0,0,0,0,0,0,0,0,0,0,0,0,32500.0,0.0,0.0016666666666666668
2500000,1400,Other,2,1,0,0,0,0,0,0,0,0,0,0,0,0,0,0,1785.7142857142858,0.0,0.0014285714285714286
2549000,585,Other,2,1,0,0,0,0,0,0,0,0,0,0,0,0,0,0,4357.264957264957,0.0,0.003418803418803419
2399000,620,Other,2,1,0,0,0,0,0,0,0,0,0,0,0,0,0,0,3869.3548387096776,0.0,0.0032258064516129032
15000000,540,Other,2,1,0,0,0,0,0,0,0,0,0,0,0,0,0,0,27777.777777777777,0.0,0.003703703703703704
7000000,1100,Other,3,1,0,0,0,0,0,0,0,0,0,0,0,0,0,0,6363.636363636364,0.0,0.0027272727272727275
15800000,550,Other,1,1,0,0,0,0,0,0,0,0,0,0,0,0,0,0,28727.272727272728,0.0,0.0018181818181818182
16000000,1800,Sector 6 Dwarka,3,1,0,0,0,0,0,0,0,0,0,0,0,0,0,0,8888.888888888889,0.0,0.0016666666666666668
18500000,2050,Other,4,1,0,0,0,0,0,0,0,0,0,0,0,0,0,0,9024.390243902439,0.0,0.001951219512195122
14200000,2200,Other,4,1,0,0,0,0,0,0,0,0,0,0,0,0,0,0,6454.545454545455,0.0,0.0018181818181818182
13500000,1900,Sector 10 Dwarka,4,1,0,0,0,0,0,0,0,0,0,0,0,0,0,0,7105.263157894737,0.0,0.002105263157894737
13000000,1700,Sector 10 Dwarka,3,1,0,0,0,0,0,0,0,0,0,0,0,0,0,0,7647.058823529412,0.0,0.0017647058823529412
3700000,1900,Other,3,0,0,0,0,0,0,0,0,0,0,0,0,0,0,0,1947.3684210526317,0.0,0.0015789473684210526
6500000,510,Other,1,1,0,0,0,0,0,0,0,0,0,0,0,0,0,0,12745.098039215687,0.0,0.00196078431372549
13400000,900,Other,3,1,0,0,0,0,0,0,0,0,0,0,0,0,0,0,14888.888888888889,0.0,0.0033333333333333335
17600000,1500,Other,3,1,0,0,0,0,0,0,0,0,0,0,0,0,0,0,11733.333333333334,0.0,0.002
23500000,1800,Sector 6 Dwarka,3,1,0,0,0,0,0,0,0,0,0,0,0,0,0,0,13055.555555555555,0.0,0.0016666666666666668
11900000,2300,Sector 19 Dwarka,4,1,0,0,0,0,0,0,0,0,0,0,0,0,0,0,5173.913043478261,0.0,0.0017391304347826088
14000000,1250,Sector 22 Dwarka,2,1,0,0,0,0,0,0,0,0,0,0,0,0,0,0,11200.0,0.0,0.0016
8700000,1800,Other,3,1,0,0,0,0,0,0,0,0,0,0,0,0,0,0,4833.333333333333,0.0,0.0016666666666666668
4200000,1350,Jamia Nagar,3,1,0,0,0,0,0,0,0,0,0,0,0,0,0,0,3111.1111111111113,0.0,0.0022222222222222222
3599000,516,Other,1,1,0,0,0,0,0,0,0,0,0,0,0,0,0,0,6974.806201550387,0.0,0.001937984496124031
14500000,516,Other,1,1,0,0,0,0,0,0,0,0,0,0,0,0,0,0,28100.77519379845,0.0,0.001937984496124031
14000000,1700,Sector 10 Dwarka,3,1,0,0,0,0,0,0,0,0,0,0,0,0,0,0,8235.29411764706,0.0,0.0017647058823529412
15500000,1750,Sector 19 Dwarka,3,1,0,0,0,0,0,0,0,0,0,0,0,0,0,0,8857.142857142857,0.0,0.0017142857142857142
28500000,1750,Sector 4 Dwarka,3,1,0,0,0,0,0,0,0,0,0,0,0,0,0,0,16285.714285714286,0.0,0.0017142857142857142
12100000,3500,Sector 19 Dwarka,5,1,0,0,0,0,0,0,0,0,0,0,0,0,0,0,3457.1428571428573,0.0,0.0014285714285714286
14500000,1300,Sector 22 Dwarka,2,1,0,0,0,0,0,0,0,0,0,0,0,0,0,0,11153.846153846154,0.0,0.0015384615384615385
4300000,1700,Sector 10 Dwarka,3,1,0,0,0,0,0,0,0,0,0,0,0,0,0,0,2529.4117647058824,0.0,0.0017647058823529412
9500000,1250,Other,3,1,0,0,0,0,0,0,0,0,0,0,0,0,0,0,7600.0,0.0,0.0024
240000000,850,Other,1,1,0,0,0,0,0,0,0,0,0,0,0,0,0,0,282352.9411764706,0.0,0.001176470588235294
2400000,400,Other,1,1,0,0,0,0,0,0,0,0,0,0,0,0,0,0,6000.0,0.0,0.0025
4000000,585,Other,2,1,0,0,0,0,0,0,0,0,0,0,0,0,0,0,6837.606837606838,0.0,0.003418803418803419
11000000,990,Other,3,1,0,0,0,0,0,0,0,0,0,0,0,0,0,0,11111.111111111111,0.0,0.0030303030303030303
3400000,1400,Other,3,1,0,0,0,0,0,0,0,0,0,0,0,0,0,0,2428.5714285714284,0.0,0.002142857142857143
11000000,720,Other,3,1,0,0,0,0,0,0,0,0,0,0,0,0,0,0,15277.777777777777,0.0,0.004166666666666667
15800000,1440,Other,3,0,0,0,0,0,0,0,0,0,0,0,0,0,0,0,10972.222222222223,0.0,0.0020833333333333333
12500000,1700,Sector 10 Dwarka,3,1,0,0,0,0,0,0,0,0,0,0,0,0,0,0,7352.941176470588,0.0,0.0017647058823529412
16000000,1600,Sector 22 Dwarka,3,1,0,0,0,0,0,0,0,0,0,0,0,0,0,0,10000.0,0.0,0.001875
17500000,1650,Other,3,1,0,0,0,0,0,0,0,0,0,0,0,0,0,0,10606.060606060606,0.0,0.0018181818181818182
2500000,1850,Sector 6 Dwarka,3,1,0,0,0,0,0,0,0,0,0,0,0,0,0,0,1351.3513513513512,0.0,0.0016216216216216215
4500000,585,Other,2,1,0,0,0,0,0,0,0,0,0,0,0,0,0,0,7692.307692307692,0.0,0.003418803418803419
15000000,1080,Other,3,1,0,0,0,0,0,0,0,0,0,0,0,0,0,0,13888.888888888889,0.0,0.002777777777777778
6000000,900,Other,3,1,0,0,0,0,0,0,0,0,0,0,0,0,0,0,6666.666666666667,0.0,0.0033333333333333335
3950000,1350,Other,3,1,0,0,0,0,0,0,0,0,0,0,0,0,0,0,2925.925925925926,0.0,0.0022222222222222222
3500000,516,Other,1,1,0,0,0,0,0,0,0,0,0,0,0,0,0,0,6782.945736434109,0.0,0.001937984496124031
13000000,700,Other,2,0,0,0,0,0,0,0,0,0,0,0,0,0,0,0,18571.428571428572,0.0,0.002857142857142857
24500000,1658,Sector 19 Dwarka,3,1,0,0,0,0,0,0,0,0,0,0,0,0,0,0,14776.839565741857,0.0,0.0018094089264173703
3100000,2450,Sector 12 Dwarka,4,1,0,0,0,0,0,0,0,0,0,0,0,0,0,0,1265.3061224489795,0.0,0.0016326530612244899
140000000,765,Other,2,1,0,0,0,0,0,0,0,0,0,0,0,0,0,0,183006.53594771243,0.0,0.00261437908496732
11000000,1953,Other,3,0,0,0,0,0,0,0,0,0,0,0,0,0,0,0,5632.360471070148,0.0,0.0015360983102918587
45000000,1350,Other,4,0,0,0,0,0,0,0,0,0,0,0,0,0,0,0,33333.333333333336,0.0,0.002962962962962963
37500000,4500,Other,5,1,0,0,0,0,0,0,0,0,0,0,0,0,0,0,8333.333333333334,0.0,0.0011111111111111111
9200000,3500,Other,4,1,0,0,0,0,0,0,0,0,0,0,0,0,0,0,2628.5714285714284,0.0,0.001142857142857143
24500000,1100,Other,2,1,0,0,0,0,0,0,0,0,0,0,0,0,0,0,22272.727272727272,0.0,0.0018181818181818182
12500000,2600,Sector 6 Dwarka,4,1,0,0,0,0,0,0,0,0,0,0,0,0,0,0,4807.692307692308,0.0,0.0015384615384615385
233400000,1050,Other,3,1,0,0,0,0,0,0,0,0,0,0,0,0,0,0,222285.7142857143,0.0,0.002857142857142857
188000000,2250,Other,3,0,0,0,0,0,0,0,0,0,0,0,0,0,0,0,83555.55555555556,0.0,0.0013333333333333333
112800000,4000,Other,4,0,0,0,0,0,0,0,0,0,0,0,0,0,0,0,28200.0,0.0,0.001
2300000,2311,Other,3,0,0,0,0,0,0,0,0,0,0,0,0,0,0,0,995.24015577672,0.0,0.0012981393336218088
15500000,495,Other,2,1,0,0,0,0,0,0,0,0,0,0,0,0,0,0,31313.131313131315,0.0,0.00404040404040404
19000000,1500,Vasant Kunj,2,1,0,0,0,0,0,0,0,0,0,0,0,0,0,0,12666.666666666666,0.0,0.0013333333333333333
9000000,2250,Other,4,1,0,0,0,0,0,0,0,0,0,0,0,0,0,0,4000.0,0.0,0.0017777777777777779
10500000,1050,Other,2,1,0,0,0,0,0,0,0,0,0,0,0,0,0,0,10000.0,0.0,0.0019047619047619048
62500000,1100,Other,2,1,0,0,0,0,0,0,0,0,0,0,0,0,0,0,56818.181818181816,0.0,0.0018181818181818182
5100000,3250,Other,4,1,0,0,0,0,0,0,0,0,0,0,0,0,0,0,1569.2307692307693,0.0,0.0012307692307692308
14800000,750,Other,2,1,0,0,0,0,0,0,0,0,0,0,0,0,0,0,19733.333333333332,0.0,0.0026666666666666666
15800000,1800,Sector 6 Dwarka,3,1,0,0,0,0,0,0,0,0,0,0,0,0,0,0,8777.777777777777,0.0,0.0016666666666666668
17500000,1800,Sector 6 Dwarka,3,1,0,0,0,0,0,0,0,0,0,0,0,0,0,0,9722.222222222223,0.0,0.0016666666666666668
14500000,2200,Other,4,1,0,0,0,0,0,0,0,0,0,0,0,0,0,0,6590.909090909091,0.0,0.0018181818181818182
19000000,1800,Other,3,1,0,0,0,0,0,0,0,0,0,0,0,0,0,0,10555.555555555555,0.0,0.0016666666666666668
14900000,1800,Sector 11 Dwarka,3,1,0,0,0,0,0,0,0,0,0,0,0,0,0,0,8277.777777777777,0.0,0.0016666666666666668
14500000,1800,Other,3,1,0,0,0,0,0,0,0,0,0,0,0,0,0,0,8055.555555555556,0.0,0.0016666666666666668
20000000,1800,Other,3,1,0,0,0,0,0,0,0,0,0,0,0,0,0,0,11111.111111111111,0.0,0.0016666666666666668
16500000,2200,Sector 19 Dwarka,3,1,0,0,0,0,0,0,0,0,0,0,0,0,0,0,7500.0,0.0,0.0013636363636363637
18500000,1850,Other,3,1,0,0,0,0,0,0,0,0,0,0,0,0,0,0,10000.0,0.0,0.0016216216216216215
16200000,1850,Sector 12 Dwarka,3,1,0,0,0,0,0,0,0,0,0,0,0,0,0,0,8756.756756756757,0.0,0.0016216216216216215
12500000,1700,Sector 6 Dwarka,3,1,0,0,0,0,0,0,0,0,0,0,0,0,0,0,7352.941176470588,0.0,0.0017647058823529412
4800000,1800,Other,3,1,0,0,0,0,0,0,0,0,0,0,0,0,0,0,2666.6666666666665,0.0,0.0016666666666666668
13799999,600,Sector 11 Dwarka,1,1,0,0,0,0,0,0,0,0,0,0,0,0,0,0,22999.998333333333,0.0,0.0016666666666666668
14800000,1750,Sector 10 Dwarka,3,1,0,0,0,0,0,0,0,0,0,0,0,0,0,0,8457.142857142857,0.0,0.0017142857142857142
21000000,1800,Sector 4 Dwarka,3,1,0,0,0,0,0,0,0,0,0,0,0,0,0,0,11666.666666666666,0.0,0.0016666666666666668
15100000,2200,Sector 10 Dwarka,3,1,0,0,0,0,0,0,0,0,0,0,0,0,0,0,6863.636363636364,0.0,0.0013636363636363637
18000000,1800,Sector 10 Dwarka,3,1,0,0,0,0,0,0,0,0,0,0,0,0,0,0,10000.0,0.0,0.0016666666666666668
19200000,1850,Sector 22 Dwarka,3,1,0,0,0,0,0,0,0,0,0,0,0,0,0,0,10378.378378378378,0.0,0.0016216216216216215
21000000,2300,Sector 11 Dwarka,4,1,0,0,0,0,0,0,0,0,0,0,0,0,0,0,9130.434782608696,0.0,0.0017391304347826088
15000000,2300,Sector 11 Dwarka,4,1,0,0,0,0,0,0,0,0,0,0,0,0,0,0,6521.739130434783,0.0,0.0017391304347826088
19200000,1800,Sector 11 Dwarka,3,1,0,0,0,0,0,0,0,0,0,0,0,0,0,0,10666.666666666666,0.0,0.0016666666666666668
18800000,1800,Other,3,1,0,0,0,0,0,0,0,0,0,0,0,0,0,0,10444.444444444445,0.0,0.0016666666666666668
12500000,2200,Sector 19 Dwarka,4,1,0,0,0,0,0,0,0,0,0,0,0,0,0,0,5681.818181818182,0.0,0.0018181818181818182
15800000,1800,Other,3,1,0,0,0,0,0,0,0,0,0,0,0,0,0,0,8777.777777777777,0.0,0.0016666666666666668
12500000,1800,Sector 12 Dwarka,3,1,0,0,0,0,0,0,0,0,0,0,0,0,0,0,6944.444444444444,0.0,0.0016666666666666668
19500000,1750,Other,3,1,0,0,0,0,0,0,0,0,0,0,0,0,0,0,11142.857142857143,0.0,0.0017142857142857142
14700000,2300,Sector 19 Dwarka,4,1,0,0,0,0,0,0,0,0,0,0,0,0,0,0,6391.304347826087,0.0,0.0017391304347826088
18500000,2100,Sector 4 Dwarka,4,1,0,0,0,0,0,0,0,0,0,0,0,0,0,0,8809.52380952381,0.0,0.0019047619047619048
18500000,1900,Sector 22 Dwarka,3,1,0,0,0,0,0,0,0,0,0,0,0,0,0,0,9736.842105263158,0.0,0.0015789473684210526
16000000,2200,Other,4,1,0,0,0,0,0,0,0,0,0,0,0,0,0,0,7272.727272727273,0.0,0.0018181818181818182
15800000,1850,Sector 6 Dwarka,3,1,0,0,0,0,0,0,0,0,0,0,0,0,0,0,8540.54054054054,0.0,0.0016216216216216215
7800000,1800,Sector 6 Dwarka,3,1,0,0,0,0,0,0,0,0,0,0,0,0,0,0,4333.333333333333,0.0,0.0016666666666666668
16500000,1000,Sector 6 Dwarka,2,1,0,0,0,0,0,0,0,0,0,0,0,0,0,0,16500.0,0.0,0.002
14000000,1800,Sector 4 Dwarka,3,1,0,0,0,0,0,0,0,0,0,0,0,0,0,0,7777.777777777777,0.0,0.0016666666666666668
16500000,1850,Sector 10 Dwarka,3,1,0,0,0,0,0,0,0,0,0,0,0,0,0,0,8918.918918918918,0.0,0.0016216216216216215
13500000,1850,Sector 19 Dwarka,3,1,0,0,0,0,0,0,0,0,0,0,0,0,0,0,7297.2972972972975,0.0,0.0016216216216216215
15400000,1800,Other,3,1,0,0,0,0,0,0,0,0,0,0,0,0,0,0,8555.555555555555,0.0,0.0016666666666666668
20900000,2200,Other,4,1,0,0,0,0,0,0,0,0,0,0,0,0,0,0,9500.0,0.0,0.0018181818181818182
15500000,2200,Sector 19 Dwarka,4,1,0,0,0,0,0,0,0,0,0,0,0,0,0,0,7045.454545454545,0.0,0.0018181818181818182
17800000,1800,Other,3,1,0,0,0,0,0,0,0,0,0,0,0,0,0,0,9888.888888888889,0.0,0.0016666666666666668
22799999,1900,Sector 4 Dwarka,3,1,0,0,0,0,0,0,0,0,0,0,0,0,0,0,11999.99947368421,0.0,0.0015789473684210526
18000000,2200,Sector 19 Dwarka,4,1,0,0,0,0,0,0,0,0,0,0,0,0,0,0,8181.818181818182,0.0,0.0018181818181818182
20000000,1900,Other,3,1,0,0,0,0,0,0,0,0,0,0,0,0,0,0,10526.315789473685,0.0,0.0015789473684210526
14800000,1900,Sector 10 Dwarka,3,1,0,0,0,0,0,0,0,0,0,0,0,0,0,0,7789.473684210527,0.0,0.0015789473684210526
15400000,1800,Sector 4 Dwarka,3,1,0,0,0,0,0,0,0,0,0,0,0,0,0,0,8555.555555555555,0.0,0.0016666666666666668
20000000,1800,Sector 12 Dwarka,3,1,0,0,0,0,0,0,0,0,0,0,0,0,0,0,11111.111111111111,0.0,0.0016666666666666668
17000000,2200,Other,4,1,0,0,0,0,0,0,0,0,0,0,0,0,0,0,7727.272727272727,0.0,0.0018181818181818182
13500000,1900,Sector 11 Dwarka,4,1,0,0,0,0,0,0,0,0,0,0,0,0,0,0,7105.263157894737,0.0,0.002105263157894737
15800000,1800,Other,3,1,0,0,0,0,0,0,0,0,0,0,0,0,0,0,8777.777777777777,0.0,0.0016666666666666668
15500000,1800,Sector 22 Dwarka,3,1,0,0,0,0,0,0,0,0,0,0,0,0,0,0,8611.111111111111,0.0,0.0016666666666666668
16000000,1850,Sector 22 Dwarka,3,1,0,0,0,0,0,0,0,0,0,0,0,0,0,0,8648.648648648648,0.0,0.0016216216216216215
15500000,1800,Other,3,1,0,0,0,0,0,0,0,0,0,0,0,0,0,0,8611.111111111111,0.0,0.0016666666666666668
13500000,1850,Sector 4 Dwarka,3,1,0,0,0,0,0,0,0,0,0,0,0,0,0,0,7297.2972972972975,0.0,0.0016216216216216215
13799999,1950,Other,4,1,0,0,0,0,0,0,0,0,0,0,0,0,0,0,7076.922564102564,0.0,0.0020512820512820513
14500000,1750,Sector 10 Dwarka,3,1,0,0,0,0,0,0,0,0,0,0,0,0,0,0,8285.714285714286,0.0,0.0017142857142857142
13799999,1800,Sector 10 Dwarka,3,1,0,0,0,0,0,0,0,0,0,0,0,0,0,0,7666.666111111111,0.0,0.0016666666666666668
14500000,1750,Sector 10 Dwarka,3,1,0,0,0,0,0,0,0,0,0,0,0,0,0,0,8285.714285714286,0.0,0.0017142857142857142
20500000,1800,Sector 10 Dwarka,3,1,0,0,0,0,0,0,0,0,0,0,0,0,0,0,11388.888888888889,0.0,0.0016666666666666668
12300000,2000,Sector 11 Dwarka,3,1,0,0,0,0,0,0,0,0,0,0,0,0,0,0,6150.0,0.0,0.0015
10800000,1800,Sector 4 Dwarka,3,1,0,0,0,0,0,0,0,0,0,0,0,0,0,0,6000.0,0.0,0.0016666666666666668
14500000,1200,Sector 22 Dwarka,2,1,0,0,0,0,0,0,0,0,0,0,0,0,0,0,12083.333333333334,0.0,0.0016666666666666668
13799999,1600,Other,3,1,0,0,0,0,0,0,0,0,0,0,0,0,0,0,8624.999375,0.0,0.001875
20000000,1850,Other,3,1,0,0,0,0,0,0,0,0,0,0,0,0,0,0,10810.81081081081,0.0,0.0016216216216216215
16500000,2300,Other,4,1,0,0,0,0,0,0,0,0,0,0,0,0,0,0,7173.913043478261,0.0,0.0017391304347826088
15000000,1850,Sector 10 Dwarka,3,1,0,0,0,0,0,0,0,0,0,0,0,0,0,0,8108.108108108108,0.0,0.0016216216216216215
12500000,1800,Other,3,1,0,0,0,0,0,0,0,0,0,0,0,0,0,0,6944.444444444444,0.0,0.0016666666666666668
14800000,1800,Sector 10 Dwarka,3,1,0,0,0,0,0,0,0,0,0,0,0,0,0,0,8222.222222222223,0.0,0.0016666666666666668
15000000,1750,Other,3,1,0,0,0,0,0,0,0,0,0,0,0,0,0,0,8571.42857142857,0.0,0.0017142857142857142
15500000,1800,Sector 22 Dwarka,3,1,0,0,0,0,0,0,0,0,0,0,0,0,0,0,8611.111111111111,0.0,0.0016666666666666668
13000000,1850,Sector 10 Dwarka,3,1,0,0,0,0,0,0,0,0,0,0,0,0,0,0,7027.027027027027,0.0,0.0016216216216216215
16500000,1800,Sector 6 Dwarka,3,1,0,0,0,0,0,0,0,0,0,0,0,0,0,0,9166.666666666666,0.0,0.0016666666666666668
13500000,1850,Other,3,1,0,0,0,0,0,0,0,0,0,0,0,0,0,0,7297.2972972972975,0.0,0.0016216216216216215
19000000,1750,Other,3,1,0,0,0,0,0,0,0,0,0,0,0,0,0,0,10857.142857142857,0.0,0.0017142857142857142
16200000,1850,Other,4,1,0,0,0,0,0,0,0,0,0,0,0,0,0,0,8756.756756756757,0.0,0.002162162162162162
13000000,1800,Other,3,1,0,0,0,0,0,0,0,0,0,0,0,0,0,0,7222.222222222223,0.0,0.0016666666666666668
17500000,1800,Sector 6 Dwarka,3,1,0,0,0,0,0,0,0,0,0,0,0,0,0,0,9722.222222222223,0.0,0.0016666666666666668
14500000,1850,Other,3,1,0,0,0,0,0,0,0,0,0,0,0,0,0,0,7837.8378378378375,0.0,0.0016216216216216215
10500000,1800,Sector 6 Dwarka,3,1,0,0,0,0,0,0,0,0,0,0,0,0,0,0,5833.333333333333,0.0,0.0016666666666666668
15500000,1800,Sector 10 Dwarka,2,1,0,0,0,0,0,0,0,0,0,0,0,0,0,0,8611.111111111111,0.0,0.0011111111111111111
14500000,1800,Sector 12 Dwarka,3,1,0,0,0,0,0,0,0,0,0,0,0,0,0,0,8055.555555555556,0.0,0.0016666666666666668
9000000,1800,Other,3,1,0,0,0,0,0,0,0,0,0,0,0,0,0,0,5000.0,0.0,0.0016666666666666668
12800000,1200,Sector 22 Dwarka,2,1,0,0,0,0,0,0,0,0,0,0,0,0,0,0,10666.666666666666,0.0,0.0016666666666666668
12000000,1800,Sector 11 Dwarka,3,1,0,0,0,0,0,0,0,0,0,0,0,0,0,0,6666.666666666667,0.0,0.0016666666666666668
17000000,1200,Sector 4 Dwarka,2,1,0,0,0,0,0,0,0,0,0,0,0,0,0,0,14166.666666666666,0.0,0.0016666666666666668
13500000,2300,Other,4,1,0,0,0,0,0,0,0,0,0,0,0,0,0,0,5869.565217391304,0.0,0.0017391304347826088
17300000,1750,Sector 6 Dwarka,3,1,0,0,0,0,0,0,0,0,0,0,0,0,0,0,9885.714285714286,0.0,0.0017142857142857142
17000000,2300,Other,3,1,0,0,0,0,0,0,0,0,0,0,0,0,0,0,7391.304347826087,0.0,0.0013043478260869566
13500000,2300,Other,3,1,0,0,0,0,0,0,0,0,0,0,0,0,0,0,5869.565217391304,0.0,0.0013043478260869566
22200000,1750,Sector 10 Dwarka,3,1,0,0,0,0,0,0,0,0,0,0,0,0,0,0,12685.714285714286,0.0,0.0017142857142857142
4000000,1300,Other,3,1,0,0,0,0,0,0,0,0,0,0,0,0,0,0,3076.923076923077,0.0,0.002307692307692308
3900000,620,Other,1,1,0,0,0,0,0,0,0,0,0,0,0,0,0,0,6290.322580645161,0.0,0.0016129032258064516
4800000,550,Other,1,1,0,0,0,0,0,0,0,0,0,0,0,0,0,0,8727.272727272728,0.0,0.0018181818181818182
4000000,580,Other,1,1,0,0,0,0,0,0,0,0,0,0,0,0,0,0,6896.551724137931,0.0,0.0017241379310344827
4700000,550,Other,1,1,0,0,0,0,0,0,0,0,0,0,0,0,0,0,8545.454545454546,0.0,0.0018181818181818182
4000000,560,Other,1,1,0,0,0,0,0,0,0,0,0,0,0,0,0,0,7142.857142857143,0.0,0.0017857142857142857
4700000,550,Other,1,1,0,0,0,0,0,0,0,0,0,0,0,0,0,0,8545.454545454546,0.0,0.0018181818181818182
3700000,521,Other,1,1,0,0,0,0,0,0,0,0,0,0,0,0,0,0,7101.72744721689,0.0,0.0019193857965451055
4000000,521,Other,1,1,0,0,0,0,0,0,0,0,0,0,0,0,0,0,7677.543186180423,0.0,0.0019193857965451055
4300000,530,Other,1,1,0,0,0,0,0,0,0,0,0,0,0,0,0,0,8113.207547169812,0.0,0.0018867924528301887
14000000,570,Other,1,1,0,0,0,0,0,0,0,0,0,0,0,0,0,0,24561.40350877193,0.0,0.0017543859649122807
10000000,1400,Other,3,1,0,0,0,0,0,0,0,0,0,0,0,0,0,0,7142.857142857143,0.0,0.002142857142857143
55000000,950,Other,2,1,0,0,0,0,0,0,0,0,0,0,0,0,0,0,57894.73684210526,0.0,0.002105263157894737
37500000,3250,Other,4,1,0,0,0,0,0,0,0,0,0,0,0,0,0,0,11538.461538461539,0.0,0.0012307692307692308
18000000,2800,Other,3,1,0,0,0,0,0,0,0,0,0,0,0,0,0,0,6428.571428571428,0.0,0.0010714285714285715
18000000,1100,Other,2,0,0,0,0,0,0,0,0,0,0,0,0,0,0,0,16363.636363636364,0.0,0.0018181818181818182
15000000,1500,Other,3,1,0,0,0,0,0,0,0,0,0,0,0,0,0,0,10000.0,0.0,0.002
15500000,1600,Sector 19 Dwarka,3,1,0,0,0,0,0,0,0,0,0,0,0,0,0,0,9687.5,0.0,0.001875
16500000,1300,Other,3,1,0,0,0,0,0,0,0,0,0,0,0,0,0,0,12692.307692307691,0.0,0.002307692307692308
35000000,1435,Other,3,1,0,0,0,0,0,0,0,0,0,0,0,0,0,0,24390.243902439026,0.0,0.0020905923344947735
3700000,1801,Other,3,1,0,0,0,0,0,0,0,0,0,0,0,0,0,0,2054.414214325375,0.0,0.001665741254858412
3700000,516,Other,1,1,0,0,0,0,0,0,0,0,0,0,0,0,0,0,7170.542635658915,0.0,0.001937984496124031
3900000,520,Other,1,1,0,0,0,0,0,0,0,0,0,0,0,0,0,0,7500.0,0.0,0.0019230769230769232
4700000,516,Other,1,1,0,0,0,0,0,0,0,0,0,0,0,0,0,0,9108.527131782947,0.0,0.001937984496124031
4000000,520,Other,1,1,0,0,0,0,0,0,0,0,0,0,0,0,0,0,7692.307692307692,0.0,0.0019230769230769232
4300000,520,Other,1,1,0,0,0,0,0,0,0,0,0,0,0,0,0,0,8269.23076923077,0.0,0.0019230769230769232
2775000,520,Other,1,1,0,0,0,0,0,0,0,0,0,0,0,0,0,0,5336.538461538462,0.0,0.0019230769230769232
52500000,750,Other,2,0,0,0,0,0,0,0,0,0,0,0,0,0,0,0,70000.0,0.0,0.0026666666666666666
4000000,3250,Other,4,1,0,0,0,0,0,0,0,0,0,0,0,0,0,0,1230.7692307692307,0.0,0.0012307692307692308
3660000,520,Other,1,1,0,0,0,0,0,0,0,0,0,0,0,0,0,0,7038.461538461538,0.0,0.0019230769230769232
3800000,1017,Dwarka Mor,3,0,0,0,0,0,0,0,0,0,0,0,0,0,0,0,3736.479842674533,0.0,0.0029498525073746312
2800000,900,Dwarka Mor,3,0,0,0,0,0,0,0,0,0,0,0,0,0,0,0,3111.1111111111113,0.0,0.0033333333333333335
2600000,675,Dwarka Mor,2,0,0,0,0,0,0,0,0,0,0,0,0,0,0,0,3851.8518518518517,0.0,0.002962962962962963
10000000,630,Dwarka Mor,2,0,0,0,0,0,0,0,0,0,0,0,0,0,0,0,15873.015873015873,0.0,0.0031746031746031746
4100000,1000,Other,2,1,0,0,0,0,0,0,0,0,0,0,0,0,0,0,4100.0,0.0,0.002
8000000,520,Other,1,1,0,0,0,0,0,0,0,0,0,0,0,0,0,0,15384.615384615385,0.0,0.0019230769230769232
5500000,1337,Other,3,0,0,0,0,0,0,0,0,0,0,0,0,0,0,0,4113.687359760658,0.0,0.002243829468960359
11000000,750,Other,3,0,0,0,0,0,0,0,0,0,0,0,0,0,0,0,14666.666666666666,0.0,0.004
5800000,1080,Other,3,1,0,0,0,0,0,0,0,0,0,0,0,0,0,0,5370.37037037037,0.0,0.002777777777777778
4300000,518,Other,2,1,0,0,0,0,0,0,0,0,0,0,0,0,0,0,8301.1583011583,0.0,0.003861003861003861
4700000,520,Other,1,1,0,0,0,0,0,0,0,0,0,0,0,0,0,0,9038.461538461539,0.0,0.0019230769230769232
7500000,520,Other,1,1,0,0,0,0,0,0,0,0,0,0,0,0,0,0,14423.076923076924,0.0,0.0019230769230769232
6700000,1381,Other,3,0,0,0,0,0,0,0,0,0,0,0,0,0,0,0,4851.556842867487,0.0,0.002172338884866039
22500000,1200,Vasant Kunj,3,1,0,0,0,0,0,0,0,0,0,0,0,0,0,0,18750.0,0.0,0.0025
3400000,1250,Other,3,1,0,0,0,0,0,0,0,0,0,0,0,0,0,0,2720.0,0.0,0.0024
3400000,520,Other,1,1,0,0,0,0,0,0,0,0,0,0,0,0,0,0,6538.461538461538,0.0,0.0019230769230769232
30000000,520,Other,1,1,0,0,0,0,0,0,0,0,0,0,0,0,0,0,57692.307692307695,0.0,0.0019230769230769232
5500000,2799,Other,3,1,0,0,0,0,0,0,0,0,0,0,0,0,0,0,1964.9874955341193,0.0,0.0010718113612004287
4000000,750,Other,3,1,0,0,0,0,0,0,0,0,0,0,0,0,0,0,5333.333333333333,0.0,0.004
4300000,516,Other,1,1,0,0,0,0,0,0,0,0,0,0,0,0,0,0,8333.333333333334,0.0,0.001937984496124031
4000000,516,Other,1,1,0,0,0,0,0,0,0,0,0,0,0,0,0,0,7751.937984496124,0.0,0.001937984496124031
4700000,516,Other,1,1,0,0,0,0,0,0,0,0,0,0,0,0,0,0,9108.527131782947,0.0,0.001937984496124031
4000000,516,Other,1,1,0,0,0,0,0,0,0,0,0,0,0,0,0,0,7751.937984496124,0.0,0.001937984496124031
4000000,516,Other,1,1,0,0,0,0,0,0,0,0,0,0,0,0,0,0,7751.937984496124,0.0,0.001937984496124031
240000000,516,Other,1,1,0,0,0,0,0,0,0,0,0,0,0,0,0,0,465116.27906976745,0.0,0.001937984496124031
5500000,1850,Other,3,1,0,0,0,0,0,0,0,0,0,0,0,0,0,0,2972.972972972973,0.0,0.0016216216216216215
13000000,600,Vasant Kunj,1,1,0,0,0,0,0,0,0,0,0,0,0,0,0,0,21666.666666666668,0.0,0.0016666666666666668
3300000,900,Other,2,0,0,0,0,0,0,0,0,0,0,0,0,0,0,0,3666.6666666666665,0.0,0.0022222222222222222
5000000,460,Other,1,1,0,0,0,0,0,0,0,0,0,0,0,0,0,0,10869.565217391304,0.0,0.002173913043478261
4500000,420,Other,2,1,0,0,0,0,0,0,0,0,0,0,0,0,0,0,10714.285714285714,0.0,0.004761904761904762
14200000,800,Other,2,1,0,0,0,0,0,0,0,0,0,0,0,0,0,0,17750.0,0.0,0.0025
8000000,950,Other,2,0,0,0,0,0,0,0,0,0,0,0,0,0,0,0,8421.052631578947,0.0,0.002105263157894737
12200000,650,Vasant Kunj,1,1,0,0,0,0,0,0,0,0,0,0,0,0,0,0,18769.23076923077,0.0,0.0015384615384615385
13000000,1250,Other,2,1,0,0,0,0,0,0,0,0,0,0,0,0,0,0,10400.0,0.0,0.0016
34500000,1650,Sector 19 Dwarka,2,1,0,0,0,0,0,0,0,0,0,0,0,0,0,0,20909.090909090908,0.0,0.0012121212121212121
12800000,2600,Other,4,1,0,0,0,0,0,0,0,0,0,0,0,0,0,0,4923.076923076923,0.0,0.0015384615384615385
5200000,1843,Other,3,0,0,0,0,0,0,0,0,0,0,0,0,0,0,0,2821.486706456864,0.0,0.0016277807921866521
11500000,516,Other,1,1,0,0,0,0,0,0,0,0,0,0,0,0,0,0,22286.821705426355,0.0,0.001937984496124031
24500000,1300,Other,2,1,0,0,0,0,0,0,0,0,0,0,0,0,0,0,18846.153846153848,0.0,0.0015384615384615385
22000000,2200,Other,4,1,0,0,0,0,0,0,0,0,0,0,0,0,0,0,10000.0,0.0,0.0018181818181818182
61500000,883,Vasant Kunj,2,1,0,0,0,0,0,0,0,0,0,0,0,0,0,0,69648.9241223103,0.0,0.0022650056625141564
12000000,3450,Other,4,1,0,0,0,0,0,0,0,0,0,0,0,0,0,0,3478.2608695652175,0.0,0.0011594202898550724
4500000,900,Other,2,1,0,0,0,0,0,0,0,0,0,0,0,0,0,0,5000.0,0.0,0.0022222222222222222
4200000,650,Other,2,0,0,0,0,0,0,0,0,0,0,0,0,0,0,0,6461.538461538462,0.0,0.003076923076923077
21000000,516,Other,1,1,0,0,0,0,0,0,0,0,0,0,0,0,0,0,40697.67441860465,0.0,0.001937984496124031
35000000,1250,Other,3,1,0,0,0,0,0,0,0,0,0,0,0,0,0,0,28000.0,0.0,0.0024
17000000,1855,Other,3,1,0,0,0,0,0,0,0,0,0,0,0,0,0,0,9164.420485175202,0.0,0.0016172506738544475
16000000,2025,Other,4,1,0,0,0,0,0,0,0,0,0,0,0,0,0,0,7901.234567901234,0.0,0.0019753086419753087
15000000,1350,Other,3,1,0,0,0,0,0,0,0,0,0,0,0,0,0,0,11111.111111111111,0.0,0.0022222222222222222
14000000,1500,Sector 19 Dwarka,3,1,0,0,0,0,0,0,0,0,0,0,0,0,0,0,9333.333333333334,0.0,0.002
62500000,1500,Other,3,1,0,0,0,0,0,0,0,0,0,0,0,0,0,0,41666.666666666664,0.0,0.002
4500000,3300,Other,4,1,0,0,0,0,0,0,0,0,0,0,0,0,0,0,1363.6363636363637,0.0,0.0012121212121212121
42500000,516,Other,1,1,0,0,0,0,0,0,0,0,0,0,0,0,0,0,82364.34108527131,0.0,0.001937984496124031
17000000,1450,Other,3,1,0,0,0,0,0,0,0,0,0,0,0,0,0,0,11724.137931034482,0.0,0.0020689655172413794
2500000,1500,Other,2,1,0,0,0,0,0,0,0,0,0,0,0,0,0,0,1666.6666666666667,0.0,0.0013333333333333333
14200000,600,Other,1,0,0,0,0,0,0,0,0,0,0,0,0,0,0,0,23666.666666666668,0.0,0.0016666666666666668
3500000,1758,Sector 12 Dwarka,3,1,0,0,0,0,0,0,0,0,0,0,0,0,0,0,1990.8987485779294,0.0,0.0017064846416382253
110000000,516,Other,1,1,0,0,0,0,0,0,0,0,0,0,0,0,0,0,213178.29457364342,0.0,0.001937984496124031
42500000,2402,Other,3,1,0,0,0,0,0,0,0,0,0,0,0,0,0,0,17693.58867610325,0.0,0.0012489592006661116
12800000,2850,Other,4,1,0,0,0,0,0,0,0,0,0,0,0,0,0,0,4491.228070175439,0.0,0.0014035087719298245
16000000,1843,Other,3,0,0,0,0,0,0,0,0,0,0,0,0,0,0,0,8681.497558328812,0.0,0.0016277807921866521
11500000,2400,Other,4,1,0,0,0,0,0,0,0,0,0,0,0,0,0,0,4791.666666666667,0.0,0.0016666666666666668
21000000,1250,Other,2,1,0,0,0,0,0,0,0,0,0,0,0,0,0,0,16800.0,0.0,0.0016
45000000,1350,Other,3,1,0,0,0,0,0,0,0,0,0,0,0,0,0,0,33333.333333333336,0.0,0.0022222222222222222
11200000,2800,Other,4,1,0,0,0,0,0,0,0,0,0,0,0,0,0,0,4000.0,0.0,0.0014285714285714286
3400000,1300,Other,3,1,0,0,0,0,0,0,0,0,0,0,0,0,0,0,2615.3846153846152,0.0,0.002307692307692308
13899999,516,Other,1,1,0,0,0,0,0,0,0,0,0,0,0,0,0,0,26937.982558139534,0.0,0.001937984496124031
13799999,1035,Other,3,1,0,0,0,0,0,0,0,0,0,0,0,0,0,0,13333.332367149758,0.0,0.002898550724637681
8600000,1582,Sector 22 Dwarka,3,1,0,0,0,0,0,0,0,0,0,0,0,0,0,0,5436.156763590392,0.0,0.0018963337547408343
3500000,1200,Sector 12 Dwarka,2,1,0,0,0,0,0,0,0,0,0,0,0,0,0,0,2916.6666666666665,0.0,0.0016666666666666668
19800000,668,Other,2,0,0,0,0,0,0,0,0,0,0,0,0,0,0,0,29640.71856287425,0.0,0.0029940119760479044
18500000,1500,Other,3,1,0,0,0,0,0,0,0,0,0,0,0,0,0,0,12333.333333333334,0.0,0.002
17500000,1350,Other,3,1,0,0,0,0,0,0,0,0,0,0,0,0,0,0,12962.962962962964,0.0,0.0022222222222222222
22500000,1800,Sector 12 Dwarka,3,1,0,0,0,0,0,0,0,0,0,0,0,0,0,0,12500.0,0.0,0.0016666666666666668
24800000,2400,Sector 19 Dwarka,4,1,0,0,0,0,0,0,0,0,0,0,0,0,0,0,10333.333333333334,0.0,0.0016666666666666668
6700000,2500,Sector 19 Dwarka,4,1,0,0,0,0,0,0,0,0,0,0,0,0,0,0,2680.0,0.0,0.0016
5000000,700,Other,1,1,0,0,0,0,0,0,0,0,0,0,0,0,0,0,7142.857142857143,0.0,0.0014285714285714286
40000000,1000,Other,3,1,0,0,0,0,0,0,0,0,0,0,0,0,0,0,40000.0,0.0,0.003
4500000,2150,Other,5,0,0,0,0,0,0,0,0,0,0,0,0,0,0,0,2093.0232558139537,0.0,0.002325581395348837
32799999,630,Other,1,1,0,0,0,0,0,0,0,0,0,0,0,0,0,0,52063.490476190476,0.0,0.0015873015873015873
17500000,1900,Other,3,1,0,0,0,0,0,0,0,0,0,0,0,0,0,0,9210.526315789473,0.0,0.0015789473684210526
40000000,1700,Other,3,1,0,0,0,0,0,0,0,0,0,0,0,0,0,0,23529.41176470588,0.0,0.0017647058823529412
30000000,2700,Other,4,0,0,0,0,0,0,0,0,0,0,0,0,0,0,0,11111.111111111111,0.0,0.0014814814814814814
37000000,2400,Other,4,0,0,0,0,0,0,0,0,0,0,0,0,0,0,0,15416.666666666666,0.0,0.0016666666666666668
9960000,750,Other,1,1,0,0,0,0,0,0,0,0,0,0,0,0,0,0,13280.0,0.0,0.0013333333333333333
16900000,1245,Other,2,0,0,0,0,0,0,0,0,0,0,0,0,0,0,0,13574.29718875502,0.0,0.001606425702811245
17000000,1700,Sector 4 Dwarka,3,1,0,0,0,0,0,0,0,0,0,0,0,0,0,0,10000.0,0.0,0.0017647058823529412
8500000,1900,Other,3,1,0,0,0,0,0,0,0,0,0,0,0,0,0,0,4473.684210526316,0.0,0.0015789473684210526
16000000,1350,Other,3,0,0,0,0,0,0,0,0,0,0,0,0,0,0,0,11851.851851851852,0.0,0.0022222222222222222
4000000,1800,Other,3,1,0,0,0,0,0,0,0,0,0,0,0,0,0,0,2222.222222222222,0.0,0.0016666666666666668
24500000,516,Other,1,1,0,0,0,0,0,0,0,0,0,0,0,0,0,0,47480.62015503876,0.0,0.001937984496124031
13500000,2200,Other,4,1,0,0,0,0,0,0,0,0,0,0,0,0,0,0,6136.363636363636,0.0,0.0018181818181818182
3600000,1650,Other,3,1,0,0,0,0,0,0,0,0,0,0,0,0,0,0,2181.818181818182,0.0,0.0018181818181818182
4000000,516,Other,1,1,0,0,0,0,0,0,0,0,0,0,0,0,0,0,7751.937984496124,0.0,0.001937984496124031
15000000,516,Other,1,1,0,0,0,0,0,0,0,0,0,0,0,0,0,0,29069.767441860466,0.0,0.001937984496124031
15000000,1000,Other,2,1,0,0,0,0,0,0,0,0,0,0,0,0,0,0,15000.0,0.0,0.002
13700000,1050,Other,3,0,0,0,0,0,0,0,0,0,0,0,0,0,0,0,13047.619047619048,0.0,0.002857142857142857
19000000,975,Other,2,1,0,0,0,0,0,0,0,0,0,0,0,0,0,0,19487.17948717949,0.0,0.0020512820512820513
13500000,1500,Other,2,1,0,0,0,0,0,0,0,0,0,0,0,0,0,0,9000.0,0.0,0.0013333333333333333
10400000,1100,Other,2,1,0,0,0,0,0,0,0,0,0,0,0,0,0,0,9454.545454545454,0.0,0.0018181818181818182
3600000,1050,Other,2,1,0,0,0,0,0,0,0,0,0,0,0,0,0,0,3428.5714285714284,0.0,0.0019047619047619048
4500000,950,Dwarka Mor,3,0,0,0,0,0,0,0,0,0,0,0,0,0,0,0,4736.8421052631575,0.0,0.003157894736842105
6500000,1050,Dwarka Mor,3,0,0,0,0,0,0,0,0,0,0,0,0,0,0,0,6190.476190476191,0.0,0.002857142857142857
3300000,1250,Dwarka Mor,4,0,0,0,0,0,0,0,0,0,0,0,0,0,0,0,2640.0,0.0,0.0032
3000000,850,Dwarka Mor,3,0,0,0,0,0,0,0,0,0,0,0,0,0,0,0,3529.4117647058824,0.0,0.0035294117647058825
2400000,750,Dwarka Mor,3,0,0,0,0,0,0,0,0,0,0,0,0,0,0,0,3200.0,0.0,0.004
2000000,600,Dwarka Mor,2,0,0,0,0,0,0,0,0,0,0,0,0,0,0,0,3333.3333333333335,0.0,0.0033333333333333335
13000000,550,Dwarka Mor,2,0,0,0,0,0,0,0,0,0,0,0,0,0,0,0,23636.363636363636,0.0,0.0036363636363636364
14200000,1300,Other,3,1,0,0,0,0,0,0,0,0,0,0,0,0,0,0,10923.076923076924,0.0,0.002307692307692308
6500000,1150,Other,2,1,0,0,0,0,0,0,0,0,0,0,0,0,0,0,5652.173913043478,0.0,0.0017391304347826088
12500000,1000,Other,2,1,0,0,0,0,0,0,0,0,0,0,0,0,0,0,12500.0,0.0,0.002
16000000,1100,Other,3,1,0,0,0,0,0,0,0,0,0,0,0,0,0,0,14545.454545454546,0.0,0.0027272727272727275
18500000,1800,Other,3,0,0,0,0,0,0,0,0,0,0,0,0,0,0,0,10277.777777777777,0.0,0.0016666666666666668
4799000,1000,Other,2,1,0,0,0,0,0,0,0,0,0,0,0,0,0,0,4799.0,0.0,0.002
5199000,900,Uttam Nagar,3,0,0,0,0,0,0,0,0,0,0,0,0,0,0,0,5776.666666666667,0.0,0.0033333333333333335
3599000,920,Uttam Nagar,3,0,0,0,0,0,0,0,0,0,0,0,0,0,0,0,3911.9565217391305,0.0,0.003260869565217391
4199000,675,Uttam Nagar,3,0,0,0,0,0,0,0,0,0,0,0,0,0,0,0,6220.740740740741,0.0,0.0044444444444444444
27000000,810,Uttam Nagar,3,0,0,0,0,0,0,0,0,0,0,0,0,0,0,0,33333.333333333336,0.0,0.003703703703703704
15800000,1700,Other,3,1,0,0,0,0,0,0,0,0,0,0,0,0,0,0,9294.117647058823,0.0,0.0017647058823529412
16500000,1700,Sector 22 Dwarka,3,1,0,0,0,0,0,0,0,0,0,0,0,0,0,0,9705.882352941177,0.0,0.0017647058823529412
10500000,1650,Sector 12 Dwarka,3,1,0,0,0,0,0,0,0,0,0,0,0,0,0,0,6363.636363636364,0.0,0.0018181818181818182
11000000,1200,Other,3,1,0,0,0,0,0,0,0,0,0,0,0,0,0,0,9166.666666666666,0.0,0.0025
19500000,1200,Other,3,1,0,0,0,0,0,0,0,0,0,0,0,0,0,0,16250.0,0.0,0.0025
13899999,1800,Other,3,1,0,0,0,0,0,0,0,0,0,0,0,0,0,0,7722.221666666666,0.0,0.0016666666666666668
35000000,1700,Other,3,1,0,0,0,0,0,0,0,0,0,0,0,0,0,0,20588.235294117647,0.0,0.0017647058823529412
15600000,2400,Sector 12 Dwarka,4,1,0,0,0,0,0,0,0,0,0,0,0,0,0,0,6500.0,0.0,0.0016666666666666668
22000000,2400,Other,4,1,0,0,0,0,0,0,0,0,0,0,0,0,0,0,9166.666666666666,0.0,0.0016666666666666668
3700000,2400,Sector 10 Dwarka,4,1,0,0,0,0,0,0,0,0,0,0,0,0,0,0,1541.6666666666667,0.0,0.0016666666666666668
18000000,1625,Other,3,1,0,0,0,0,0,0,0,0,0,0,0,0,0,0,11076.923076923076,0.0,0.0018461538461538461
10000000,1204,Other,2,1,0,0,0,0,0,0,0,0,0,0,0,0,0,0,8305.647840531561,0.0,0.0016611295681063123
13000000,1245,Other,2,0,0,0,0,0,0,0,0,0,0,0,0,0,0,0,10441.767068273093,0.0,0.001606425702811245
3400000,950,Other,2,1,0,0,0,0,0,0,0,0,0,0,0,0,0,0,3578.9473684210525,0.0,0.002105263157894737
2250000,700,Uttam Nagar,3,0,0,0,0,0,0,0,0,0,0,0,0,0,0,0,3214.285714285714,0.0,0.004285714285714286
3300000,500,Uttam Nagar,2,0,0,0,0,0,0,0,0,0,0,0,0,0,0,0,6600.0,0.0,0.004
4500000,700,Uttam Nagar,2,0,0,0,0,0,0,0,0,0,0,0,0,0,0,0,6428.571428571428,0.0,0.002857142857142857
4000000,800,Uttam Nagar,3,0,0,0,0,0,0,0,0,0,0,0,0,0,0,0,5000.0,0.0,0.00375
2800000,750,Uttam Nagar,3,0,0,0,0,0,0,0,0,0,0,0,0,0,0,0,3733.3333333333335,0.0,0.004
2600000,600,Uttam Nagar,2,0,0,0,0,0,0,0,0,0,0,0,0,0,0,0,4333.333333333333,0.0,0.0033333333333333335
3875000,550,Uttam Nagar,2,0,0,0,0,0,0,0,0,0,0,0,0,0,0,0,7045.454545454545,0.0,0.0036363636363636364
30000000,1000,Other,3,0,0,0,0,0,0,0,0,0,0,0,0,0,0,0,30000.0,0.0,0.003
13000000,1200,Other,3,1,0,0,0,0,0,0,0,0,0,0,0,0,0,0,10833.333333333334,0.0,0.0025
19000000,1000,Sector 4 Dwarka,3,1,0,0,0,0,0,0,0,0,0,0,0,0,0,0,19000.0,0.0,0.003
24000000,2250,Sector 12 Dwarka,3,1,0,0,0,0,0,0,0,0,0,0,0,0,0,0,10666.666666666666,0.0,0.0013333333333333333
13000000,2800,Sector 19 Dwarka,4,1,0,0,0,0,0,0,0,0,0,0,0,0,0,0,4642.857142857143,0.0,0.0014285714285714286
15500000,1300,Sector 19 Dwarka,3,1,0,0,0,0,0,0,0,0,0,0,0,0,0,0,11923.076923076924,0.0,0.002307692307692308
23500000,2200,Sector 11 Dwarka,4,1,0,0,0,0,0,0,0,0,0,0,0,0,0,0,10681.818181818182,0.0,0.0018181818181818182
12500000,1900,Sector 10 Dwarka,3,1,0,0,0,0,0,0,0,0,0,0,0,0,0,0,6578.9473684210525,0.0,0.0015789473684210526
16500000,1843,Other,3,0,0,0,0,0,0,0,0,0,0,0,0,0,0,0,8952.794357026587,0.0,0.0016277807921866521
30000000,1800,Other,3,0,0,0,0,0,0,0,0,0,0,0,0,0,0,0,16666.666666666668,0.0,0.0016666666666666668
2300000,1450,Other,3,1,0,0,0,0,0,0,0,0,0,0,0,0,0,0,1586.2068965517242,0.0,0.0020689655172413794
255000000,450,Other,2,1,0,0,0,0,0,0,0,0,0,0,0,0,0,0,566666.6666666666,0.0,0.0044444444444444444
5975000,1850,Other,3,1,0,0,0,0,0,0,0,0,0,0,0,0,0,0,3229.7297297297296,0.0,0.0016216216216216215
14000000,640,Other,2,0,0,0,0,0,0,0,0,0,0,0,0,0,0,0,21875.0,0.0,0.003125
42500000,1450,Other,3,1,0,0,0,0,0,0,0,0,0,0,0,0,0,0,29310.344827586207,0.0,0.0020689655172413794
6900000,1500,Other,3,1,0,0,0,0,0,0,0,0,0,0,0,0,0,0,4600.0,0.0,0.002
11800000,850,Other,1,1,0,0,0,0,0,0,0,0,0,0,0,0,0,0,13882.35294117647,0.0,0.001176470588235294
16500000,1200,Sector 4 Dwarka,2,1,0,0,0,0,0,0,0,0,0,0,0,0,0,0,13750.0,0.0,0.0016666666666666668
7500000,1350,Other,3,1,0,0,0,0,0,0,0,0,0,0,0,0,0,0,5555.555555555556,0.0,0.0022222222222222222
30000000,1000,Other,2,1,0,0,0,0,0,0,0,0,0,0,0,0,0,0,30000.0,0.0,0.002
8800000,2400,Sector 22 Dwarka,4,1,0,0,0,0,0,0,0,0,0,0,0,0,0,0,3666.6666666666665,0.0,0.0016666666666666668
35500000,950,Other,2,1,0,0,0,0,0,0,0,0,0,0,0,0,0,0,37368.42105263158,0.0,0.002105263157894737
5000000,3200,Sector 19 Dwarka,4,0,0,0,0,0,0,0,0,0,0,0,0,0,0,0,1562.5,0.0,0.00125
4500000,1000,Uttam Nagar,3,0,0,0,0,0,0,0,0,0,0,0,0,0,0,0,4500.0,0.0,0.003
2100000,900,Uttam Nagar,3,0,0,0,0,0,0,0,0,0,0,0,0,0,0,0,2333.3333333333335,0.0,0.0033333333333333335
2000000,500,Uttam Nagar,2,0,0,0,0,0,0,0,0,0,0,0,0,0,0,0,4000.0,0.0,0.004
6000000,520,Uttam Nagar,2,0,0,0,0,0,0,0,0,0,0,0,0,0,0,0,11538.461538461539,0.0,0.0038461538461538464
2200000,1050,Uttam Nagar,3,0,0,0,0,0,0,0,0,0,0,0,0,0,0,0,2095.2380952380954,0.0,0.002857142857142857
6500000,510,Uttam Nagar,2,0,0,0,0,0,0,0,0,0,0,0,0,0,0,0,12745.098039215687,0.0,0.00392156862745098
3500000,1100,Uttam Nagar,3,0,0,0,0,0,0,0,0,0,0,0,0,0,0,0,3181.818181818182,0.0,0.0027272727272727275
3100000,800,Uttam Nagar,3,0,0,0,0,0,0,0,0,0,0,0,0,0,0,0,3875.0,0.0,0.00375
2800000,750,Uttam Nagar,3,0,0,0,0,0,0,0,0,0,0,0,0,0,0,0,3733.3333333333335,0.0,0.004
16500000,600,Uttam Nagar,2,0,0,0,0,0,0,0,0,0,0,0,0,0,0,0,27500.0,0.0,0.0033333333333333335
13899999,1150,Other,3,1,0,0,0,0,0,0,0,0,0,0,0,0,0,0,12086.955652173912,0.0,0.0026086956521739132
9000000,1250,Other,2,1,0,0,0,0,0,0,0,0,0,0,0,0,0,0,7200.0,0.0,0.0016
8900000,1500,Uttam Nagar,4,0,0,0,0,0,0,0,0,0,0,0,0,0,0,0,5933.333333333333,0.0,0.0026666666666666666
4700000,1400,Uttam Nagar,4,0,0,0,0,0,0,0,0,0,0,0,0,0,0,0,3357.1428571428573,0.0,0.002857142857142857
2700000,820,Uttam Nagar,3,0,0,0,0,0,0,0,0,0,0,0,0,0,0,0,3292.682926829268,0.0,0.003658536585365854
2400000,625,Uttam Nagar,2,0,0,0,0,0,0,0,0,0,0,0,0,0,0,0,3840.0,0.0,0.0032
7500000,525,Uttam Nagar,2,0,0,0,0,0,0,0,0,0,0,0,0,0,0,0,14285.714285714286,0.0,0.0038095238095238095
3500000,1350,Uttam Nagar,3,0,0,0,0,0,0,0,0,0,0,0,0,0,0,0,2592.5925925925926,0.0,0.0022222222222222222
4200000,750,Uttam Nagar,2,0,0,0,0,0,0,0,0,0,0,0,0,0,0,0,5600.0,0.0,0.0026666666666666666
10000000,850,Uttam Nagar,3,0,0,0,0,0,0,0,0,0,0,0,0,0,0,0,11764.70588235294,0.0,0.0035294117647058825
10800000,900,Other,2,1,0,0,0,0,0,0,0,0,0,0,0,0,0,0,12000.0,0.0,0.0022222222222222222
3600000,1300,Other,4,0,0,0,0,0,0,0,0,0,0,0,0,0,0,0,2769.230769230769,0.0,0.003076923076923077
9000000,900,Other,3,0,0,0,0,0,0,0,0,0,0,0,0,0,0,0,10000.0,0.0,0.0033333333333333335
8700000,1100,Other,4,0,0,0,0,0,0,0,0,0,0,0,0,0,0,0,7909.090909090909,0.0,0.0036363636363636364
4000000,1100,Other,3,0,0,0,0,0,0,0,0,0,0,0,0,0,0,0,3636.3636363636365,0.0,0.0027272727272727275
13000000,700,Other,2,0,0,0,0,0,0,0,0,0,0,0,0,0,0,0,18571.428571428572,0.0,0.002857142857142857
9500000,1400,Other,4,0,0,0,0,0,0,0,0,0,0,0,0,0,0,0,6785.714285714285,0.0,0.002857142857142857
2600000,1200,Other,4,0,0,0,0,0,0,0,0,0,0,0,0,0,0,0,2166.6666666666665,0.0,0.0033333333333333335
2300000,500,Other,2,0,0,0,0,0,0,0,0,0,0,0,0,0,0,0,4600.0,0.0,0.004
17000000,500,Other,1,0,0,0,0,0,0,0,0,0,0,0,0,0,0,0,34000.0,0.0,0.002
5000000,1550,Other,4,0,0,0,0,0,0,0,0,0,0,0,0,0,0,0,3225.8064516129034,0.0,0.0025806451612903226
3800000,1200,Other,3,0,0,0,0,0,0,0,0,0,0,0,0,0,0,0,3166.6666666666665,0.0,0.0025
3400000,650,Other,2,0,0,0,0,0,0,0,0,0,0,0,0,0,0,0,5230.7692307692305,0.0,0.003076923076923077
15500000,600,Other,2,0,0,0,0,0,0,0,0,0,0,0,0,0,0,0,25833.333333333332,0.0,0.0033333333333333335
18500000,1700,Sector 4 Dwarka,3,1,0,0,0,0,0,0,0,0,0,0,0,0,0,0,10882.35294117647,0.0,0.0017647058823529412
9000000,1600,Other,4,1,0,0,0,0,0,0,0,0,0,0,0,0,0,0,5625.0,0.0,0.0025
15500000,850,Other,2,1,0,0,0,0,0,0,0,0,0,0,0,0,0,0,18235.29411764706,0.0,0.002352941176470588
33500000,1600,Sector 12 Dwarka,3,1,0,0,0,0,0,0,0,0,0,0,0,0,0,0,20937.5,0.0,0.001875
5000000,2590,Other,3,1,0,0,0,0,0,0,0,0,0,0,0,0,0,0,1930.5019305019305,0.0,0.0011583011583011582
4000000,1000,Dwarka Mor,3,0,0,0,0,0,0,0,0,0,0,0,0,0,0,0,4000.0,0.0,0.003
2000000,900,Dwarka Mor,3,0,0,0,0,0,0,0,0,0,0,0,0,0,0,0,2222.222222222222,0.0,0.0033333333333333335
3000000,500,Dwarka Mor,1,0,0,0,0,0,0,0,0,0,0,0,0,0,0,0,6000.0,0.0,0.002
2600000,750,Dwarka Mor,2,0,0,0,0,0,0,0,0,0,0,0,0,0,0,0,3466.6666666666665,0.0,0.0026666666666666666
3500000,650,Dwarka Mor,2,0,0,0,0,0,0,0,0,0,0,0,0,0,0,0,5384.615384615385,0.0,0.003076923076923077
2500000,850,Dwarka Mor,3,0,0,0,0,0,0,0,0,0,0,0,0,0,0,0,2941.176470588235,0.0,0.0035294117647058825
34500000,600,Dwarka Mor,2,0,0,0,0,0,0,0,0,0,0,0,0,0,0,0,57500.0,0.0,0.0033333333333333335
35500000,1650,Other,3,0,0,0,0,0,0,0,0,0,0,0,0,0,0,0,21515.151515151516,0.0,0.0018181818181818182
22500000,3600,Other,4,0,0,0,0,0,0,0,0,0,0,0,0,0,0,0,6250.0,0.0,0.0011111111111111111
4000000,1400,Other,3,0,0,0,0,0,0,0,0,0,0,0,0,0,0,0,2857.1428571428573,0.0,0.002142857142857143
12000000,820,Other,2,1,0,0,0,0,0,0,0,0,0,0,0,0,0,0,14634.146341463415,0.0,0.0024390243902439024
51000000,1114,Other,3,1,0,0,0,0,0,0,0,0,0,0,0,0,0,0,45780.969479353684,0.0,0.0026929982046678637
15400000,2300,Other,4,1,0,0,0,0,0,0,0,0,0,0,0,0,0,0,6695.652173913043,0.0,0.0017391304347826088
4000000,1250,Other,3,1,0,0,0,0,0,0,0,0,0,0,0,0,0,0,3200.0,0.0,0.0024
3800000,820,Other,2,0,0,0,0,0,0,0,0,0,0,0,0,0,0,0,4634.1463414634145,0.0,0.0024390243902439024
84100000,950,Other,3,0,0,0,0,0,0,0,0,0,0,0,0,0,0,0,88526.31578947368,0.0,0.003157894736842105
174500000,1821,Other,3,0,0,0,0,0,0,0,0,0,0,0,0,0,0,0,95826.4689730917,0.0,0.0016474464579901153
12000000,2741,Other,4,0,0,0,0,0,0,0,0,0,0,0,0,0,0,0,4377.964246625319,0.0,0.001459321415541773
9000000,600,Other,2,0,0,0,0,0,0,0,0,0,0,0,0,0,0,0,15000.0,0.0,0.0033333333333333335
29900000,900,Vasant Kunj,2,0,0,0,0,0,0,0,0,0,0,0,0,0,0,0,33222.22222222222,0.0,0.0022222222222222222
14600000,2800,Other,4,1,0,0,0,0,0,0,0,0,0,0,0,0,0,0,5214.285714285715,0.0,0.0014285714285714286
35000000,1650,Sector 4 Dwarka,3,1,0,0,0,0,0,0,0,0,0,0,0,0,0,0,21212.121212121212,0.0,0.0018181818181818182
9800000,2530,Other,3,0,0,0,0,0,0,0,0,0,0,0,0,0,0,0,3873.517786561265,0.0,0.0011857707509881424
8300000,1845,Other,3,1,0,0,0,0,0,0,0,0,0,0,0,0,0,0,4498.6449864498645,0.0,0.0016260162601626016
17500000,1930,Other,3,1,0,0,0,0,0,0,0,0,0,0,0,0,0,0,9067.357512953367,0.0,0.0015544041450777201
8500000,1800,Other,3,0,0,0,0,0,0,0,0,0,0,0,0,0,0,0,4722.222222222223,0.0,0.0016666666666666668
14500000,900,Other,2,1,0,0,0,0,0,0,0,0,0,0,0,0,0,0,16111.111111111111,0.0,0.0022222222222222222
13500000,1550,Other,3,1,0,0,0,0,0,0,0,0,0,0,0,0,0,0,8709.677419354839,0.0,0.001935483870967742
26000000,1600,Other,3,1,0,0,0,0,0,0,0,0,0,0,0,0,0,0,16250.0,0.0,0.001875
2000000,1800,Vasant Kunj,3,1,0,0,0,0,0,0,0,0,0,0,0,0,0,0,1111.111111111111,0.0,0.0016666666666666668
4800000,1350,Dwarka Mor,2,0,0,0,0,0,0,0,0,0,0,0,0,0,0,0,3555.5555555555557,0.0,0.0014814814814814814
4200000,990,Other,3,1,0,0,0,0,0,0,0,0,0,0,0,0,0,0,4242.424242424242,0.0,0.0030303030303030303
18800000,945,Other,3,1,0,0,0,0,0,0,0,0,0,0,0,0,0,0,19894.179894179895,0.0,0.0031746031746031746
3200000,600,Vasant Kunj,3,1,0,0,0,0,0,0,0,0,0,0,0,0,0,0,5333.333333333333,0.0,0.005
6200000,620,Other,2,0,0,0,0,0,0,0,0,0,0,0,0,0,0,0,10000.0,0.0,0.0032258064516129032
13000000,850,Other,2,1,0,0,0,0,0,0,0,0,0,0,0,0,0,0,15294.117647058823,0.0,0.002352941176470588
25500000,1300,Other,3,1,0,0,0,0,0,0,0,0,0,0,0,0,0,0,19615.384615384617,0.0,0.002307692307692308
5500000,1700,Other,3,1,0,0,0,0,0,0,0,0,0,0,0,0,0,0,3235.294117647059,0.0,0.0017647058823529412
2450000,800,Other,2,1,0,0,0,0,0,0,0,0,0,0,0,0,0,0,3062.5,0.0,0.0025
2000000,990,Other,3,1,0,0,0,0,0,0,0,0,0,0,0,0,0,0,2020.20202020202,0.0,0.0030303030303030303
3000000,675,Other,2,0,0,0,0,0,0,0,0,0,0,0,0,0,0,0,4444.444444444444,0.0,0.002962962962962963
6800000,900,Other,2,0,0,0,0,0,0,0,0,0,0,0,0,0,0,0,7555.555555555556,0.0,0.0022222222222222222
5000000,972,Other,3,1,0,0,0,0,0,0,0,0,0,0,0,0,0,0,5144.0329218107,0.0,0.0030864197530864196
4000000,1000,Dwarka Mor,3,0,0,0,0,0,0,0,0,0,0,0,0,0,0,0,4000.0,0.0,0.003
2000000,900,Dwarka Mor,3,0,0,0,0,0,0,0,0,0,0,0,0,0,0,0,2222.222222222222,0.0,0.0033333333333333335
3000000,500,Dwarka Mor,1,0,0,0,0,0,0,0,0,0,0,0,0,0,0,0,6000.0,0.0,0.002
2600000,750,Dwarka Mor,2,0,0,0,0,0,0,0,0,0,0,0,0,0,0,0,3466.6666666666665,0.0,0.0026666666666666666
3500000,650,Dwarka Mor,2,0,0,0,0,0,0,0,0,0,0,0,0,0,0,0,5384.615384615385,0.0,0.003076923076923077
2500000,850,Dwarka Mor,3,0,0,0,0,0,0,0,0,0,0,0,0,0,0,0,2941.176470588235,0.0,0.0035294117647058825
10500000,600,Dwarka Mor,2,0,0,0,0,0,0,0,0,0,0,0,0,0,0,0,17500.0,0.0,0.0033333333333333335
14500000,1150,Other,3,1,0,0,0,0,0,0,0,0,0,0,0,0,0,0,12608.695652173914,0.0,0.0026086956521739132
24000000,1869,Sector 6 Dwarka,3,1,0,0,0,0,0,0,0,0,0,0,0,0,0,0,12841.091492776886,0.0,0.0016051364365971107
19500000,2798,Sector 6 Dwarka,4,1,0,0,0,0,0,0,0,0,0,0,0,0,0,0,6969.263759828449,0.0,0.0014295925661186562
23000000,2369,Sector 6 Dwarka,4,1,0,0,0,0,0,0,0,0,0,0,0,0,0,0,9708.73786407767,0.0,0.0016884761502743773
7500000,2600,Sector 6 Dwarka,4,1,0,0,0,0,0,0,0,0,0,0,0,0,0,0,2884.6153846153848,0.0,0.0015384615384615385
150000000,900,Other,2,1,0,0,0,0,0,0,0,0,0,0,0,0,0,0,166666.66666666666,0.0,0.0022222222222222222
7500000,1100,Other,2,1,0,0,0,0,0,0,0,0,0,0,0,0,0,0,6818.181818181818,0.0,0.0018181818181818182
21000000,900,Other,3,1,0,0,0,0,0,0,0,0,0,0,0,0,0,0,23333.333333333332,0.0,0.0033333333333333335
4500000,1800,Other,3,1,0,0,0,0,0,0,0,0,0,0,0,0,0,0,2500.0,0.0,0.0016666666666666668
21000000,495,Other,2,1,0,0,0,0,0,0,0,0,0,0,0,0,0,0,42424.242424242424,0.0,0.00404040404040404
50000000,1400,Other,3,1,0,0,0,0,0,0,0,0,0,0,0,0,0,0,35714.28571428572,0.0,0.002142857142857143
7500000,1400,Other,4,1,0,0,0,0,0,0,0,0,0,0,0,0,0,0,5357.142857142857,0.0,0.002857142857142857
12500000,900,Other,3,1,0,0,0,0,0,0,0,0,0,0,0,0,0,0,13888.888888888889,0.0,0.0033333333333333335
22500000,1450,Other,3,1,0,0,0,0,0,0,0,0,0,0,0,0,0,0,15517.241379310344,0.0,0.0020689655172413794
19000000,900,Other,3,1,0,0,0,0,0,0,0,0,0,0,0,0,0,0,21111.11111111111,0.0,0.0033333333333333335
42500000,1200,Other,3,1,0,0,0,0,0,0,0,0,0,0,0,0,0,0,35416.666666666664,0.0,0.0025
15500000,2900,Other,4,1,0,0,0,0,0,0,0,0,0,0,0,0,0,0,5344.827586206897,0.0,0.001379310344827586
13500000,1000,Other,2,1,0,0,0,0,0,0,0,0,0,0,0,0,0,0,13500.0,0.0,0.002
13000000,1000,Other,2,1,0,0,0,0,0,0,0,0,0,0,0,0,0,0,13000.0,0.0,0.002
10500000,1150,Other,2,1,0,0,0,0,0,0,0,0,0,0,0,0,0,0,9130.434782608696,0.0,0.0017391304347826088
15500000,1150,Other,2,1,0,0,0,0,0,0,0,0,0,0,0,0,0,0,13478.260869565218,0.0,0.0017391304347826088
16000000,1400,Other,3,1,0,0,0,0,0,0,0,0,0,0,0,0,0,0,11428.57142857143,0.0,0.002142857142857143
25000000,2000,Other,3,1,0,0,0,0,0,0,0,0,0,0,0,0,0,0,12500.0,0.0,0.0015
10800000,3600,Other,4,1,0,0,0,0,0,0,0,0,0,0,0,0,0,0,3000.0,0.0,0.0011111111111111111
14600000,1333,Other,2,1,0,0,0,0,0,0,0,0,0,0,0,0,0,0,10952.738184546137,0.0,0.0015003750937734434
17000000,1894,Sector 19 Dwarka,3,1,0,0,0,0,0,0,0,0,0,0,0,0,0,0,8975.71277719113,0.0,0.0015839493136219642
14800000,1904,Other,3,1,0,0,0,0,0,0,0,0,0,0,0,0,0,0,7773.109243697479,0.0,0.0015756302521008404
50000000,1894,Sector 4 Dwarka,3,1,0,0,0,0,0,0,0,0,0,0,0,0,0,0,26399.155227032734,0.0,0.0015839493136219642
50000000,4430,Other,5,1,0,0,0,0,0,0,0,0,0,0,0,0,0,0,11286.681715575622,0.0,0.001128668171557562
16000000,4430,Other,5,1,0,0,0,0,0,0,0,0,0,0,0,0,0,0,3611.7381489841987,0.0,0.001128668171557562
20000000,2000,Other,3,1,0,0,0,0,0,0,0,0,0,0,0,0,0,0,10000.0,0.0,0.0015
16000000,2400,Other,3,1,0,0,0,0,0,0,0,0,0,0,0,0,0,0,6666.666666666667,0.0,0.00125
15500000,2400,Other,3,1,0,0,0,0,0,0,0,0,0,0,0,0,0,0,6458.333333333333,0.0,0.00125
15500000,1500,Other,3,1,0,0,0,0,0,0,0,0,0,0,0,0,0,0,10333.333333333334,0.0,0.002
11800000,1850,Other,3,1,0,0,0,0,0,0,0,0,0,0,0,0,0,0,6378.378378378378,0.0,0.0016216216216216215
14700000,1200,Other,2,1,0,0,0,0,0,0,0,0,0,0,0,0,0,0,12250.0,0.0,0.0016666666666666668
17500000,1800,Other,3,1,0,0,0,0,0,0,0,0,0,0,0,0,0,0,9722.222222222223,0.0,0.0016666666666666668
11800000,1950,Other,3,1,0,0,0,0,0,0,0,0,0,0,0,0,0,0,6051.282051282052,0.0,0.0015384615384615385
15500000,1200,Other,2,1,0,0,0,0,0,0,0,0,0,0,0,0,0,0,12916.666666666666,0.0,0.0016666666666666668
23500000,1400,Other,3,1,0,0,0,0,0,0,0,0,0,0,0,0,0,0,16785.714285714286,0.0,0.002142857142857143
23500000,2600,Other,4,1,0,0,0,0,0,0,0,0,0,0,0,0,0,0,9038.461538461539,0.0,0.0015384615384615385
45000000,2600,Other,4,1,0,0,0,0,0,0,0,0,0,0,0,0,0,0,17307.69230769231,0.0,0.0015384615384615385
13000000,4430,Other,5,1,0,0,0,0,0,0,0,0,0,0,0,0,0,0,2934.5372460496615,0.0,0.001128668171557562
13899999,1420,Other,2,1,0,0,0,0,0,0,0,0,0,0,0,0,0,0,9788.731690140845,0.0,0.0014084507042253522
10800000,1906,Other,3,1,0,0,0,0,0,0,0,0,0,0,0,0,0,0,5666.316894018888,0.0,0.0015739769150052466
14600000,1333,Other,2,1,0,0,0,0,0,0,0,0,0,0,0,0,0,0,10952.738184546137,0.0,0.0015003750937734434
17000000,1894,Sector 19 Dwarka,3,1,0,0,0,0,0,0,0,0,0,0,0,0,0,0,8975.71277719113,0.0,0.0015839493136219642
14800000,1904,Other,3,1,0,0,0,0,0,0,0,0,0,0,0,0,0,0,7773.109243697479,0.0,0.0015756302521008404
19000000,1894,Sector 4 Dwarka,3,1,0,0,0,0,0,0,0,0,0,0,0,0,0,0,10031.67898627244,0.0,0.0015839493136219642
15800000,2200,Sector 19 Dwarka,4,1,0,0,0,0,0,0,0,0,0,0,0,0,0,0,7181.818181818182,0.0,0.0018181818181818182
16500000,1886,Sector 4 Dwarka,3,1,0,0,0,0,0,0,0,0,0,0,0,0,0,0,8748.674443266173,0.0,0.0015906680805938495
16500000,2350,Other,4,0,0,0,0,0,0,0,0,0,0,0,0,0,0,0,7021.276595744681,0.0,0.001702127659574468
16500000,1800,Other,3,0,0,0,0,0,0,0,0,0,0,0,0,0,0,0,9166.666666666666,0.0,0.0016666666666666668
60000000,1200,Other,2,1,0,0,0,0,0,0,0,0,0,0,0,0,0,0,50000.0,0.0,0.0016666666666666668
25000000,2202,Other,4,1,0,0,0,0,0,0,0,0,0,0,0,0,0,0,11353.315168029065,0.0,0.0018165304268846503
6000000,1501,Other,2,1,0,0,0,0,0,0,0,0,0,0,0,0,0,0,3997.3351099267156,0.0,0.0013324450366422385
9500000,1000,Other,2,1,0,0,0,0,0,0,0,0,0,0,0,0,0,0,9500.0,0.0,0.002
16000000,1100,Om Nagar,2,1,0,0,0,0,0,0,0,0,0,0,0,0,0,0,14545.454545454546,0.0,0.0018181818181818182
2000000,1100,Other,2,1,0,0,0,0,0,0,0,0,0,0,0,0,0,0,1818.1818181818182,0.0,0.0018181818181818182
65000000,620,Other,2,1,0,0,0,0,0,0,0,0,0,0,0,0,0,0,104838.70967741935,0.0,0.0032258064516129032
6000000,1854,Om Nagar,3,1,0,0,0,0,0,0,0,0,0,0,0,0,0,0,3236.2459546925566,0.0,0.0016181229773462784
6000000,1000,Other,2,1,0,0,0,0,0,0,0,0,0,0,0,0,0,0,6000.0,0.0,0.002
65000000,1000,Other,2,1,0,0,0,0,0,0,0,0,0,0,0,0,0,0,65000.0,0.0,0.002
55000000,1854,Om Nagar,3,1,0,0,0,0,0,0,0,0,0,0,0,0,0,0,29665.587918015102,0.0,0.0016181229773462784
9500000,426,Om Nagar,2,1,0,0,0,0,0,0,0,0,0,0,0,0,0,0,22300.469483568075,0.0,0.004694835680751174
17000000,1000,Other,3,1,0,0,0,0,0,0,0,0,0,0,0,0,0,0,17000.0,0.0,0.003
35000000,2200,Other,4,1,0,0,0,0,0,0,0,0,0,0,0,0,0,0,15909.09090909091,0.0,0.0018181818181818182
55000000,2500,Om Nagar,4,1,0,0,0,0,0,0,0,0,0,0,0,0,0,0,22000.0,0.0,0.0016
45000000,4503,Om Nagar,5,1,0,0,0,0,0,0,0,0,0,0,0,0,0,0,9993.33777481679,0.0,0.0011103708638685321
35000000,400,Om Nagar,2,1,0,0,0,0,0,0,0,0,0,0,0,0,0,0,87500.0,0.0,0.005
90000000,2500,Om Nagar,4,1,0,0,0,0,0,0,0,0,0,0,0,0,0,0,36000.0,0.0,0.0016
65000000,2700,Om Nagar,5,1,0,0,0,0,0,0,0,0,0,0,0,0,0,0,24074.074074074073,0.0,0.001851851851851852
12500000,1872,Om Nagar,3,1,0,0,0,0,0,0,0,0,0,0,0,0,0,0,6677.350427350428,0.0,0.0016025641025641025
7500000,990,Other,2,1,0,0,0,0,0,0,0,0,0,0,0,0,0,0,7575.757575757576,0.0,0.00202020202020202
13000000,1504,Other,2,1,0,0,0,0,0,0,0,0,0,0,0,0,0,0,8643.617021276596,0.0,0.0013297872340425532
2300000,2520,Other,2,1,0,0,0,0,0,0,0,0,0,0,0,0,0,0,912.6984126984127,0.0,0.0007936507936507937
3200000,900,Other,2,1,0,0,0,0,0,0,0,0,0,0,0,0,0,0,3555.5555555555557,0.0,0.0022222222222222222
2200000,1350,Om Nagar,2,1,0,0,0,0,0,0,0,0,0,0,0,0,0,0,1629.6296296296296,0.0,0.0014814814814814814
40000000,405,Other,2,1,0,0,0,0,0,0,0,0,0,0,0,0,0,0,98765.43209876544,0.0,0.0049382716049382715
2100000,1530,Om Nagar,2,1,0,0,0,0,0,0,0,0,0,0,0,0,0,0,1372.549019607843,0.0,0.00130718954248366
8800000,2448,Other,2,1,0,0,0,0,0,0,0,0,0,0,0,0,0,0,3594.7712418300653,0.0,0.0008169934640522876
170000000,900,Other,2,1,0,0,0,0,0,0,0,0,0,0,0,0,0,0,188888.88888888888,0.0,0.0022222222222222222
7000000,2000,Other,6,1,0,0,0,0,0,0,0,0,0,0,0,0,0,0,3500.0,0.0,0.003
80000000,900,Om Nagar,2,1,0,0,0,0,0,0,0,0,0,0,0,0,0,0,88888.88888888889,0.0,0.0022222222222222222
20000000,400,Other,2,1,0,0,0,0,0,0,0,0,0,0,0,0,0,0,50000.0,0.0,0.005
30000000,2850,Other,2,1,0,0,0,0,0,0,0,0,0,0,0,0,0,0,10526.315789473685,0.0,0.0007017543859649122
10000000,2500,Om Nagar,2,1,0,0,0,0,0,0,0,0,0,0,0,0,0,0,4000.0,0.0,0.0008
22400000,1500,Om Nagar,2,1,0,0,0,0,0,0,0,0,0,0,0,0,0,0,14933.333333333334,0.0,0.0013333333333333333
200000000,2580,Other,4,1,0,0,0,0,0,0,0,0,0,0,0,0,0,0,77519.37984496124,0.0,0.0015503875968992248
3500000,990,Other,3,1,0,0,0,0,0,0,0,0,0,0,0,0,0,0,3535.3535353535353,0.0,0.0030303030303030303
14900000,720,Other,2,1,0,0,0,0,0,0,0,0,0,0,0,0,0,0,20694.444444444445,0.0,0.002777777777777778
21100000,1550,Other,3,1,0,0,0,0,0,0,0,0,0,0,0,0,0,0,13612.90322580645,0.0,0.001935483870967742
17500000,1550,Alaknanda,3,1,0,0,0,0,0,0,0,0,0,0,0,0,0,0,11290.322580645161,0.0,0.001935483870967742
19500000,1150,Alaknanda,3,1,0,0,0,0,0,0,0,0,0,0,0,0,0,0,16956.521739130436,0.0,0.0026086956521739132
20500000,1350,Alaknanda,3,1,0,0,0,0,0,0,0,0,0,0,0,0,0,0,15185.185185185184,0.0,0.0022222222222222222
14000000,1550,Alaknanda,3,1,0,0,0,0,0,0,0,0,0,0,0,0,0,0,9032.258064516129,0.0,0.001935483870967742
19900000,1150,Alaknanda,3,1,0,0,0,0,0,0,0,0,0,0,0,0,0,0,17304.347826086956,0.0,0.0026086956521739132
14700000,1250,Other,2,1,0,0,0,0,0,0,0,0,0,0,0,0,0,0,11760.0,0.0,0.0016
19000000,1150,Alaknanda,2,1,0,0,0,0,0,0,0,0,0,0,0,0,0,0,16521.739130434784,0.0,0.0017391304347826088
19000000,1400,Alaknanda,3,1,0,0,0,0,0,0,0,0,0,0,0,0,0,0,13571.42857142857,0.0,0.002142857142857143
16500000,1350,Alaknanda,3,1,0,0,0,0,0,0,0,0,0,0,0,0,0,0,12222.222222222223,0.0,0.0022222222222222222
18500000,1300,Alaknanda,3,1,0,0,0,0,0,0,0,0,0,0,0,0,0,0,14230.76923076923,0.0,0.002307692307692308
9000000,1350,Alaknanda,3,1,0,0,0,0,0,0,0,0,0,0,0,0,0,0,6666.666666666667,0.0,0.0022222222222222222
20500000,750,Other,2,1,0,0,0,0,0,0,0,0,0,0,0,0,0,0,27333.333333333332,0.0,0.0026666666666666666
24500000,1450,Alaknanda,3,1,0,0,0,0,0,0,0,0,0,0,0,0,0,0,16896.55172413793,0.0,0.0020689655172413794
20099999,1550,Alaknanda,4,1,0,0,0,0,0,0,0,0,0,0,0,0,0,0,12967.741290322581,0.0,0.0025806451612903226
19000000,1450,Alaknanda,3,1,0,0,0,0,0,0,0,0,0,0,0,0,0,0,13103.448275862069,0.0,0.0020689655172413794
16200000,1350,Alaknanda,3,1,0,0,0,0,0,0,0,0,0,0,0,0,0,0,12000.0,0.0,0.0022222222222222222
55000000,1200,Alaknanda,3,1,0,0,0,0,0,0,0,0,0,0,0,0,0,0,45833.333333333336,0.0,0.0025
15000000,2150,Other,4,1,0,0,0,0,0,0,0,0,0,0,0,0,0,0,6976.7441860465115,0.0,0.0018604651162790699
24200000,1100,Alaknanda,2,1,0,0,0,0,0,0,0,0,0,0,0,0,0,0,22000.0,0.0,0.0018181818181818182
22500000,1550,Alaknanda,3,1,0,0,0,0,0,0,0,0,0,0,0,0,0,0,14516.129032258064,0.0,0.001935483870967742
18000000,2100,Other,3,1,0,0,0,0,0,0,0,0,0,0,0,0,0,0,8571.42857142857,0.0,0.0014285714285714286
15200000,1350,Alaknanda,3,1,0,0,0,0,0,0,0,0,0,0,0,0,0,0,11259.25925925926,0.0,0.0022222222222222222
24000000,1200,Alaknanda,2,1,0,0,0,0,0,0,0,0,0,0,0,0,0,0,20000.0,0.0,0.0016666666666666668
15000000,1650,Alaknanda,4,1,0,0,0,0,0,0,0,0,0,0,0,0,0,0,9090.90909090909,0.0,0.0024242424242424242
16500000,1200,Alaknanda,2,1,0,0,0,0,0,0,0,0,0,0,0,0,0,0,13750.0,0.0,0.0016666666666666668
3200000,1150,Alaknanda,2,1,0,0,0,0,0,0,0,0,0,0,0,0,0,0,2782.608695652174,0.0,0.0017391304347826088
16200000,450,Other,2,1,0,0,0,0,0,0,0,0,0,0,0,0,0,0,36000.0,0.0,0.0044444444444444444
14000000,1300,Alaknanda,3,1,0,0,0,0,0,0,0,0,0,0,0,0,0,0,10769.23076923077,0.0,0.002307692307692308
9000000,1200,Alaknanda,2,1,0,0,0,0,0,0,0,0,0,0,0,0,0,0,7500.0,0.0,0.0016666666666666668
15000000,1150,Other,2,1,0,0,0,0,0,0,0,0,0,0,0,0,0,0,13043.478260869566,0.0,0.0017391304347826088
10500000,1250,Alaknanda,2,1,0,0,0,0,0,0,0,0,0,0,0,0,0,0,8400.0,0.0,0.0016
24500000,750,Other,2,1,0,0,0,0,0,0,0,0,0,0,0,0,0,0,32666.666666666668,0.0,0.0026666666666666666
14000000,1850,Alaknanda,3,1,0,0,0,0,0,0,0,0,0,0,0,0,0,0,7567.5675675675675,0.0,0.0016216216216216215
10500000,1150,Alaknanda,3,1,0,0,0,0,0,0,0,0,0,0,0,0,0,0,9130.434782608696,0.0,0.0026086956521739132
9000000,950,Vasant Kunj,2,1,0,0,0,0,0,0,0,0,0,0,0,0,0,0,9473.684210526315,0.0,0.002105263157894737
10500000,756,Other,2,1,0,0,0,0,0,0,0,0,0,0,0,0,0,0,13888.888888888889,0.0,0.0026455026455026454
12000000,756,Other,2,1,0,0,0,0,0,0,0,0,0,0,0,0,0,0,15873.015873015873,0.0,0.0026455026455026454
12000000,1125,Other,3,1,0,0,0,0,0,0,0,0,0,0,0,0,0,0,10666.666666666666,0.0,0.0026666666666666666
13000000,1200,Other,4,1,0,0,0,0,0,0,0,0,0,0,0,0,0,0,10833.333333333334,0.0,0.0033333333333333335
13000000,1125,Other,3,1,0,0,0,0,0,0,0,0,0,0,0,0,0,0,11555.555555555555,0.0,0.0026666666666666666
23000000,1125,Other,3,1,0,0,0,0,0,0,0,0,0,0,0,0,0,0,20444.444444444445,0.0,0.0026666666666666666
12500000,1800,Other,3,1,0,0,0,0,0,0,0,0,0,0,0,0,0,0,6944.444444444444,0.0,0.0016666666666666668
23000000,1125,Other,3,1,0,0,0,0,0,0,0,0,0,0,0,0,0,0,20444.444444444445,0.0,0.0026666666666666666
24000000,2430,Other,4,1,0,0,0,0,0,0,0,0,0,0,0,0,0,0,9876.543209876543,0.0,0.0016460905349794238
12000000,1800,Other,3,1,0,0,0,0,0,0,0,0,0,0,0,0,0,0,6666.666666666667,0.0,0.0016666666666666668
13000000,1125,Other,3,1,0,0,0,0,0,0,0,0,0,0,0,0,0,0,11555.555555555555,0.0,0.0026666666666666666
22000000,1115,Other,3,1,0,0,0,0,0,0,0,0,0,0,0,0,0,0,19730.941704035875,0.0,0.0026905829596412557
9200000,1800,Other,3,1,0,0,0,0,0,0,0,0,0,0,0,0,0,0,5111.111111111111,0.0,0.0016666666666666668
12500000,1075,Other,3,1,0,0,0,0,0,0,0,0,0,0,0,0,0,0,11627.906976744185,0.0,0.0027906976744186047
12500000,1300,Other,3,1,0,0,0,0,0,0,0,0,0,0,0,0,0,0,9615.384615384615,0.0,0.002307692307692308
15500000,1100,Other,3,1,0,0,0,0,0,0,0,0,0,0,0,0,0,0,14090.90909090909,0.0,0.0027272727272727275
170000000,1387,Other,2,1,0,0,0,0,0,0,0,0,0,0,0,0,0,0,122566.69069935112,0.0,0.0014419610670511895
7500000,1530,Other,2,1,0,0,0,0,0,0,0,0,0,0,0,0,0,0,4901.9607843137255,0.0,0.00130718954248366
45000000,850,Other,2,1,0,0,0,0,0,0,0,0,0,0,0,0,0,0,52941.17647058824,0.0,0.002352941176470588
2100000,1500,Other,5,1,0,0,0,0,0,0,0,0,0,0,0,0,0,0,1400.0,0.0,0.0033333333333333335
55000000,900,Other,2,1,0,0,0,0,0,0,0,0,0,0,0,0,0,0,61111.11111111111,0.0,0.0022222222222222222
55000000,422,Other,2,1,0,0,0,0,0,0,0,0,0,0,0,0,0,0,130331.75355450237,0.0,0.004739336492890996
7500000,4506,Other,5,1,0,0,0,0,0,0,0,0,0,0,0,0,0,0,1664.4474034620505,0.0,0.0011096316023080338
3200000,1500,Other,3,1,0,0,0,0,0,0,0,0,0,0,0,0,0,0,2133.3333333333335,0.0,0.002
100000000,2000,Other,4,1,0,0,0,0,0,0,0,0,0,0,0,0,0,0,50000.0,0.0,0.002
70000000,3015,Other,8,1,0,0,0,0,0,0,0,0,0,0,0,0,0,0,23217.247097844112,0.0,0.0026533996683250414
35000000,1620,Om Nagar,2,1,0,0,0,0,0,0,0,0,0,0,0,0,0,0,21604.938271604937,0.0,0.0012345679012345679
70000000,2500,Other,4,1,0,0,0,0,0,0,0,0,0,0,0,0,0,0,28000.0,0.0,0.0016
3500000,400,Other,2,1,0,0,0,0,0,0,0,0,0,0,0,0,0,0,8750.0,0.0,0.005
3200000,420,Other,2,1,0,0,0,0,0,0,0,0,0,0,0,0,0,0,7619.047619047619,0.0,0.004761904761904762
2200000,505,Other,2,1,0,0,0,0,0,0,0,0,0,0,0,0,0,0,4356.435643564357,0.0,0.0039603960396039604
60000000,1700,Other,2,1,0,0,0,0,0,0,0,0,0,0,0,0,0,0,35294.117647058825,0.0,0.001176470588235294
40000000,2200,Other,4,1,0,0,0,0,0,0,0,0,0,0,0,0,0,0,18181.81818181818,0.0,0.0018181818181818182
35000000,1800,Other,3,1,0,0,0,0,0,0,0,0,0,0,0,0,0,0,19444.444444444445,0.0,0.0016666666666666668
3500000,2500,Other,4,1,0,0,0,0,0,0,0,0,0,0,0,0,0,0,1400.0,0.0,0.0016
2000000,440,Other,2,1,0,0,0,0,0,0,0,0,0,0,0,0,0,0,4545.454545454545,0.0,0.004545454545454545
60000000,1200,Other,2,1,0,0,0,0,0,0,0,0,0,0,0,0,0,0,50000.0,0.0,0.0016666666666666668
20000000,1503,Other,2,1,0,0,0,0,0,0,0,0,0,0,0,0,0,0,13306.71989354624,0.0,0.0013306719893546241
200000000,1800,Other,3,1,0,0,0,0,0,0,0,0,0,0,0,0,0,0,111111.11111111111,0.0,0.0016666666666666668
100000000,1300,Other,2,1,0,0,0,0,0,0,0,0,0,0,0,0,0,0,76923.07692307692,0.0,0.0015384615384615385
2600000,500,Other,2,1,0,0,0,0,0,0,0,0,0,0,0,0,0,0,5200.0,0.0,0.004
60000000,1100,Other,2,1,0,0,0,0,0,0,0,0,0,0,0,0,0,0,54545.454545454544,0.0,0.0018181818181818182
20000000,2000,Other,2,1,0,0,0,0,0,0,0,0,0,0,0,0,0,0,10000.0,0.0,0.001
65000000,1000,Other,2,1,0,0,0,0,0,0,0,0,0,0,0,0,0,0,65000.0,0.0,0.002
18000000,3123,Other,4,1,0,0,0,0,0,0,0,0,0,0,0,0,0,0,5763.688760806916,0.0,0.001280819724623759
10700000,1200,Other,2,1,0,0,0,0,0,0,0,0,0,0,0,0,0,0,8916.666666666666,0.0,0.0016666666666666668
35000000,1550,Other,3,1,0,0,0,0,0,0,0,0,0,0,0,0,0,0,22580.645161290322,0.0,0.001935483870967742
7000000,2500,Om Nagar,2,1,0,0,0,0,0,0,0,0,0,0,0,0,0,0,2800.0,0.0,0.0008
7500000,1700,Noida,2,1,0,0,0,0,0,0,0,0,0,0,0,0,0,0,4411.764705882353,0.0,0.001176470588235294
9500000,1200,Om Nagar,2,1,0,0,0,0,0,0,0,0,0,0,0,0,0,0,7916.666666666667,0.0,0.0016666666666666668
9000000,1100,Om Nagar,3,1,0,0,0,0,0,0,0,0,0,0,0,0,0,0,8181.818181818182,0.0,0.0027272727272727275
16000000,400,Om Nagar,2,1,0,0,0,0,0,0,0,0,0,0,0,0,0,0,40000.0,0.0,0.005
2200000,1100,Other,2,1,0,0,0,0,0,0,0,0,0,0,0,0,0,0,2000.0,0.0,0.0018181818181818182
2200000,2322,Other,2,1,0,0,0,0,0,0,0,0,0,0,0,0,0,0,947.4590869939707,0.0,0.0008613264427217916
9000000,2322,Om Nagar,2,1,0,0,0,0,0,0,0,0,0,0,0,0,0,0,3875.968992248062,0.0,0.0008613264427217916
35000000,2250,Om Nagar,5,1,0,0,0,0,0,0,0,0,0,0,0,0,0,0,15555.555555555555,0.0,0.0022222222222222222
70000000,2500,Om Nagar,4,1,0,0,0,0,0,0,0,0,0,0,0,0,0,0,28000.0,0.0,0.0016
3000000,1503,Om Nagar,2,1,0,0,0,0,0,0,0,0,0,0,0,0,0,0,1996.007984031936,0.0,0.0013306719893546241
3000000,1206,Om Nagar,2,1,0,0,0,0,0,0,0,0,0,0,0,0,0,0,2487.5621890547263,0.0,0.001658374792703151
6000000,2500,Other,2,1,0,0,0,0,0,0,0,0,0,0,0,0,0,0,2400.0,0.0,0.0008
16000000,400,Other,2,1,0,0,0,0,0,0,0,0,0,0,0,0,0,0,40000.0,0.0,0.005
11000000,1450,Other,3,1,0,0,0,0,0,0,0,0,0,0,0,0,0,0,7586.206896551724,0.0,0.0020689655172413794
180000000,900,Other,3,1,0,0,0,0,0,0,0,0,0,0,0,0,0,0,200000.0,0.0,0.0033333333333333335
6000000,2106,Other,4,1,0,0,0,0,0,0,0,0,0,0,0,0,0,0,2849.002849002849,0.0,0.001899335232668566
2200000,1006,Other,2,1,0,0,0,0,0,0,0,0,0,0,0,0,0,0,2186.878727634195,0.0,0.0019880715705765406
2000000,2322,Om Nagar,2,1,0,0,0,0,0,0,0,0,0,0,0,0,0,0,861.3264427217915,0.0,0.0008613264427217916
16500000,1040,Om Nagar,2,1,0,0,0,0,0,0,0,0,0,0,0,0,0,0,15865.384615384615,0.0,0.0019230769230769232
20000000,1300,Alaknanda,3,1,0,0,0,0,0,0,0,0,0,0,0,0,0,0,15384.615384615385,0.0,0.002307692307692308
16000000,2000,Vasant Kunj,3,1,0,0,0,0,0,0,0,0,0,0,0,0,0,0,8000.0,0.0,0.0015
20500000,1125,Other,3,1,0,0,0,0,0,0,0,0,0,0,0,0,0,0,18222.222222222223,0.0,0.0026666666666666666
25000000,1800,Other,3,1,0,0,0,0,0,0,0,0,0,0,0,0,0,0,13888.888888888889,0.0,0.0016666666666666668
4000000,1440,Other,3,1,0,0,0,0,0,0,0,0,0,0,0,0,0,0,2777.777777777778,0.0,0.0020833333333333333
7000000,810,Other,2,1,0,0,0,0,0,0,0,0,0,0,0,0,0,0,8641.975308641975,0.0,0.0024691358024691358
10000000,1125,Other,3,1,0,0,0,0,0,0,0,0,0,0,0,0,0,0,8888.888888888889,0.0,0.0026666666666666666
15500000,1175,Other,3,1,0,0,0,0,0,0,0,0,0,0,0,0,0,0,13191.489361702128,0.0,0.002553191489361702
8500000,1150,Other,3,1,0,0,0,0,0,0,0,0,0,0,0,0,0,0,7391.304347826087,0.0,0.0026086956521739132
26500000,720,Other,2,1,0,0,0,0,0,0,0,0,0,0,0,0,0,0,36805.555555555555,0.0,0.002777777777777778
18000000,1850,Other,3,1,0,0,0,0,0,0,0,0,0,0,0,0,0,0,9729.72972972973,0.0,0.0016216216216216215
3011000,1650,Other,3,1,0,0,0,0,0,0,0,0,0,0,0,0,0,0,1824.8484848484848,0.0,0.0018181818181818182
2251000,495,Om Nagar,2,1,0,0,0,0,0,0,0,0,0,0,0,0,0,0,4547.474747474747,0.0,0.00404040404040404
4800000,459,Om Nagar,2,1,0,0,0,0,0,0,0,0,0,0,0,0,0,0,10457.51633986928,0.0,0.004357298474945534
6000000,945,Other,3,1,0,0,0,0,0,0,0,0,0,0,0,0,0,0,6349.206349206349,0.0,0.0031746031746031746
4511000,918,Om Nagar,3,1,0,0,0,0,0,0,0,0,0,0,0,0,0,0,4913.943355119825,0.0,0.0032679738562091504
2500000,945,Om Nagar,2,1,0,0,0,0,0,0,0,0,0,0,0,0,0,0,2645.5026455026455,0.0,0.0021164021164021165
4200000,504,Om Nagar,2,1,0,0,0,0,0,0,0,0,0,0,0,0,0,0,8333.333333333334,0.0,0.003968253968253968
2551000,765,Other,3,1,0,0,0,0,0,0,0,0,0,0,0,0,0,0,3334.640522875817,0.0,0.00392156862745098
2751000,459,Other,2,1,0,0,0,0,0,0,0,0,0,0,0,0,0,0,5993.464052287582,0.0,0.004357298474945534
4011000,540,Other,2,1,0,0,0,0,0,0,0,0,0,0,0,0,0,0,7427.777777777777,0.0,0.003703703703703704
2591000,800,Other,3,1,0,0,0,0,0,0,0,0,0,0,0,0,0,0,3238.75,0.0,0.00375
3500000,600,Other,2,1,0,0,0,0,0,0,0,0,0,0,0,0,0,0,5833.333333333333,0.0,0.0033333333333333335
2411000,720,Other,3,1,0,0,0,0,0,0,0,0,0,0,0,0,0,0,3348.6111111111113,0.0,0.004166666666666667
2475000,520,Other,2,1,0,0,0,0,0,0,0,0,0,0,0,0,0,0,4759.615384615385,0.0,0.0038461538461538464
4200000,600,Other,2,1,0,0,0,0,0,0,0,0,0,0,0,0,0,0,7000.0,0.0,0.0033333333333333335
5100000,765,Other,3,1,0,0,0,0,0,0,0,0,0,0,0,0,0,0,6666.666666666667,0.0,0.00392156862745098
4800000,900,Om Nagar,3,1,0,0,0,0,0,0,0,0,0,0,0,0,0,0,5333.333333333333,0.0,0.0033333333333333335
5311000,810,Other,3,1,0,0,0,0,0,0,0,0,0,0,0,0,0,0,6556.79012345679,0.0,0.003703703703703704
2050000,990,Om Nagar,3,1,0,0,0,0,0,0,0,0,0,0,0,0,0,0,2070.7070707070707,0.0,0.0030303030303030303
2251000,495,Other,2,1,0,0,0,0,0,0,0,0,0,0,0,0,0,0,4547.474747474747,0.0,0.00404040404040404
2200000,530,Other,2,1,0,0,0,0,0,0,0,0,0,0,0,0,0,0,4150.943396226415,0.0,0.0037735849056603774
3565000,580,Other,2,1,0,0,0,0,0,0,0,0,0,0,0,0,0,0,6146.551724137931,0.0,0.0034482758620689655
4759000,780,Other,3,1,0,0,0,0,0,0,0,0,0,0,0,0,0,0,6101.282051282052,0.0,0.0038461538461538464
3211000,909,Om Nagar,3,1,0,0,0,0,0,0,0,0,0,0,0,0,0,0,3532.4532453245324,0.0,0.0033003300330033004
3500000,675,Om Nagar,2,1,0,0,0,0,0,0,0,0,0,0,0,0,0,0,5185.185185185185,0.0,0.002962962962962963
2621000,790,Other,3,1,0,0,0,0,0,0,0,0,0,0,0,0,0,0,3317.721518987342,0.0,0.0037974683544303796
4151000,600,Other,2,1,0,0,0,0,0,0,0,0,0,0,0,0,0,0,6918.333333333333,0.0,0.0033333333333333335
4800000,810,Other,3,1,0,0,0,0,0,0,0,0,0,0,0,0,0,0,5925.925925925926,0.0,0.003703703703703704
2591000,954,Om Nagar,3,1,0,0,0,0,0,0,0,0,0,0,0,0,0,0,2715.9329140461214,0.0,0.0031446540880503146
3500000,600,Other,2,1,0,0,0,0,0,0,0,0,0,0,0,0,0,0,5833.333333333333,0.0,0.0033333333333333335
2411000,720,Other,3,1,0,0,0,0,0,0,0,0,0,0,0,0,0,0,3348.6111111111113,0.0,0.004166666666666667
2475000,520,Other,2,1,0,0,0,0,0,0,0,0,0,0,0,0,0,0,4759.615384615385,0.0,0.0038461538461538464
4200000,600,Other,2,1,0,0,0,0,0,0,0,0,0,0,0,0,0,0,7000.0,0.0,0.0033333333333333335
5100000,765,Other,3,1,0,0,0,0,0,0,0,0,0,0,0,0,0,0,6666.666666666667,0.0,0.00392156862745098
4800000,900,Om Nagar,3,1,0,0,0,0,0,0,0,0,0,0,0,0,0,0,5333.333333333333,0.0,0.0033333333333333335
5311000,810,Other,3,1,0,0,0,0,0,0,0,0,0,0,0,0,0,0,6556.79012345679,0.0,0.003703703703703704
2050000,990,Om Nagar,3,1,0,0,0,0,0,0,0,0,0,0,0,0,0,0,2070.7070707070707,0.0,0.0030303030303030303
2251000,495,Other,2,1,0,0,0,0,0,0,0,0,0,0,0,0,0,0,4547.474747474747,0.0,0.00404040404040404
2200000,530,Other,2,1,0,0,0,0,0,0,0,0,0,0,0,0,0,0,4150.943396226415,0.0,0.0037735849056603774
3565000,580,Other,2,1,0,0,0,0,0,0,0,0,0,0,0,0,0,0,6146.551724137931,0.0,0.0034482758620689655
4759000,780,Other,3,1,0,0,0,0,0,0,0,0,0,0,0,0,0,0,6101.282051282052,0.0,0.0038461538461538464
3211000,909,Om Nagar,3,1,0,0,0,0,0,0,0,0,0,0,0,0,0,0,3532.4532453245324,0.0,0.0033003300330033004
3500000,675,Om Nagar,2,1,0,0,0,0,0,0,0,0,0,0,0,0,0,0,5185.185185185185,0.0,0.002962962962962963
52500000,1200,Other,2,1,0,0,0,0,0,0,0,0,0,0,0,0,0,0,43750.0,0.0,0.0016666666666666668
2000000,4500,Other,5,1,0,0,0,0,0,0,0,0,0,0,0,0,0,0,444.44444444444446,0.0,0.0011111111111111111
3500000,3000,Other,2,1,0,0,0,0,0,0,0,0,0,0,0,0,0,0,1166.6666666666667,0.0,0.0006666666666666666
6500000,2500,Om Nagar,2,1,0,0,0,0,0,0,0,0,0,0,0,0,0,0,2600.0,0.0,0.0008
6000000,1800,Om Nagar,2,1,0,0,0,0,0,0,0,0,0,0,0,0,0,0,3333.3333333333335,0.0,0.0011111111111111111
2000000,1000,Other,2,1,0,0,0,0,0,0,0,0,0,0,0,0,0,0,2000.0,0.0,0.002
35000000,556,Other,2,1,0,0,0,0,0,0,0,0,0,0,0,0,0,0,62949.640287769784,0.0,0.0035971223021582736
2000000,1500,Other,1,1,0,0,0,0,0,0,0,0,0,0,0,0,0,0,1333.3333333333333,0.0,0.0006666666666666666
2000000,400,Om Nagar,2,1,0,0,0,0,0,0,0,0,0,0,0,0,0,0,5000.0,0.0,0.005
3500000,1350,Om Nagar,2,1,0,0,0,0,0,0,0,0,0,0,0,0,0,0,2592.5925925925926,0.0,0.0014814814814814814
8000000,2700,Other,6,1,0,0,0,0,0,0,0,0,0,0,0,0,0,0,2962.962962962963,0.0,0.0022222222222222222
65000000,500,Other,2,1,0,0,0,0,0,0,0,0,0,0,0,0,0,0,130000.0,0.0,0.004
52500000,1800,Other,3,1,0,0,0,0,0,0,0,0,0,0,0,0,0,0,29166.666666666668,0.0,0.0016666666666666668
55000000,4502,Other,5,1,0,0,0,0,0,0,0,0,0,0,0,0,0,0,12216.792536650377,0.0,0.0011106175033318525
3500000,4501,Other,5,1,0,0,0,0,0,0,0,0,0,0,0,0,0,0,777.6049766718507,0.0,0.001110864252388358
35000000,1000,Other,2,1,0,0,0,0,0,0,0,0,0,0,0,0,0,0,35000.0,0.0,0.002
2000000,505,Other,2,1,0,0,0,0,0,0,0,0,0,0,0,0,0,0,3960.3960396039606,0.0,0.0039603960396039604
65000000,3000,Other,2,1,0,0,0,0,0,0,0,0,0,0,0,0,0,0,21666.666666666668,0.0,0.0006666666666666666
3500000,1854,Other,3,1,0,0,0,0,0,0,0,0,0,0,0,0,0,0,1887.8101402373247,0.0,0.0016181229773462784
6500000,2500,Om Nagar,2,1,0,0,0,0,0,0,0,0,0,0,0,0,0,0,2600.0,0.0,0.0008
6000000,1800,Om Nagar,2,1,0,0,0,0,0,0,0,0,0,0,0,0,0,0,3333.3333333333335,0.0,0.0011111111111111111
30000000,1000,Other,2,1,0,0,0,0,0,0,0,0,0,0,0,0,0,0,30000.0,0.0,0.002
2000000,2700,Other,2,1,0,0,0,0,0,0,0,0,0,0,0,0,0,0,740.7407407407408,0.0,0.0007407407407407407
2300000,1160,Other,2,1,0,0,0,0,0,0,0,0,0,0,0,0,0,0,1982.7586206896551,0.0,0.0017241379310344827
15000000,1400,Other,2,1,0,0,0,0,0,0,0,0,0,0,0,0,0,0,10714.285714285714,0.0,0.0014285714285714286
16000000,1980,Other,4,1,0,0,0,0,0,0,0,0,0,0,0,0,0,0,8080.80808080808,0.0,0.00202020202020202
7500000,645,Other,2,1,0,0,0,0,0,0,0,0,0,0,0,0,0,0,11627.906976744185,0.0,0.0031007751937984496
220000000,1200,Om Nagar,2,1,0,0,0,0,0,0,0,0,0,0,0,0,0,0,183333.33333333334,0.0,0.0016666666666666668
13000000,2322,Other,2,1,0,0,0,0,0,0,0,0,0,0,0,0,0,0,5598.621877691645,0.0,0.0008613264427217916
30000000,2754,Other,4,1,0,0,0,0,0,0,0,0,0,0,0,0,0,0,10893.246187363835,0.0,0.0014524328249818446
5000000,2700,Other,2,1,0,0,0,0,0,0,0,0,0,0,0,0,0,0,1851.851851851852,0.0,0.0007407407407407407
18500000,500,Other,1,1,0,0,0,0,0,0,0,0,0,0,0,0,0,0,37000.0,0.0,0.002
16700000,1800,Other,3,1,0,0,0,0,0,0,0,0,0,0,0,0,0,0,9277.777777777777,0.0,0.0016666666666666668
19400000,1800,Other,3,1,0,0,0,0,0,0,0,0,0,0,0,0,0,0,10777.777777777777,0.0,0.0016666666666666668
12000000,1800,Other,3,1,0,0,0,0,0,0,0,0,0,0,0,0,0,0,6666.666666666667,0.0,0.0016666666666666668
26500000,1200,Other,2,1,0,0,0,0,0,0,0,0,0,0,0,0,0,0,22083.333333333332,0.0,0.0016666666666666668
25000000,1950,Other,3,1,0,0,0,0,0,0,0,0,0,0,0,0,0,0,12820.51282051282,0.0,0.0015384615384615385
26000000,1950,Other,3,1,0,0,0,0,0,0,0,0,0,0,0,0,0,0,13333.333333333334,0.0,0.0015384615384615385
27200000,1950,Other,3,1,0,0,0,0,0,0,0,0,0,0,0,0,0,0,13948.71794871795,0.0,0.0015384615384615385
35500000,2450,Other,3,1,0,0,0,0,0,0,0,0,0,0,0,0,0,0,14489.795918367347,0.0,0.0012244897959183673
38000000,2450,Other,3,1,0,0,0,0,0,0,0,0,0,0,0,0,0,0,15510.204081632653,0.0,0.0012244897959183673
36500000,2450,Other,3,1,0,0,0,0,0,0,0,0,0,0,0,0,0,0,14897.959183673469,0.0,0.0012244897959183673
27500000,2450,Other,3,1,0,0,0,0,0,0,0,0,0,0,0,0,0,0,11224.489795918367,0.0,0.0012244897959183673
28500000,2450,Other,3,1,0,0,0,0,0,0,0,0,0,0,0,0,0,0,11632.65306122449,0.0,0.0012244897959183673
16700000,2450,Other,3,1,0,0,0,0,0,0,0,0,0,0,0,0,0,0,6816.326530612245,0.0,0.0012244897959183673
19400000,1800,Other,3,1,0,0,0,0,0,0,0,0,0,0,0,0,0,0,10777.777777777777,0.0,0.0016666666666666668
12000000,1800,Other,3,1,0,0,0,0,0,0,0,0,0,0,0,0,0,0,6666.666666666667,0.0,0.0016666666666666668
220000000,1200,Other,2,1,0,0,0,0,0,0,0,0,0,0,0,0,0,0,183333.33333333334,0.0,0.0016666666666666668
12500000,2322,Other,2,1,0,0,0,0,0,0,0,0,0,0,0,0,0,0,5383.290267011197,0.0,0.0008613264427217916
14000000,1957,Other,3,1,0,0,0,0,0,0,0,0,0,0,0,0,0,0,7153.806847215125,0.0,0.0015329586101175269
16500000,1888,Other,3,1,0,0,0,0,0,0,0,0,0,0,0,0,0,0,8739.406779661016,0.0,0.0015889830508474577
20000000,1800,Other,3,1,0,0,0,0,0,0,0,0,0,0,0,0,0,0,11111.111111111111,0.0,0.0016666666666666668
15200000,2200,Other,4,1,0,0,0,0,0,0,0,0,0,0,0,0,0,0,6909.090909090909,0.0,0.0018181818181818182
21000000,1700,Other,3,1,0,0,0,0,0,0,0,0,0,0,0,0,0,0,12352.941176470587,0.0,0.0017647058823529412
13500000,2200,Other,4,1,0,0,0,0,0,0,0,0,0,0,0,0,0,0,6136.363636363636,0.0,0.0018181818181818182
16399999,1050,Other,3,1,0,0,0,0,0,0,0,0,0,0,0,0,0,0,15619.046666666667,0.0,0.002857142857142857
17800000,1000,Other,3,1,0,0,0,0,0,0,0,0,0,0,0,0,0,0,17800.0,0.0,0.003
17800000,1255,Other,3,1,0,0,0,0,0,0,0,0,0,0,0,0,0,0,14183.266932270917,0.0,0.002390438247011952
19500000,1999,Other,3,1,0,0,0,0,0,0,0,0,0,0,0,0,0,0,9754.877438719359,0.0,0.0015007503751875938
17800000,2500,Other,4,1,0,0,0,0,0,0,0,0,0,0,0,0,0,0,7120.0,0.0,0.0016
15000000,1100,Other,3,1,0,0,0,0,0,0,0,0,0,0,0,0,0,0,13636.363636363636,0.0,0.0027272727272727275
17000000,1200,Other,3,1,0,0,0,0,0,0,0,0,0,0,0,0,0,0,14166.666666666666,0.0,0.0025
17000000,1440,Other,3,1,0,0,0,0,0,0,0,0,0,0,0,0,0,0,11805.555555555555,0.0,0.0020833333333333333
21800000,1500,Other,3,1,0,0,0,0,0,0,0,0,0,0,0,0,0,0,14533.333333333334,0.0,0.002
17800000,2400,Other,4,1,0,0,0,0,0,0,0,0,0,0,0,0,0,0,7416.666666666667,0.0,0.0016666666666666668
17800000,1255,Other,3,1,0,0,0,0,0,0,0,0,0,0,0,0,0,0,14183.266932270917,0.0,0.002390438247011952
19500000,1999,Other,3,1,0,0,0,0,0,0,0,0,0,0,0,0,0,0,9754.877438719359,0.0,0.0015007503751875938
17800000,2500,Other,4,1,0,0,0,0,0,0,0,0,0,0,0,0,0,0,7120.0,0.0,0.0016
15000000,1100,Other,3,1,0,0,0,0,0,0,0,0,0,0,0,0,0,0,13636.363636363636,0.0,0.0027272727272727275
17000000,1200,Other,3,1,0,0,0,0,0,0,0,0,0,0,0,0,0,0,14166.666666666666,0.0,0.0025
17000000,1440,Other,3,1,0,0,0,0,0,0,0,0,0,0,0,0,0,0,11805.555555555555,0.0,0.0020833333333333333
21800000,1500,Other,3,1,0,0,0,0,0,0,0,0,0,0,0,0,0,0,14533.333333333334,0.0,0.002
23800000,2400,Other,4,1,0,0,0,0,0,0,0,0,0,0,0,0,0,0,9916.666666666666,0.0,0.0016666666666666668
15200000,2350,Other,4,1,0,0,0,0,0,0,0,0,0,0,0,0,0,0,6468.085106382979,0.0,0.001702127659574468
22500000,1600,Other,3,1,0,0,0,0,0,0,0,0,0,0,0,0,0,0,14062.5,0.0,0.001875
15500000,2300,Other,4,1,0,0,0,0,0,0,0,0,0,0,0,0,0,0,6739.130434782609,0.0,0.0017391304347826088
16000000,2555,Other,3,1,0,0,0,0,0,0,0,0,0,0,0,0,0,0,6262.230919765167,0.0,0.0011741682974559687
22300000,1850,Other,3,1,0,0,0,0,0,0,0,0,0,0,0,0,0,0,12054.054054054053,0.0,0.0016216216216216215
13400000,2666,Other,4,1,0,0,0,0,0,0,0,0,0,0,0,0,0,0,5026.256564141036,0.0,0.0015003750937734434
17000000,2380,Other,3,1,0,0,0,0,0,0,0,0,0,0,0,0,0,0,7142.857142857143,0.0,0.0012605042016806723
22500000,2305,Other,3,1,0,0,0,0,0,0,0,0,0,0,0,0,0,0,9761.388286334057,0.0,0.0013015184381778742
15500000,3240,Other,4,1,0,0,0,0,0,0,0,0,0,0,0,0,0,0,4783.950617283951,0.0,0.0012345679012345679
22500000,2450,Other,3,1,0,0,0,0,0,0,0,0,0,0,0,0,0,0,9183.673469387755,0.0,0.0012244897959183673
17500000,2070,Other,3,1,0,0,0,0,0,0,0,0,0,0,0,0,0,0,8454.106280193237,0.0,0.0014492753623188406
50000000,2645,Other,3,1,0,0,0,0,0,0,0,0,0,0,0,0,0,0,18903.59168241966,0.0,0.0011342155009451795
16500000,400,Other,2,1,0,0,0,0,0,0,0,0,0,0,0,0,0,0,41250.0,0.0,0.005
13500000,1550,Sector 19 Dwarka,3,1,0,0,0,0,0,0,0,0,0,0,0,0,0,0,8709.677419354839,0.0,0.001935483870967742
91800000,1200,Sector 22 Dwarka,2,1,0,0,0,0,0,0,0,0,0,0,0,0,0,0,76500.0,0.0,0.0016666666666666668
5600000,1680,Other,3,0,0,0,0,0,0,0,0,0,0,0,0,0,0,0,3333.3333333333335,0.0,0.0017857142857142857
16500000,850,Other,3,1,0,0,0,0,0,0,0,0,0,0,0,0,0,0,19411.764705882353,0.0,0.0035294117647058825
80000000,2500,Other,4,1,0,0,0,0,0,0,0,0,0,0,0,0,0,0,32000.0,0.0,0.0016
13000000,1400,Other,3,1,0,0,0,0,0,0,0,0,0,0,0,0,0,0,9285.714285714286,0.0,0.002142857142857143
12000000,1250,Other,3,1,0,0,0,0,0,0,0,0,0,0,0,0,0,0,9600.0,0.0,0.0024
8500000,1450,Other,2,1,0,0,0,0,0,0,0,0,0,0,0,0,0,0,5862.068965517241,0.0,0.001379310344827586
13400000,900,Other,2,1,0,0,0,0,0,0,0,0,0,0,0,0,0,0,14888.888888888889,0.0,0.0022222222222222222
12500000,1251,Other,3,1,0,0,0,0,0,0,0,0,0,0,0,0,0,0,9992.006394884093,0.0,0.002398081534772182
9000000,1000,Other,2,1,0,0,0,0,0,0,0,0,0,0,0,0,0,0,9000.0,0.0,0.002
7500000,952,Other,2,1,0,0,0,0,0,0,0,0,0,0,0,0,0,0,7878.151260504202,0.0,0.0021008403361344537
11000000,1106,Other,2,1,0,0,0,0,0,0,0,0,0,0,0,0,0,0,9945.750452079566,0.0,0.0018083182640144665
2500000,1350,Other,3,1,0,0,0,0,0,0,0,0,0,0,0,0,0,0,1851.851851851852,0.0,0.0022222222222222222
9500000,600,Other,1,0,0,0,0,0,0,0,0,0,0,0,0,0,0,0,15833.333333333334,0.0,0.0016666666666666668
10700000,1400,Other,3,1,0,0,0,0,0,0,0,0,0,0,0,0,0,0,7642.857142857143,0.0,0.002142857142857143
8500000,1550,Other,3,1,0,0,0,0,0,0,0,0,0,0,0,0,0,0,5483.870967741936,0.0,0.001935483870967742
19000000,900,Other,2,1,0,0,0,0,0,0,0,0,0,0,0,0,0,0,21111.11111111111,0.0,0.0022222222222222222
18800000,2100,Sector 19 Dwarka,4,0,0,0,0,0,0,0,0,0,0,0,0,0,0,0,8952.380952380952,0.0,0.0019047619047619048
7000000,1615,Vasant Kunj,3,1,0,0,0,0,0,0,0,0,0,0,0,0,0,0,4334.3653250774,0.0,0.0018575851393188853
12000000,1125,Other,3,1,0,0,0,0,0,0,0,0,0,0,0,0,0,0,10666.666666666666,0.0,0.0026666666666666666
47000000,1300,Other,3,1,0,0,0,0,0,0,0,0,0,0,0,0,0,0,36153.846153846156,0.0,0.002307692307692308
17500000,2475,Other,4,1,0,0,0,0,0,0,0,0,0,0,0,0,0,0,7070.707070707071,0.0,0.0016161616161616162
11500000,1194,Other,3,1,0,0,0,0,0,0,0,0,0,0,0,0,0,0,9631.490787269682,0.0,0.002512562814070352
24000000,1100,Other,3,1,0,0,0,0,0,0,0,0,0,0,0,0,0,0,21818.18181818182,0.0,0.0027272727272727275
2000000,1650,Noida,3,1,0,0,0,0,0,0,0,0,0,0,0,0,0,0,1212.121212121212,0.0,0.0018181818181818182
32500000,675,Other,2,1,0,0,0,0,0,0,0,0,0,0,0,0,0,0,48148.148148148146,0.0,0.002962962962962963
50000000,1097,Other,4,1,0,0,0,0,0,0,0,0,0,0,0,0,0,0,45578.851412944394,0.0,0.0036463081130355514
14200000,2790,Other,4,1,0,0,0,0,0,0,0,0,0,0,0,0,0,0,5089.605734767025,0.0,0.0014336917562724014
5350000,1150,Other,2,1,0,0,0,0,0,0,0,0,0,0,0,0,0,0,4652.173913043478,0.0,0.0017391304347826088
14200000,1905,Other,3,1,0,0,0,0,0,0,0,0,0,0,0,0,0,0,7454.068241469817,0.0,0.0015748031496062992
50000000,1150,Other,2,1,0,0,0,0,0,0,0,0,0,0,0,0,0,0,43478.260869565216,0.0,0.0017391304347826088
16000000,2790,Other,4,1,0,0,0,0,0,0,0,0,0,0,0,0,0,0,5734.767025089605,0.0,0.0014336917562724014
17000000,1200,Other,4,1,0,0,0,0,0,0,0,0,0,0,0,0,0,0,14166.666666666666,0.0,0.0033333333333333335
19000000,1650,Other,3,1,0,0,0,0,0,0,0,0,0,0,0,0,0,0,11515.151515151516,0.0,0.0018181818181818182
15000000,1420,Other,3,1,0,0,0,0,0,0,0,0,0,0,0,0,0,0,10563.38028169014,0.0,0.002112676056338028
3200000,1050,Other,2,1,0,0,0,0,0,0,0,0,0,0,0,0,0,0,3047.6190476190477,0.0,0.0019047619047619048
4200000,540,Other,2,1,0,0,0,0,0,0,0,0,0,0,0,0,0,0,7777.777777777777,0.0,0.003703703703703704
4800000,720,Other,3,1,0,0,0,0,0,0,0,0,0,0,0,0,0,0,6666.666666666667,0.0,0.004166666666666667
5211000,954,Other,3,1,0,0,0,0,0,0,0,0,0,0,0,0,0,0,5462.264150943396,0.0,0.0031446540880503146
3500000,855,Om Nagar,3,1,0,0,0,0,0,0,0,0,0,0,0,0,0,0,4093.5672514619882,0.0,0.0035087719298245615
3200000,630,Other,2,1,0,0,0,0,0,0,0,0,0,0,0,0,0,0,5079.3650793650795,0.0,0.0031746031746031746
6336000,540,Other,2,1,0,0,0,0,0,0,0,0,0,0,0,0,0,0,11733.333333333334,0.0,0.003703703703703704
3500000,1180,Other,4,1,0,0,0,0,0,0,0,0,0,0,0,0,0,0,2966.101694915254,0.0,0.003389830508474576
5500000,675,Other,3,1,0,0,0,0,0,0,0,0,0,0,0,0,0,0,8148.148148148148,0.0,0.0044444444444444444
3254999,990,Other,3,1,0,0,0,0,0,0,0,0,0,0,0,0,0,0,3287.8777777777777,0.0,0.0030303030303030303
2700000,725,Other,2,1,0,0,0,0,0,0,0,0,0,0,0,0,0,0,3724.137931034483,0.0,0.002758620689655172
2611000,580,Other,2,1,0,0,0,0,0,0,0,0,0,0,0,0,0,0,4501.724137931034,0.0,0.0034482758620689655
4731000,477,Other,2,1,0,0,0,0,0,0,0,0,0,0,0,0,0,0,9918.238993710691,0.0,0.0041928721174004195
3551000,909,Other,3,1,0,0,0,0,0,0,0,0,0,0,0,0,0,0,3906.4906490649064,0.0,0.0033003300330033004
5411000,720,Other,3,1,0,0,0,0,0,0,0,0,0,0,0,0,0,0,7515.277777777777,0.0,0.004166666666666667
2901000,900,Other,3,1,0,0,0,0,0,0,0,0,0,0,0,0,0,0,3223.3333333333335,0.0,0.0033333333333333335
20500000,700,Other,3,1,0,0,0,0,0,0,0,0,0,0,0,0,0,0,29285.714285714286,0.0,0.004285714285714286
220000000,2350,Other,4,1,0,0,0,0,0,0,0,0,0,0,0,0,0,0,93617.02127659574,0.0,0.001702127659574468
62500000,2322,Other,2,1,0,0,0,0,0,0,0,0,0,0,0,0,0,0,26916.451335055986,0.0,0.0008613264427217916
25000000,1827,Other,3,1,0,0,0,0,0,0,0,0,0,0,0,0,0,0,13683.634373289546,0.0,0.0016420361247947454
8500000,3600,Alaknanda,4,1,0,0,0,0,0,0,0,0,0,0,0,0,0,0,2361.1111111111113,0.0,0.0011111111111111111
4500000,900,Other,2,1,0,0,0,0,0,0,0,0,0,0,0,0,0,0,5000.0,0.0,0.0022222222222222222
2000000,4500,Other,5,1,0,0,0,0,0,0,0,0,0,0,0,0,0,0,444.44444444444446,0.0,0.0011111111111111111
2000000,1401,Other,2,1,0,0,0,0,0,0,0,0,0,0,0,0,0,0,1427.5517487508923,0.0,0.0014275517487508922
25000000,1300,Other,2,1,0,0,0,0,0,0,0,0,0,0,0,0,0,0,19230.76923076923,0.0,0.0015384615384615385
17500000,2000,Vasant Kunj,3,1,0,0,0,0,0,0,0,0,0,0,0,0,0,0,8750.0,0.0,0.0015
20000000,1800,Vasant Kunj,3,1,0,0,0,0,0,0,0,0,0,0,0,0,0,0,11111.111111111111,0.0,0.0016666666666666668
7500000,1800,Vasant Kunj,2,1,0,0,0,0,0,0,0,0,0,0,0,0,0,0,4166.666666666667,0.0,0.0011111111111111111
30000000,1200,Other,2,1,0,0,0,0,0,0,0,0,0,0,0,0,0,0,25000.0,0.0,0.0016666666666666668
6800000,2500,Other,4,1,0,0,0,0,0,0,0,0,0,0,0,0,0,0,2720.0,0.0,0.0016
35000000,850,Other,2,1,0,0,0,0,0,0,0,0,0,0,0,0,0,0,41176.470588235294,0.0,0.002352941176470588
90000000,2500,Other,4,1,0,0,0,0,0,0,0,0,0,0,0,0,0,0,36000.0,0.0,0.0016
200000000,2250,Om Nagar,2,1,0,0,0,0,0,0,0,0,0,0,0,0,0,0,88888.88888888889,0.0,0.0008888888888888889
9500000,1510,Other,2,1,0,0,0,0,0,0,0,0,0,0,0,0,0,0,6291.390728476821,0.0,0.0013245033112582781
35000000,1103,Other,2,1,0,0,0,0,0,0,0,0,0,0,0,0,0,0,31731.640979147778,0.0,0.001813236627379873
28500000,2500,Other,4,1,0,0,0,0,0,0,0,0,0,0,0,0,0,0,11400.0,0.0,0.0016
200000000,2400,Sector 19 Dwarka,4,1,0,0,0,0,0,0,0,0,0,0,0,0,0,0,83333.33333333333,0.0,0.0016666666666666668
14500000,1510,Other,2,1,0,0,0,0,0,0,0,0,0,0,0,0,0,0,9602.649006622516,0.0,0.0013245033112582781
19500000,1750,Other,3,1,0,0,0,0,0,0,0,0,0,0,0,0,0,0,11142.857142857143,0.0,0.0017142857142857142
17000000,2600,Other,4,1,0,0,0,0,0,0,0,0,0,0,0,0,0,0,6538.461538461538,0.0,0.0015384615384615385
68000000,2100,Other,3,1,0,0,0,0,0,0,0,0,0,0,0,0,0,0,32380.95238095238,0.0,0.0014285714285714286
3621000,400,Other,2,1,0,0,0,0,0,0,0,0,0,0,0,0,0,0,9052.5,0.0,0.005
21000000,407,Other,2,1,0,0,0,0,0,0,0,0,0,0,0,0,0,0,51597.0515970516,0.0,0.004914004914004914
17500000,1950,Other,4,1,0,0,0,0,0,0,0,0,0,0,0,0,0,0,8974.358974358975,0.0,0.0020512820512820513
15600000,1650,Sector 6 Dwarka,3,1,0,0,0,0,0,0,0,0,0,0,0,0,0,0,9454.545454545454,0.0,0.0018181818181818182
15500000,1400,Sector 6 Dwarka,3,1,0,0,0,0,0,0,0,0,0,0,0,0,0,0,11071.42857142857,0.0,0.002142857142857143
31500000,1600,Other,3,1,0,0,0,0,0,0,0,0,0,0,0,0,0,0,19687.5,0.0,0.001875
40000000,4521,Other,4,0,0,0,0,0,0,0,0,0,0,0,0,0,0,0,8847.600088476001,0.0,0.0008847600088476001
35000000,2000,Other,2,1,0,0,0,0,0,0,0,0,0,0,0,0,0,0,17500.0,0.0,0.001
49500000,1450,Other,3,1,0,0,0,0,0,0,0,0,0,0,0,0,0,0,34137.93103448276,0.0,0.0020689655172413794
90000000,1650,Other,5,1,0,0,0,0,0,0,0,0,0,0,0,0,0,0,54545.454545454544,0.0,0.0030303030303030303
12500000,2250,Other,5,1,0,0,0,0,0,0,0,0,0,0,0,0,0,0,5555.555555555556,0.0,0.0022222222222222222
19000000,1100,Other,3,1,0,0,0,0,0,0,0,0,0,0,0,0,0,0,17272.727272727272,0.0,0.0027272727272727275
8500000,1500,Vasant Kunj,2,1,0,0,0,0,0,0,0,0,0,0,0,0,0,0,5666.666666666667,0.0,0.0013333333333333333
23800000,1002,Other,2,1,0,0,0,0,0,0,0,0,0,0,0,0,0,0,23752.49500998004,0.0,0.001996007984031936
17000000,3006,Other,4,1,0,0,0,0,0,0,0,0,0,0,0,0,0,0,5655.355954757152,0.0,0.0013306719893546241
5000000,1500,Other,3,1,0,0,0,0,0,0,0,0,0,0,0,0,0,0,3333.3333333333335,0.0,0.002
225400000,1250,Other,2,1,0,0,0,0,0,0,0,0,0,0,0,0,0,0,180320.0,0.0,0.0016
7200000,450,Other,2,1,0,0,0,0,0,0,0,0,0,0,0,0,0,0,16000.0,0.0,0.0044444444444444444
12000000,1200,Other,3,1,0,0,0,0,0,0,0,0,0,0,0,0,0,0,10000.0,0.0,0.0025
15900000,1201,Other,2,1,0,0,0,0,0,0,0,0,0,0,0,0,0,0,13238.967527060782,0.0,0.0016652789342214821
14000000,2537,Sector 12 Dwarka,3,1,0,0,0,0,0,0,0,0,0,0,0,0,0,0,5518.328734726055,0.0,0.0011824990145841545
15000000,1500,Sector 11 Dwarka,3,1,0,0,0,0,0,0,0,0,0,0,0,0,0,0,10000.0,0.0,0.002
23000000,1600,Other,3,1,0,0,0,0,0,0,0,0,0,0,0,0,0,0,14375.0,0.0,0.001875
45000000,2000,Sector 19 Dwarka,4,1,0,0,0,0,0,0,0,0,0,0,0,0,0,0,22500.0,0.0,0.002
60000000,2600,Other,2,1,0,0,0,0,0,0,0,0,0,0,0,0,0,0,23076.923076923078,0.0,0.0007692307692307692
100000000,440,Other,2,1,0,0,0,0,0,0,0,0,0,0,0,0,0,0,227272.72727272726,0.0,0.004545454545454545
40000000,1620,Other,4,1,0,0,0,0,0,0,0,0,0,0,0,0,0,0,24691.35802469136,0.0,0.0024691358024691358
45000000,2200,Other,3,1,0,0,0,0,0,0,0,0,0,0,0,0,0,0,20454.545454545456,0.0,0.0013636363636363637
52500000,2600,Other,3,1,0,0,0,0,0,0,0,0,0,0,0,0,0,0,20192.30769230769,0.0,0.001153846153846154
9500000,2700,Other,4,1,0,0,0,0,0,0,0,0,0,0,0,0,0,0,3518.5185185185187,0.0,0.0014814814814814814
14200000,900,Other,2,1,0,0,0,0,0,0,0,0,0,0,0,0,0,0,15777.777777777777,0.0,0.0022222222222222222
10000000,1100,Other,3,1,0,0,0,0,0,0,0,0,0,0,0,0,0,0,9090.90909090909,0.0,0.0027272727272727275
9500000,1100,Other,4,1,0,0,0,0,0,0,0,0,0,0,0,0,0,0,8636.363636363636,0.0,0.0036363636363636364
13500000,800,Other,2,1,0,0,0,0,0,0,0,0,0,0,0,0,0,0,16875.0,0.0,0.0025
4000000,1100,Other,3,1,0,0,0,0,0,0,0,0,0,0,0,0,0,0,3636.3636363636365,0.0,0.0027272727272727275
2200000,1850,Other,3,1,0,0,0,0,0,0,0,0,0,0,0,0,0,0,1189.1891891891892,0.0,0.0016216216216216215
5100000,1200,Dwarka Mor,3,1,0,0,0,0,0,0,0,0,0,0,0,0,0,0,4250.0,0.0,0.0025
4000000,918,Other,3,1,0,0,0,0,0,0,0,0,0,0,0,0,0,0,4357.298474945534,0.0,0.0032679738562091504
2800000,900,Other,2,1,0,0,0,0,0,0,0,0,0,0,0,0,0,0,3111.1111111111113,0.0,0.0022222222222222222
4511000,495,Other,2,1,0,0,0,0,0,0,0,0,0,0,0,0,0,0,9113.131313131313,0.0,0.00404040404040404
3421000,850,Other,3,1,0,0,0,0,0,0,0,0,0,0,0,0,0,0,4024.705882352941,0.0,0.0035294117647058825
7500000,720,Other,3,1,0,0,0,0,0,0,0,0,0,0,0,0,0,0,10416.666666666666,0.0,0.004166666666666667
4300000,1260,Om Nagar,4,1,0,0,0,0,0,0,0,0,0,0,0,0,0,0,3412.6984126984125,0.0,0.0031746031746031746
4800000,550,Other,1,1,0,0,0,0,0,0,0,0,0,0,0,0,0,0,8727.272727272728,0.0,0.0018181818181818182
5000000,1125,Uttam Nagar,2,1,0,0,0,0,0,0,0,0,0,0,0,0,0,0,4444.444444444444,0.0,0.0017777777777777779
2500000,950,Uttam Nagar,3,0,0,0,0,0,0,0,0,0,0,0,0,0,0,0,2631.5789473684213,0.0,0.003157894736842105
4000000,560,Uttam Nagar,2,0,0,0,0,0,0,0,0,0,0,0,0,0,0,0,7142.857142857143,0.0,0.0035714285714285713
5200000,810,Uttam Nagar,3,0,0,0,0,0,0,0,0,0,0,0,0,0,0,0,6419.753086419753,0.0,0.003703703703703704
8500000,550,Other,1,1,0,0,0,0,0,0,0,0,0,0,0,0,0,0,15454.545454545454,0.0,0.0018181818181818182
10000000,950,Other,2,1,0,0,0,0,0,0,0,0,0,0,0,0,0,0,10526.315789473685,0.0,0.002105263157894737
6850000,1100,Other,3,1,0,0,0,0,0,0,0,0,0,0,0,0,0,0,6227.272727272727,0.0,0.0027272727272727275
15800000,850,Other,3,1,0,0,0,0,0,0,0,0,0,0,0,0,0,0,18588.235294117647,0.0,0.0035294117647058825
8000000,1800,Other,5,1,0,0,0,0,0,0,0,0,0,0,0,0,0,0,4444.444444444444,0.0,0.002777777777777778
8000000,900,Other,2,1,0,0,0,0,0,0,0,0,0,0,0,0,0,0,8888.888888888889,0.0,0.0022222222222222222
7200000,900,Other,2,1,0,0,0,0,0,0,0,0,0,0,0,0,0,0,8000.0,0.0,0.0022222222222222222
2300000,550,Vasant Kunj,1,1,0,0,0,0,0,0,0,0,0,0,0,0,0,0,4181.818181818182,0.0,0.0018181818181818182
6500000,1200,Other,4,1,0,0,0,0,0,0,0,0,0,0,0,0,0,0,5416.666666666667,0.0,0.0033333333333333335
60000000,1200,Other,2,0,0,0,0,0,0,0,0,0,0,0,0,0,0,0,50000.0,0.0,0.0016666666666666668
2200000,401,Other,2,1,0,0,0,0,0,0,0,0,0,0,0,0,0,0,5486.284289276808,0.0,0.004987531172069825
3100000,507,Other,2,1,0,0,0,0,0,0,0,0,0,0,0,0,0,0,6114.39842209073,0.0,0.0039447731755424065
3300000,800,Other,3,1,0,0,0,0,0,0,0,0,0,0,0,0,0,0,4125.0,0.0,0.00375
2199000,890,Other,3,1,0,0,0,0,0,0,0,0,0,0,0,0,0,0,2470.7865168539324,0.0,0.0033707865168539327
2400000,500,Other,2,1,0,0,0,0,0,0,0,0,0,0,0,0,0,0,4800.0,0.0,0.004
3700000,1103,Other,2,1,0,0,0,0,0,0,0,0,0,0,0,0,0,0,3354.4877606527652,0.0,0.001813236627379873
2699000,1160,Other,3,1,0,0,0,0,0,0,0,0,0,0,0,0,0,0,2326.7241379310344,0.0,0.002586206896551724
100000000,500,Other,2,1,0,0,0,0,0,0,0,0,0,0,0,0,0,0,200000.0,0.0,0.004
18000000,1500,Other,5,1,0,0,0,0,0,0,0,0,0,0,0,0,0,0,12000.0,0.0,0.0033333333333333335
16800000,2200,Other,4,1,0,0,0,0,0,0,0,0,0,0,0,0,0,0,7636.363636363636,0.0,0.0018181818181818182
2530000,1996,Other,3,1,0,0,0,0,0,0,0,0,0,0,0,0,0,0,1267.5350701402806,0.0,0.001503006012024048
2200000,730,Other,2,1,0,0,0,0,0,0,0,0,0,0,0,0,0,0,3013.698630136986,0.0,0.0027397260273972603
9500000,450,Other,1,1,0,0,0,0,0,0,0,0,0,0,0,0,0,0,21111.11111111111,0.0,0.0022222222222222222
7000000,900,Other,2,1,0,0,0,0,0,0,0,0,0,0,0,0,0,0,7777.777777777777,0.0,0.0022222222222222222
4500000,1125,Other,3,1,0,0,0,0,0,0,0,0,0,0,0,0,0,0,4000.0,0.0,0.0026666666666666666
27500000,811,Other,2,1,0,0,0,0,0,0,0,0,0,0,0,0,0,0,33908.754623921086,0.0,0.002466091245376079
5000000,2500,Other,4,1,0,0,0,0,0,0,0,0,0,0,0,0,0,0,2000.0,0.0,0.0016
11000000,1350,Other,3,1,0,0,0,0,0,0,0,0,0,0,0,0,0,0,8148.148148148148,0.0,0.0022222222222222222
14000000,800,Other,2,1,0,0,0,0,0,0,0,0,0,0,0,0,0,0,17500.0,0.0,0.0025
4000000,1300,Other,3,1,0,0,0,0,0,0,0,0,0,0,0,0,0,0,3076.923076923077,0.0,0.002307692307692308
4000000,1000,Other,4,1,0,0,0,0,0,0,0,0,0,0,0,0,0,0,4000.0,0.0,0.004
4000000,1000,Other,4,1,0,0,0,0,0,0,0,0,0,0,0,0,0,0,4000.0,0.0,0.004
5000000,1007,Other,4,1,0,0,0,0,0,0,0,0,0,0,0,0,0,0,4965.243296921549,0.0,0.003972194637537239
120000000,954,Other,2,1,0,0,0,0,0,0,0,0,0,0,0,0,0,0,125786.16352201258,0.0,0.0020964360587002098
8000000,1260,Other,1,1,0,0,0,0,0,0,0,0,0,0,0,0,0,0,6349.206349206349,0.0,0.0007936507936507937
16000000,560,Other,1,1,0,0,0,0,0,0,0,0,0,0,0,0,0,0,28571.428571428572,0.0,0.0017857142857142857
17000000,1800,Other,3,1,0,0,0,0,0,0,0,0,0,0,0,0,0,0,9444.444444444445,0.0,0.0016666666666666668
15500000,1700,Other,3,1,0,0,0,0,0,0,0,0,0,0,0,0,0,0,9117.64705882353,0.0,0.0017647058823529412
16500000,1650,Other,3,1,0,0,0,0,0,0,0,0,0,0,0,0,0,0,10000.0,0.0,0.0018181818181818182
20000000,1750,Other,3,1,0,0,0,0,0,0,0,0,0,0,0,0,0,0,11428.57142857143,0.0,0.0017142857142857142
7500000,2000,Sector 6 Dwarka,4,1,0,0,0,0,0,0,0,0,0,0,0,0,0,0,3750.0,0.0,0.002
6400000,1875,Other,3,1,0,0,0,0,0,0,0,0,0,0,0,0,0,0,3413.3333333333335,0.0,0.0016
8200000,1650,Other,3,1,0,0,0,0,0,0,0,0,0,0,0,0,0,0,4969.69696969697,0.0,0.0018181818181818182
6600000,1835,Other,3,1,0,0,0,0,0,0,0,0,0,0,0,0,0,0,3596.7302452316076,0.0,0.0016348773841961854
9000000,1585,Other,3,1,0,0,0,0,0,0,0,0,0,0,0,0,0,0,5678.233438485804,0.0,0.0018927444794952682
17000000,1160,Other,2,1,0,0,0,0,0,0,0,0,0,0,0,0,0,0,14655.172413793103,0.0,0.0017241379310344827
2499000,2150,Other,3,1,0,0,0,0,0,0,0,0,0,0,0,0,0,0,1162.3255813953488,0.0,0.0013953488372093023
2300000,435,Dwarka Mor,2,0,0,0,0,0,0,0,0,0,0,0,0,0,0,0,5287.35632183908,0.0,0.004597701149425287
2600000,410,Dwarka Mor,2,0,0,0,0,0,0,0,0,0,0,0,0,0,0,0,6341.463414634146,0.0,0.004878048780487805
15000000,450,Dwarka Mor,2,0,0,0,0,0,0,0,0,0,0,0,0,0,0,0,33333.333333333336,0.0,0.0044444444444444444
85000000,3240,Other,4,1,0,0,0,0,0,0,0,0,0,0,0,0,0,0,26234.567901234568,0.0,0.0012345679012345679
25000000,2550,Other,3,1,0,0,0,0,0,0,0,0,0,0,0,0,0,0,9803.921568627451,0.0,0.001176470588235294
25000000,1700,Other,3,1,0,0,0,0,0,0,0,0,0,0,0,0,0,0,14705.882352941177,0.0,0.0017647058823529412
75000000,1700,Other,2,1,0,0,0,0,0,0,0,0,0,0,0,0,0,0,44117.64705882353,0.0,0.001176470588235294
4600000,1800,Other,2,1,0,0,0,0,0,0,0,0,0,0,0,0,0,0,2555.5555555555557,0.0,0.0011111111111111111
22500000,1333,Other,2,1,0,0,0,0,0,0,0,0,0,0,0,0,0,0,16879.219804951237,0.0,0.0015003750937734434
11800000,2000,Sector 12 Dwarka,3,1,0,0,0,0,0,0,0,0,0,0,0,0,0,0,5900.0,0.0,0.0015
19000000,900,Sector 19 Dwarka,2,1,0,0,0,0,0,0,0,0,0,0,0,0,0,0,21111.11111111111,0.0,0.0022222222222222222
17000000,1600,Sector 22 Dwarka,3,1,0,0,0,0,0,0,0,0,0,0,0,0,0,0,10625.0,0.0,0.001875
18500000,1650,Sector 19 Dwarka,3,1,0,0,0,0,0,0,0,0,0,0,0,0,0,0,11212.121212121212,0.0,0.0018181818181818182
13000000,2000,Sector 19 Dwarka,4,1,0,0,0,0,0,0,0,0,0,0,0,0,0,0,6500.0,0.0,0.002
15200000,1350,Other,3,1,0,0,0,0,0,0,0,0,0,0,0,0,0,0,11259.25925925926,0.0,0.0022222222222222222
20000000,1500,Sector 11 Dwarka,3,1,0,0,0,0,0,0,0,0,0,0,0,0,0,0,13333.333333333334,0.0,0.002
22000000,2160,Other,4,1,0,0,0,0,0,0,0,0,0,0,0,0,0,0,10185.185185185184,0.0,0.001851851851851852
16200000,2000,Other,4,1,0,0,0,0,0,0,0,0,0,0,0,0,0,0,8100.0,0.0,0.002
16900000,1500,Sector 11 Dwarka,3,1,0,0,0,0,0,0,0,0,0,0,0,0,0,0,11266.666666666666,0.0,0.002
15800000,1550,Sector 10 Dwarka,3,1,0,0,0,0,0,0,0,0,0,0,0,0,0,0,10193.548387096775,0.0,0.001935483870967742
17000000,1550,Sector 22 Dwarka,3,1,0,0,0,0,0,0,0,0,0,0,0,0,0,0,10967.741935483871,0.0,0.001935483870967742
12000000,1900,Sector 22 Dwarka,3,1,0,0,0,0,0,0,0,0,0,0,0,0,0,0,6315.789473684211,0.0,0.0015789473684210526
53500000,1350,Sector 12 Dwarka,3,1,0,0,0,0,0,0,0,0,0,0,0,0,0,0,39629.62962962963,0.0,0.0022222222222222222
8200000,1800,Other,2,1,0,0,0,0,0,0,0,0,0,0,0,0,0,0,4555.555555555556,0.0,0.0011111111111111111
22000000,800,Vasant Kunj,1,1,0,0,0,0,0,0,0,0,0,0,0,0,0,0,27500.0,0.0,0.00125
19000000,1650,Vasant Kunj,2,1,0,0,0,0,0,0,0,0,0,0,0,0,0,0,11515.151515151516,0.0,0.0012121212121212121
50000000,1800,Vasant Kunj,3,1,0,0,0,0,0,0,0,0,0,0,0,0,0,0,27777.777777777777,0.0,0.0016666666666666668
25000000,3000,Vasant Kunj,4,1,0,0,0,0,0,0,0,0,0,0,0,0,0,0,8333.333333333334,0.0,0.0013333333333333333
18500000,2600,Other,4,1,0,0,0,0,0,0,0,0,0,0,0,0,0,0,7115.384615384615,0.0,0.0015384615384615385
32500000,1800,Vasant Kunj,3,1,0,0,0,0,0,0,0,0,0,0,0,0,0,0,18055.555555555555,0.0,0.0016666666666666668
5000000,1450,Vasant Kunj,4,0,0,0,0,0,0,0,0,0,0,0,0,0,0,0,3448.2758620689656,0.0,0.002758620689655172
25000000,3000,Other,4,1,0,0,0,0,0,0,0,0,0,0,0,0,0,0,8333.333333333334,0.0,0.0013333333333333333
27500000,2970,Other,3,1,0,0,0,0,0,0,0,0,0,0,0,0,0,0,9259.25925925926,0.0,0.00101010101010101
35000000,2000,Other,4,1,0,0,0,0,0,0,0,0,0,0,0,0,0,0,17500.0,0.0,0.002
87500000,630,Other,2,1,0,0,0,0,0,0,0,0,0,0,0,0,0,0,138888.88888888888,0.0,0.0031746031746031746
3900000,2500,Other,3,1,0,0,0,0,0,0,0,0,0,0,0,0,0,0,1560.0,0.0,0.0012
18000000,900,Uttam Nagar,3,1,0,0,0,0,0,0,0,0,0,0,0,0,0,0,20000.0,0.0,0.0033333333333333335
8500000,2200,Other,4,0,0,0,0,0,0,0,0,0,0,0,0,0,0,0,3863.6363636363635,0.0,0.0018181818181818182
30000000,1150,Other,3,0,0,0,0,0,0,0,0,0,0,0,0,0,0,0,26086.956521739132,0.0,0.0026086956521739132
2300000,3500,Other,5,0,0,0,0,0,0,0,0,0,0,0,0,0,0,0,657.1428571428571,0.0,0.0014285714285714286
5300000,400,Other,1,0,0,0,0,0,0,0,0,0,0,0,0,0,0,0,13250.0,0.0,0.0025
4000000,850,Other,3,0,0,0,0,0,0,0,0,0,0,0,0,0,0,0,4705.882352941177,0.0,0.0035294117647058825
160000000,600,Other,2,0,0,0,0,0,0,0,0,0,0,0,0,0,0,0,266666.6666666667,0.0,0.0033333333333333335
160000000,1400,Other,3,1,0,0,0,0,0,0,0,0,0,0,0,0,0,0,114285.71428571429,0.0,0.002142857142857143
125000000,1400,Other,3,1,0,0,0,0,0,0,0,0,0,0,0,0,0,0,89285.71428571429,0.0,0.002142857142857143
4550000,4000,Other,1,1,0,0,0,0,0,0,0,0,0,0,0,0,0,0,1137.5,0.0,0.00025
9500000,1300,Other,3,1,0,0,0,0,0,0,0,0,0,0,0,0,0,0,7307.692307692308,0.0,0.002307692307692308
47000000,1490,Other,3,1,0,0,0,0,0,0,0,0,0,0,0,0,0,0,31543.624161073825,0.0,0.0020134228187919465
3600000,1980,Other,4,1,0,0,0,0,0,0,0,0,0,0,0,0,0,0,1818.1818181818182,0.0,0.00202020202020202
2900000,1300,Other,3,1,0,0,0,0,0,0,0,0,0,0,0,0,0,0,2230.769230769231,0.0,0.002307692307692308
5450000,1264,Other,2,1,0,0,0,0,0,0,0,0,0,0,0,0,0,0,4311.708860759493,0.0,0.0015822784810126582
6450000,1845,Other,3,1,0,0,0,0,0,0,0,0,0,0,0,0,0,0,3495.9349593495936,0.0,0.0016260162601626016
19000000,2395,Other,4,1,0,0,0,0,0,0,0,0,0,0,0,0,0,0,7933.194154488518,0.0,0.0016701461377870565
29500000,2200,Other,4,1,0,0,0,0,0,0,0,0,0,0,0,0,0,0,13409.09090909091,0.0,0.0018181818181818182
9500000,400,Other,2,1,0,0,0,0,0,0,0,0,0,0,0,0,0,0,23750.0,0.0,0.005
22500000,850,Other,1,1,0,0,0,0,0,0,0,0,0,0,0,0,0,0,26470.58823529412,0.0,0.001176470588235294
18500000,1440,Other,3,1,0,0,0,0,0,0,0,0,0,0,0,0,0,0,12847.222222222223,0.0,0.0020833333333333333
13700000,1900,Other,4,1,0,0,0,0,0,0,0,0,0,0,0,0,0,0,7210.526315789473,0.0,0.002105263157894737
9200000,1550,Other,3,1,0,0,0,0,0,0,0,0,0,0,0,0,0,0,5935.4838709677415,0.0,0.001935483870967742
9000000,1751,Other,3,1,0,0,0,0,0,0,0,0,0,0,0,0,0,0,5139.920045688178,0.0,0.0017133066818960593
13000000,1732,Other,3,1,0,0,0,0,0,0,0,0,0,0,0,0,0,0,7505.773672055428,0.0,0.0017321016166281756
14600000,2725,Other,4,1,0,0,0,0,0,0,0,0,0,0,0,0,0,0,5357.798165137615,0.0,0.0014678899082568807
8900000,2639,Other,4,1,0,0,0,0,0,0,0,0,0,0,0,0,0,0,3372.489579386131,0.0,0.0015157256536566881
6800000,1825,Other,3,1,0,0,0,0,0,0,0,0,0,0,0,0,0,0,3726.027397260274,0.0,0.0016438356164383563
3000000,1076,Other,3,1,0,0,0,0,0,0,0,0,0,0,0,0,0,0,2788.104089219331,0.0,0.0027881040892193307
2381000,1000,Noida,3,1,0,0,0,0,0,0,0,0,0,0,0,0,0,0,2381.0,0.0,0.003
2520000,800,Noida,2,1,0,0,0,0,0,0,0,0,0,0,0,0,0,0,3150.0,0.0,0.0025
2277000,800,Noida,2,1,0,0,0,0,0,0,0,0,0,0,0,0,0,0,2846.25,0.0,0.0025
2144000,800,Noida,2,1,0,0,0,0,0,0,0,0,0,0,0,0,0,0,2680.0,0.0,0.0025
3000000,800,Noida,2,1,0,0,0,0,0,0,0,0,0,0,0,0,0,0,3750.0,0.0,0.0025
5000000,550,Uttam Nagar,2,1,0,0,0,0,0,0,0,0,0,0,0,0,0,0,9090.90909090909,0.0,0.0036363636363636364
3500000,900,Uttam Nagar,3,1,0,0,0,0,0,0,0,0,0,0,0,0,0,0,3888.8888888888887,0.0,0.0033333333333333335
6500000,675,Uttam Nagar,3,1,0,0,0,0,0,0,0,0,0,0,0,0,0,0,9629.62962962963,0.0,0.0044444444444444444
27000000,1125,Other,4,1,0,0,0,0,0,0,0,0,0,0,0,0,0,0,24000.0,0.0,0.0035555555555555557
16000000,1400,Vasant Kunj,2,1,0,0,0,0,0,0,0,0,0,0,0,0,0,0,11428.57142857143,0.0,0.0014285714285714286
220000000,1800,Other,2,1,0,0,0,0,0,0,0,0,0,0,0,0,0,0,122222.22222222222,0.0,0.0011111111111111111
18900000,1100,Other,2,1,0,0,0,0,0,0,0,0,0,0,0,0,0,0,17181.81818181818,0.0,0.0018181818181818182
19700000,532,Other,2,1,0,0,0,0,0,0,0,0,0,0,0,0,0,0,37030.075187969924,0.0,0.0037593984962406013
2500000,1400,Other,2,1,0,0,0,0,0,0,0,0,0,0,0,0,0,0,1785.7142857142858,0.0,0.0014285714285714286
220000000,585,Other,2,1,0,0,0,0,0,0,0,0,0,0,0,0,0,0,376068.37606837606,0.0,0.003418803418803419
89000000,1100,Other,2,1,0,0,0,0,0,0,0,0,0,0,0,0,0,0,80909.09090909091,0.0,0.0018181818181818182
2700000,2075,Other,3,1,0,0,0,0,0,0,0,0,0,0,0,0,0,0,1301.2048192771085,0.0,0.0014457831325301205
34000000,1931,Other,3,1,0,0,0,0,0,0,0,0,0,0,0,0,0,0,17607.457276022786,0.0,0.0015535991714137752
13899999,3715,Other,4,1,0,0,0,0,0,0,0,0,0,0,0,0,0,0,3741.5878869448184,0.0,0.0010767160161507402
14200000,1256,Other,2,1,0,0,0,0,0,0,0,0,0,0,0,0,0,0,11305.732484076432,0.0,0.0015923566878980893
32000000,1150,Other,2,1,0,0,0,0,0,0,0,0,0,0,0,0,0,0,27826.08695652174,0.0,0.0017391304347826088
60000000,632,Other,3,1,0,0,0,0,0,0,0,0,0,0,0,0,0,0,94936.70886075949,0.0,0.004746835443037975
32500000,1500,Vasant Kunj,3,1,0,0,0,0,0,0,0,0,0,0,0,0,0,0,21666.666666666668,0.0,0.002
17000000,3000,Vasant Kunj,4,1,0,0,0,0,0,0,0,0,0,0,0,0,0,0,5666.666666666667,0.0,0.0013333333333333333
20000000,1300,Vasant Kunj,3,1,0,0,0,0,0,0,0,0,0,0,0,0,0,0,15384.615384615385,0.0,0.002307692307692308
28000000,1200,Vasant Kunj,3,1,0,0,0,0,0,0,0,0,0,0,0,0,0,0,23333.333333333332,0.0,0.0025
27200000,1400,Vasant Kunj,3,1,0,0,0,0,0,0,0,0,0,0,0,0,0,0,19428.571428571428,0.0,0.002142857142857143
27000000,2000,Vasant Kunj,4,1,0,0,0,0,0,0,0,0,0,0,0,0,0,0,13500.0,0.0,0.002
18500000,1400,Vasant Kunj,3,1,0,0,0,0,0,0,0,0,0,0,0,0,0,0,13214.285714285714,0.0,0.002142857142857143
19500000,1200,Vasant Kunj,2,1,0,0,0,0,0,0,0,0,0,0,0,0,0,0,16250.0,0.0,0.0016666666666666668
18500000,1050,Vasant Kunj,2,1,0,0,0,0,0,0,0,0,0,0,0,0,0,0,17619.04761904762,0.0,0.0019047619047619048
35000000,1200,Vasant Kunj,2,1,0,0,0,0,0,0,0,0,0,0,0,0,0,0,29166.666666666668,0.0,0.0016666666666666668
14000000,1800,Vasant Kunj,4,1,0,0,0,0,0,0,0,0,0,0,0,0,0,0,7777.777777777777,0.0,0.0022222222222222222
26000000,900,Vasant Kunj,2,1,0,0,0,0,0,0,0,0,0,0,0,0,0,0,28888.88888888889,0.0,0.0022222222222222222
27000000,1400,Vasant Kunj,3,1,0,0,0,0,0,0,0,0,0,0,0,0,0,0,19285.714285714286,0.0,0.002142857142857143
20000000,1400,Vasant Kunj,3,1,0,0,0,0,0,0,0,0,0,0,0,0,0,0,14285.714285714286,0.0,0.002142857142857143
18500000,1600,Vasant Kunj,4,1,0,0,0,0,0,0,0,0,0,0,0,0,0,0,11562.5,0.0,0.0025
29500000,1400,Vasant Kunj,3,1,0,0,0,0,0,0,0,0,0,0,0,0,0,0,21071.428571428572,0.0,0.002142857142857143
27500000,1400,Vasant Kunj,3,1,0,0,0,0,0,0,0,0,0,0,0,0,0,0,19642.85714285714,0.0,0.002142857142857143
26500000,1400,Vasant Kunj,3,1,0,0,0,0,0,0,0,0,0,0,0,0,0,0,18928.571428571428,0.0,0.002142857142857143
24000000,1600,Vasant Kunj,4,1,0,0,0,0,0,0,0,0,0,0,0,0,0,0,15000.0,0.0,0.0025
26000000,1400,Vasant Kunj,3,1,0,0,0,0,0,0,0,0,0,0,0,0,0,0,18571.428571428572,0.0,0.002142857142857143
62000000,1400,Vasant Kunj,3,1,0,0,0,0,0,0,0,0,0,0,0,0,0,0,44285.71428571428,0.0,0.002142857142857143
27000000,1400,Vasant Kunj,3,1,0,0,0,0,0,0,0,0,0,0,0,0,0,0,19285.714285714286,0.0,0.002142857142857143
70000000,4500,Vasant Kunj,5,1,0,0,0,0,0,0,0,0,0,0,0,0,0,0,15555.555555555555,0.0,0.0011111111111111111
30000000,3000,Vasant Kunj,5,1,0,0,0,0,0,0,0,0,0,0,0,0,0,0,10000.0,0.0,0.0016666666666666668
31300000,2000,Vasant Kunj,6,1,0,0,0,0,0,0,0,0,0,0,0,0,0,0,15650.0,0.0,0.003
34000000,650,Vasant Kunj,3,1,0,0,0,0,0,0,0,0,0,0,0,0,0,0,52307.692307692305,0.0,0.004615384615384616
24000000,2000,Vasant Kunj,6,1,0,0,0,0,0,0,0,0,0,0,0,0,0,0,12000.0,0.0,0.003
26000000,1400,Vasant Kunj,3,1,0,0,0,0,0,0,0,0,0,0,0,0,0,0,18571.428571428572,0.0,0.002142857142857143
30000000,1400,Vasant Kunj,3,1,0,0,0,0,0,0,0,0,0,0,0,0,0,0,21428.571428571428,0.0,0.002142857142857143
26000000,2000,Vasant Kunj,6,1,0,0,0,0,0,0,0,0,0,0,0,0,0,0,13000.0,0.0,0.003
36000000,1400,Vasant Kunj,3,1,0,0,0,0,0,0,0,0,0,0,0,0,0,0,25714.285714285714,0.0,0.002142857142857143
27000000,1600,Vasant Kunj,4,1,0,0,0,0,0,0,0,0,0,0,0,0,0,0,16875.0,0.0,0.0025
20000000,1400,Vasant Kunj,3,1,0,0,0,0,0,0,0,0,0,0,0,0,0,0,14285.714285714286,0.0,0.002142857142857143
27000000,1600,Vasant Kunj,4,1,0,0,0,0,0,0,0,0,0,0,0,0,0,0,16875.0,0.0,0.0025
24000000,1400,Vasant Kunj,3,1,0,0,0,0,0,0,0,0,0,0,0,0,0,0,17142.85714285714,0.0,0.002142857142857143
40000000,1400,Vasant Kunj,3,1,0,0,0,0,0,0,0,0,0,0,0,0,0,0,28571.428571428572,0.0,0.002142857142857143
45000000,2000,Vasant Kunj,4,1,0,0,0,0,0,0,0,0,0,0,0,0,0,0,22500.0,0.0,0.002
22000000,2700,Vasant Kunj,7,1,0,0,0,0,0,0,0,0,0,0,0,0,0,0,8148.148148148148,0.0,0.0025925925925925925
32500000,1400,Vasant Kunj,3,1,0,0,0,0,0,0,0,0,0,0,0,0,0,0,23214.285714285714,0.0,0.002142857142857143
28000000,1500,Vasant Kunj,4,1,0,0,0,0,0,0,0,0,0,0,0,0,0,0,18666.666666666668,0.0,0.0026666666666666666
27000000,1600,Vasant Kunj,4,1,0,0,0,0,0,0,0,0,0,0,0,0,0,0,16875.0,0.0,0.0025
13000000,1800,Vasant Kunj,5,1,0,0,0,0,0,0,0,0,0,0,0,0,0,0,7222.222222222223,0.0,0.002777777777777778
18000000,900,Vasant Kunj,2,1,0,0,0,0,0,0,0,0,0,0,0,0,0,0,20000.0,0.0,0.0022222222222222222
23000000,1100,Vasant Kunj,2,1,0,0,0,0,0,0,0,0,0,0,0,0,0,0,20909.090909090908,0.0,0.0018181818181818182
22500000,1400,Vasant Kunj,3,1,0,0,0,0,0,0,0,0,0,0,0,0,0,0,16071.42857142857,0.0,0.002142857142857143
38000000,1400,Vasant Kunj,3,1,0,0,0,0,0,0,0,0,0,0,0,0,0,0,27142.85714285714,0.0,0.002142857142857143
12500000,2000,Vasant Kunj,5,1,0,0,0,0,0,0,0,0,0,0,0,0,0,0,6250.0,0.0,0.0025
25000000,1400,Vasant Kunj,3,1,0,0,0,0,0,0,0,0,0,0,0,0,0,0,17857.14285714286,0.0,0.002142857142857143
11000000,1400,Vasant Kunj,3,1,0,0,0,0,0,0,0,0,0,0,0,0,0,0,7857.142857142857,0.0,0.002142857142857143
31000000,1050,Vasant Kunj,2,1,0,0,0,0,0,0,0,0,0,0,0,0,0,0,29523.809523809523,0.0,0.0019047619047619048
25000000,1800,Vasant Kunj,3,1,0,0,0,0,0,0,0,0,0,0,0,0,0,0,13888.888888888889,0.0,0.0016666666666666668
32500000,1800,Vasant Kunj,4,1,0,0,0,0,0,0,0,0,0,0,0,0,0,0,18055.555555555555,0.0,0.0022222222222222222
28000000,1500,Vasant Kunj,4,1,0,0,0,0,0,0,0,0,0,0,0,0,0,0,18666.666666666668,0.0,0.0026666666666666666
27000000,1600,Vasant Kunj,4,1,0,0,0,0,0,0,0,0,0,0,0,0,0,0,16875.0,0.0,0.0025
13000000,1800,Vasant Kunj,5,1,0,0,0,0,0,0,0,0,0,0,0,0,0,0,7222.222222222223,0.0,0.002777777777777778
18000000,900,Vasant Kunj,2,1,0,0,0,0,0,0,0,0,0,0,0,0,0,0,20000.0,0.0,0.0022222222222222222
23000000,1100,Vasant Kunj,2,1,0,0,0,0,0,0,0,0,0,0,0,0,0,0,20909.090909090908,0.0,0.0018181818181818182
22500000,1400,Vasant Kunj,3,1,0,0,0,0,0,0,0,0,0,0,0,0,0,0,16071.42857142857,0.0,0.002142857142857143
38000000,1400,Vasant Kunj,3,1,0,0,0,0,0,0,0,0,0,0,0,0,0,0,27142.85714285714,0.0,0.002142857142857143
15300000,2000,Vasant Kunj,5,1,0,0,0,0,0,0,0,0,0,0,0,0,0,0,7650.0,0.0,0.0025
7500000,1050,Vasant Kunj,2,1,0,0,0,0,0,0,0,0,0,0,0,0,0,0,7142.857142857143,0.0,0.0019047619047619048
34000000,450,Vasant Kunj,1,1,0,0,0,0,0,0,0,0,0,0,0,0,0,0,75555.55555555556,0.0,0.0022222222222222222
28000000,2400,Vasant Kunj,6,1,0,0,0,0,0,0,0,0,0,0,0,0,0,0,11666.666666666666,0.0,0.0025
65000000,1400,Vasant Kunj,3,1,0,0,0,0,0,0,0,0,0,0,0,0,0,0,46428.57142857143,0.0,0.002142857142857143
13500000,3200,Vasant Kunj,7,1,0,0,0,0,0,0,0,0,0,0,0,0,0,0,4218.75,0.0,0.0021875
17600000,1050,Vasant Kunj,2,1,0,0,0,0,0,0,0,0,0,0,0,0,0,0,16761.904761904763,0.0,0.0019047619047619048
21000000,1200,Vasant Kunj,2,1,0,0,0,0,0,0,0,0,0,0,0,0,0,0,17500.0,0.0,0.0016666666666666668
31000000,1200,Vasant Kunj,2,1,0,0,0,0,0,0,0,0,0,0,0,0,0,0,25833.333333333332,0.0,0.0016666666666666668
12500000,1800,Vasant Kunj,3,1,0,0,0,0,0,0,0,0,0,0,0,0,0,0,6944.444444444444,0.0,0.0016666666666666668
25000000,1400,Vasant Kunj,3,1,0,0,0,0,0,0,0,0,0,0,0,0,0,0,17857.14285714286,0.0,0.002142857142857143
11000000,1400,Vasant Kunj,3,1,0,0,0,0,0,0,0,0,0,0,0,0,0,0,7857.142857142857,0.0,0.002142857142857143
65000000,1050,Vasant Kunj,2,1,0,0,0,0,0,0,0,0,0,0,0,0,0,0,61904.76190476191,0.0,0.0019047619047619048
13500000,3200,Vasant Kunj,7,1,0,0,0,0,0,0,0,0,0,0,0,0,0,0,4218.75,0.0,0.0021875
17600000,1050,Vasant Kunj,2,1,0,0,0,0,0,0,0,0,0,0,0,0,0,0,16761.904761904763,0.0,0.0019047619047619048
21000000,1200,Vasant Kunj,2,1,0,0,0,0,0,0,0,0,0,0,0,0,0,0,17500.0,0.0,0.0016666666666666668
31000000,1200,Vasant Kunj,2,1,0,0,0,0,0,0,0,0,0,0,0,0,0,0,25833.333333333332,0.0,0.0016666666666666668
12500000,1800,Vasant Kunj,3,1,0,0,0,0,0,0,0,0,0,0,0,0,0,0,6944.444444444444,0.0,0.0016666666666666668
25000000,1400,Vasant Kunj,3,1,0,0,0,0,0,0,0,0,0,0,0,0,0,0,17857.14285714286,0.0,0.002142857142857143
11000000,1400,Vasant Kunj,3,1,0,0,0,0,0,0,0,0,0,0,0,0,0,0,7857.142857142857,0.0,0.002142857142857143
140000000,1050,Vasant Kunj,2,1,0,0,0,0,0,0,0,0,0,0,0,0,0,0,133333.33333333334,0.0,0.0019047619047619048
50000000,3500,Other,8,1,0,0,0,0,0,0,0,0,0,0,0,0,0,0,14285.714285714286,0.0,0.002285714285714286
50000000,4000,Vasant Kunj,7,1,0,0,0,0,0,0,0,0,0,0,0,0,0,0,12500.0,0.0,0.00175
13000000,3000,Vasant Kunj,5,1,0,0,0,0,0,0,0,0,0,0,0,0,0,0,4333.333333333333,0.0,0.0016666666666666668
22500000,900,Vasant Kunj,2,1,0,0,0,0,0,0,0,0,0,0,0,0,0,0,25000.0,0.0,0.0022222222222222222
7500000,1400,Vasant Kunj,3,1,0,0,0,0,0,0,0,0,0,0,0,0,0,0,5357.142857142857,0.0,0.002142857142857143
34000000,450,Vasant Kunj,1,1,0,0,0,0,0,0,0,0,0,0,0,0,0,0,75555.55555555556,0.0,0.0022222222222222222
28000000,2400,Vasant Kunj,6,1,0,0,0,0,0,0,0,0,0,0,0,0,0,0,11666.666666666666,0.0,0.0025
13500000,1400,Vasant Kunj,3,1,0,0,0,0,0,0,0,0,0,0,0,0,0,0,9642.857142857143,0.0,0.002142857142857143
17600000,1050,Vasant Kunj,2,1,0,0,0,0,0,0,0,0,0,0,0,0,0,0,16761.904761904763,0.0,0.0019047619047619048
21000000,1200,Vasant Kunj,2,1,0,0,0,0,0,0,0,0,0,0,0,0,0,0,17500.0,0.0,0.0016666666666666668
31000000,1200,Vasant Kunj,2,1,0,0,0,0,0,0,0,0,0,0,0,0,0,0,25833.333333333332,0.0,0.0016666666666666668
26000000,1800,Vasant Kunj,3,1,0,0,0,0,0,0,0,0,0,0,0,0,0,0,14444.444444444445,0.0,0.0016666666666666668
12500000,2300,Other,4,1,0,0,0,0,0,0,0,0,0,0,0,0,0,0,5434.782608695652,0.0,0.0017391304347826088
16500000,1800,Sector 12 Dwarka,3,1,0,0,0,0,0,0,0,0,0,0,0,0,0,0,9166.666666666666,0.0,0.0016666666666666668
2400000,1250,Other,3,1,0,0,0,0,0,0,0,0,0,0,0,0,0,0,1920.0,0.0,0.0024
3800000,1420,Other,3,1,0,0,0,0,0,0,0,0,0,0,0,0,0,0,2676.056338028169,0.0,0.002112676056338028
8700000,450,Other,2,1,0,0,0,0,0,0,0,0,0,0,0,0,0,0,19333.333333333332,0.0,0.0044444444444444444
8300000,1050,Other,2,1,0,0,0,0,0,0,0,0,0,0,0,0,0,0,7904.761904761905,0.0,0.0019047619047619048
15000000,700,Other,2,1,0,0,0,0,0,0,0,0,0,0,0,0,0,0,21428.571428571428,0.0,0.002857142857142857
11500000,1800,Other,3,1,0,0,0,0,0,0,0,0,0,0,0,0,0,0,6388.888888888889,0.0,0.0016666666666666668
11500000,1150,Vasant Kunj,2,1,0,0,0,0,0,0,0,0,0,0,0,0,0,0,10000.0,0.0,0.0017391304347826088
11500000,1150,Vasant Kunj,2,1,0,0,0,0,0,0,0,0,0,0,0,0,0,0,10000.0,0.0,0.0017391304347826088
11500000,1150,Vasant Kunj,2,1,0,0,0,0,0,0,0,0,0,0,0,0,0,0,10000.0,0.0,0.0017391304347826088
20000000,1150,Vasant Kunj,2,1,0,0,0,0,0,0,0,0,0,0,0,0,0,0,17391.304347826088,0.0,0.0017391304347826088
16800000,1600,Vasant Kunj,3,1,0,0,0,0,0,0,0,0,0,0,0,0,0,0,10500.0,0.0,0.001875
20000000,1800,Other,3,1,0,0,0,0,0,0,0,0,0,0,0,0,0,0,11111.111111111111,0.0,0.0016666666666666668
20000000,1600,Vasant Kunj,3,1,0,0,0,0,0,0,0,0,0,0,0,0,0,0,12500.0,0.0,0.001875
20000000,1600,Vasant Kunj,3,1,0,0,0,0,0,0,0,0,0,0,0,0,0,0,12500.0,0.0,0.001875
20200000,1600,Vasant Kunj,3,1,0,0,0,0,0,0,0,0,0,0,0,0,0,0,12625.0,0.0,0.001875
12500000,1600,Vasant Kunj,3,1,0,0,0,0,0,0,0,0,0,0,0,0,0,0,7812.5,0.0,0.001875
12700000,1800,Sector 12 Dwarka,3,1,0,0,0,0,0,0,0,0,0,0,0,0,0,0,7055.555555555556,0.0,0.0016666666666666668
26000000,1200,Other,2,1,0,0,0,0,0,0,0,0,0,0,0,0,0,0,21666.666666666668,0.0,0.0016666666666666668
17500000,2300,Other,4,1,0,0,0,0,0,0,0,0,0,0,0,0,0,0,7608.695652173913,0.0,0.0017391304347826088
20000000,1550,Sector 12 Dwarka,3,1,0,0,0,0,0,0,0,0,0,0,0,0,0,0,12903.225806451614,0.0,0.001935483870967742
22500000,1800,Sector 11 Dwarka,3,1,0,0,0,0,0,0,0,0,0,0,0,0,0,0,12500.0,0.0,0.0016666666666666668
20000000,2195,Sector 11 Dwarka,4,1,0,0,0,0,0,0,0,0,0,0,0,0,0,0,9111.617312072893,0.0,0.0018223234624145787
12600000,1850,Other,3,1,0,0,0,0,0,0,0,0,0,0,0,0,0,0,6810.810810810811,0.0,0.0016216216216216215
22500000,1800,Sector 12 Dwarka,3,1,0,0,0,0,0,0,0,0,0,0,0,0,0,0,12500.0,0.0,0.0016666666666666668
12000000,2195,Sector 11 Dwarka,4,1,0,0,0,0,0,0,0,0,0,0,0,0,0,0,5466.970387243736,0.0,0.0018223234624145787
15100000,1150,Other,2,1,0,0,0,0,0,0,0,0,0,0,0,0,0,0,13130.434782608696,0.0,0.0017391304347826088
12500000,1550,Other,3,1,0,0,0,0,0,0,0,0,0,0,0,0,0,0,8064.5161290322585,0.0,0.001935483870967742
26000000,1240,Other,2,1,0,0,0,0,0,0,0,0,0,0,0,0,0,0,20967.74193548387,0.0,0.0016129032258064516
20000000,2300,Other,4,1,0,0,0,0,0,0,0,0,0,0,0,0,0,0,8695.652173913044,0.0,0.0017391304347826088
12600000,1850,Other,3,1,0,0,0,0,0,0,0,0,0,0,0,0,0,0,6810.810810810811,0.0,0.0016216216216216215
16500000,1800,Sector 12 Dwarka,3,1,0,0,0,0,0,0,0,0,0,0,0,0,0,0,9166.666666666666,0.0,0.0016666666666666668
18500000,1750,Other,3,1,0,0,0,0,0,0,0,0,0,0,0,0,0,0,10571.42857142857,0.0,0.0017142857142857142
16800000,2200,Other,4,1,0,0,0,0,0,0,0,0,0,0,0,0,0,0,7636.363636363636,0.0,0.0018181818181818182
18500000,1700,Sector 12 Dwarka,3,1,0,0,0,0,0,0,0,0,0,0,0,0,0,0,10882.35294117647,0.0,0.0017647058823529412
15200000,1900,Other,3,1,0,0,0,0,0,0,0,0,0,0,0,0,0,0,8000.0,0.0,0.0015789473684210526
18500000,1650,Sector 12 Dwarka,3,1,0,0,0,0,0,0,0,0,0,0,0,0,0,0,11212.121212121212,0.0,0.0018181818181818182
15200000,1900,Other,3,1,0,0,0,0,0,0,0,0,0,0,0,0,0,0,8000.0,0.0,0.0015789473684210526
16500000,1650,Sector 12 Dwarka,3,1,0,0,0,0,0,0,0,0,0,0,0,0,0,0,10000.0,0.0,0.0018181818181818182
18500000,1750,Other,3,1,0,0,0,0,0,0,0,0,0,0,0,0,0,0,10571.42857142857,0.0,0.0017142857142857142
14500000,2200,Other,4,1,0,0,0,0,0,0,0,0,0,0,0,0,0,0,6590.909090909091,0.0,0.0018181818181818182
25500000,1550,Other,3,1,0,0,0,0,0,0,0,0,0,0,0,0,0,0,16451.612903225807,0.0,0.001935483870967742
17200000,2100,Other,4,1,0,0,0,0,0,0,0,0,0,0,0,0,0,0,8190.476190476191,0.0,0.0019047619047619048
14500000,1700,Other,3,1,0,0,0,0,0,0,0,0,0,0,0,0,0,0,8529.411764705883,0.0,0.0017647058823529412
14500000,1550,Other,3,1,0,0,0,0,0,0,0,0,0,0,0,0,0,0,9354.838709677419,0.0,0.001935483870967742
25500000,1550,Other,3,1,0,0,0,0,0,0,0,0,0,0,0,0,0,0,16451.612903225807,0.0,0.001935483870967742
17200000,2100,Other,4,1,0,0,0,0,0,0,0,0,0,0,0,0,0,0,8190.476190476191,0.0,0.0019047619047619048
14100000,1700,Other,3,1,0,0,0,0,0,0,0,0,0,0,0,0,0,0,8294.117647058823,0.0,0.0017647058823529412
14500000,1500,Other,3,1,0,0,0,0,0,0,0,0,0,0,0,0,0,0,9666.666666666666,0.0,0.002
18500000,1550,Other,3,1,0,0,0,0,0,0,0,0,0,0,0,0,0,0,11935.483870967742,0.0,0.001935483870967742
15200000,1900,Other,3,1,0,0,0,0,0,0,0,0,0,0,0,0,0,0,8000.0,0.0,0.0015789473684210526
18200000,1650,Sector 12 Dwarka,3,1,0,0,0,0,0,0,0,0,0,0,0,0,0,0,11030.30303030303,0.0,0.0018181818181818182
16800000,1850,Other,3,1,0,0,0,0,0,0,0,0,0,0,0,0,0,0,9081.081081081082,0.0,0.0016216216216216215
65000000,1750,Other,3,1,0,0,0,0,0,0,0,0,0,0,0,0,0,0,37142.857142857145,0.0,0.0017142857142857142
16200000,1400,Sector 11 Dwarka,3,1,0,0,0,0,0,0,0,0,0,0,0,0,0,0,11571.42857142857,0.0,0.002142857142857143
18200000,1750,Other,3,1,0,0,0,0,0,0,0,0,0,0,0,0,0,0,10400.0,0.0,0.0017142857142857142
15200000,1850,Other,3,1,0,0,0,0,0,0,0,0,0,0,0,0,0,0,8216.216216216217,0.0,0.0016216216216216215
5800000,1650,Sector 12 Dwarka,3,1,0,0,0,0,0,0,0,0,0,0,0,0,0,0,3515.151515151515,0.0,0.0018181818181818182
13500000,500,Other,1,1,0,0,0,0,0,0,0,0,0,0,0,0,0,0,27000.0,0.0,0.002
15000000,1470,Other,3,1,0,0,0,0,0,0,0,0,0,0,0,0,0,0,10204.081632653062,0.0,0.0020408163265306124
25000000,1674,Other,2,1,0,0,0,0,0,0,0,0,0,0,0,0,0,0,14934.289127837515,0.0,0.0011947431302270011
40000000,1800,Other,3,1,0,0,0,0,0,0,0,0,0,0,0,0,0,0,22222.222222222223,0.0,0.0016666666666666668
2700000,1800,Other,2,1,0,0,0,0,0,0,0,0,0,0,0,0,0,0,1500.0,0.0,0.0011111111111111111
11000000,450,Other,2,1,0,0,0,0,0,0,0,0,0,0,0,0,0,0,24444.444444444445,0.0,0.0044444444444444444
11000000,1044,Om Nagar,2,1,0,0,0,0,0,0,0,0,0,0,0,0,0,0,10536.39846743295,0.0,0.0019157088122605363
2000000,1044,Other,2,1,0,0,0,0,0,0,0,0,0,0,0,0,0,0,1915.7088122605364,0.0,0.0019157088122605363
17500000,401,Om Nagar,2,1,0,0,0,0,0,0,0,0,0,0,0,0,0,0,43640.897755610975,0.0,0.004987531172069825
5000000,1401,Other,3,1,0,0,0,0,0,0,0,0,0,0,0,0,0,0,3568.8793718772304,0.0,0.0021413276231263384
2000000,1002,Other,2,1,0,0,0,0,0,0,0,0,0,0,0,0,0,0,1996.007984031936,0.0,0.001996007984031936
11000000,401,Other,2,1,0,0,0,0,0,0,0,0,0,0,0,0,0,0,27431.42144638404,0.0,0.004987531172069825
3000000,1044,Other,2,1,0,0,0,0,0,0,0,0,0,0,0,0,0,0,2873.5632183908046,0.0,0.0019157088122605363
2500000,1000,Om Nagar,2,1,0,0,0,0,0,0,0,0,0,0,0,0,0,0,2500.0,0.0,0.002
4799000,1429,Other,3,1,0,0,0,0,0,0,0,0,0,0,0,0,0,0,3358.292512246326,0.0,0.002099370188943317
18000000,900,Other,3,1,0,0,0,0,0,0,0,0,0,0,0,0,0,0,20000.0,0.0,0.0033333333333333335
4220000,1400,Other,3,1,0,0,0,0,0,0,0,0,0,0,0,0,0,0,3014.285714285714,0.0,0.002142857142857143
17100000,1429,Other,3,1,0,0,0,0,0,0,0,0,0,0,0,0,0,0,11966.410076976907,0.0,0.002099370188943317
4800000,2000,Other,4,1,0,0,0,0,0,0,0,0,0,0,0,0,0,0,2400.0,0.0,0.002
4500000,900,Other,2,1,0,0,0,0,0,0,0,0,0,0,0,0,0,0,5000.0,0.0,0.0022222222222222222
8900000,890,Other,2,1,0,0,0,0,0,0,0,0,0,0,0,0,0,0,10000.0,0.0,0.0022471910112359553
3015000,1800,Other,3,1,0,0,0,0,0,0,0,0,0,0,0,0,0,0,1675.0,0.0,0.0016666666666666668
3060000,1000,Noida,3,1,0,0,0,0,0,0,0,0,0,0,0,0,0,0,3060.0,0.0,0.003
2560000,1000,Other,3,1,0,0,0,0,0,0,0,0,0,0,0,0,0,0,2560.0,0.0,0.003
3015000,1000,Noida,3,1,0,0,0,0,0,0,0,0,0,0,0,0,0,0,3015.0,0.0,0.003
3060000,1000,Noida,3,1,0,0,0,0,0,0,0,0,0,0,0,0,0,0,3060.0,0.0,0.003
2560000,1000,Noida,3,1,0,0,0,0,0,0,0,0,0,0,0,0,0,0,2560.0,0.0,0.003
2890000,1000,Noida,3,1,0,0,0,0,0,0,0,0,0,0,0,0,0,0,2890.0,0.0,0.003
2270000,1000,Noida,3,1,0,0,0,0,0,0,0,0,0,0,0,0,0,0,2270.0,0.0,0.003
2914000,800,Noida,2,1,0,0,0,0,0,0,0,0,0,0,0,0,0,0,3642.5,0.0,0.0025
2800000,1000,Other,3,1,0,0,0,0,0,0,0,0,0,0,0,0,0,0,2800.0,0.0,0.003
2400000,800,Noida,2,1,0,0,0,0,0,0,0,0,0,0,0,0,0,0,3000.0,0.0,0.0025
2500000,800,Noida,2,1,0,0,0,0,0,0,0,0,0,0,0,0,0,0,3125.0,0.0,0.0025
2100000,1000,Noida,2,1,0,0,0,0,0,0,0,0,0,0,0,0,0,0,2100.0,0.0,0.002
3015000,800,Noida,2,1,0,0,0,0,0,0,0,0,0,0,0,0,0,0,3768.75,0.0,0.0025
3060000,1000,Noida,3,1,0,0,0,0,0,0,0,0,0,0,0,0,0,0,3060.0,0.0,0.003
2560000,1000,Other,3,1,0,0,0,0,0,0,0,0,0,0,0,0,0,0,2560.0,0.0,0.003
3015000,1000,Noida,3,1,0,0,0,0,0,0,0,0,0,0,0,0,0,0,3015.0,0.0,0.003
3060000,1000,Noida,3,1,0,0,0,0,0,0,0,0,0,0,0,0,0,0,3060.0,0.0,0.003
2560000,1000,Noida,3,1,0,0,0,0,0,0,0,0,0,0,0,0,0,0,2560.0,0.0,0.003
2270000,1000,Noida,3,1,0,0,0,0,0,0,0,0,0,0,0,0,0,0,2270.0,0.0,0.003
2914000,800,Noida,2,1,0,0,0,0,0,0,0,0,0,0,0,0,0,0,3642.5,0.0,0.0025
2890000,1000,Other,3,1,0,0,0,0,0,0,0,0,0,0,0,0,0,0,2890.0,0.0,0.003
2400000,1000,Noida,3,1,0,0,0,0,0,0,0,0,0,0,0,0,0,0,2400.0,0.0,0.003
2179000,800,Noida,2,1,0,0,0,0,0,0,0,0,0,0,0,0,0,0,2723.75,0.0,0.0025
2350000,800,Noida,2,1,0,0,0,0,0,0,0,0,0,0,0,0,0,0,2937.5,0.0,0.0025
2980000,800,Noida,2,1,0,0,0,0,0,0,0,0,0,0,0,0,0,0,3725.0,0.0,0.0025
2400000,1000,Noida,3,1,0,0,0,0,0,0,0,0,0,0,0,0,0,0,2400.0,0.0,0.003
3000000,800,Noida,2,1,0,0,0,0,0,0,0,0,0,0,0,0,0,0,3750.0,0.0,0.0025
2248000,1000,Noida,3,1,0,0,0,0,0,0,0,0,0,0,0,0,0,0,2248.0,0.0,0.003
2219000,1000,Noida,2,1,0,0,0,0,0,0,0,0,0,0,0,0,0,0,2219.0,0.0,0.002
2300000,800,Noida,2,1,0,0,0,0,0,0,0,0,0,0,0,0,0,0,2875.0,0.0,0.0025
2900000,800,Noida,2,1,0,0,0,0,0,0,0,0,0,0,0,0,0,0,3625.0,0.0,0.0025
2186000,1000,Noida,3,1,0,0,0,0,0,0,0,0,0,0,0,0,0,0,2186.0,0.0,0.003
2986000,800,Noida,2,1,0,0,0,0,0,0,0,0,0,0,0,0,0,0,3732.5,0.0,0.0025
2305000,1000,Noida,3,1,0,0,0,0,0,0,0,0,0,0,0,0,0,0,2305.0,0.0,0.003
2850000,800,Noida,2,1,0,0,0,0,0,0,0,0,0,0,0,0,0,0,3562.5,0.0,0.0025
2115000,1100,Noida,3,1,0,0,0,0,0,0,0,0,0,0,0,0,0,0,1922.7272727272727,0.0,0.0027272727272727275
2610000,800,Noida,2,1,0,0,0,0,0,0,0,0,0,0,0,0,0,0,3262.5,0.0,0.0025
2323000,1000,Noida,3,1,0,0,0,0,0,0,0,0,0,0,0,0,0,0,2323.0,0.0,0.003
2205000,800,Noida,2,1,0,0,0,0,0,0,0,0,0,0,0,0,0,0,2756.25,0.0,0.0025
2980000,800,Noida,2,1,0,0,0,0,0,0,0,0,0,0,0,0,0,0,3725.0,0.0,0.0025
2200000,1000,Noida,3,1,0,0,0,0,0,0,0,0,0,0,0,0,0,0,2200.0,0.0,0.003
2209000,800,Other,2,1,0,0,0,0,0,0,0,0,0,0,0,0,0,0,2761.25,0.0,0.0025
2939000,800,Other,2,1,0,0,0,0,0,0,0,0,0,0,0,0,0,0,3673.75,0.0,0.0025
2207000,1000,Noida,3,1,0,0,0,0,0,0,0,0,0,0,0,0,0,0,2207.0,0.0,0.003
2205000,800,Noida,2,1,0,0,0,0,0,0,0,0,0,0,0,0,0,0,2756.25,0.0,0.0025
2308000,800,Noida,2,1,0,0,0,0,0,0,0,0,0,0,0,0,0,0,2885.0,0.0,0.0025
8500000,800,Noida,2,1,0,0,0,0,0,0,0,0,0,0,0,0,0,0,10625.0,0.0,0.0025
6500000,2833,Other,3,1,0,0,0,0,0,0,0,0,0,0,0,0,0,0,2294.3875750088246,0.0,0.0010589481115425344
5600000,1210,Other,2,1,0,0,0,0,0,0,0,0,0,0,0,0,0,0,4628.099173553719,0.0,0.001652892561983471
9300000,1210,Other,2,1,0,0,0,0,0,0,0,0,0,0,0,0,0,0,7685.9504132231405,0.0,0.001652892561983471
15400000,1360,Other,2,1,0,0,0,0,0,0,0,0,0,0,0,0,0,0,11323.529411764706,0.0,0.0014705882352941176
4000000,1250,Other,3,1,0,0,0,0,0,0,0,0,0,0,0,0,0,0,3200.0,0.0,0.0024
35000000,1406,Other,2,1,0,0,0,0,0,0,0,0,0,0,0,0,0,0,24893.314366998577,0.0,0.001422475106685633
33000000,1800,Vasant Kunj,3,1,0,0,0,0,0,0,0,0,0,0,0,0,0,0,18333.333333333332,0.0,0.0016666666666666668
62500000,2400,Vasant Kunj,3,1,0,0,0,0,0,0,0,0,0,0,0,0,0,0,26041.666666666668,0.0,0.00125
27200000,1400,Vasant Kunj,3,1,0,0,0,0,0,0,0,0,0,0,0,0,0,0,19428.571428571428,0.0,0.002142857142857143
35000000,2000,Vasant Kunj,4,1,0,0,0,0,0,0,0,0,0,0,0,0,0,0,17500.0,0.0,0.002
28500000,1800,Vasant Kunj,3,1,0,0,0,0,0,0,0,0,0,0,0,0,0,0,15833.333333333334,0.0,0.0016666666666666668
16800000,1600,Other,4,1,0,0,0,0,0,0,0,0,0,0,0,0,0,0,10500.0,0.0,0.0025
5250000,1750,Other,3,1,0,0,0,0,0,0,0,0,0,0,0,0,0,0,3000.0,0.0,0.0017142857142857142
13000000,4500,Om Nagar,5,1,0,0,0,0,0,0,0,0,0,0,0,0,0,0,2888.8888888888887,0.0,0.0011111111111111111
10000000,1100,Other,2,1,0,0,0,0,0,0,0,0,0,0,0,0,0,0,9090.90909090909,0.0,0.0018181818181818182
2000000,1006,Other,2,1,0,0,0,0,0,0,0,0,0,0,0,0,0,0,1988.0715705765408,0.0,0.0019880715705765406
23000000,2000,Other,2,1,0,0,0,0,0,0,0,0,0,0,0,0,0,0,11500.0,0.0,0.001
8500000,3600,Other,3,1,0,0,0,0,0,0,0,0,0,0,0,0,0,0,2361.1111111111113,0.0,0.0008333333333333334
3500000,1485,Other,3,1,0,0,0,0,0,0,0,0,0,0,0,0,0,0,2356.902356902357,0.0,0.00202020202020202
3100000,675,Other,3,1,0,0,0,0,0,0,0,0,0,0,0,0,0,0,4592.592592592592,0.0,0.0044444444444444444
3400000,2100,Other,4,1,0,0,0,0,0,0,0,0,0,0,0,0,0,0,1619.047619047619,0.0,0.0019047619047619048
24500000,1188,Sector 4 Dwarka,2,1,0,0,0,0,0,0,0,0,0,0,0,0,0,0,20622.895622895623,0.0,0.0016835016835016834
52500000,2500,Om Nagar,4,1,0,0,0,0,0,0,0,0,0,0,0,0,0,0,21000.0,0.0,0.0016
13700000,4500,Other,5,1,0,0,0,0,0,0,0,0,0,0,0,0,0,0,3044.4444444444443,0.0,0.0011111111111111111
10800000,3650,Other,3,1,0,0,0,0,0,0,0,0,0,0,0,0,0,0,2958.904109589041,0.0,0.0008219178082191781
2100000,1200,Dwarka Mor,2,1,0,0,0,0,0,0,0,0,0,0,0,0,0,0,1750.0,0.0,0.0016666666666666668
2100000,1750,Dwarka Mor,3,1,0,0,0,0,0,0,0,0,0,0,0,0,0,0,1200.0,0.0,0.0017142857142857142
2200000,700,Dwarka Mor,1,1,0,0,0,0,0,0,0,0,0,0,0,0,0,0,3142.8571428571427,0.0,0.0014285714285714286
9200000,1647,Dwarka Mor,2,1,0,0,0,0,0,0,0,0,0,0,0,0,0,0,5585.913782635094,0.0,0.0012143290831815423
6500000,1690,Other,3,1,0,0,0,0,0,0,0,0,0,0,0,0,0,0,3846.153846153846,0.0,0.0017751479289940828
20000000,600,Dwarka Mor,2,1,0,0,0,0,0,0,0,0,0,0,0,0,0,0,33333.333333333336,0.0,0.0033333333333333335
11500000,1200,Dwarka Mor,3,1,0,0,0,0,0,0,0,0,0,0,0,0,0,0,9583.333333333334,0.0,0.0025
13200000,1550,Dwarka Mor,3,1,0,0,0,0,0,0,0,0,0,0,0,0,0,0,8516.129032258064,0.0,0.001935483870967742
6500000,1400,Dwarka Mor,2,1,0,0,0,0,0,0,0,0,0,0,0,0,0,0,4642.857142857143,0.0,0.0014285714285714286
5000000,648,Dwarka Mor,2,1,0,0,0,0,0,0,0,0,0,0,0,0,0,0,7716.049382716049,0.0,0.0030864197530864196
13200000,400,Other,1,1,0,0,0,0,0,0,0,0,0,0,0,0,0,0,33000.0,0.0,0.0025
2200000,1400,Dwarka Mor,2,1,0,0,0,0,0,0,0,0,0,0,0,0,0,0,1571.4285714285713,0.0,0.0014285714285714286
2100000,1647,Dwarka Mor,2,1,0,0,0,0,0,0,0,0,0,0,0,0,0,0,1275.0455373406194,0.0,0.0012143290831815423
10000000,1650,Other,3,1,0,0,0,0,0,0,0,0,0,0,0,0,0,0,6060.606060606061,0.0,0.0018181818181818182
11500000,2700,Other,4,1,0,0,0,0,0,0,0,0,0,0,0,0,0,0,4259.259259259259,0.0,0.0014814814814814814
16000000,1550,Dwarka Mor,3,1,0,0,0,0,0,0,0,0,0,0,0,0,0,0,10322.58064516129,0.0,0.001935483870967742
28000000,1650,Dwarka Mor,3,1,0,0,0,0,0,0,0,0,0,0,0,0,0,0,16969.696969696968,0.0,0.0018181818181818182
15000000,1935,Other,2,1,0,0,0,0,0,0,0,0,0,0,0,0,0,0,7751.937984496124,0.0,0.0010335917312661498
16000000,1750,Dwarka Mor,3,1,0,0,0,0,0,0,0,0,0,0,0,0,0,0,9142.857142857143,0.0,0.0017142857142857142
9500000,1653,Other,3,1,0,0,0,0,0,0,0,0,0,0,0,0,0,0,5747.126436781609,0.0,0.0018148820326678765
7000000,1400,Other,2,1,0,0,0,0,0,0,0,0,0,0,0,0,0,0,5000.0,0.0,0.0014285714285714286
15500000,900,Dwarka Mor,2,1,0,0,0,0,0,0,0,0,0,0,0,0,0,0,17222.222222222223,0.0,0.0022222222222222222
28000000,1125,Other,3,1,0,0,0,0,0,0,0,0,0,0,0,0,0,0,24888.88888888889,0.0,0.0026666666666666666
9000000,1620,Other,4,1,0,0,0,0,0,0,0,0,0,0,0,0,0,0,5555.555555555556,0.0,0.0024691358024691358
20000000,1386,Other,3,1,0,0,0,0,0,0,0,0,0,0,0,0,0,0,14430.01443001443,0.0,0.0021645021645021645
5000000,1800,Other,2,1,0,0,0,0,0,0,0,0,0,0,0,0,0,0,2777.777777777778,0.0,0.0011111111111111111
23000000,900,Om Nagar,3,1,0,0,0,0,0,0,0,0,0,0,0,0,0,0,25555.555555555555,0.0,0.0033333333333333335
13500000,1620,Other,2,1,0,0,0,0,0,0,0,0,0,0,0,0,0,0,8333.333333333334,0.0,0.0012345679012345679
3700000,1125,Other,2,1,0,0,0,0,0,0,0,0,0,0,0,0,0,0,3288.8888888888887,0.0,0.0017777777777777779
3500000,1400,Other,3,1,0,0,0,0,0,0,0,0,0,0,0,0,0,0,2500.0,0.0,0.002142857142857143
20000000,1700,Dwarka Mor,2,1,0,0,0,0,0,0,0,0,0,0,0,0,0,0,11764.70588235294,0.0,0.001176470588235294
5000000,1800,Other,2,1,0,0,0,0,0,0,0,0,0,0,0,0,0,0,2777.777777777778,0.0,0.0011111111111111111
23000000,900,Om Nagar,3,1,0,0,0,0,0,0,0,0,0,0,0,0,0,0,25555.555555555555,0.0,0.0033333333333333335
13500000,1620,Other,2,1,0,0,0,0,0,0,0,0,0,0,0,0,0,0,8333.333333333334,0.0,0.0012345679012345679
11500000,1125,Other,2,1,0,0,0,0,0,0,0,0,0,0,0,0,0,0,10222.222222222223,0.0,0.0017777777777777779
28000000,1550,Dwarka Mor,3,1,0,0,0,0,0,0,0,0,0,0,0,0,0,0,18064.516129032258,0.0,0.001935483870967742
15000000,1935,Other,2,1,0,0,0,0,0,0,0,0,0,0,0,0,0,0,7751.937984496124,0.0,0.0010335917312661498
16000000,1750,Dwarka Mor,3,1,0,0,0,0,0,0,0,0,0,0,0,0,0,0,9142.857142857143,0.0,0.0017142857142857142
9500000,1653,Other,3,1,0,0,0,0,0,0,0,0,0,0,0,0,0,0,5747.126436781609,0.0,0.0018148820326678765
7000000,1400,Other,2,1,0,0,0,0,0,0,0,0,0,0,0,0,0,0,5000.0,0.0,0.0014285714285714286
3700000,900,Dwarka Mor,2,1,0,0,0,0,0,0,0,0,0,0,0,0,0,0,4111.111111111111,0.0,0.0022222222222222222
3500000,1400,Other,3,1,0,0,0,0,0,0,0,0,0,0,0,0,0,0,2500.0,0.0,0.002142857142857143
3800000,1700,Dwarka Mor,2,1,0,0,0,0,0,0,0,0,0,0,0,0,0,0,2235.294117647059,0.0,0.001176470588235294
6200000,801,Other,3,1,0,0,0,0,0,0,0,0,0,0,0,0,0,0,7740.324594257178,0.0,0.003745318352059925
3800000,1000,Other,3,1,0,0,0,0,0,0,0,0,0,0,0,0,0,0,3800.0,0.0,0.003
6400000,625,Other,2,1,0,0,0,0,0,0,0,0,0,0,0,0,0,0,10240.0,0.0,0.0032
4700000,1000,Other,3,1,0,0,0,0,0,0,0,0,0,0,0,0,0,0,4700.0,0.0,0.003
4500000,700,Other,3,1,0,0,0,0,0,0,0,0,0,0,0,0,0,0,6428.571428571428,0.0,0.004285714285714286
2100000,690,Other,2,1,0,0,0,0,0,0,0,0,0,0,0,0,0,0,3043.478260869565,0.0,0.002898550724637681
3600000,700,Other,2,1,0,0,0,0,0,0,0,0,0,0,0,0,0,0,5142.857142857143,0.0,0.002857142857142857
3800000,521,Other,2,1,0,0,0,0,0,0,0,0,0,0,0,0,0,0,7293.666026871401,0.0,0.003838771593090211
2800000,520,Other,2,1,0,0,0,0,0,0,0,0,0,0,0,0,0,0,5384.615384615385,0.0,0.0038461538461538464
6700000,700,Other,2,1,0,0,0,0,0,0,0,0,0,0,0,0,0,0,9571.42857142857,0.0,0.002857142857142857
2950000,725,Other,3,1,0,0,0,0,0,0,0,0,0,0,0,0,0,0,4068.9655172413795,0.0,0.004137931034482759
2700000,540,Other,2,1,0,0,0,0,0,0,0,0,0,0,0,0,0,0,5000.0,0.0,0.003703703703703704
3350000,600,Uttam Nagar,3,0,0,0,0,0,0,0,0,0,0,0,0,0,0,0,5583.333333333333,0.0,0.005
5400000,630,Other,3,1,0,0,0,0,0,0,0,0,0,0,0,0,0,0,8571.42857142857,0.0,0.004761904761904762
2600000,900,Uttam Nagar,3,1,0,0,0,0,0,0,0,0,0,0,0,0,0,0,2888.8888888888887,0.0,0.0033333333333333335
7600000,540,Other,2,1,0,0,0,0,0,0,0,0,0,0,0,0,0,0,14074.074074074075,0.0,0.003703703703703704
18500000,900,Other,2,1,0,0,0,0,0,0,0,0,0,0,0,0,0,0,20555.555555555555,0.0,0.0022222222222222222
11000000,1150,Other,2,1,0,0,0,0,0,0,0,0,0,0,0,0,0,0,9565.217391304348,0.0,0.0017391304347826088
8500000,1100,Other,2,1,0,0,0,0,0,0,0,0,0,0,0,0,0,0,7727.272727272727,0.0,0.0018181818181818182
11000000,900,Other,2,1,0,0,0,0,0,0,0,0,0,0,0,0,0,0,12222.222222222223,0.0,0.0022222222222222222
12500000,1500,Other,4,1,0,0,0,0,0,0,0,0,0,0,0,0,0,0,8333.333333333334,0.0,0.0026666666666666666
2400000,1600,Sector 10 Dwarka,3,1,0,0,0,0,0,0,0,0,0,0,0,0,0,0,1500.0,0.0,0.001875
2300000,800,Noida,2,1,0,0,0,0,0,0,0,0,0,0,0,0,0,0,2875.0,0.0,0.0025
2000000,800,Noida,2,1,0,0,0,0,0,0,0,0,0,0,0,0,0,0,2500.0,0.0,0.0025
2600000,800,Noida,2,1,0,0,0,0,0,0,0,0,0,0,0,0,0,0,3250.0,0.0,0.0025
3100000,800,Noida,2,1,0,0,0,0,0,0,0,0,0,0,0,0,0,0,3875.0,0.0,0.0025
2750000,1000,Noida,3,1,0,0,0,0,0,0,0,0,0,0,0,0,0,0,2750.0,0.0,0.003
2750000,800,Noida,2,1,0,0,0,0,0,0,0,0,0,0,0,0,0,0,3437.5,0.0,0.0025
2100000,800,Noida,2,1,0,0,0,0,0,0,0,0,0,0,0,0,0,0,2625.0,0.0,0.0025
2900000,800,Noida,2,1,0,0,0,0,0,0,0,0,0,0,0,0,0,0,3625.0,0.0,0.0025
2500000,1000,Noida,3,1,0,0,0,0,0,0,0,0,0,0,0,0,0,0,2500.0,0.0,0.003
2800000,500,Noida,2,1,0,0,0,0,0,0,0,0,0,0,0,0,0,0,5600.0,0.0,0.004
2100000,800,Noida,2,1,0,0,0,0,0,0,0,0,0,0,0,0,0,0,2625.0,0.0,0.0025
3000000,800,Noida,2,1,0,0,0,0,0,0,0,0,0,0,0,0,0,0,3750.0,0.0,0.0025
2000000,1000,Noida,3,1,0,0,0,0,0,0,0,0,0,0,0,0,0,0,2000.0,0.0,0.003
2300000,1000,Noida,2,1,0,0,0,0,0,0,0,0,0,0,0,0,0,0,2300.0,0.0,0.002
2000000,800,Other,2,1,0,0,0,0,0,0,0,0,0,0,0,0,0,0,2500.0,0.0,0.0025
2300000,800,Noida,2,1,0,0,0,0,0,0,0,0,0,0,0,0,0,0,2875.0,0.0,0.0025
2600000,800,Noida,2,1,0,0,0,0,0,0,0,0,0,0,0,0,0,0,3250.0,0.0,0.0025
3000000,1000,Noida,2,1,0,0,0,0,0,0,0,0,0,0,0,0,0,0,3000.0,0.0,0.002
2550000,1000,Noida,3,1,0,0,0,0,0,0,0,0,0,0,0,0,0,0,2550.0,0.0,0.003
2900000,1000,Noida,3,1,0,0,0,0,0,0,0,0,0,0,0,0,0,0,2900.0,0.0,0.003
2299000,1000,Noida,3,1,0,0,0,0,0,0,0,0,0,0,0,0,0,0,2299.0,0.0,0.003
2400000,800,Noida,2,1,0,0,0,0,0,0,0,0,0,0,0,0,0,0,3000.0,0.0,0.0025
2800000,800,Noida,2,1,0,0,0,0,0,0,0,0,0,0,0,0,0,0,3500.0,0.0,0.0025
3000000,800,Noida,2,1,0,0,0,0,0,0,0,0,0,0,0,0,0,0,3750.0,0.0,0.0025
2500000,1000,Noida,3,1,0,0,0,0,0,0,0,0,0,0,0,0,0,0,2500.0,0.0,0.003
3000000,1000,Noida,3,1,0,0,0,0,0,0,0,0,0,0,0,0,0,0,3000.0,0.0,0.003
2350000,1000,Noida,3,1,0,0,0,0,0,0,0,0,0,0,0,0,0,0,2350.0,0.0,0.003
3000000,1000,Noida,3,1,0,0,0,0,0,0,0,0,0,0,0,0,0,0,3000.0,0.0,0.003
2250000,1000,Noida,3,1,0,0,0,0,0,0,0,0,0,0,0,0,0,0,2250.0,0.0,0.003
2600000,800,Noida,2,1,0,0,0,0,0,0,0,0,0,0,0,0,0,0,3250.0,0.0,0.0025
2740000,1000,Other,3,1,0,0,0,0,0,0,0,0,0,0,0,0,0,0,2740.0,0.0,0.003
2190000,800,Noida,2,1,0,0,0,0,0,0,0,0,0,0,0,0,0,0,2737.5,0.0,0.0025
2190000,800,Noida,2,1,0,0,0,0,0,0,0,0,0,0,0,0,0,0,2737.5,0.0,0.0025
3000000,800,Noida,2,1,0,0,0,0,0,0,0,0,0,0,0,0,0,0,3750.0,0.0,0.0025
2000000,1000,Noida,3,1,0,0,0,0,0,0,0,0,0,0,0,0,0,0,2000.0,0.0,0.003
2800000,1000,Other,3,1,0,0,0,0,0,0,0,0,0,0,0,0,0,0,2800.0,0.0,0.003
2200000,800,Noida,2,1,0,0,0,0,0,0,0,0,0,0,0,0,0,0,2750.0,0.0,0.0025
3000000,800,Noida,2,1,0,0,0,0,0,0,0,0,0,0,0,0,0,0,3750.0,0.0,0.0025
2800000,1000,Noida,3,1,0,0,0,0,0,0,0,0,0,0,0,0,0,0,2800.0,0.0,0.003
2200000,800,Noida,2,1,0,0,0,0,0,0,0,0,0,0,0,0,0,0,2750.0,0.0,0.0025
2150000,800,Noida,2,1,0,0,0,0,0,0,0,0,0,0,0,0,0,0,2687.5,0.0,0.0025
2900000,800,Noida,2,1,0,0,0,0,0,0,0,0,0,0,0,0,0,0,3625.0,0.0,0.0025
2490000,1000,Noida,3,1,0,0,0,0,0,0,0,0,0,0,0,0,0,0,2490.0,0.0,0.003
2400000,1000,Other,3,1,0,0,0,0,0,0,0,0,0,0,0,0,0,0,2400.0,0.0,0.003
2700000,800,Noida,2,1,0,0,0,0,0,0,0,0,0,0,0,0,0,0,3375.0,0.0,0.0025
2800000,800,Noida,2,1,0,0,0,0,0,0,0,0,0,0,0,0,0,0,3500.0,0.0,0.0025
2200000,800,Noida,2,1,0,0,0,0,0,0,0,0,0,0,0,0,0,0,2750.0,0.0,0.0025
3000000,800,Noida,2,1,0,0,0,0,0,0,0,0,0,0,0,0,0,0,3750.0,0.0,0.0025
2400000,1000,Noida,3,1,0,0,0,0,0,0,0,0,0,0,0,0,0,0,2400.0,0.0,0.003
2600000,800,Noida,2,1,0,0,0,0,0,0,0,0,0,0,0,0,0,0,3250.0,0.0,0.0025
2597000,1000,Noida,2,1,0,0,0,0,0,0,0,0,0,0,0,0,0,0,2597.0,0.0,0.002
2300000,1000,Other,3,1,0,0,0,0,0,0,0,0,0,0,0,0,0,0,2300.0,0.0,0.003
2788000,800,Noida,2,1,0,0,0,0,0,0,0,0,0,0,0,0,0,0,3485.0,0.0,0.0025
3000000,800,Noida,2,1,0,0,0,0,0,0,0,0,0,0,0,0,0,0,3750.0,0.0,0.0025
2350000,1000,Noida,3,1,0,0,0,0,0,0,0,0,0,0,0,0,0,0,2350.0,0.0,0.003
3000000,1000,Noida,3,1,0,0,0,0,0,0,0,0,0,0,0,0,0,0,3000.0,0.0,0.003
2250000,1000,Noida,3,1,0,0,0,0,0,0,0,0,0,0,0,0,0,0,2250.0,0.0,0.003
2600000,800,Noida,2,1,0,0,0,0,0,0,0,0,0,0,0,0,0,0,3250.0,0.0,0.0025
2300000,1000,Other,3,1,0,0,0,0,0,0,0,0,0,0,0,0,0,0,2300.0,0.0,0.003
3000000,800,Noida,2,1,0,0,0,0,0,0,0,0,0,0,0,0,0,0,3750.0,0.0,0.0025
2400000,1000,Noida,3,1,0,0,0,0,0,0,0,0,0,0,0,0,0,0,2400.0,0.0,0.003
2790000,800,Noida,2,1,0,0,0,0,0,0,0,0,0,0,0,0,0,0,3487.5,0.0,0.0025
2580000,800,Noida,2,1,0,0,0,0,0,0,0,0,0,0,0,0,0,0,3225.0,0.0,0.0025
3100000,1000,Noida,3,1,0,0,0,0,0,0,0,0,0,0,0,0,0,0,3100.0,0.0,0.003
2950000,1000,Noida,3,1,0,0,0,0,0,0,0,0,0,0,0,0,0,0,2950.0,0.0,0.003
2318000,1000,Noida,3,1,0,0,0,0,0,0,0,0,0,0,0,0,0,0,2318.0,0.0,0.003
3014000,800,Noida,2,1,0,0,0,0,0,0,0,0,0,0,0,0,0,0,3767.5,0.0,0.0025
2736000,1000,Noida,3,1,0,0,0,0,0,0,0,0,0,0,0,0,0,0,2736.0,0.0,0.003
2336000,800,Noida,2,1,0,0,0,0,0,0,0,0,0,0,0,0,0,0,2920.0,0.0,0.0025
2790000,800,Noida,2,1,0,0,0,0,0,0,0,0,0,0,0,0,0,0,3487.5,0.0,0.0025
2300000,800,Noida,2,1,0,0,0,0,0,0,0,0,0,0,0,0,0,0,2875.0,0.0,0.0025
3045000,800,Noida,2,1,0,0,0,0,0,0,0,0,0,0,0,0,0,0,3806.25,0.0,0.0025
2300000,1000,Noida,3,1,0,0,0,0,0,0,0,0,0,0,0,0,0,0,2300.0,0.0,0.003
2700000,800,Noida,2,1,0,0,0,0,0,0,0,0,0,0,0,0,0,0,3375.0,0.0,0.0025
2905000,800,Noida,2,1,0,0,0,0,0,0,0,0,0,0,0,0,0,0,3631.25,0.0,0.0025
2890000,1000,Noida,3,1,0,0,0,0,0,0,0,0,0,0,0,0,0,0,2890.0,0.0,0.003
2315000,1000,Noida,3,1,0,0,0,0,0,0,0,0,0,0,0,0,0,0,2315.0,0.0,0.003
2350000,800,Noida,2,1,0,0,0,0,0,0,0,0,0,0,0,0,0,0,2937.5,0.0,0.0025
2700000,800,Noida,2,1,0,0,0,0,0,0,0,0,0,0,0,0,0,0,3375.0,0.0,0.0025
3100000,800,Noida,2,1,0,0,0,0,0,0,0,0,0,0,0,0,0,0,3875.0,0.0,0.0025
2310000,1000,Noida,3,1,0,0,0,0,0,0,0,0,0,0,0,0,0,0,2310.0,0.0,0.003
2800000,800,Noida,2,1,0,0,0,0,0,0,0,0,0,0,0,0,0,0,3500.0,0.0,0.0025
3050000,800,Noida,2,1,0,0,0,0,0,0,0,0,0,0,0,0,0,0,3812.5,0.0,0.0025
2400000,1000,Noida,3,1,0,0,0,0,0,0,0,0,0,0,0,0,0,0,2400.0,0.0,0.003
2450000,800,Noida,2,1,0,0,0,0,0,0,0,0,0,0,0,0,0,0,3062.5,0.0,0.0025
2336000,800,Noida,2,1,0,0,0,0,0,0,0,0,0,0,0,0,0,0,2920.0,0.0,0.0025
2790000,800,Noida,2,1,0,0,0,0,0,0,0,0,0,0,0,0,0,0,3487.5,0.0,0.0025
2300000,800,Noida,2,1,0,0,0,0,0,0,0,0,0,0,0,0,0,0,2875.0,0.0,0.0025
3045000,800,Noida,2,1,0,0,0,0,0,0,0,0,0,0,0,0,0,0,3806.25,0.0,0.0025
2300000,1000,Noida,3,1,0,0,0,0,0,0,0,0,0,0,0,0,0,0,2300.0,0.0,0.003
2700000,800,Noida,2,1,0,0,0,0,0,0,0,0,0,0,0,0,0,0,3375.0,0.0,0.0025
2905000,800,Noida,2,1,0,0,0,0,0,0,0,0,0,0,0,0,0,0,3631.25,0.0,0.0025
2890000,1000,Noida,3,1,0,0,0,0,0,0,0,0,0,0,0,0,0,0,2890.0,0.0,0.003
2315000,1000,Noida,3,1,0,0,0,0,0,0,0,0,0,0,0,0,0,0,2315.0,0.0,0.003
2350000,800,Noida,2,1,0,0,0,0,0,0,0,0,0,0,0,0,0,0,2937.5,0.0,0.0025
2700000,800,Noida,2,1,0,0,0,0,0,0,0,0,0,0,0,0,0,0,3375.0,0.0,0.0025
3100000,800,Noida,2,1,0,0,0,0,0,0,0,0,0,0,0,0,0,0,3875.0,0.0,0.0025
2310000,1000,Noida,3,1,0,0,0,0,0,0,0,0,0,0,0,0,0,0,2310.0,0.0,0.003
2800000,800,Noida,2,1,0,0,0,0,0,0,0,0,0,0,0,0,0,0,3500.0,0.0,0.0025
3050000,800,Noida,2,1,0,0,0,0,0,0,0,0,0,0,0,0,0,0,3812.5,0.0,0.0025
2400000,1000,Noida,3,1,0,0,0,0,0,0,0,0,0,0,0,0,0,0,2400.0,0.0,0.003
2300000,800,Noida,2,1,0,0,0,0,0,0,0,0,0,0,0,0,0,0,2875.0,0.0,0.0025
2950000,800,Noida,2,1,0,0,0,0,0,0,0,0,0,0,0,0,0,0,3687.5,0.0,0.0025
3000000,1000,Noida,3,1,0,0,0,0,0,0,0,0,0,0,0,0,0,0,3000.0,0.0,0.003
2400000,1000,Noida,3,1,0,0,0,0,0,0,0,0,0,0,0,0,0,0,2400.0,0.0,0.003
2700000,800,Noida,2,1,0,0,0,0,0,0,0,0,0,0,0,0,0,0,3375.0,0.0,0.0025
2680000,800,Noida,2,1,0,0,0,0,0,0,0,0,0,0,0,0,0,0,3350.0,0.0,0.0025
2930000,800,Noida,2,1,0,0,0,0,0,0,0,0,0,0,0,0,0,0,3662.5,0.0,0.0025
2315000,1000,Noida,3,1,0,0,0,0,0,0,0,0,0,0,0,0,0,0,2315.0,0.0,0.003
6070000,800,Noida,2,1,0,0,0,0,0,0,0,0,0,0,0,0,0,0,7587.5,0.0,0.0025
3000000,500,Noida,1,1,0,0,0,0,0,0,0,0,0,0,0,0,0,0,6000.0,0.0,0.002
3000000,1000,Noida,3,1,0,0,0,0,0,0,0,0,0,0,0,0,0,0,3000.0,0.0,0.003
2450000,1000,Noida,3,1,0,0,0,0,0,0,0,0,0,0,0,0,0,0,2450.0,0.0,0.003
2300000,800,Noida,2,1,0,0,0,0,0,0,0,0,0,0,0,0,0,0,2875.0,0.0,0.0025
2700000,800,Noida,2,1,0,0,0,0,0,0,0,0,0,0,0,0,0,0,3375.0,0.0,0.0025
3000000,800,Noida,2,1,0,0,0,0,0,0,0,0,0,0,0,0,0,0,3750.0,0.0,0.0025
2300000,1000,Other,3,1,0,0,0,0,0,0,0,0,0,0,0,0,0,0,2300.0,0.0,0.003
2300000,800,Noida,2,1,0,0,0,0,0,0,0,0,0,0,0,0,0,0,2875.0,0.0,0.0025
2700000,800,Noida,2,1,0,0,0,0,0,0,0,0,0,0,0,0,0,0,3375.0,0.0,0.0025
3010000,800,Noida,2,1,0,0,0,0,0,0,0,0,0,0,0,0,0,0,3762.5,0.0,0.0025
2300000,1000,Noida,3,1,0,0,0,0,0,0,0,0,0,0,0,0,0,0,2300.0,0.0,0.003
2700000,800,Noida,2,1,0,0,0,0,0,0,0,0,0,0,0,0,0,0,3375.0,0.0,0.0025
2300000,800,Noida,2,1,0,0,0,0,0,0,0,0,0,0,0,0,0,0,2875.0,0.0,0.0025
3000000,800,Noida,2,1,0,0,0,0,0,0,0,0,0,0,0,0,0,0,3750.0,0.0,0.0025
2400000,1000,Noida,3,1,0,0,0,0,0,0,0,0,0,0,0,0,0,0,2400.0,0.0,0.003
2790000,800,Noida,2,1,0,0,0,0,0,0,0,0,0,0,0,0,0,0,3487.5,0.0,0.0025
2580000,800,Noida,2,1,0,0,0,0,0,0,0,0,0,0,0,0,0,0,3225.0,0.0,0.0025
3100000,1000,Noida,3,1,0,0,0,0,0,0,0,0,0,0,0,0,0,0,3100.0,0.0,0.003
2950000,1000,Noida,3,1,0,0,0,0,0,0,0,0,0,0,0,0,0,0,2950.0,0.0,0.003
2500000,1000,Noida,3,1,0,0,0,0,0,0,0,0,0,0,0,0,0,0,2500.0,0.0,0.003
2300000,1000,Noida,3,1,0,0,0,0,0,0,0,0,0,0,0,0,0,0,2300.0,0.0,0.003
2788000,800,Noida,2,1,0,0,0,0,0,0,0,0,0,0,0,0,0,0,3485.0,0.0,0.0025
3000000,800,Noida,2,1,0,0,0,0,0,0,0,0,0,0,0,0,0,0,3750.0,0.0,0.0025
2400000,1000,Noida,3,1,0,0,0,0,0,0,0,0,0,0,0,0,0,0,2400.0,0.0,0.003
2600000,800,Noida,2,1,0,0,0,0,0,0,0,0,0,0,0,0,0,0,3250.0,0.0,0.0025
2300000,1000,Noida,3,1,0,0,0,0,0,0,0,0,0,0,0,0,0,0,2300.0,0.0,0.003
2900000,800,Noida,2,1,0,0,0,0,0,0,0,0,0,0,0,0,0,0,3625.0,0.0,0.0025
2600000,1000,Noida,3,1,0,0,0,0,0,0,0,0,0,0,0,0,0,0,2600.0,0.0,0.003
2999000,1000,Noida,2,1,0,0,0,0,0,0,0,0,0,0,0,0,0,0,2999.0,0.0,0.002
2875000,1000,Noida,3,1,0,0,0,0,0,0,0,0,0,0,0,0,0,0,2875.0,0.0,0.003
2400000,800,Noida,2,1,0,0,0,0,0,0,0,0,0,0,0,0,0,0,3000.0,0.0,0.0025
2000000,800,Noida,2,1,0,0,0,0,0,0,0,0,0,0,0,0,0,0,2500.0,0.0,0.0025
2300000,800,Noida,2,1,0,0,0,0,0,0,0,0,0,0,0,0,0,0,2875.0,0.0,0.0025
2500000,800,Noida,2,1,0,0,0,0,0,0,0,0,0,0,0,0,0,0,3125.0,0.0,0.0025
2281000,1000,Noida,3,1,0,0,0,0,0,0,0,0,0,0,0,0,0,0,2281.0,0.0,0.003
3000000,800,Noida,2,1,0,0,0,0,0,0,0,0,0,0,0,0,0,0,3750.0,0.0,0.0025
2400000,1000,Noida,3,1,0,0,0,0,0,0,0,0,0,0,0,0,0,0,2400.0,0.0,0.003
2600000,800,Noida,2,1,0,0,0,0,0,0,0,0,0,0,0,0,0,0,3250.0,0.0,0.0025
2300000,1000,Noida,3,1,0,0,0,0,0,0,0,0,0,0,0,0,0,0,2300.0,0.0,0.003
2900000,800,Noida,2,1,0,0,0,0,0,0,0,0,0,0,0,0,0,0,3625.0,0.0,0.0025
2600000,1000,Noida,3,1,0,0,0,0,0,0,0,0,0,0,0,0,0,0,2600.0,0.0,0.003
2999000,1000,Noida,2,1,0,0,0,0,0,0,0,0,0,0,0,0,0,0,2999.0,0.0,0.002
2875000,1000,Noida,3,1,0,0,0,0,0,0,0,0,0,0,0,0,0,0,2875.0,0.0,0.003
2400000,800,Noida,2,1,0,0,0,0,0,0,0,0,0,0,0,0,0,0,3000.0,0.0,0.0025
2000000,800,Noida,2,1,0,0,0,0,0,0,0,0,0,0,0,0,0,0,2500.0,0.0,0.0025
2300000,800,Noida,2,1,0,0,0,0,0,0,0,0,0,0,0,0,0,0,2875.0,0.0,0.0025
2500000,800,Noida,2,1,0,0,0,0,0,0,0,0,0,0,0,0,0,0,3125.0,0.0,0.0025
2281000,1000,Noida,3,1,0,0,0,0,0,0,0,0,0,0,0,0,0,0,2281.0,0.0,0.003
2900000,800,Noida,2,1,0,0,0,0,0,0,0,0,0,0,0,0,0,0,3625.0,0.0,0.0025
2400000,1000,Noida,3,1,0,0,0,0,0,0,0,0,0,0,0,0,0,0,2400.0,0.0,0.003
2400000,801,Noida,2,1,0,0,0,0,0,0,0,0,0,0,0,0,0,0,2996.2546816479403,0.0,0.0024968789013732834
2800000,800,Noida,2,1,0,0,0,0,0,0,0,0,0,0,0,0,0,0,3500.0,0.0,0.0025
2800000,800,Noida,2,1,0,0,0,0,0,0,0,0,0,0,0,0,0,0,3500.0,0.0,0.0025
3077000,800,Noida,2,1,0,0,0,0,0,0,0,0,0,0,0,0,0,0,3846.25,0.0,0.0025
2597000,1000,Noida,3,1,0,0,0,0,0,0,0,0,0,0,0,0,0,0,2597.0,0.0,0.003
2361000,1000,Noida,3,1,0,0,0,0,0,0,0,0,0,0,0,0,0,0,2361.0,0.0,0.003
2000000,800,Noida,2,1,0,0,0,0,0,0,0,0,0,0,0,0,0,0,2500.0,0.0,0.0025
2250000,1000,Noida,3,1,0,0,0,0,0,0,0,0,0,0,0,0,0,0,2250.0,0.0,0.003
2780000,800,Noida,2,1,0,0,0,0,0,0,0,0,0,0,0,0,0,0,3475.0,0.0,0.0025
2270000,800,Other,2,1,0,0,0,0,0,0,0,0,0,0,0,0,0,0,2837.5,0.0,0.0025
2590000,800,Noida,2,1,0,0,0,0,0,0,0,0,0,0,0,0,0,0,3237.5,0.0,0.0025
2399000,1000,Noida,3,1,0,0,0,0,0,0,0,0,0,0,0,0,0,0,2399.0,0.0,0.003
19000000,800,Noida,2,1,0,0,0,0,0,0,0,0,0,0,0,0,0,0,23750.0,0.0,0.0025
2300000,500,Noida,1,1,0,0,0,0,0,0,0,0,0,0,0,0,0,0,4600.0,0.0,0.002
2797000,800,Noida,2,1,0,0,0,0,0,0,0,0,0,0,0,0,0,0,3496.25,0.0,0.0025
2390000,800,Noida,2,1,0,0,0,0,0,0,0,0,0,0,0,0,0,0,2987.5,0.0,0.0025
2733000,800,Noida,2,1,0,0,0,0,0,0,0,0,0,0,0,0,0,0,3416.25,0.0,0.0025
2250000,800,Noida,2,1,0,0,0,0,0,0,0,0,0,0,0,0,0,0,2812.5,0.0,0.0025
3070000,800,Noida,2,1,0,0,0,0,0,0,0,0,0,0,0,0,0,0,3837.5,0.0,0.0025
2500000,1000,Noida,3,1,0,0,0,0,0,0,0,0,0,0,0,0,0,0,2500.0,0.0,0.003
2371000,1000,Noida,3,1,0,0,0,0,0,0,0,0,0,0,0,0,0,0,2371.0,0.0,0.003
2580000,800,Noida,2,1,0,0,0,0,0,0,0,0,0,0,0,0,0,0,3225.0,0.0,0.0025
3070000,1000,Noida,3,1,0,0,0,0,0,0,0,0,0,0,0,0,0,0,3070.0,0.0,0.003
5000000,1000,Noida,3,1,0,0,0,0,0,0,0,0,0,0,0,0,0,0,5000.0,0.0,0.003
2200000,500,Noida,1,1,0,0,0,0,0,0,0,0,0,0,0,0,0,0,4400.0,0.0,0.002
2400000,800,Noida,2,1,0,0,0,0,0,0,0,0,0,0,0,0,0,0,3000.0,0.0,0.0025
2325000,800,Noida,2,1,0,0,0,0,0,0,0,0,0,0,0,0,0,0,2906.25,0.0,0.0025
3000000,800,Noida,2,1,0,0,0,0,0,0,0,0,0,0,0,0,0,0,3750.0,0.0,0.0025
2900000,1000,Noida,3,1,0,0,0,0,0,0,0,0,0,0,0,0,0,0,2900.0,0.0,0.003
2300000,1000,Noida,3,1,0,0,0,0,0,0,0,0,0,0,0,0,0,0,2300.0,0.0,0.003
2800000,800,Noida,2,1,0,0,0,0,0,0,0,0,0,0,0,0,0,0,3500.0,0.0,0.0025
2900000,800,Noida,2,1,0,0,0,0,0,0,0,0,0,0,0,0,0,0,3625.0,0.0,0.0025
2400000,1000,Noida,3,1,0,0,0,0,0,0,0,0,0,0,0,0,0,0,2400.0,0.0,0.003
2800000,800,Noida,2,1,0,0,0,0,0,0,0,0,0,0,0,0,0,0,3500.0,0.0,0.0025
3000000,800,Noida,2,1,0,0,0,0,0,0,0,0,0,0,0,0,0,0,3750.0,0.0,0.0025
2300000,1000,Noida,3,1,0,0,0,0,0,0,0,0,0,0,0,0,0,0,2300.0,0.0,0.003
2800000,800,Noida,2,1,0,0,0,0,0,0,0,0,0,0,0,0,0,0,3500.0,0.0,0.0025
2350000,800,Noida,2,1,0,0,0,0,0,0,0,0,0,0,0,0,0,0,2937.5,0.0,0.0025
2700000,800,Noida,2,1,0,0,0,0,0,0,0,0,0,0,0,0,0,0,3375.0,0.0,0.0025
3100000,800,Noida,2,1,0,0,0,0,0,0,0,0,0,0,0,0,0,0,3875.0,0.0,0.0025
2310000,1000,Noida,3,1,0,0,0,0,0,0,0,0,0,0,0,0,0,0,2310.0,0.0,0.003
2800000,800,Noida,2,1,0,0,0,0,0,0,0,0,0,0,0,0,0,0,3500.0,0.0,0.0025
3050000,800,Noida,2,1,0,0,0,0,0,0,0,0,0,0,0,0,0,0,3812.5,0.0,0.0025
2400000,1000,Noida,3,1,0,0,0,0,0,0,0,0,0,0,0,0,0,0,2400.0,0.0,0.003
2350000,800,Noida,2,1,0,0,0,0,0,0,0,0,0,0,0,0,0,0,2937.5,0.0,0.0025
2780000,800,Noida,2,1,0,0,0,0,0,0,0,0,0,0,0,0,0,0,3475.0,0.0,0.0025
3050000,800,Noida,2,1,0,0,0,0,0,0,0,0,0,0,0,0,0,0,3812.5,0.0,0.0025
2800000,1000,Noida,3,1,0,0,0,0,0,0,0,0,0,0,0,0,0,0,2800.0,0.0,0.003
2900000,800,Noida,2,1,0,0,0,0,0,0,0,0,0,0,0,0,0,0,3625.0,0.0,0.0025
2300000,1000,Noida,3,1,0,0,0,0,0,0,0,0,0,0,0,0,0,0,2300.0,0.0,0.003
2800000,800,Noida,2,1,0,0,0,0,0,0,0,0,0,0,0,0,0,0,3500.0,0.0,0.0025
3019000,800,Noida,2,1,0,0,0,0,0,0,0,0,0,0,0,0,0,0,3773.75,0.0,0.0025
2389000,1000,Noida,3,1,0,0,0,0,0,0,0,0,0,0,0,0,0,0,2389.0,0.0,0.003
2800000,800,Noida,2,1,0,0,0,0,0,0,0,0,0,0,0,0,0,0,3500.0,0.0,0.0025
2950000,800,Noida,2,1,0,0,0,0,0,0,0,0,0,0,0,0,0,0,3687.5,0.0,0.0025
2400000,1000,Noida,3,1,0,0,0,0,0,0,0,0,0,0,0,0,0,0,2400.0,0.0,0.003
2325000,800,Noida,2,1,0,0,0,0,0,0,0,0,0,0,0,0,0,0,2906.25,0.0,0.0025
3000000,800,Noida,2,1,0,0,0,0,0,0,0,0,0,0,0,0,0,0,3750.0,0.0,0.0025
2900000,1000,Noida,3,1,0,0,0,0,0,0,0,0,0,0,0,0,0,0,2900.0,0.0,0.003
2300000,1000,Noida,3,1,0,0,0,0,0,0,0,0,0,0,0,0,0,0,2300.0,0.0,0.003
2800000,800,Noida,2,1,0,0,0,0,0,0,0,0,0,0,0,0,0,0,3500.0,0.0,0.0025
2900000,800,Noida,2,1,0,0,0,0,0,0,0,0,0,0,0,0,0,0,3625.0,0.0,0.0025
2400000,1000,Noida,3,1,0,0,0,0,0,0,0,0,0,0,0,0,0,0,2400.0,0.0,0.003
2800000,800,Noida,2,1,0,0,0,0,0,0,0,0,0,0,0,0,0,0,3500.0,0.0,0.0025
3000000,800,Noida,2,1,0,0,0,0,0,0,0,0,0,0,0,0,0,0,3750.0,0.0,0.0025
2300000,1000,Noida,3,1,0,0,0,0,0,0,0,0,0,0,0,0,0,0,2300.0,0.0,0.003
2800000,800,Noida,2,1,0,0,0,0,0,0,0,0,0,0,0,0,0,0,3500.0,0.0,0.0025
2290000,800,Noida,2,1,0,0,0,0,0,0,0,0,0,0,0,0,0,0,2862.5,0.0,0.0025
2780000,800,Noida,2,1,0,0,0,0,0,0,0,0,0,0,0,0,0,0,3475.0,0.0,0.0025
2315000,800,Noida,2,1,0,0,0,0,0,0,0,0,0,0,0,0,0,0,2893.75,0.0,0.0025
3300000,1000,Noida,3,1,0,0,0,0,0,0,0,0,0,0,0,0,0,0,3300.0,0.0,0.003
2206000,1000,Other,3,1,0,0,0,0,0,0,0,0,0,0,0,0,0,0,2206.0,0.0,0.003
2911000,800,Noida,2,1,0,0,0,0,0,0,0,0,0,0,0,0,0,0,3638.75,0.0,0.0025
2805000,1000,Noida,3,1,0,0,0,0,0,0,0,0,0,0,0,0,0,0,2805.0,0.0,0.003
2229000,1000,Other,3,1,0,0,0,0,0,0,0,0,0,0,0,0,0,0,2229.0,0.0,0.003
2714000,800,Noida,2,1,0,0,0,0,0,0,0,0,0,0,0,0,0,0,3392.5,0.0,0.0025
2980000,1000,Noida,3,1,0,0,0,0,0,0,0,0,0,0,0,0,0,0,2980.0,0.0,0.003
2143000,1000,Noida,3,1,0,0,0,0,0,0,0,0,0,0,0,0,0,0,2143.0,0.0,0.003
2387000,800,Other,2,1,0,0,0,0,0,0,0,0,0,0,0,0,0,0,2983.75,0.0,0.0025
2800000,800,Noida,2,1,0,0,0,0,0,0,0,0,0,0,0,0,0,0,3500.0,0.0,0.0025
2180000,1000,Noida,3,1,0,0,0,0,0,0,0,0,0,0,0,0,0,0,2180.0,0.0,0.003
2223000,800,Noida,2,1,0,0,0,0,0,0,0,0,0,0,0,0,0,0,2778.75,0.0,0.0025
2143000,800,Noida,2,1,0,0,0,0,0,0,0,0,0,0,0,0,0,0,2678.75,0.0,0.0025
2122000,800,Noida,2,1,0,0,0,0,0,0,0,0,0,0,0,0,0,0,2652.5,0.0,0.0025
2250000,800,Noida,2,1,0,0,0,0,0,0,0,0,0,0,0,0,0,0,2812.5,0.0,0.0025
2889000,800,Noida,2,1,0,0,0,0,0,0,0,0,0,0,0,0,0,0,3611.25,0.0,0.0025
2188000,1000,Noida,3,1,0,0,0,0,0,0,0,0,0,0,0,0,0,0,2188.0,0.0,0.003
2100000,800,Noida,2,1,0,0,0,0,0,0,0,0,0,0,0,0,0,0,2625.0,0.0,0.0025
2150000,800,Noida,2,1,0,0,0,0,0,0,0,0,0,0,0,0,0,0,2687.5,0.0,0.0025
2205000,1000,Other,3,1,0,0,0,0,0,0,0,0,0,0,0,0,0,0,2205.0,0.0,0.003
2159000,800,Noida,2,1,0,0,0,0,0,0,0,0,0,0,0,0,0,0,2698.75,0.0,0.0025
2221000,800,Noida,2,1,0,0,0,0,0,0,0,0,0,0,0,0,0,0,2776.25,0.0,0.0025
2282000,800,Noida,2,1,0,0,0,0,0,0,0,0,0,0,0,0,0,0,2852.5,0.0,0.0025
2086000,800,Noida,2,1,0,0,0,0,0,0,0,0,0,0,0,0,0,0,2607.5,0.0,0.0025
2230000,800,Noida,2,1,0,0,0,0,0,0,0,0,0,0,0,0,0,0,2787.5,0.0,0.0025
2535000,800,Noida,2,1,0,0,0,0,0,0,0,0,0,0,0,0,0,0,3168.75,0.0,0.0025
2730000,1000,Noida,3,1,0,0,0,0,0,0,0,0,0,0,0,0,0,0,2730.0,0.0,0.003
2120000,1000,Noida,3,1,0,0,0,0,0,0,0,0,0,0,0,0,0,0,2120.0,0.0,0.003
2235000,800,Noida,2,1,0,0,0,0,0,0,0,0,0,0,0,0,0,0,2793.75,0.0,0.0025
2410000,800,Noida,2,1,0,0,0,0,0,0,0,0,0,0,0,0,0,0,3012.5,0.0,0.0025
2080999,800,Noida,2,1,0,0,0,0,0,0,0,0,0,0,0,0,0,0,2601.24875,0.0,0.0025
2237000,800,Noida,2,1,0,0,0,0,0,0,0,0,0,0,0,0,0,0,2796.25,0.0,0.0025
2194000,800,Noida,2,1,0,0,0,0,0,0,0,0,0,0,0,0,0,0,2742.5,0.0,0.0025
2882000,800,Noida,2,1,0,0,0,0,0,0,0,0,0,0,0,0,0,0,3602.5,0.0,0.0025
2390000,1000,Noida,3,1,0,0,0,0,0,0,0,0,0,0,0,0,0,0,2390.0,0.0,0.003
2414000,800,Noida,2,1,0,0,0,0,0,0,0,0,0,0,0,0,0,0,3017.5,0.0,0.0025
3000000,800,Noida,2,1,0,0,0,0,0,0,0,0,0,0,0,0,0,0,3750.0,0.0,0.0025
2870000,1000,Noida,3,1,0,0,0,0,0,0,0,0,0,0,0,0,0,0,2870.0,0.0,0.003
2256000,1000,Noida,3,1,0,0,0,0,0,0,0,0,0,0,0,0,0,0,2256.0,0.0,0.003
2222000,800,Noida,2,1,0,0,0,0,0,0,0,0,0,0,0,0,0,0,2777.5,0.0,0.0025
2831000,800,Noida,2,1,0,0,0,0,0,0,0,0,0,0,0,0,0,0,3538.75,0.0,0.0025
2211000,1000,Noida,3,1,0,0,0,0,0,0,0,0,0,0,0,0,0,0,2211.0,0.0,0.003
2635000,800,Noida,2,1,0,0,0,0,0,0,0,0,0,0,0,0,0,0,3293.75,0.0,0.0025
2229000,801,Noida,2,1,0,0,0,0,0,0,0,0,0,0,0,0,0,0,2782.7715355805244,0.0,0.0024968789013732834
2190000,800,Noida,2,1,0,0,0,0,0,0,0,0,0,0,0,0,0,0,2737.5,0.0,0.0025
2361000,800,Noida,2,1,0,0,0,0,0,0,0,0,0,0,0,0,0,0,2951.25,0.0,0.0025
2980000,800,Noida,2,1,0,0,0,0,0,0,0,0,0,0,0,0,0,0,3725.0,0.0,0.0025
2358000,1000,Noida,3,1,0,0,0,0,0,0,0,0,0,0,0,0,0,0,2358.0,0.0,0.003
2073000,820,Noida,2,1,0,0,0,0,0,0,0,0,0,0,0,0,0,0,2528.048780487805,0.0,0.0024390243902439024
2336000,800,Noida,2,1,0,0,0,0,0,0,0,0,0,0,0,0,0,0,2920.0,0.0,0.0025
2943000,800,Noida,2,1,0,0,0,0,0,0,0,0,0,0,0,0,0,0,3678.75,0.0,0.0025
2820000,1000,Noida,3,1,0,0,0,0,0,0,0,0,0,0,0,0,0,0,2820.0,0.0,0.003
2211000,1000,Noida,3,1,0,0,0,0,0,0,0,0,0,0,0,0,0,0,2211.0,0.0,0.003
2353000,800,Noida,2,1,0,0,0,0,0,0,0,0,0,0,0,0,0,0,2941.25,0.0,0.0025
2942000,800,Noida,2,1,0,0,0,0,0,0,0,0,0,0,0,0,0,0,3677.5,0.0,0.0025
2883000,1000,Noida,3,1,0,0,0,0,0,0,0,0,0,0,0,0,0,0,2883.0,0.0,0.003
2181000,1000,Noida,3,1,0,0,0,0,0,0,0,0,0,0,0,0,0,0,2181.0,0.0,0.003
2207000,800,Noida,2,1,0,0,0,0,0,0,0,0,0,0,0,0,0,0,2758.75,0.0,0.0025
2800000,800,Noida,2,1,0,0,0,0,0,0,0,0,0,0,0,0,0,0,3500.0,0.0,0.0025
2714000,1000,Noida,3,1,0,0,0,0,0,0,0,0,0,0,0,0,0,0,2714.0,0.0,0.003
2132000,1000,Noida,3,1,0,0,0,0,0,0,0,0,0,0,0,0,0,0,2132.0,0.0,0.003
2184000,800,Noida,2,1,0,0,0,0,0,0,0,0,0,0,0,0,0,0,2730.0,0.0,0.0025
2263000,800,Other,2,1,0,0,0,0,0,0,0,0,0,0,0,0,0,0,2828.75,0.0,0.0025
2777000,800,Noida,2,1,0,0,0,0,0,0,0,0,0,0,0,0,0,0,3471.25,0.0,0.0025
2239000,1000,Noida,3,1,0,0,0,0,0,0,0,0,0,0,0,0,0,0,2239.0,0.0,0.003
2810000,800,Noida,2,1,0,0,0,0,0,0,0,0,0,0,0,0,0,0,3512.5,0.0,0.0025
2059000,1000,Noida,3,1,0,0,0,0,0,0,0,0,0,0,0,0,0,0,2059.0,0.0,0.003
2273000,800,Noida,2,1,0,0,0,0,0,0,0,0,0,0,0,0,0,0,2841.25,0.0,0.0025
2780000,800,Noida,2,1,0,0,0,0,0,0,0,0,0,0,0,0,0,0,3475.0,0.0,0.0025
2286000,800,Noida,2,1,0,0,0,0,0,0,0,0,0,0,0,0,0,0,2857.5,0.0,0.0025
2150000,800,Noida,2,1,0,0,0,0,0,0,0,0,0,0,0,0,0,0,2687.5,0.0,0.0025
2213000,800,Noida,2,1,0,0,0,0,0,0,0,0,0,0,0,0,0,0,2766.25,0.0,0.0025
2900000,800,Noida,2,1,0,0,0,0,0,0,0,0,0,0,0,0,0,0,3625.0,0.0,0.0025
2987000,1000,Noida,3,1,0,0,0,0,0,0,0,0,0,0,0,0,0,0,2987.0,0.0,0.003
2258000,1000,Noida,3,1,0,0,0,0,0,0,0,0,0,0,0,0,0,0,2258.0,0.0,0.003
2897000,800,Noida,2,1,0,0,0,0,0,0,0,0,0,0,0,0,0,0,3621.25,0.0,0.0025
2223000,1000,Noida,3,1,0,0,0,0,0,0,0,0,0,0,0,0,0,0,2223.0,0.0,0.003
2100000,800,Other,2,1,0,0,0,0,0,0,0,0,0,0,0,0,0,0,2625.0,0.0,0.0025
2700000,800,Noida,2,1,0,0,0,0,0,0,0,0,0,0,0,0,0,0,3375.0,0.0,0.0025
2011000,1000,Noida,3,1,0,0,0,0,0,0,0,0,0,0,0,0,0,0,2011.0,0.0,0.003
2188000,800,Noida,2,1,0,0,0,0,0,0,0,0,0,0,0,0,0,0,2735.0,0.0,0.0025
2887000,800,Noida,2,1,0,0,0,0,0,0,0,0,0,0,0,0,0,0,3608.75,0.0,0.0025
3029000,1000,Noida,3,1,0,0,0,0,0,0,0,0,0,0,0,0,0,0,3029.0,0.0,0.003
3021000,1000,Noida,3,1,0,0,0,0,0,0,0,0,0,0,0,0,0,0,3021.0,0.0,0.003
2361000,1000,Noida,3,1,0,0,0,0,0,0,0,0,0,0,0,0,0,0,2361.0,0.0,0.003
2900000,800,Noida,2,1,0,0,0,0,0,0,0,0,0,0,0,0,0,0,3625.0,0.0,0.0025
2247000,1000,Noida,3,1,0,0,0,0,0,0,0,0,0,0,0,0,0,0,2247.0,0.0,0.003
2180000,800,Noida,2,1,0,0,0,0,0,0,0,0,0,0,0,0,0,0,2725.0,0.0,0.0025
2110000,800,Noida,2,1,0,0,0,0,0,0,0,0,0,0,0,0,0,0,2637.5,0.0,0.0025
2840000,800,Noida,2,1,0,0,0,0,0,0,0,0,0,0,0,0,0,0,3550.0,0.0,0.0025
2300000,1000,Noida,3,1,0,0,0,0,0,0,0,0,0,0,0,0,0,0,2300.0,0.0,0.003
2012000,800,Noida,2,1,0,0,0,0,0,0,0,0,0,0,0,0,0,0,2515.0,0.0,0.0025
5000000,800,Other,2,1,0,0,0,0,0,0,0,0,0,0,0,0,0,0,6250.0,0.0,0.0025
2303000,1000,Noida,3,1,0,0,0,0,0,0,0,0,0,0,0,0,0,0,2303.0,0.0,0.003
2362000,1000,Noida,3,1,0,0,0,0,0,0,0,0,0,0,0,0,0,0,2362.0,0.0,0.003
3132000,800,Noida,2,1,0,0,0,0,0,0,0,0,0,0,0,0,0,0,3915.0,0.0,0.0025
2087000,1000,Noida,3,1,0,0,0,0,0,0,0,0,0,0,0,0,0,0,2087.0,0.0,0.003
2900000,800,Noida,2,1,0,0,0,0,0,0,0,0,0,0,0,0,0,0,3625.0,0.0,0.0025
2129000,1000,Noida,3,1,0,0,0,0,0,0,0,0,0,0,0,0,0,0,2129.0,0.0,0.003
2952000,800,Noida,2,1,0,0,0,0,0,0,0,0,0,0,0,0,0,0,3690.0,0.0,0.0025
2240000,1000,Noida,3,1,0,0,0,0,0,0,0,0,0,0,0,0,0,0,2240.0,0.0,0.003
2210000,800,Noida,2,1,0,0,0,0,0,0,0,0,0,0,0,0,0,0,2762.5,0.0,0.0025
2909000,800,Noida,2,1,0,0,0,0,0,0,0,0,0,0,0,0,0,0,3636.25,0.0,0.0025
2053000,1000,Noida,3,1,0,0,0,0,0,0,0,0,0,0,0,0,0,0,2053.0,0.0,0.003
2180000,800,Other,2,1,0,0,0,0,0,0,0,0,0,0,0,0,0,0,2725.0,0.0,0.0025
2891000,800,Noida,2,1,0,0,0,0,0,0,0,0,0,0,0,0,0,0,3613.75,0.0,0.0025
2350000,1000,Noida,3,1,0,0,0,0,0,0,0,0,0,0,0,0,0,0,2350.0,0.0,0.003
2900000,800,Noida,2,1,0,0,0,0,0,0,0,0,0,0,0,0,0,0,3625.0,0.0,0.0025
2900000,1005,Noida,3,1,0,0,0,0,0,0,0,0,0,0,0,0,0,0,2885.572139303483,0.0,0.0029850746268656717
2102000,1000,Noida,3,1,0,0,0,0,0,0,0,0,0,0,0,0,0,0,2102.0,0.0,0.003
2545000,800,Noida,2,1,0,0,0,0,0,0,0,0,0,0,0,0,0,0,3181.25,0.0,0.0025
2308000,1000,Noida,3,1,0,0,0,0,0,0,0,0,0,0,0,0,0,0,2308.0,0.0,0.003
2931000,800,Noida,2,1,0,0,0,0,0,0,0,0,0,0,0,0,0,0,3663.75,0.0,0.0025
2283000,1000,Noida,3,1,0,0,0,0,0,0,0,0,0,0,0,0,0,0,2283.0,0.0,0.003
2226000,800,Noida,2,1,0,0,0,0,0,0,0,0,0,0,0,0,0,0,2782.5,0.0,0.0025
2967000,800,Noida,2,1,0,0,0,0,0,0,0,0,0,0,0,0,0,0,3708.75,0.0,0.0025
2094000,1000,Noida,3,1,0,0,0,0,0,0,0,0,0,0,0,0,0,0,2094.0,0.0,0.003
2305000,800,Noida,2,1,0,0,0,0,0,0,0,0,0,0,0,0,0,0,2881.25,0.0,0.0025
2941000,800,Noida,2,1,0,0,0,0,0,0,0,0,0,0,0,0,0,0,3676.25,0.0,0.0025
2312000,1000,Noida,3,1,0,0,0,0,0,0,0,0,0,0,0,0,0,0,2312.0,0.0,0.003
2919000,800,Noida,2,1,0,0,0,0,0,0,0,0,0,0,0,0,0,0,3648.75,0.0,0.0025
2227000,800,Noida,2,1,0,0,0,0,0,0,0,0,0,0,0,0,0,0,2783.75,0.0,0.0025
2700000,800,Noida,2,1,0,0,0,0,0,0,0,0,0,0,0,0,0,0,3375.0,0.0,0.0025
2314000,1000,Noida,3,1,0,0,0,0,0,0,0,0,0,0,0,0,0,0,2314.0,0.0,0.003
2256000,800,Noida,2,1,0,0,0,0,0,0,0,0,0,0,0,0,0,0,2820.0,0.0,0.0025
2138000,800,Noida,2,1,0,0,0,0,0,0,0,0,0,0,0,0,0,0,2672.5,0.0,0.0025
2144000,800,Noida,2,1,0,0,0,0,0,0,0,0,0,0,0,0,0,0,2680.0,0.0,0.0025
2700000,800,Noida,2,1,0,0,0,0,0,0,0,0,0,0,0,0,0,0,3375.0,0.0,0.0025
2302000,1000,Noida,3,1,0,0,0,0,0,0,0,0,0,0,0,0,0,0,2302.0,0.0,0.003
2950000,800,Noida,2,1,0,0,0,0,0,0,0,0,0,0,0,0,0,0,3687.5,0.0,0.0025
2895000,1000,Noida,3,1,0,0,0,0,0,0,0,0,0,0,0,0,0,0,2895.0,0.0,0.003
2224000,1000,Noida,3,1,0,0,0,0,0,0,0,0,0,0,0,0,0,0,2224.0,0.0,0.003
2800000,800,Noida,2,1,0,0,0,0,0,0,0,0,0,0,0,0,0,0,3500.0,0.0,0.0025
2400000,1000,Other,3,1,0,0,0,0,0,0,0,0,0,0,0,0,0,0,2400.0,0.0,0.003
2100000,800,Noida,2,1,0,0,0,0,0,0,0,0,0,0,0,0,0,0,2625.0,0.0,0.0025
2211000,800,Noida,2,1,0,0,0,0,0,0,0,0,0,0,0,0,0,0,2763.75,0.0,0.0025
2635000,800,Noida,2,1,0,0,0,0,0,0,0,0,0,0,0,0,0,0,3293.75,0.0,0.0025
2229000,801,Noida,2,1,0,0,0,0,0,0,0,0,0,0,0,0,0,0,2782.7715355805244,0.0,0.0024968789013732834
2190000,800,Noida,2,1,0,0,0,0,0,0,0,0,0,0,0,0,0,0,2737.5,0.0,0.0025
2361000,800,Noida,2,1,0,0,0,0,0,0,0,0,0,0,0,0,0,0,2951.25,0.0,0.0025
2980000,800,Noida,2,1,0,0,0,0,0,0,0,0,0,0,0,0,0,0,3725.0,0.0,0.0025
2358000,1000,Noida,3,1,0,0,0,0,0,0,0,0,0,0,0,0,0,0,2358.0,0.0,0.003
2073000,820,Noida,2,1,0,0,0,0,0,0,0,0,0,0,0,0,0,0,2528.048780487805,0.0,0.0024390243902439024
2336000,800,Noida,2,1,0,0,0,0,0,0,0,0,0,0,0,0,0,0,2920.0,0.0,0.0025
2943000,800,Noida,2,1,0,0,0,0,0,0,0,0,0,0,0,0,0,0,3678.75,0.0,0.0025
2820000,1000,Noida,3,1,0,0,0,0,0,0,0,0,0,0,0,0,0,0,2820.0,0.0,0.003
2211000,1000,Noida,3,1,0,0,0,0,0,0,0,0,0,0,0,0,0,0,2211.0,0.0,0.003
2353000,800,Noida,2,1,0,0,0,0,0,0,0,0,0,0,0,0,0,0,2941.25,0.0,0.0025
2942000,800,Noida,2,1,0,0,0,0,0,0,0,0,0,0,0,0,0,0,3677.5,0.0,0.0025
3020000,1000,Noida,3,1,0,0,0,0,0,0,0,0,0,0,0,0,0,0,3020.0,0.0,0.003
2293000,1000,Noida,3,1,0,0,0,0,0,0,0,0,0,0,0,0,0,0,2293.0,0.0,0.003
2222000,800,Noida,2,1,0,0,0,0,0,0,0,0,0,0,0,0,0,0,2777.5,0.0,0.0025
2870000,800,Noida,2,1,0,0,0,0,0,0,0,0,0,0,0,0,0,0,3587.5,0.0,0.0025
2350000,1000,Noida,3,1,0,0,0,0,0,0,0,0,0,0,0,0,0,0,2350.0,0.0,0.003
2900000,800,Noida,2,1,0,0,0,0,0,0,0,0,0,0,0,0,0,0,3625.0,0.0,0.0025
2356000,1000,Noida,3,1,0,0,0,0,0,0,0,0,0,0,0,0,0,0,2356.0,0.0,0.003
2400000,800,Noida,2,1,0,0,0,0,0,0,0,0,0,0,0,0,0,0,3000.0,0.0,0.0025
3000000,800,Noida,2,1,0,0,0,0,0,0,0,0,0,0,0,0,0,0,3750.0,0.0,0.0025
2055000,1000,Noida,3,1,0,0,0,0,0,0,0,0,0,0,0,0,0,0,2055.0,0.0,0.003
2199000,800,Noida,2,1,0,0,0,0,0,0,0,0,0,0,0,0,0,0,2748.75,0.0,0.0025
2200000,800,Noida,2,1,0,0,0,0,0,0,0,0,0,0,0,0,0,0,2750.0,0.0,0.0025
2900000,800,Noida,2,1,0,0,0,0,0,0,0,0,0,0,0,0,0,0,3625.0,0.0,0.0025
2790000,1000,Noida,3,1,0,0,0,0,0,0,0,0,0,0,0,0,0,0,2790.0,0.0,0.003
2100000,1000,Noida,3,1,0,0,0,0,0,0,0,0,0,0,0,0,0,0,2100.0,0.0,0.003
2169000,800,Noida,2,1,0,0,0,0,0,0,0,0,0,0,0,0,0,0,2711.25,0.0,0.0025
2383000,800,Noida,2,1,0,0,0,0,0,0,0,0,0,0,0,0,0,0,2978.75,0.0,0.0025
2952000,800,Noida,2,1,0,0,0,0,0,0,0,0,0,0,0,0,0,0,3690.0,0.0,0.0025
2167000,1000,Noida,3,1,0,0,0,0,0,0,0,0,0,0,0,0,0,0,2167.0,0.0,0.003
2750000,800,Noida,2,1,0,0,0,0,0,0,0,0,0,0,0,0,0,0,3437.5,0.0,0.0025
2107000,1000,Noida,3,1,0,0,0,0,0,0,0,0,0,0,0,0,0,0,2107.0,0.0,0.003
2400000,800,Noida,2,1,0,0,0,0,0,0,0,0,0,0,0,0,0,0,3000.0,0.0,0.0025
2350000,800,Noida,2,1,0,0,0,0,0,0,0,0,0,0,0,0,0,0,2937.5,0.0,0.0025
2116000,800,Noida,2,1,0,0,0,0,0,0,0,0,0,0,0,0,0,0,2645.0,0.0,0.0025
2019000,810,Noida,2,1,0,0,0,0,0,0,0,0,0,0,0,0,0,0,2492.5925925925926,0.0,0.0024691358024691358
2266000,800,Noida,2,1,0,0,0,0,0,0,0,0,0,0,0,0,0,0,2832.5,0.0,0.0025
2700000,800,Noida,2,1,0,0,0,0,0,0,0,0,0,0,0,0,0,0,3375.0,0.0,0.0025
2314000,1000,Noida,3,1,0,0,0,0,0,0,0,0,0,0,0,0,0,0,2314.0,0.0,0.003
2256000,800,Noida,2,1,0,0,0,0,0,0,0,0,0,0,0,0,0,0,2820.0,0.0,0.0025
2138000,800,Noida,2,1,0,0,0,0,0,0,0,0,0,0,0,0,0,0,2672.5,0.0,0.0025
2144000,800,Noida,2,1,0,0,0,0,0,0,0,0,0,0,0,0,0,0,2680.0,0.0,0.0025
2700000,800,Noida,2,1,0,0,0,0,0,0,0,0,0,0,0,0,0,0,3375.0,0.0,0.0025
2302000,1000,Noida,3,1,0,0,0,0,0,0,0,0,0,0,0,0,0,0,2302.0,0.0,0.003
2950000,800,Noida,2,1,0,0,0,0,0,0,0,0,0,0,0,0,0,0,3687.5,0.0,0.0025
2895000,1000,Noida,3,1,0,0,0,0,0,0,0,0,0,0,0,0,0,0,2895.0,0.0,0.003
2224000,1000,Noida,3,1,0,0,0,0,0,0,0,0,0,0,0,0,0,0,2224.0,0.0,0.003
2800000,800,Noida,2,1,0,0,0,0,0,0,0,0,0,0,0,0,0,0,3500.0,0.0,0.0025
2310000,1000,Other,3,1,0,0,0,0,0,0,0,0,0,0,0,0,0,0,2310.0,0.0,0.003
2400000,800,Noida,2,1,0,0,0,0,0,0,0,0,0,0,0,0,0,0,3000.0,0.0,0.0025
2100000,800,Noida,2,1,0,0,0,0,0,0,0,0,0,0,0,0,0,0,2625.0,0.0,0.0025
2900000,800,Noida,2,1,0,0,0,0,0,0,0,0,0,0,0,0,0,0,3625.0,0.0,0.0025
2000000,1000,Noida,3,1,0,0,0,0,0,0,0,0,0,0,0,0,0,0,2000.0,0.0,0.003
2800000,800,Noida,2,1,0,0,0,0,0,0,0,0,0,0,0,0,0,0,3500.0,0.0,0.0025
2100000,800,Noida,2,1,0,0,0,0,0,0,0,0,0,0,0,0,0,0,2625.0,0.0,0.0025
2700000,800,Noida,2,1,0,0,0,0,0,0,0,0,0,0,0,0,0,0,3375.0,0.0,0.0025
2120000,800,Noida,2,1,0,0,0,0,0,0,0,0,0,0,0,0,0,0,2650.0,0.0,0.0025
2100000,800,Noida,2,1,0,0,0,0,0,0,0,0,0,0,0,0,0,0,2625.0,0.0,0.0025
2254000,800,Other,2,1,0,0,0,0,0,0,0,0,0,0,0,0,0,0,2817.5,0.0,0.0025
2800000,800,Other,2,1,0,0,0,0,0,0,0,0,0,0,0,0,0,0,3500.0,0.0,0.0025
2900000,1000,Other,3,1,0,0,0,0,0,0,0,0,0,0,0,0,0,0,2900.0,0.0,0.003
2283000,1000,Other,3,1,0,0,0,0,0,0,0,0,0,0,0,0,0,0,2283.0,0.0,0.003
2292000,800,Other,2,1,0,0,0,0,0,0,0,0,0,0,0,0,0,0,2865.0,0.0,0.0025
2400000,800,Other,2,1,0,0,0,0,0,0,0,0,0,0,0,0,0,0,3000.0,0.0,0.0025
2100000,800,Noida,2,1,0,0,0,0,0,0,0,0,0,0,0,0,0,0,2625.0,0.0,0.0025
2900000,800,Noida,2,1,0,0,0,0,0,0,0,0,0,0,0,0,0,0,3625.0,0.0,0.0025
2000000,1000,Noida,3,1,0,0,0,0,0,0,0,0,0,0,0,0,0,0,2000.0,0.0,0.003
2800000,800,Noida,2,1,0,0,0,0,0,0,0,0,0,0,0,0,0,0,3500.0,0.0,0.0025
2100000,800,Noida,2,1,0,0,0,0,0,0,0,0,0,0,0,0,0,0,2625.0,0.0,0.0025
2700000,800,Noida,2,1,0,0,0,0,0,0,0,0,0,0,0,0,0,0,3375.0,0.0,0.0025
2120000,800,Noida,2,1,0,0,0,0,0,0,0,0,0,0,0,0,0,0,2650.0,0.0,0.0025
2350000,800,Noida,2,1,0,0,0,0,0,0,0,0,0,0,0,0,0,0,2937.5,0.0,0.0025
3000000,800,Noida,2,1,0,0,0,0,0,0,0,0,0,0,0,0,0,0,3750.0,0.0,0.0025
2980000,1000,Other,3,1,0,0,0,0,0,0,0,0,0,0,0,0,0,0,2980.0,0.0,0.003
2819000,800,Noida,2,1,0,0,0,0,0,0,0,0,0,0,0,0,0,0,3523.75,0.0,0.0025
2129000,1000,Noida,3,1,0,0,0,0,0,0,0,0,0,0,0,0,0,0,2129.0,0.0,0.003
2207000,800,Noida,2,1,0,0,0,0,0,0,0,0,0,0,0,0,0,0,2758.75,0.0,0.0025
2205000,800,Noida,2,1,0,0,0,0,0,0,0,0,0,0,0,0,0,0,2756.25,0.0,0.0025
2159000,800,Noida,2,1,0,0,0,0,0,0,0,0,0,0,0,0,0,0,2698.75,0.0,0.0025
2221000,800,Noida,2,1,0,0,0,0,0,0,0,0,0,0,0,0,0,0,2776.25,0.0,0.0025
2282000,800,Noida,2,1,0,0,0,0,0,0,0,0,0,0,0,0,0,0,2852.5,0.0,0.0025
2086000,800,Noida,2,1,0,0,0,0,0,0,0,0,0,0,0,0,0,0,2607.5,0.0,0.0025
2230000,800,Noida,2,1,0,0,0,0,0,0,0,0,0,0,0,0,0,0,2787.5,0.0,0.0025
2535000,800,Noida,2,1,0,0,0,0,0,0,0,0,0,0,0,0,0,0,3168.75,0.0,0.0025
2730000,1000,Noida,3,1,0,0,0,0,0,0,0,0,0,0,0,0,0,0,2730.0,0.0,0.003
2120000,1000,Noida,3,1,0,0,0,0,0,0,0,0,0,0,0,0,0,0,2120.0,0.0,0.003
2235000,800,Noida,2,1,0,0,0,0,0,0,0,0,0,0,0,0,0,0,2793.75,0.0,0.0025
2410000,800,Noida,2,1,0,0,0,0,0,0,0,0,0,0,0,0,0,0,3012.5,0.0,0.0025
2080999,800,Noida,2,1,0,0,0,0,0,0,0,0,0,0,0,0,0,0,2601.24875,0.0,0.0025
2237000,800,Noida,2,1,0,0,0,0,0,0,0,0,0,0,0,0,0,0,2796.25,0.0,0.0025
2194000,800,Noida,2,1,0,0,0,0,0,0,0,0,0,0,0,0,0,0,2742.5,0.0,0.0025
2882000,800,Noida,2,1,0,0,0,0,0,0,0,0,0,0,0,0,0,0,3602.5,0.0,0.0025
2390000,1000,Noida,3,1,0,0,0,0,0,0,0,0,0,0,0,0,0,0,2390.0,0.0,0.003
2910000,800,Noida,2,1,0,0,0,0,0,0,0,0,0,0,0,0,0,0,3637.5,0.0,0.0025
2236000,1000,Noida,3,1,0,0,0,0,0,0,0,0,0,0,0,0,0,0,2236.0,0.0,0.003
2913000,800,Noida,3,1,0,0,0,0,0,0,0,0,0,0,0,0,0,0,3641.25,0.0,0.00375
2814000,1000,Noida,3,1,0,0,0,0,0,0,0,0,0,0,0,0,0,0,2814.0,0.0,0.003
2165000,1000,Noida,3,1,0,0,0,0,0,0,0,0,0,0,0,0,0,0,2165.0,0.0,0.003
2246000,800,Noida,2,1,0,0,0,0,0,0,0,0,0,0,0,0,0,0,2807.5,0.0,0.0025
2350000,800,Noida,2,1,0,0,0,0,0,0,0,0,0,0,0,0,0,0,2937.5,0.0,0.0025
2843000,800,Noida,2,1,0,0,0,0,0,0,0,0,0,0,0,0,0,0,3553.75,0.0,0.0025
2284000,1000,Noida,3,1,0,0,0,0,0,0,0,0,0,0,0,0,0,0,2284.0,0.0,0.003
2883000,1000,Noida,3,1,0,0,0,0,0,0,0,0,0,0,0,0,0,0,2883.0,0.0,0.003
2181000,1000,Noida,3,1,0,0,0,0,0,0,0,0,0,0,0,0,0,0,2181.0,0.0,0.003
2207000,800,Noida,2,1,0,0,0,0,0,0,0,0,0,0,0,0,0,0,2758.75,0.0,0.0025
2800000,800,Noida,2,1,0,0,0,0,0,0,0,0,0,0,0,0,0,0,3500.0,0.0,0.0025
2714000,1000,Noida,3,1,0,0,0,0,0,0,0,0,0,0,0,0,0,0,2714.0,0.0,0.003
2132000,1000,Noida,3,1,0,0,0,0,0,0,0,0,0,0,0,0,0,0,2132.0,0.0,0.003
2184000,800,Noida,2,1,0,0,0,0,0,0,0,0,0,0,0,0,0,0,2730.0,0.0,0.0025
2263000,800,Other,2,1,0,0,0,0,0,0,0,0,0,0,0,0,0,0,2828.75,0.0,0.0025
2777000,800,Noida,2,1,0,0,0,0,0,0,0,0,0,0,0,0,0,0,3471.25,0.0,0.0025
2239000,1000,Noida,3,1,0,0,0,0,0,0,0,0,0,0,0,0,0,0,2239.0,0.0,0.003
2810000,800,Noida,2,1,0,0,0,0,0,0,0,0,0,0,0,0,0,0,3512.5,0.0,0.0025
2059000,1000,Noida,3,1,0,0,0,0,0,0,0,0,0,0,0,0,0,0,2059.0,0.0,0.003
2273000,800,Noida,2,1,0,0,0,0,0,0,0,0,0,0,0,0,0,0,2841.25,0.0,0.0025
2780000,800,Noida,2,1,0,0,0,0,0,0,0,0,0,0,0,0,0,0,3475.0,0.0,0.0025
2800000,800,Noida,2,1,0,0,0,0,0,0,0,0,0,0,0,0,0,0,3500.0,0.0,0.0025
2980000,800,Noida,2,1,0,0,0,0,0,0,0,0,0,0,0,0,0,0,3725.0,0.0,0.0025
2700000,1000,Noida,3,1,0,0,0,0,0,0,0,0,0,0,0,0,0,0,2700.0,0.0,0.003
2150000,1000,Noida,3,1,0,0,0,0,0,0,0,0,0,0,0,0,0,0,2150.0,0.0,0.003
2125000,780,Noida,2,1,0,0,0,0,0,0,0,0,0,0,0,0,0,0,2724.358974358974,0.0,0.002564102564102564
2750000,800,Noida,2,1,0,0,0,0,0,0,0,0,0,0,0,0,0,0,3437.5,0.0,0.0025
3000000,1000,Noida,3,1,0,0,0,0,0,0,0,0,0,0,0,0,0,0,3000.0,0.0,0.003
3014000,1000,Noida,3,1,0,0,0,0,0,0,0,0,0,0,0,0,0,0,3014.0,0.0,0.003
2249000,1000,Other,3,1,0,0,0,0,0,0,0,0,0,0,0,0,0,0,2249.0,0.0,0.003
2300000,800,Other,2,1,0,0,0,0,0,0,0,0,0,0,0,0,0,0,2875.0,0.0,0.0025
2253000,800,Noida,2,1,0,0,0,0,0,0,0,0,0,0,0,0,0,0,2816.25,0.0,0.0025
2980000,1000,Noida,3,1,0,0,0,0,0,0,0,0,0,0,0,0,0,0,2980.0,0.0,0.003
2075000,1000,Noida,3,1,0,0,0,0,0,0,0,0,0,0,0,0,0,0,2075.0,0.0,0.003
2800000,800,Noida,2,1,0,0,0,0,0,0,0,0,0,0,0,0,0,0,3500.0,0.0,0.0025
2980000,1000,Other,3,1,0,0,0,0,0,0,0,0,0,0,0,0,0,0,2980.0,0.0,0.003
2819000,800,Noida,2,1,0,0,0,0,0,0,0,0,0,0,0,0,0,0,3523.75,0.0,0.0025
2129000,1000,Noida,3,1,0,0,0,0,0,0,0,0,0,0,0,0,0,0,2129.0,0.0,0.003
2207000,800,Noida,2,1,0,0,0,0,0,0,0,0,0,0,0,0,0,0,2758.75,0.0,0.0025
2700000,800,Noida,2,1,0,0,0,0,0,0,0,0,0,0,0,0,0,0,3375.0,0.0,0.0025
2122000,1000,Noida,3,1,0,0,0,0,0,0,0,0,0,0,0,0,0,0,2122.0,0.0,0.003
2061000,800,Noida,2,1,0,0,0,0,0,0,0,0,0,0,0,0,0,0,2576.25,0.0,0.0025
2258000,800,Noida,2,1,0,0,0,0,0,0,0,0,0,0,0,0,0,0,2822.5,0.0,0.0025
2100000,800,Noida,2,1,0,0,0,0,0,0,0,0,0,0,0,0,0,0,2625.0,0.0,0.0025
2350000,800,Noida,2,1,0,0,0,0,0,0,0,0,0,0,0,0,0,0,2937.5,0.0,0.0025
2920000,800,Noida,2,1,0,0,0,0,0,0,0,0,0,0,0,0,0,0,3650.0,0.0,0.0025
2480000,1000,Noida,3,1,0,0,0,0,0,0,0,0,0,0,0,0,0,0,2480.0,0.0,0.003
2214000,800,Noida,2,1,0,0,0,0,0,0,0,0,0,0,0,0,0,0,2767.5,0.0,0.0025
2947000,800,Noida,2,1,0,0,0,0,0,0,0,0,0,0,0,0,0,0,3683.75,0.0,0.0025
3042000,1000,Noida,3,1,0,0,0,0,0,0,0,0,0,0,0,0,0,0,3042.0,0.0,0.003
3057000,1000,Noida,3,1,0,0,0,0,0,0,0,0,0,0,0,0,0,0,3057.0,0.0,0.003
2356000,1000,Noida,3,1,0,0,0,0,0,0,0,0,0,0,0,0,0,0,2356.0,0.0,0.003
2400000,800,Noida,2,1,0,0,0,0,0,0,0,0,0,0,0,0,0,0,3000.0,0.0,0.0025
3000000,800,Noida,2,1,0,0,0,0,0,0,0,0,0,0,0,0,0,0,3750.0,0.0,0.0025
2055000,1000,Noida,3,1,0,0,0,0,0,0,0,0,0,0,0,0,0,0,2055.0,0.0,0.003
2199000,800,Noida,2,1,0,0,0,0,0,0,0,0,0,0,0,0,0,0,2748.75,0.0,0.0025
2200000,800,Noida,2,1,0,0,0,0,0,0,0,0,0,0,0,0,0,0,2750.0,0.0,0.0025
2900000,800,Noida,2,1,0,0,0,0,0,0,0,0,0,0,0,0,0,0,3625.0,0.0,0.0025
2310000,1000,Noida,3,1,0,0,0,0,0,0,0,0,0,0,0,0,0,0,2310.0,0.0,0.003
2350000,800,Noida,2,1,0,0,0,0,0,0,0,0,0,0,0,0,0,0,2937.5,0.0,0.0025
2700000,800,Noida,2,1,0,0,0,0,0,0,0,0,0,0,0,0,0,0,3375.0,0.0,0.0025
3010000,800,Noida,2,1,0,0,0,0,0,0,0,0,0,0,0,0,0,0,3762.5,0.0,0.0025
2300000,1000,Noida,3,1,0,0,0,0,0,0,0,0,0,0,0,0,0,0,2300.0,0.0,0.003
2700000,800,Noida,2,1,0,0,0,0,0,0,0,0,0,0,0,0,0,0,3375.0,0.0,0.0025
2780000,800,Noida,2,1,0,0,0,0,0,0,0,0,0,0,0,0,0,0,3475.0,0.0,0.0025
2800000,800,Noida,2,1,0,0,0,0,0,0,0,0,0,0,0,0,0,0,3500.0,0.0,0.0025
2600000,800,Noida,2,1,0,0,0,0,0,0,0,0,0,0,0,0,0,0,3250.0,0.0,0.0025
2350000,1000,Noida,3,1,0,0,0,0,0,0,0,0,0,0,0,0,0,0,2350.0,0.0,0.003
3010000,800,Noida,2,1,0,0,0,0,0,0,0,0,0,0,0,0,0,0,3762.5,0.0,0.0025
2300000,1000,Noida,3,1,0,0,0,0,0,0,0,0,0,0,0,0,0,0,2300.0,0.0,0.003
2800000,800,Noida,2,1,0,0,0,0,0,0,0,0,0,0,0,0,0,0,3500.0,0.0,0.0025
2980000,800,Noida,2,1,0,0,0,0,0,0,0,0,0,0,0,0,0,0,3725.0,0.0,0.0025
2800000,1000,Noida,3,1,0,0,0,0,0,0,0,0,0,0,0,0,0,0,2800.0,0.0,0.003
3100000,800,Noida,2,1,0,0,0,0,0,0,0,0,0,0,0,0,0,0,3875.0,0.0,0.0025
2390000,1000,Noida,3,1,0,0,0,0,0,0,0,0,0,0,0,0,0,0,2390.0,0.0,0.003
2700000,800,Noida,2,1,0,0,0,0,0,0,0,0,0,0,0,0,0,0,3375.0,0.0,0.0025
5000000,800,Noida,2,1,0,0,0,0,0,0,0,0,0,0,0,0,0,0,6250.0,0.0,0.0025
3034000,500,Noida,1,1,0,0,0,0,0,0,0,0,0,0,0,0,0,0,6068.0,0.0,0.002
2350000,1000,Noida,3,1,0,0,0,0,0,0,0,0,0,0,0,0,0,0,2350.0,0.0,0.003
2500000,800,Noida,2,1,0,0,0,0,0,0,0,0,0,0,0,0,0,0,3125.0,0.0,0.0025
2700000,1000,Noida,3,1,0,0,0,0,0,0,0,0,0,0,0,0,0,0,2700.0,0.0,0.003
3000000,800,Noida,2,1,0,0,0,0,0,0,0,0,0,0,0,0,0,0,3750.0,0.0,0.0025
3300000,1000,Noida,3,1,0,0,0,0,0,0,0,0,0,0,0,0,0,0,3300.0,0.0,0.003
2450000,1000,Other,3,1,0,0,0,0,0,0,0,0,0,0,0,0,0,0,2450.0,0.0,0.003
20299999,800,Noida,2,1,0,0,0,0,0,0,0,0,0,0,0,0,0,0,25374.99875,0.0,0.0025
3021000,1000,Noida,3,1,0,0,0,0,0,0,0,0,0,0,0,0,0,0,3021.0,0.0,0.003
2242000,1000,Noida,3,1,0,0,0,0,0,0,0,0,0,0,0,0,0,0,2242.0,0.0,0.003
2819000,800,Noida,2,1,0,0,0,0,0,0,0,0,0,0,0,0,0,0,3523.75,0.0,0.0025
2207000,1000,Noida,3,1,0,0,0,0,0,0,0,0,0,0,0,0,0,0,2207.0,0.0,0.003
2355000,800,Noida,2,1,0,0,0,0,0,0,0,0,0,0,0,0,0,0,2943.75,0.0,0.0025
2400000,800,Noida,2,1,0,0,0,0,0,0,0,0,0,0,0,0,0,0,3000.0,0.0,0.0025
2030000,800,Noida,2,1,0,0,0,0,0,0,0,0,0,0,0,0,0,0,2537.5,0.0,0.0025
2248000,1000,Noida,3,1,0,0,0,0,0,0,0,0,0,0,0,0,0,0,2248.0,0.0,0.003
2840000,800,Noida,2,1,0,0,0,0,0,0,0,0,0,0,0,0,0,0,3550.0,0.0,0.0025
2948000,1000,Noida,3,1,0,0,0,0,0,0,0,0,0,0,0,0,0,0,2948.0,0.0,0.003
2075000,1000,Noida,3,1,0,0,0,0,0,0,0,0,0,0,0,0,0,0,2075.0,0.0,0.003
2098000,800,Noida,2,1,0,0,0,0,0,0,0,0,0,0,0,0,0,0,2622.5,0.0,0.0025
2287000,800,Noida,2,1,0,0,0,0,0,0,0,0,0,0,0,0,0,0,2858.75,0.0,0.0025
2235000,810,Noida,2,1,0,0,0,0,0,0,0,0,0,0,0,0,0,0,2759.259259259259,0.0,0.0024691358024691358
2350000,800,Noida,2,1,0,0,0,0,0,0,0,0,0,0,0,0,0,0,2937.5,0.0,0.0025
2910000,800,Noida,2,1,0,0,0,0,0,0,0,0,0,0,0,0,0,0,3637.5,0.0,0.0025
2222000,1000,Noida,3,1,0,0,0,0,0,0,0,0,0,0,0,0,0,0,2222.0,0.0,0.003
2278000,800,Noida,2,1,0,0,0,0,0,0,0,0,0,0,0,0,0,0,2847.5,0.0,0.0025
2242000,800,Noida,2,1,0,0,0,0,0,0,0,0,0,0,0,0,0,0,2802.5,0.0,0.0025
2242000,800,Noida,2,1,0,0,0,0,0,0,0,0,0,0,0,0,0,0,2802.5,0.0,0.0025
2953000,800,Noida,2,1,0,0,0,0,0,0,0,0,0,0,0,0,0,0,3691.25,0.0,0.0025
2150000,1000,Noida,2,1,0,0,0,0,0,0,0,0,0,0,0,0,0,0,2150.0,0.0,0.002
2129000,800,Other,2,1,0,0,0,0,0,0,0,0,0,0,0,0,0,0,2661.25,0.0,0.0025
2207000,800,Noida,2,1,0,0,0,0,0,0,0,0,0,0,0,0,0,0,2758.75,0.0,0.0025
2715000,800,Noida,2,1,0,0,0,0,0,0,0,0,0,0,0,0,0,0,3393.75,0.0,0.0025
2122000,1000,Noida,3,1,0,0,0,0,0,0,0,0,0,0,0,0,0,0,2122.0,0.0,0.003
2950000,800,Noida,2,1,0,0,0,0,0,0,0,0,0,0,0,0,0,0,3687.5,0.0,0.0025
2300000,1000,Noida,3,1,0,0,0,0,0,0,0,0,0,0,0,0,0,0,2300.0,0.0,0.003
2100000,800,Noida,2,1,0,0,0,0,0,0,0,0,0,0,0,0,0,0,2625.0,0.0,0.0025
2933000,800,Noida,2,1,0,0,0,0,0,0,0,0,0,0,0,0,0,0,3666.25,0.0,0.0025
2910000,1000,Noida,3,1,0,0,0,0,0,0,0,0,0,0,0,0,0,0,2910.0,0.0,0.003
2237000,1000,Noida,3,1,0,0,0,0,0,0,0,0,0,0,0,0,0,0,2237.0,0.0,0.003
2285000,800,Noida,2,1,0,0,0,0,0,0,0,0,0,0,0,0,0,0,2856.25,0.0,0.0025
2983000,800,Noida,2,1,0,0,0,0,0,0,0,0,0,0,0,0,0,0,3728.75,0.0,0.0025
2073999,1000,Noida,3,1,0,0,0,0,0,0,0,0,0,0,0,0,0,0,2073.999,0.0,0.003
2870000,800,Noida,2,1,0,0,0,0,0,0,0,0,0,0,0,0,0,0,3587.5,0.0,0.0025
2180000,1000,Noida,3,1,0,0,0,0,0,0,0,0,0,0,0,0,0,0,2180.0,0.0,0.003
2819000,800,Noida,2,1,0,0,0,0,0,0,0,0,0,0,0,0,0,0,3523.75,0.0,0.0025
2207000,1000,Noida,3,1,0,0,0,0,0,0,0,0,0,0,0,0,0,0,2207.0,0.0,0.003
2355000,800,Noida,2,1,0,0,0,0,0,0,0,0,0,0,0,0,0,0,2943.75,0.0,0.0025
2400000,800,Noida,2,1,0,0,0,0,0,0,0,0,0,0,0,0,0,0,3000.0,0.0,0.0025
2030000,800,Noida,2,1,0,0,0,0,0,0,0,0,0,0,0,0,0,0,2537.5,0.0,0.0025
2248000,1000,Noida,3,1,0,0,0,0,0,0,0,0,0,0,0,0,0,0,2248.0,0.0,0.003
2840000,800,Noida,2,1,0,0,0,0,0,0,0,0,0,0,0,0,0,0,3550.0,0.0,0.0025
2948000,1000,Noida,3,1,0,0,0,0,0,0,0,0,0,0,0,0,0,0,2948.0,0.0,0.003
2075000,1000,Noida,3,1,0,0,0,0,0,0,0,0,0,0,0,0,0,0,2075.0,0.0,0.003
2098000,800,Noida,2,1,0,0,0,0,0,0,0,0,0,0,0,0,0,0,2622.5,0.0,0.0025
2287000,800,Noida,2,1,0,0,0,0,0,0,0,0,0,0,0,0,0,0,2858.75,0.0,0.0025
2235000,810,Noida,2,1,0,0,0,0,0,0,0,0,0,0,0,0,0,0,2759.259259259259,0.0,0.0024691358024691358
2350000,800,Noida,2,1,0,0,0,0,0,0,0,0,0,0,0,0,0,0,2937.5,0.0,0.0025
2910000,800,Noida,2,1,0,0,0,0,0,0,0,0,0,0,0,0,0,0,3637.5,0.0,0.0025
2222000,1000,Noida,3,1,0,0,0,0,0,0,0,0,0,0,0,0,0,0,2222.0,0.0,0.003
2278000,800,Noida,2,1,0,0,0,0,0,0,0,0,0,0,0,0,0,0,2847.5,0.0,0.0025
2242000,800,Noida,2,1,0,0,0,0,0,0,0,0,0,0,0,0,0,0,2802.5,0.0,0.0025
2242000,800,Noida,2,1,0,0,0,0,0,0,0,0,0,0,0,0,0,0,2802.5,0.0,0.0025
2953000,800,Noida,2,1,0,0,0,0,0,0,0,0,0,0,0,0,0,0,3691.25,0.0,0.0025
2150000,1000,Noida,2,1,0,0,0,0,0,0,0,0,0,0,0,0,0,0,2150.0,0.0,0.002
2129000,800,Other,2,1,0,0,0,0,0,0,0,0,0,0,0,0,0,0,2661.25,0.0,0.0025
2207000,800,Noida,2,1,0,0,0,0,0,0,0,0,0,0,0,0,0,0,2758.75,0.0,0.0025
2715000,800,Noida,2,1,0,0,0,0,0,0,0,0,0,0,0,0,0,0,3393.75,0.0,0.0025
2122000,1000,Noida,3,1,0,0,0,0,0,0,0,0,0,0,0,0,0,0,2122.0,0.0,0.003
2950000,800,Noida,2,1,0,0,0,0,0,0,0,0,0,0,0,0,0,0,3687.5,0.0,0.0025
2300000,1000,Noida,3,1,0,0,0,0,0,0,0,0,0,0,0,0,0,0,2300.0,0.0,0.003
2100000,800,Noida,2,1,0,0,0,0,0,0,0,0,0,0,0,0,0,0,2625.0,0.0,0.0025
2933000,800,Noida,2,1,0,0,0,0,0,0,0,0,0,0,0,0,0,0,3666.25,0.0,0.0025
2910000,1000,Noida,3,1,0,0,0,0,0,0,0,0,0,0,0,0,0,0,2910.0,0.0,0.003
2237000,1000,Noida,3,1,0,0,0,0,0,0,0,0,0,0,0,0,0,0,2237.0,0.0,0.003
2285000,800,Noida,2,1,0,0,0,0,0,0,0,0,0,0,0,0,0,0,2856.25,0.0,0.0025
2983000,800,Noida,2,1,0,0,0,0,0,0,0,0,0,0,0,0,0,0,3728.75,0.0,0.0025
2073999,1000,Noida,3,1,0,0,0,0,0,0,0,0,0,0,0,0,0,0,2073.999,0.0,0.003
2870000,800,Noida,2,1,0,0,0,0,0,0,0,0,0,0,0,0,0,0,3587.5,0.0,0.0025
2180000,1000,Noida,3,1,0,0,0,0,0,0,0,0,0,0,0,0,0,0,2180.0,0.0,0.003
2832000,800,Noida,2,1,0,0,0,0,0,0,0,0,0,0,0,0,0,0,3540.0,0.0,0.0025
3015000,1000,Noida,3,1,0,0,0,0,0,0,0,0,0,0,0,0,0,0,3015.0,0.0,0.003
3023000,1000,Noida,3,1,0,0,0,0,0,0,0,0,0,0,0,0,0,0,3023.0,0.0,0.003
2400000,800,Noida,3,1,0,0,0,0,0,0,0,0,0,0,0,0,0,0,3000.0,0.0,0.00375
2900000,800,Noida,2,1,0,0,0,0,0,0,0,0,0,0,0,0,0,0,3625.0,0.0,0.0025
2200000,1000,Noida,3,1,0,0,0,0,0,0,0,0,0,0,0,0,0,0,2200.0,0.0,0.003
3005000,800,Noida,2,1,0,0,0,0,0,0,0,0,0,0,0,0,0,0,3756.25,0.0,0.0025
2106000,1000,Noida,3,1,0,0,0,0,0,0,0,0,0,0,0,0,0,0,2106.0,0.0,0.003
2306000,800,Noida,2,1,0,0,0,0,0,0,0,0,0,0,0,0,0,0,2882.5,0.0,0.0025
2122000,800,Noida,2,1,0,0,0,0,0,0,0,0,0,0,0,0,0,0,2652.5,0.0,0.0025
3016000,800,Noida,2,1,0,0,0,0,0,0,0,0,0,0,0,0,0,0,3770.0,0.0,0.0025
3900000,1100,Noida,3,1,0,0,0,0,0,0,0,0,0,0,0,0,0,0,3545.4545454545455,0.0,0.0027272727272727275
2451000,750,Other,2,1,0,0,0,0,0,0,0,0,0,0,0,0,0,0,3268.0,0.0,0.0026666666666666666
8500000,500,Uttam Nagar,2,0,0,0,0,0,0,0,0,0,0,0,0,0,0,0,17000.0,0.0,0.004
20000000,855,Other,2,1,0,0,0,0,0,0,0,0,0,0,0,0,0,0,23391.812865497075,0.0,0.0023391812865497076
4500000,1000,Other,2,1,0,0,0,0,0,0,0,0,0,0,0,0,0,0,4500.0,0.0,0.002
6500000,850,Other,2,1,0,0,0,0,0,0,0,0,0,0,0,0,0,0,7647.058823529412,0.0,0.002352941176470588
9500000,850,Other,2,1,0,0,0,0,0,0,0,0,0,0,0,0,0,0,11176.470588235294,0.0,0.002352941176470588
4500000,850,Other,3,1,0,0,0,0,0,0,0,0,0,0,0,0,0,0,5294.117647058823,0.0,0.0035294117647058825
5500000,800,Other,2,1,0,0,0,0,0,0,0,0,0,0,0,0,0,0,6875.0,0.0,0.0025
8000000,750,Other,2,1,0,0,0,0,0,0,0,0,0,0,0,0,0,0,10666.666666666666,0.0,0.0026666666666666666
6500000,950,Other,3,1,0,0,0,0,0,0,0,0,0,0,0,0,0,0,6842.105263157895,0.0,0.003157894736842105
10000000,800,Other,2,1,0,0,0,0,0,0,0,0,0,0,0,0,0,0,12500.0,0.0,0.0025
10000000,1100,Other,3,1,0,0,0,0,0,0,0,0,0,0,0,0,0,0,9090.90909090909,0.0,0.0027272727272727275
7500000,850,Other,2,1,0,0,0,0,0,0,0,0,0,0,0,0,0,0,8823.529411764706,0.0,0.002352941176470588
4700000,1000,Dwarka Mor,3,0,0,0,0,0,0,0,0,0,0,0,0,0,0,0,4700.0,0.0,0.003
2000000,820,Dwarka Mor,3,0,0,0,0,0,0,0,0,0,0,0,0,0,0,0,2439.0243902439024,0.0,0.003658536585365854
2700000,500,Dwarka Mor,1,0,0,0,0,0,0,0,0,0,0,0,0,0,0,0,5400.0,0.0,0.002
2400000,625,Dwarka Mor,2,0,0,0,0,0,0,0,0,0,0,0,0,0,0,0,3840.0,0.0,0.0032
8900000,525,Dwarka Mor,2,0,0,0,0,0,0,0,0,0,0,0,0,0,0,0,16952.380952380954,0.0,0.0038095238095238095
3500000,1050,Dwarka Mor,4,0,0,0,0,0,0,0,0,0,0,0,0,0,0,0,3333.3333333333335,0.0,0.0038095238095238095
4200000,750,Dwarka Mor,2,0,0,0,0,0,0,0,0,0,0,0,0,0,0,0,5600.0,0.0,0.0026666666666666666
3651000,850,Dwarka Mor,3,0,0,0,0,0,0,0,0,0,0,0,0,0,0,0,4295.294117647059,0.0,0.0035294117647058825
2451000,720,Uttam Nagar,3,0,0,0,0,0,0,0,0,0,0,0,0,0,0,0,3404.1666666666665,0.0,0.004166666666666667
4551000,540,Uttam Nagar,2,0,0,0,0,0,0,0,0,0,0,0,0,0,0,0,8427.777777777777,0.0,0.003703703703703704
3251000,900,Uttam Nagar,3,0,0,0,0,0,0,0,0,0,0,0,0,0,0,0,3612.222222222222,0.0,0.0033333333333333335
2800000,675,Uttam Nagar,3,0,0,0,0,0,0,0,0,0,0,0,0,0,0,0,4148.148148148148,0.0,0.0044444444444444444
4551000,650,Uttam Nagar,2,0,0,0,0,0,0,0,0,0,0,0,0,0,0,0,7001.538461538462,0.0,0.003076923076923077
13000000,900,Uttam Nagar,3,0,0,0,0,0,0,0,0,0,0,0,0,0,0,0,14444.444444444445,0.0,0.0033333333333333335
35500000,1700,Sector 10 Dwarka,3,1,0,0,0,0,0,0,0,0,0,0,0,0,0,0,20882.352941176472,0.0,0.0017647058823529412
5000000,2450,Other,3,1,0,0,0,0,0,0,0,0,0,0,0,0,0,0,2040.8163265306123,0.0,0.0012244897959183673
4000000,1000,Dwarka Mor,3,0,0,0,0,0,0,0,0,0,0,0,0,0,0,0,4000.0,0.0,0.003
2000000,900,Dwarka Mor,3,0,0,0,0,0,0,0,0,0,0,0,0,0,0,0,2222.222222222222,0.0,0.0033333333333333335
5000000,500,Dwarka Mor,1,0,0,0,0,0,0,0,0,0,0,0,0,0,0,0,10000.0,0.0,0.002
3000000,1000,Uttam Nagar,3,0,0,0,0,0,0,0,0,0,0,0,0,0,0,0,3000.0,0.0,0.003
4000000,750,Dwarka Mor,2,0,0,0,0,0,0,0,0,0,0,0,0,0,0,0,5333.333333333333,0.0,0.0026666666666666666
2600000,900,Uttam Nagar,3,0,0,0,0,0,0,0,0,0,0,0,0,0,0,0,2888.8888888888887,0.0,0.0033333333333333335
3000000,650,Dwarka Mor,2,0,0,0,0,0,0,0,0,0,0,0,0,0,0,0,4615.384615384615,0.0,0.003076923076923077
3500000,750,Uttam Nagar,2,0,0,0,0,0,0,0,0,0,0,0,0,0,0,0,4666.666666666667,0.0,0.0026666666666666666
3500000,850,Dwarka Mor,3,0,0,0,0,0,0,0,0,0,0,0,0,0,0,0,4117.64705882353,0.0,0.0035294117647058825
2500000,850,Uttam Nagar,3,0,0,0,0,0,0,0,0,0,0,0,0,0,0,0,2941.176470588235,0.0,0.0035294117647058825
2500000,600,Dwarka Mor,2,0,0,0,0,0,0,0,0,0,0,0,0,0,0,0,4166.666666666667,0.0,0.0033333333333333335
5500000,600,Uttam Nagar,2,0,0,0,0,0,0,0,0,0,0,0,0,0,0,0,9166.666666666666,0.0,0.0033333333333333335
4000000,1050,Uttam Nagar,3,0,0,0,0,0,0,0,0,0,0,0,0,0,0,0,3809.5238095238096,0.0,0.002857142857142857
7500000,800,Uttam Nagar,2,0,0,0,0,0,0,0,0,0,0,0,0,0,0,0,9375.0,0.0,0.0025
7500000,850,Sector 4 Dwarka,1,1,0,0,0,0,0,0,0,0,0,0,0,0,0,0,8823.529411764706,0.0,0.001176470588235294
12000000,850,Sector 4 Dwarka,1,1,0,0,0,0,0,0,0,0,0,0,0,0,0,0,14117.64705882353,0.0,0.001176470588235294
54200000,1400,Other,2,1,0,0,0,0,0,0,0,0,0,0,0,0,0,0,38714.28571428572,0.0,0.0014285714285714286
42300000,4376,Other,4,1,0,0,0,0,0,0,0,0,0,0,0,0,0,0,9666.36197440585,0.0,0.0009140767824497258
5200000,1225,Sector 12 Dwarka,3,1,0,0,0,0,0,0,0,0,0,0,0,0,0,0,4244.897959183673,0.0,0.0024489795918367346
6500000,600,Sector 22 Dwarka,1,1,0,0,0,0,0,0,0,0,0,0,0,0,0,0,10833.333333333334,0.0,0.0016666666666666668
6500000,2360,Other,3,1,0,0,0,0,0,0,0,0,0,0,0,0,0,0,2754.237288135593,0.0,0.001271186440677966
4500000,1020,Sector 22 Dwarka,2,1,0,0,0,0,0,0,0,0,0,0,0,0,0,0,4411.764705882353,0.0,0.00196078431372549
12800000,600,Sector 22 Dwarka,1,1,0,0,0,0,0,0,0,0,0,0,0,0,0,0,21333.333333333332,0.0,0.0016666666666666668
15000000,1400,Sector 6 Dwarka,2,1,0,0,0,0,0,0,0,0,0,0,0,0,0,0,10714.285714285714,0.0,0.0014285714285714286
60000000,1900,Other,3,1,0,0,0,0,0,0,0,0,0,0,0,0,0,0,31578.947368421053,0.0,0.0015789473684210526
80000000,1103,Other,2,1,0,0,0,0,0,0,0,0,0,0,0,0,0,0,72529.46509519493,0.0,0.001813236627379873
20000000,1105,Other,2,1,0,0,0,0,0,0,0,0,0,0,0,0,0,0,18099.547511312216,0.0,0.0018099547511312218
50000000,1106,Other,2,1,0,0,0,0,0,0,0,0,0,0,0,0,0,0,45207.956600361664,0.0,0.0018083182640144665
50000000,1107,Other,2,1,0,0,0,0,0,0,0,0,0,0,0,0,0,0,45167.11833785004,0.0,0.0018066847335140017
55000000,1207,Other,2,1,0,0,0,0,0,0,0,0,0,0,0,0,0,0,45567.52278376139,0.0,0.0016570008285004142
3500000,1201,Other,2,1,0,0,0,0,0,0,0,0,0,0,0,0,0,0,2914.238134887594,0.0,0.0016652789342214821
2300000,585,Other,2,1,0,0,0,0,0,0,0,0,0,0,0,0,0,0,3931.6239316239316,0.0,0.003418803418803419
3000000,800,Other,2,1,0,0,0,0,0,0,0,0,0,0,0,0,0,0,3750.0,0.0,0.0025
2600000,1000,Noida,3,1,0,0,0,0,0,0,0,0,0,0,0,0,0,0,2600.0,0.0,0.003
2350000,1000,Noida,3,1,0,0,0,0,0,0,0,0,0,0,0,0,0,0,2350.0,0.0,0.003
17800000,800,Noida,2,1,0,0,0,0,0,0,0,0,0,0,0,0,0,0,22250.0,0.0,0.0025
2800000,800,Noida,2,1,0,0,0,0,0,0,0,0,0,0,0,0,0,0,3500.0,0.0,0.0025
2200000,800,Noida,2,1,0,0,0,0,0,0,0,0,0,0,0,0,0,0,2750.0,0.0,0.0025
2900000,800,Noida,2,1,0,0,0,0,0,0,0,0,0,0,0,0,0,0,3625.0,0.0,0.0025
2600000,1000,Noida,2,1,0,0,0,0,0,0,0,0,0,0,0,0,0,0,2600.0,0.0,0.002
2000000,1000,Noida,3,1,0,0,0,0,0,0,0,0,0,0,0,0,0,0,2000.0,0.0,0.003
8500000,800,Noida,2,1,0,0,0,0,0,0,0,0,0,0,0,0,0,0,10625.0,0.0,0.0025
16500000,1498,Other,3,1,0,0,0,0,0,0,0,0,0,0,0,0,0,0,11014.686248331109,0.0,0.0020026702269692926
2700000,1965,Other,3,1,0,0,0,0,0,0,0,0,0,0,0,0,0,0,1374.0458015267175,0.0,0.0015267175572519084
28000000,586,Other,2,1,0,0,0,0,0,0,0,0,0,0,0,0,0,0,47781.56996587031,0.0,0.0034129692832764505
2500000,1600,Other,4,1,0,0,0,0,0,0,0,0,0,0,0,0,0,0,1562.5,0.0,0.0025
2600000,600,Other,1,1,0,0,0,0,0,0,0,0,0,0,0,0,0,0,4333.333333333333,0.0,0.0016666666666666668
2400000,600,Other,1,1,0,0,0,0,0,0,0,0,0,0,0,0,0,0,4000.0,0.0,0.0016666666666666668
2600000,650,Other,1,1,0,0,0,0,0,0,0,0,0,0,0,0,0,0,4000.0,0.0,0.0015384615384615385
3500000,750,Other,2,1,0,0,0,0,0,0,0,0,0,0,0,0,0,0,4666.666666666667,0.0,0.0026666666666666666
6500000,1200,Other,2,1,0,0,0,0,0,0,0,0,0,0,0,0,0,0,5416.666666666667,0.0,0.0016666666666666668
4700000,2900,Other,4,1,0,0,0,0,0,0,0,0,0,0,0,0,0,0,1620.6896551724137,0.0,0.001379310344827586
2100000,650,Other,2,1,0,0,0,0,0,0,0,0,0,0,0,0,0,0,3230.769230769231,0.0,0.003076923076923077
2500000,550,Other,1,1,0,0,0,0,0,0,0,0,0,0,0,0,0,0,4545.454545454545,0.0,0.0018181818181818182
2500000,810,Other,2,1,0,0,0,0,0,0,0,0,0,0,0,0,0,0,3086.41975308642,0.0,0.0024691358024691358
12500000,600,Other,3,1,0,0,0,0,0,0,0,0,0,0,0,0,0,0,20833.333333333332,0.0,0.005
3600000,2700,Other,6,1,0,0,0,0,0,0,0,0,0,0,0,0,0,0,1333.3333333333333,0.0,0.0022222222222222222
5400000,750,Other,2,1,0,0,0,0,0,0,0,0,0,0,0,0,0,0,7200.0,0.0,0.0026666666666666666
4500000,1200,Other,2,1,0,0,0,0,0,0,0,0,0,0,0,0,0,0,3750.0,0.0,0.0016666666666666668
5400000,1000,Other,4,1,0,0,0,0,0,0,0,0,0,0,0,0,0,0,5400.0,0.0,0.004
5600000,550,Other,1,1,0,0,0,0,0,0,0,0,0,0,0,0,0,0,10181.818181818182,0.0,0.0018181818181818182
2900000,810,Other,2,1,0,0,0,0,0,0,0,0,0,0,0,0,0,0,3580.246913580247,0.0,0.0024691358024691358
11500000,900,Other,2,1,0,0,0,0,0,0,0,0,0,0,0,0,0,0,12777.777777777777,0.0,0.0022222222222222222
6000000,1000,Sector 12 Dwarka,2,1,0,0,0,0,0,0,0,0,0,0,0,0,0,0,6000.0,0.0,0.002
35900000,240,Other,1,1,0,0,0,0,0,0,0,0,0,0,0,0,0,0,149583.33333333334,0.0,0.004166666666666667
3590000,2000,Other,3,1,0,0,0,0,0,0,0,0,0,0,0,0,0,0,1795.0,0.0,0.0015
3590999,2000,Other,3,1,0,0,0,0,0,0,0,0,0,0,0,0,0,0,1795.4995,0.0,0.0015
6900000,2000,Other,3,1,0,0,0,0,0,0,0,0,0,0,0,0,0,0,3450.0,0.0,0.0015
8600000,1537,Other,3,1,0,0,0,0,0,0,0,0,0,0,0,0,0,0,5595.315549772284,0.0,0.001951854261548471
3700000,1709,Other,3,1,0,0,0,0,0,0,0,0,0,0,0,0,0,0,2165.0087770626096,0.0,0.0017554125219426564
4500000,1100,Other,2,1,0,0,0,0,0,0,0,0,0,0,0,0,0,0,4090.909090909091,0.0,0.0018181818181818182
13000000,2911,Other,3,1,0,0,0,0,0,0,0,0,0,0,0,0,0,0,4465.819306080385,0.0,0.0010305736860185502
17500000,900,Other,2,1,0,0,0,0,0,0,0,0,0,0,0,0,0,0,19444.444444444445,0.0,0.0022222222222222222
24000000,1200,Other,3,1,0,0,0,0,0,0,0,0,0,0,0,0,0,0,20000.0,0.0,0.0025
24000000,1200,Alaknanda,3,1,0,0,0,0,0,0,0,0,0,0,0,0,0,0,20000.0,0.0,0.0025
17500000,1200,Alaknanda,3,1,0,0,0,0,0,0,0,0,0,0,0,0,0,0,14583.333333333334,0.0,0.0025
8500000,1200,Other,3,1,0,0,0,0,0,0,0,0,0,0,0,0,0,0,7083.333333333333,0.0,0.0025
9000000,750,Vasant Kunj,1,1,0,0,0,0,0,0,0,0,0,0,0,0,0,0,12000.0,0.0,0.0013333333333333333
3800000,750,Vasant Kunj,1,1,0,0,0,0,0,0,0,0,0,0,0,0,0,0,5066.666666666667,0.0,0.0013333333333333333
6200000,720,Uttam Nagar,3,1,0,0,0,0,0,0,0,0,0,0,0,0,0,0,8611.111111111111,0.0,0.004166666666666667
4700000,900,Uttam Nagar,3,1,0,0,0,0,0,0,0,0,0,0,0,0,0,0,5222.222222222223,0.0,0.0033333333333333335
15500000,900,Uttam Nagar,3,1,0,0,0,0,0,0,0,0,0,0,0,0,0,0,17222.222222222223,0.0,0.0033333333333333335
18000000,1050,Vasant Kunj,2,1,0,0,0,0,0,0,0,0,0,0,0,0,0,0,17142.85714285714,0.0,0.0019047619047619048
2500000,1350,Vasant Kunj,3,1,0,0,0,0,0,0,0,0,0,0,0,0,0,0,1851.851851851852,0.0,0.0022222222222222222
4000000,600,Other,3,1,0,0,0,0,0,0,0,0,0,0,0,0,0,0,6666.666666666667,0.0,0.005
17500000,810,Other,2,1,0,0,0,0,0,0,0,0,0,0,0,0,0,0,21604.938271604937,0.0,0.0024691358024691358
17500000,1442,Other,3,1,0,0,0,0,0,0,0,0,0,0,0,0,0,0,12135.922330097088,0.0,0.0020804438280166435
4500000,1400,Other,3,1,0,0,0,0,0,0,0,0,0,0,0,0,0,0,3214.285714285714,0.0,0.002142857142857143
14000000,677,Other,2,1,0,0,0,0,0,0,0,0,0,0,0,0,0,0,20679.4682422452,0.0,0.0029542097488921715
43500000,1143,Other,3,1,0,0,0,0,0,0,0,0,0,0,0,0,0,0,38057.74278215223,0.0,0.0026246719160104987
2800000,2340,Other,4,1,0,0,0,0,0,0,0,0,0,0,0,0,0,0,1196.5811965811965,0.0,0.0017094017094017094
20000000,1250,Other,3,1,0,0,0,0,0,0,0,0,0,0,0,0,0,0,16000.0,0.0,0.0024
32500000,1200,Sector 22 Dwarka,3,1,0,0,0,0,0,0,0,0,0,0,0,0,0,0,27083.333333333332,0.0,0.0025
198900000,2111,Other,4,1,0,0,0,0,0,0,0,0,0,0,0,0,0,0,94220.74846044529,0.0,0.0018948365703458077
12500000,700,Dwarka Mor,1,1,0,0,0,0,0,0,0,0,0,0,0,0,0,0,17857.14285714286,0.0,0.0014285714285714286
8500000,1490,Other,3,1,0,0,0,0,0,0,0,0,0,0,0,0,0,0,5704.697986577181,0.0,0.0020134228187919465
17500000,1197,Other,3,1,0,0,0,0,0,0,0,0,0,0,0,0,0,0,14619.883040935672,0.0,0.002506265664160401
18000000,605,Other,3,1,0,0,0,0,0,0,0,0,0,0,0,0,0,0,29752.06611570248,0.0,0.0049586776859504135
30000000,1620,Other,3,1,0,0,0,0,0,0,0,0,0,0,0,0,0,0,18518.51851851852,0.0,0.001851851851851852
12500000,2808,Other,2,1,0,0,0,0,0,0,0,0,0,0,0,0,0,0,4451.5669515669515,0.0,0.0007122507122507123
30000000,1620,Other,3,1,0,0,0,0,0,0,0,0,0,0,0,0,0,0,18518.51851851852,0.0,0.001851851851851852
2700000,2808,Other,2,1,0,0,0,0,0,0,0,0,0,0,0,0,0,0,961.5384615384615,0.0,0.0007122507122507123
2100000,450,Other,2,1,0,0,0,0,0,0,0,0,0,0,0,0,0,0,4666.666666666667,0.0,0.0044444444444444444
6500000,2160,Other,4,1,0,0,0,0,0,0,0,0,0,0,0,0,0,0,3009.259259259259,0.0,0.001851851851851852
19000000,900,Other,2,1,0,0,0,0,0,0,0,0,0,0,0,0,0,0,21111.11111111111,0.0,0.0022222222222222222
28000000,1610,Other,2,1,0,0,0,0,0,0,0,0,0,0,0,0,0,0,17391.304347826088,0.0,0.0012422360248447205
11500000,1629,Other,2,1,0,0,0,0,0,0,0,0,0,0,0,0,0,0,7059.545733578882,0.0,0.0012277470841006752
6000000,2700,Other,6,1,0,0,0,0,0,0,0,0,0,0,0,0,0,0,2222.222222222222,0.0,0.0022222222222222222
6500000,1102,Other,2,1,0,0,0,0,0,0,0,0,0,0,0,0,0,0,5898.366606170599,0.0,0.0018148820326678765
18000000,945,Other,2,1,0,0,0,0,0,0,0,0,0,0,0,0,0,0,19047.619047619046,0.0,0.0021164021164021165
5500000,1620,Other,2,1,0,0,0,0,0,0,0,0,0,0,0,0,0,0,3395.061728395062,0.0,0.0012345679012345679
17500000,738,Other,2,1,0,0,0,0,0,0,0,0,0,0,0,0,0,0,23712.737127371274,0.0,0.0027100271002710027
5500000,1401,Other,2,1,0,0,0,0,0,0,0,0,0,0,0,0,0,0,3925.7673090649537,0.0,0.0014275517487508922
8500000,738,Other,2,1,0,0,0,0,0,0,0,0,0,0,0,0,0,0,11517.615176151761,0.0,0.0027100271002710027
6500000,1101,Other,2,1,0,0,0,0,0,0,0,0,0,0,0,0,0,0,5903.723887375114,0.0,0.0018165304268846503
18000000,945,Other,2,1,0,0,0,0,0,0,0,0,0,0,0,0,0,0,19047.619047619046,0.0,0.0021164021164021165
20000000,1620,Other,3,1,0,0,0,0,0,0,0,0,0,0,0,0,0,0,12345.67901234568,0.0,0.001851851851851852
21000000,1800,Other,2,1,0,0,0,0,0,0,0,0,0,0,0,0,0,0,11666.666666666666,0.0,0.0011111111111111111
13000000,1728,Other,3,1,0,0,0,0,0,0,0,0,0,0,0,0,0,0,7523.148148148148,0.0,0.001736111111111111
70000000,1323,Other,3,1,0,0,0,0,0,0,0,0,0,0,0,0,0,0,52910.05291005291,0.0,0.0022675736961451248
5500000,1422,Other,3,1,0,0,0,0,0,0,0,0,0,0,0,0,0,0,3867.7918424753866,0.0,0.002109704641350211
6000000,1000,Other,2,1,0,0,0,0,0,0,0,0,0,0,0,0,0,0,6000.0,0.0,0.002
2500000,927,Other,2,1,0,0,0,0,0,0,0,0,0,0,0,0,0,0,2696.8716289104636,0.0,0.002157497303128371
66500000,450,Other,2,1,0,0,0,0,0,0,0,0,0,0,0,0,0,0,147777.77777777778,0.0,0.0044444444444444444
6500000,400,Other,2,1,0,0,0,0,0,0,0,0,0,0,0,0,0,0,16250.0,0.0,0.005
23500000,2195,Other,4,1,0,0,0,0,0,0,0,0,0,0,0,0,0,0,10706.150341685649,0.0,0.0018223234624145787
3650000,2600,Sector 19 Dwarka,4,1,0,0,0,0,0,0,0,0,0,0,0,0,0,0,1403.8461538461538,0.0,0.0015384615384615385
2700000,540,Other,2,1,0,0,0,0,0,0,0,0,0,0,0,0,0,0,5000.0,0.0,0.003703703703703704
4700000,585,Other,2,1,0,0,0,0,0,0,0,0,0,0,0,0,0,0,8034.188034188034,0.0,0.003418803418803419
5100000,900,Other,3,1,0,0,0,0,0,0,0,0,0,0,0,0,0,0,5666.666666666667,0.0,0.0033333333333333335
2300000,900,Other,3,1,0,0,0,0,0,0,0,0,0,0,0,0,0,0,2555.5555555555557,0.0,0.0033333333333333335
3700000,500,Other,2,1,0,0,0,0,0,0,0,0,0,0,0,0,0,0,7400.0,0.0,0.004
2500000,675,Other,3,1,0,0,0,0,0,0,0,0,0,0,0,0,0,0,3703.703703703704,0.0,0.0044444444444444444
5015000,550,Other,2,1,0,0,0,0,0,0,0,0,0,0,0,0,0,0,9118.181818181818,0.0,0.0036363636363636364
5800000,1930,Other,4,1,0,0,0,0,0,0,0,0,0,0,0,0,0,0,3005.181347150259,0.0,0.002072538860103627
2500000,900,Uttam Nagar,3,1,0,0,0,0,0,0,0,0,0,0,0,0,0,0,2777.777777777778,0.0,0.0033333333333333335
8750000,600,Other,1,0,0,0,0,0,0,0,0,0,0,0,0,0,0,0,14583.333333333334,0.0,0.0016666666666666668
2100000,950,Other,2,1,0,0,0,0,0,0,0,0,0,0,0,0,0,0,2210.5263157894738,0.0,0.002105263157894737
2950000,800,Noida,2,1,0,0,0,0,0,0,0,0,0,0,0,0,0,0,3687.5,0.0,0.0025
2400000,1000,Noida,3,1,0,0,0,0,0,0,0,0,0,0,0,0,0,0,2400.0,0.0,0.003
2400000,800,Noida,2,1,0,0,0,0,0,0,0,0,0,0,0,0,0,0,3000.0,0.0,0.0025
2715000,1000,Noida,3,1,0,0,0,0,0,0,0,0,0,0,0,0,0,0,2715.0,0.0,0.003
2600000,800,Noida,2,1,0,0,0,0,0,0,0,0,0,0,0,0,0,0,3250.0,0.0,0.0025
2330000,1000,Noida,3,1,0,0,0,0,0,0,0,0,0,0,0,0,0,0,2330.0,0.0,0.003
2871000,800,Noida,2,1,0,0,0,0,0,0,0,0,0,0,0,0,0,0,3588.75,0.0,0.0025
2254000,1000,Noida,3,1,0,0,0,0,0,0,0,0,0,0,0,0,0,0,2254.0,0.0,0.003
2247000,800,Noida,2,1,0,0,0,0,0,0,0,0,0,0,0,0,0,0,2808.75,0.0,0.0025
2880000,800,Noida,2,1,0,0,0,0,0,0,0,0,0,0,0,0,0,0,3600.0,0.0,0.0025
2378000,800,Noida,3,1,0,0,0,0,0,0,0,0,0,0,0,0,0,0,2972.5,0.0,0.00375
2249000,800,Noida,2,1,0,0,0,0,0,0,0,0,0,0,0,0,0,0,2811.25,0.0,0.0025
2500000,800,Noida,2,1,0,0,0,0,0,0,0,0,0,0,0,0,0,0,3125.0,0.0,0.0025
2900000,1000,Noida,3,1,0,0,0,0,0,0,0,0,0,0,0,0,0,0,2900.0,0.0,0.003
2250000,1000,Noida,3,1,0,0,0,0,0,0,0,0,0,0,0,0,0,0,2250.0,0.0,0.003
2255000,800,Noida,2,1,0,0,0,0,0,0,0,0,0,0,0,0,0,0,2818.75,0.0,0.0025
2900000,800,Noida,2,1,0,0,0,0,0,0,0,0,0,0,0,0,0,0,3625.0,0.0,0.0025
2900000,1000,Noida,3,1,0,0,0,0,0,0,0,0,0,0,0,0,0,0,2900.0,0.0,0.003
2828000,1000,Noida,3,1,0,0,0,0,0,0,0,0,0,0,0,0,0,0,2828.0,0.0,0.003
2100000,1000,Noida,3,1,0,0,0,0,0,0,0,0,0,0,0,0,0,0,2100.0,0.0,0.003
2900000,800,Noida,2,1,0,0,0,0,0,0,0,0,0,0,0,0,0,0,3625.0,0.0,0.0025
2138000,1000,Noida,3,1,0,0,0,0,0,0,0,0,0,0,0,0,0,0,2138.0,0.0,0.003
2250000,800,Noida,2,1,0,0,0,0,0,0,0,0,0,0,0,0,0,0,2812.5,0.0,0.0025
2326000,800,Noida,2,1,0,0,0,0,0,0,0,0,0,0,0,0,0,0,2907.5,0.0,0.0025
2900000,800,Noida,2,1,0,0,0,0,0,0,0,0,0,0,0,0,0,0,3625.0,0.0,0.0025
2650000,1000,Noida,3,1,0,0,0,0,0,0,0,0,0,0,0,0,0,0,2650.0,0.0,0.003
2250000,1000,Noida,3,1,0,0,0,0,0,0,0,0,0,0,0,0,0,0,2250.0,0.0,0.003
2715000,800,Other,2,1,0,0,0,0,0,0,0,0,0,0,0,0,0,0,3393.75,0.0,0.0025
2250000,800,Noida,2,1,0,0,0,0,0,0,0,0,0,0,0,0,0,0,2812.5,0.0,0.0025
2980000,800,Noida,2,1,0,0,0,0,0,0,0,0,0,0,0,0,0,0,3725.0,0.0,0.0025
3025000,1000,Other,3,1,0,0,0,0,0,0,0,0,0,0,0,0,0,0,3025.0,0.0,0.003
2240000,1000,Other,3,1,0,0,0,0,0,0,0,0,0,0,0,0,0,0,2240.0,0.0,0.003
2300000,800,Other,2,1,0,0,0,0,0,0,0,0,0,0,0,0,0,0,2875.0,0.0,0.0025
2398000,800,Other,2,1,0,0,0,0,0,0,0,0,0,0,0,0,0,0,2997.5,0.0,0.0025
2990000,800,Other,2,1,0,0,0,0,0,0,0,0,0,0,0,0,0,0,3737.5,0.0,0.0025
2896000,1000,Other,3,1,0,0,0,0,0,0,0,0,0,0,0,0,0,0,2896.0,0.0,0.003
2262000,1000,Other,3,1,0,0,0,0,0,0,0,0,0,0,0,0,0,0,2262.0,0.0,0.003
2813000,800,Other,2,1,0,0,0,0,0,0,0,0,0,0,0,0,0,0,3516.25,0.0,0.0025
2205000,1000,Other,3,1,0,0,0,0,0,0,0,0,0,0,0,0,0,0,2205.0,0.0,0.003
2262000,800,Other,2,1,0,0,0,0,0,0,0,0,0,0,0,0,0,0,2827.5,0.0,0.0025
2813000,800,Other,2,1,0,0,0,0,0,0,0,0,0,0,0,0,0,0,3516.25,0.0,0.0025
2205000,1000,Other,3,1,0,0,0,0,0,0,0,0,0,0,0,0,0,0,2205.0,0.0,0.003
3005000,800,Other,2,1,0,0,0,0,0,0,0,0,0,0,0,0,0,0,3756.25,0.0,0.0025
2374000,1000,Other,3,1,0,0,0,0,0,0,0,0,0,0,0,0,0,0,2374.0,0.0,0.003
2980000,800,Other,2,1,0,0,0,0,0,0,0,0,0,0,0,0,0,0,3725.0,0.0,0.0025
2957000,1000,Noida,3,1,0,0,0,0,0,0,0,0,0,0,0,0,0,0,2957.0,0.0,0.003
2950000,1000,Noida,3,1,0,0,0,0,0,0,0,0,0,0,0,0,0,0,2950.0,0.0,0.003
2053000,1000,Other,3,1,0,0,0,0,0,0,0,0,0,0,0,0,0,0,2053.0,0.0,0.003
2817000,800,Noida,2,1,0,0,0,0,0,0,0,0,0,0,0,0,0,0,3521.25,0.0,0.0025
2650000,1000,Noida,3,1,0,0,0,0,0,0,0,0,0,0,0,0,0,0,2650.0,0.0,0.003
2250000,1000,Noida,3,1,0,0,0,0,0,0,0,0,0,0,0,0,0,0,2250.0,0.0,0.003
2250000,800,Other,2,1,0,0,0,0,0,0,0,0,0,0,0,0,0,0,2812.5,0.0,0.0025
2980000,800,Noida,2,1,0,0,0,0,0,0,0,0,0,0,0,0,0,0,3725.0,0.0,0.0025
3025000,1000,Other,3,1,0,0,0,0,0,0,0,0,0,0,0,0,0,0,3025.0,0.0,0.003
2240000,1000,Other,3,1,0,0,0,0,0,0,0,0,0,0,0,0,0,0,2240.0,0.0,0.003
2300000,800,Other,2,1,0,0,0,0,0,0,0,0,0,0,0,0,0,0,2875.0,0.0,0.0025
2398000,800,Other,2,1,0,0,0,0,0,0,0,0,0,0,0,0,0,0,2997.5,0.0,0.0025
2990000,800,Other,2,1,0,0,0,0,0,0,0,0,0,0,0,0,0,0,3737.5,0.0,0.0025
2321000,1000,Other,3,1,0,0,0,0,0,0,0,0,0,0,0,0,0,0,2321.0,0.0,0.003
2850000,800,Noida,2,1,0,0,0,0,0,0,0,0,0,0,0,0,0,0,3562.5,0.0,0.0025
3020000,1000,Noida,3,1,0,0,0,0,0,0,0,0,0,0,0,0,0,0,3020.0,0.0,0.003
2197000,1000,Noida,3,1,0,0,0,0,0,0,0,0,0,0,0,0,0,0,2197.0,0.0,0.003
2100000,800,Noida,2,1,0,0,0,0,0,0,0,0,0,0,0,0,0,0,2625.0,0.0,0.0025
2126000,800,Noida,2,1,0,0,0,0,0,0,0,0,0,0,0,0,0,0,2657.5,0.0,0.0025
2350000,800,Noida,2,1,0,0,0,0,0,0,0,0,0,0,0,0,0,0,2937.5,0.0,0.0025
2950000,800,Noida,2,1,0,0,0,0,0,0,0,0,0,0,0,0,0,0,3687.5,0.0,0.0025
2915000,1000,Noida,3,1,0,0,0,0,0,0,0,0,0,0,0,0,0,0,2915.0,0.0,0.003
2000000,1000,Noida,3,1,0,0,0,0,0,0,0,0,0,0,0,0,0,0,2000.0,0.0,0.003
2718000,800,Noida,2,1,0,0,0,0,0,0,0,0,0,0,0,0,0,0,3397.5,0.0,0.0025
2200000,1000,Noida,3,1,0,0,0,0,0,0,0,0,0,0,0,0,0,0,2200.0,0.0,0.003
2250000,800,Other,2,1,0,0,0,0,0,0,0,0,0,0,0,0,0,0,2812.5,0.0,0.0025
2326000,800,Noida,2,1,0,0,0,0,0,0,0,0,0,0,0,0,0,0,2907.5,0.0,0.0025
2900000,800,Noida,2,1,0,0,0,0,0,0,0,0,0,0,0,0,0,0,3625.0,0.0,0.0025
2730000,1000,Noida,3,1,0,0,0,0,0,0,0,0,0,0,0,0,0,0,2730.0,0.0,0.003
2236000,800,Noida,2,1,0,0,0,0,0,0,0,0,0,0,0,0,0,0,2795.0,0.0,0.0025
2400000,820,Noida,2,1,0,0,0,0,0,0,0,0,0,0,0,0,0,0,2926.829268292683,0.0,0.0024390243902439024
2119000,500,Noida,2,1,0,0,0,0,0,0,0,0,0,0,0,0,0,0,4238.0,0.0,0.004
2318000,800,Noida,2,1,0,0,0,0,0,0,0,0,0,0,0,0,0,0,2897.5,0.0,0.0025
2560000,800,Noida,2,1,0,0,0,0,0,0,0,0,0,0,0,0,0,0,3200.0,0.0,0.0025
2918000,1000,Noida,3,1,0,0,0,0,0,0,0,0,0,0,0,0,0,0,2918.0,0.0,0.003
2700000,800,Noida,2,1,0,0,0,0,0,0,0,0,0,0,0,0,0,0,3375.0,0.0,0.0025
2016000,1000,Noida,3,1,0,0,0,0,0,0,0,0,0,0,0,0,0,0,2016.0,0.0,0.003
2216000,800,Noida,2,1,0,0,0,0,0,0,0,0,0,0,0,0,0,0,2770.0,0.0,0.0025
2910000,800,Noida,2,1,0,0,0,0,0,0,0,0,0,0,0,0,0,0,3637.5,0.0,0.0025
2100000,1000,Noida,3,1,0,0,0,0,0,0,0,0,0,0,0,0,0,0,2100.0,0.0,0.003
5030000,800,Noida,2,1,0,0,0,0,0,0,0,0,0,0,0,0,0,0,6287.5,0.0,0.0025
2360000,1000,Noida,3,1,0,0,0,0,0,0,0,0,0,0,0,0,0,0,2360.0,0.0,0.003
3016000,800,Noida,2,1,0,0,0,0,0,0,0,0,0,0,0,0,0,0,3770.0,0.0,0.0025
4500000,1000,Noida,3,1,0,0,0,0,0,0,0,0,0,0,0,0,0,0,4500.0,0.0,0.003
3800000,1125,Other,4,0,0,0,0,0,0,0,0,0,0,0,0,0,0,0,3377.777777777778,0.0,0.0035555555555555557
15800000,980,Other,3,0,0,0,0,0,0,0,0,0,0,0,0,0,0,0,16122.448979591836,0.0,0.003061224489795918
12600000,1700,Sector 11 Dwarka,3,1,0,0,0,0,0,0,0,0,0,0,0,0,0,0,7411.764705882353,0.0,0.0017647058823529412
21900000,1400,Sector 12 Dwarka,2,1,0,0,0,0,0,0,0,0,0,0,0,0,0,0,15642.857142857143,0.0,0.0014285714285714286
3600000,2100,Sector 22 Dwarka,3,1,0,0,0,0,0,0,0,0,0,0,0,0,0,0,1714.2857142857142,0.0,0.0014285714285714286
3700000,700,Other,2,1,0,0,0,0,0,0,0,0,0,0,0,0,0,0,5285.714285714285,0.0,0.002857142857142857
3500000,700,Other,2,1,0,0,0,0,0,0,0,0,0,0,0,0,0,0,5000.0,0.0,0.002857142857142857
2650000,700,Other,2,1,0,0,0,0,0,0,0,0,0,0,0,0,0,0,3785.714285714286,0.0,0.002857142857142857
4999000,600,Other,2,1,0,0,0,0,0,0,0,0,0,0,0,0,0,0,8331.666666666666,0.0,0.0033333333333333335
2600000,950,Uttam Nagar,3,0,0,0,0,0,0,0,0,0,0,0,0,0,0,0,2736.842105263158,0.0,0.003157894736842105
4200000,450,Uttam Nagar,2,0,0,0,0,0,0,0,0,0,0,0,0,0,0,0,9333.333333333334,0.0,0.0044444444444444444
20000000,1300,Other,4,0,0,0,0,0,0,0,0,0,0,0,0,0,0,0,15384.615384615385,0.0,0.003076923076923077
13500000,1500,Other,3,1,0,0,0,0,0,0,0,0,0,0,0,0,0,0,9000.0,0.0,0.002
12500000,900,Other,2,1,0,0,0,0,0,0,0,0,0,0,0,0,0,0,13888.888888888889,0.0,0.0022222222222222222
11000000,1100,Other,2,1,0,0,0,0,0,0,0,0,0,0,0,0,0,0,10000.0,0.0,0.0018181818181818182
120000000,1100,Other,2,1,0,0,0,0,0,0,0,0,0,0,0,0,0,0,109090.90909090909,0.0,0.0018181818181818182
80000000,3460,Other,4,1,0,0,0,0,0,0,0,0,0,0,0,0,0,0,23121.387283236993,0.0,0.0011560693641618498
45000000,2250,Other,4,1,0,0,0,0,0,0,0,0,0,0,0,0,0,0,20000.0,0.0,0.0017777777777777779
2500000,3850,Other,4,1,0,0,0,0,0,0,0,0,0,0,0,0,0,0,649.3506493506494,0.0,0.001038961038961039
3999000,750,Other,2,1,0,0,0,0,0,0,0,0,0,0,0,0,0,0,5332.0,0.0,0.0026666666666666666
2499000,720,Dwarka Mor,3,0,0,0,0,0,0,0,0,0,0,0,0,0,0,0,3470.8333333333335,0.0,0.004166666666666667
2300000,435,Dwarka Mor,2,0,0,0,0,0,0,0,0,0,0,0,0,0,0,0,5287.35632183908,0.0,0.004597701149425287
2600000,410,Dwarka Mor,2,0,0,0,0,0,0,0,0,0,0,0,0,0,0,0,6341.463414634146,0.0,0.004878048780487805
6498999,450,Dwarka Mor,2,0,0,0,0,0,0,0,0,0,0,0,0,0,0,0,14442.22,0.0,0.0044444444444444444
5000000,990,Dwarka Mor,3,0,0,0,0,0,0,0,0,0,0,0,0,0,0,0,5050.50505050505,0.0,0.0030303030303030303
4299000,810,Dwarka Mor,3,0,0,0,0,0,0,0,0,0,0,0,0,0,0,0,5307.407407407408,0.0,0.003703703703703704
2600000,725,Dwarka Mor,3,0,0,0,0,0,0,0,0,0,0,0,0,0,0,0,3586.206896551724,0.0,0.004137931034482759
20000000,675,Dwarka Mor,3,0,0,0,0,0,0,0,0,0,0,0,0,0,0,0,29629.62962962963,0.0,0.0044444444444444444
60000000,1485,Other,3,1,0,0,0,0,0,0,0,0,0,0,0,0,0,0,40404.0404040404,0.0,0.00202020202020202
6500000,1800,Other,4,1,0,0,0,0,0,0,0,0,0,0,0,0,0,0,3611.1111111111113,0.0,0.0022222222222222222
4000000,1300,Uttam Nagar,4,0,0,0,0,0,0,0,0,0,0,0,0,0,0,0,3076.923076923077,0.0,0.003076923076923077
3500000,950,Uttam Nagar,3,0,0,0,0,0,0,0,0,0,0,0,0,0,0,0,3684.2105263157896,0.0,0.003157894736842105
3000000,850,Uttam Nagar,3,0,0,0,0,0,0,0,0,0,0,0,0,0,0,0,3529.4117647058824,0.0,0.0035294117647058825
2400000,750,Uttam Nagar,3,0,0,0,0,0,0,0,0,0,0,0,0,0,0,0,3200.0,0.0,0.004
2000000,600,Uttam Nagar,2,0,0,0,0,0,0,0,0,0,0,0,0,0,0,0,3333.3333333333335,0.0,0.0033333333333333335
4500000,550,Uttam Nagar,2,0,0,0,0,0,0,0,0,0,0,0,0,0,0,0,8181.818181818182,0.0,0.0036363636363636364
130000000,1000,Uttam Nagar,3,0,0,0,0,0,0,0,0,0,0,0,0,0,0,0,130000.0,0.0,0.003
9000000,4300,Other,4,1,0,0,0,0,0,0,0,0,0,0,0,0,0,0,2093.0232558139537,0.0,0.0009302325581395349
3000000,900,Other,2,1,0,0,0,0,0,0,0,0,0,0,0,0,0,0,3333.3333333333335,0.0,0.0022222222222222222
2500000,540,Uttam Nagar,2,1,0,0,0,0,0,0,0,0,0,0,0,0,0,0,4629.62962962963,0.0,0.003703703703703704
3000000,500,Other,2,1,0,0,0,0,0,0,0,0,0,0,0,0,0,0,6000.0,0.0,0.004
2100000,550,Uttam Nagar,2,0,0,0,0,0,0,0,0,0,0,0,0,0,0,0,3818.181818181818,0.0,0.0036363636363636364
2800000,540,Uttam Nagar,2,1,0,0,0,0,0,0,0,0,0,0,0,0,0,0,5185.185185185185,0.0,0.003703703703703704
3600000,400,Other,1,1,0,0,0,0,0,0,0,0,0,0,0,0,0,0,9000.0,0.0,0.0025
4200000,675,Uttam Nagar,2,1,0,0,0,0,0,0,0,0,0,0,0,0,0,0,6222.222222222223,0.0,0.002962962962962963
2800000,1000,Uttam Nagar,3,0,0,0,0,0,0,0,0,0,0,0,0,0,0,0,2800.0,0.0,0.003
14500000,540,Uttam Nagar,2,1,0,0,0,0,0,0,0,0,0,0,0,0,0,0,26851.85185185185,0.0,0.003703703703703704
14500000,1600,Sector 11 Dwarka,3,1,0,0,0,0,0,0,0,0,0,0,0,0,0,0,9062.5,0.0,0.001875
11800000,1600,Sector 4 Dwarka,3,1,0,0,0,0,0,0,0,0,0,0,0,0,0,0,7375.0,0.0,0.001875
2700000,1250,Other,2,1,0,0,0,0,0,0,0,0,0,0,0,0,0,0,2160.0,0.0,0.0016
11800000,675,Other,2,1,0,0,0,0,0,0,0,0,0,0,0,0,0,0,17481.48148148148,0.0,0.002962962962962963
3600000,1250,Other,2,1,0,0,0,0,0,0,0,0,0,0,0,0,0,0,2880.0,0.0,0.0016
4200000,675,Uttam Nagar,2,1,0,0,0,0,0,0,0,0,0,0,0,0,0,0,6222.222222222223,0.0,0.002962962962962963
2800000,1000,Uttam Nagar,3,0,0,0,0,0,0,0,0,0,0,0,0,0,0,0,2800.0,0.0,0.003
6680000,540,Uttam Nagar,2,1,0,0,0,0,0,0,0,0,0,0,0,0,0,0,12370.37037037037,0.0,0.003703703703703704
2500000,1200,Other,4,0,0,0,0,0,0,0,0,0,0,0,0,0,0,0,2083.3333333333335,0.0,0.0033333333333333335
18000000,500,Other,2,1,0,0,0,0,0,0,0,0,0,0,0,0,0,0,36000.0,0.0,0.004
2951000,1800,Other,3,1,0,0,0,0,0,0,0,0,0,0,0,0,0,0,1639.4444444444443,0.0,0.0016666666666666668
4500000,650,Uttam Nagar,1,0,0,0,0,0,0,0,0,0,0,0,0,0,0,0,6923.076923076923,0.0,0.0015384615384615385
2000000,1000,Other,3,1,0,0,0,0,0,0,0,0,0,0,0,0,0,0,2000.0,0.0,0.003
3750000,550,Uttam Nagar,2,1,0,0,0,0,0,0,0,0,0,0,0,0,0,0,6818.181818181818,0.0,0.0036363636363636364
18000000,750,Uttam Nagar,3,0,0,0,0,0,0,0,0,0,0,0,0,0,0,0,24000.0,0.0,0.004
16000000,1500,Alaknanda,3,1,0,0,0,0,0,0,0,0,0,0,0,0,0,0,10666.666666666666,0.0,0.002
2800000,1500,Alaknanda,2,1,0,0,0,0,0,0,0,0,0,0,0,0,0,0,1866.6666666666667,0.0,0.0013333333333333333
3600000,400,Other,1,1,0,0,0,0,0,0,0,0,0,0,0,0,0,0,9000.0,0.0,0.0025
3300000,710,Uttam Nagar,2,0,0,0,0,0,0,0,0,0,0,0,0,0,0,0,4647.887323943662,0.0,0.0028169014084507044
4600000,650,Uttam Nagar,2,0,0,0,0,0,0,0,0,0,0,0,0,0,0,0,7076.923076923077,0.0,0.003076923076923077
4200000,850,Uttam Nagar,3,0,0,0,0,0,0,0,0,0,0,0,0,0,0,0,4941.176470588235,0.0,0.0035294117647058825
2700000,750,Uttam Nagar,3,0,0,0,0,0,0,0,0,0,0,0,0,0,0,0,3600.0,0.0,0.004
2700000,550,Uttam Nagar,2,0,0,0,0,0,0,0,0,0,0,0,0,0,0,0,4909.090909090909,0.0,0.0036363636363636364
3651000,550,Uttam Nagar,2,0,0,0,0,0,0,0,0,0,0,0,0,0,0,0,6638.181818181818,0.0,0.0036363636363636364
3675000,830,Uttam Nagar,1,0,0,0,0,0,0,0,0,0,0,0,0,0,0,0,4427.710843373494,0.0,0.0012048192771084338
35000000,750,Uttam Nagar,3,0,0,0,0,0,0,0,0,0,0,0,0,0,0,0,46666.666666666664,0.0,0.004
3200000,1900,Other,3,1,0,0,0,0,0,0,0,0,0,0,0,0,0,0,1684.2105263157894,0.0,0.0015789473684210526
55000000,850,Uttam Nagar,2,0,0,0,0,0,0,0,0,0,0,0,0,0,0,0,64705.882352941175,0.0,0.002352941176470588
77500000,1786,Other,3,1,0,0,0,0,0,0,0,0,0,0,0,0,0,0,43393.05711086226,0.0,0.0016797312430011197
30000000,2340,Other,4,1,0,0,0,0,0,0,0,0,0,0,0,0,0,0,12820.51282051282,0.0,0.0017094017094017094
47500000,979,Other,2,1,0,0,0,0,0,0,0,0,0,0,0,0,0,0,48518.896833503575,0.0,0.0020429009193054137
77500000,1440,Other,2,1,0,0,0,0,0,0,0,0,0,0,0,0,0,0,53819.444444444445,0.0,0.001388888888888889
65000000,2234,Other,4,1,0,0,0,0,0,0,0,0,0,0,0,0,0,0,29095.79230080573,0.0,0.0017905102954341987
55000000,1872,Other,3,1,0,0,0,0,0,0,0,0,0,0,0,0,0,0,29380.34188034188,0.0,0.0016025641025641025
35000000,405,Om Nagar,2,1,0,0,0,0,0,0,0,0,0,0,0,0,0,0,86419.75308641975,0.0,0.0049382716049382715
2868000,2500,Om Nagar,4,1,0,0,0,0,0,0,0,0,0,0,0,0,0,0,1147.2,0.0,0.0016
22500000,562,Other,2,1,0,0,0,0,0,0,0,0,0,0,0,0,0,0,40035.5871886121,0.0,0.0035587188612099642
12500000,2020,Other,3,1,0,0,0,0,0,0,0,0,0,0,0,0,0,0,6188.118811881188,0.0,0.0014851485148514852
2300000,1650,Dwarka Mor,3,1,0,0,0,0,0,0,0,0,0,0,0,0,0,0,1393.939393939394,0.0,0.0018181818181818182
2100000,1650,Dwarka Mor,3,1,0,0,0,0,0,0,0,0,0,0,0,0,0,0,1272.7272727272727,0.0,0.0018181818181818182
2400000,1700,Dwarka Mor,3,1,0,0,0,0,0,0,0,0,0,0,0,0,0,0,1411.764705882353,0.0,0.0017647058823529412
16000000,2100,Dwarka Mor,2,1,0,0,0,0,0,0,0,0,0,0,0,0,0,0,7619.047619047619,0.0,0.0009523809523809524
16000000,1700,Dwarka Mor,2,1,0,0,0,0,0,0,0,0,0,0,0,0,0,0,9411.764705882353,0.0,0.001176470588235294
7500000,1700,Dwarka Mor,2,1,0,0,0,0,0,0,0,0,0,0,0,0,0,0,4411.764705882353,0.0,0.001176470588235294
7000000,1615,Other,3,1,0,0,0,0,0,0,0,0,0,0,0,0,0,0,4334.3653250774,0.0,0.0018575851393188853
12500000,1080,Other,2,1,0,0,0,0,0,0,0,0,0,0,0,0,0,0,11574.074074074075,0.0,0.001851851851851852
7000000,1490,Dwarka Mor,2,1,0,0,0,0,0,0,0,0,0,0,0,0,0,0,4697.986577181208,0.0,0.0013422818791946308
2400000,1250,Other,2,1,0,0,0,0,0,0,0,0,0,0,0,0,0,0,1920.0,0.0,0.0016
2200000,2100,Dwarka Mor,2,1,0,0,0,0,0,0,0,0,0,0,0,0,0,0,1047.6190476190477,0.0,0.0009523809523809524
3200000,2700,Other,4,1,0,0,0,0,0,0,0,0,0,0,0,0,0,0,1185.1851851851852,0.0,0.0014814814814814814
85399999,1400,Other,2,1,0,0,0,0,0,0,0,0,0,0,0,0,0,0,60999.999285714286,0.0,0.0014285714285714286
6500000,2210,Other,3,1,0,0,0,0,0,0,0,0,0,0,0,0,0,0,2941.176470588235,0.0,0.0013574660633484162
13200000,600,Dwarka Mor,2,1,0,0,0,0,0,0,0,0,0,0,0,0,0,0,22000.0,0.0,0.0033333333333333335
90000000,1400,Other,3,1,0,0,0,0,0,0,0,0,0,0,0,0,0,0,64285.71428571428,0.0,0.002142857142857143
13000000,720,Other,2,1,0,0,0,0,0,0,0,0,0,0,0,0,0,0,18055.555555555555,0.0,0.002777777777777778
5500000,1323,Other,3,1,0,0,0,0,0,0,0,0,0,0,0,0,0,0,4157.218442932729,0.0,0.0022675736961451248
13500000,981,Other,2,1,0,0,0,0,0,0,0,0,0,0,0,0,0,0,13761.467889908257,0.0,0.0020387359836901123
25000000,1152,Other,2,1,0,0,0,0,0,0,0,0,0,0,0,0,0,0,21701.38888888889,0.0,0.001736111111111111
22500000,1809,Om Nagar,3,1,0,0,0,0,0,0,0,0,0,0,0,0,0,0,12437.810945273632,0.0,0.001658374792703151
6000000,1620,Om Nagar,3,1,0,0,0,0,0,0,0,0,0,0,0,0,0,0,3703.703703703704,0.0,0.001851851851851852
5500000,1102,Other,2,1,0,0,0,0,0,0,0,0,0,0,0,0,0,0,4990.925589836661,0.0,0.0018148820326678765
254100000,981,Om Nagar,2,1,0,0,0,0,0,0,0,0,0,0,0,0,0,0,259021.40672782875,0.0,0.0020387359836901123
8000000,3652,Other,4,0,0,0,0,0,0,0,0,0,0,0,0,0,0,0,2190.580503833516,0.0,0.001095290251916758
3600000,450,Other,1,1,0,0,0,0,0,0,0,0,0,0,0,0,0,0,8000.0,0.0,0.0022222222222222222
10800000,1269,Other,2,1,0,0,0,0,0,0,0,0,0,0,0,0,0,0,8510.63829787234,0.0,0.0015760441292356187
141100000,1200,Dwarka Mor,2,1,0,0,0,0,0,0,0,0,0,0,0,0,0,0,117583.33333333333,0.0,0.0016666666666666668
4500000,2741,Other,3,0,0,0,0,0,0,0,0,0,0,0,0,0,0,0,1641.7365924844946,0.0,0.0010944910616563297
4500000,1035,Dwarka Mor,3,1,0,0,0,0,0,0,0,0,0,0,0,0,0,0,4347.826086956522,0.0,0.002898550724637681
2900000,1035,Dwarka Mor,3,1,0,0,0,0,0,0,0,0,0,0,0,0,0,0,2801.9323671497586,0.0,0.002898550724637681
4400000,650,Uttam Nagar,2,0,0,0,0,0,0,0,0,0,0,0,0,0,0,0,6769.2307692307695,0.0,0.003076923076923077
4999000,800,Uttam Nagar,3,0,0,0,0,0,0,0,0,0,0,0,0,0,0,0,6248.75,0.0,0.00375
2599000,950,Uttam Nagar,3,0,0,0,0,0,0,0,0,0,0,0,0,0,0,0,2735.7894736842104,0.0,0.003157894736842105
2899000,450,Uttam Nagar,2,0,0,0,0,0,0,0,0,0,0,0,0,0,0,0,6442.222222222223,0.0,0.0044444444444444444
4400000,650,Uttam Nagar,2,0,0,0,0,0,0,0,0,0,0,0,0,0,0,0,6769.2307692307695,0.0,0.003076923076923077
4200000,800,Uttam Nagar,3,0,0,0,0,0,0,0,0,0,0,0,0,0,0,0,5250.0,0.0,0.00375
4500000,600,Uttam Nagar,3,1,0,0,0,0,0,0,0,0,0,0,0,0,0,0,7500.0,0.0,0.005
5700000,890,Uttam Nagar,3,1,0,0,0,0,0,0,0,0,0,0,0,0,0,0,6404.494382022472,0.0,0.0033707865168539327
2500000,1089,Other,3,0,0,0,0,0,0,0,0,0,0,0,0,0,0,0,2295.684113865932,0.0,0.0027548209366391185
4800000,540,Other,2,1,0,0,0,0,0,0,0,0,0,0,0,0,0,0,8888.888888888889,0.0,0.003703703703703704
5000000,810,Other,3,1,0,0,0,0,0,0,0,0,0,0,0,0,0,0,6172.83950617284,0.0,0.003703703703703704
4200000,765,Uttam Nagar,3,1,0,0,0,0,0,0,0,0,0,0,0,0,0,0,5490.196078431372,0.0,0.00392156862745098
17500000,720,Other,3,1,0,0,0,0,0,0,0,0,0,0,0,0,0,0,24305.555555555555,0.0,0.004166666666666667
73000000,1500,Other,2,1,0,0,0,0,0,0,0,0,0,0,0,0,0,0,48666.666666666664,0.0,0.0013333333333333333
23500000,2700,Other,4,1,0,0,0,0,0,0,0,0,0,0,0,0,0,0,8703.703703703704,0.0,0.0014814814814814814
2200000,2200,Other,4,1,0,0,0,0,0,0,0,0,0,0,0,0,0,0,1000.0,0.0,0.0018181818181818182
2200000,800,Noida,2,1,0,0,0,0,0,0,0,0,0,0,0,0,0,0,2750.0,0.0,0.0025
2211000,800,Noida,2,1,0,0,0,0,0,0,0,0,0,0,0,0,0,0,2763.75,0.0,0.0025
2050000,800,Noida,2,1,0,0,0,0,0,0,0,0,0,0,0,0,0,0,2562.5,0.0,0.0025
2549000,800,Noida,2,1,0,0,0,0,0,0,0,0,0,0,0,0,0,0,3186.25,0.0,0.0025
2195000,1000,Noida,3,1,0,0,0,0,0,0,0,0,0,0,0,0,0,0,2195.0,0.0,0.003
2082000,800,Noida,2,1,0,0,0,0,0,0,0,0,0,0,0,0,0,0,2602.5,0.0,0.0025
2124000,800,Other,2,1,0,0,0,0,0,0,0,0,0,0,0,0,0,0,2655.0,0.0,0.0025
2723000,800,Other,2,1,0,0,0,0,0,0,0,0,0,0,0,0,0,0,3403.75,0.0,0.0025
2250000,1000,Other,3,1,0,0,0,0,0,0,0,0,0,0,0,0,0,0,2250.0,0.0,0.003
2815000,800,Noida,2,1,0,0,0,0,0,0,0,0,0,0,0,0,0,0,3518.75,0.0,0.0025
2930000,1000,Noida,3,1,0,0,0,0,0,0,0,0,0,0,0,0,0,0,2930.0,0.0,0.003
2238000,1000,Noida,3,1,0,0,0,0,0,0,0,0,0,0,0,0,0,0,2238.0,0.0,0.003
2809000,800,Noida,2,1,0,0,0,0,0,0,0,0,0,0,0,0,0,0,3511.25,0.0,0.0025
3000000,1000,Noida,3,1,0,0,0,0,0,0,0,0,0,0,0,0,0,0,3000.0,0.0,0.003
2893000,1000,Noida,3,1,0,0,0,0,0,0,0,0,0,0,0,0,0,0,2893.0,0.0,0.003
2300000,1000,Noida,3,1,0,0,0,0,0,0,0,0,0,0,0,0,0,0,2300.0,0.0,0.003
2250000,810,Noida,2,1,0,0,0,0,0,0,0,0,0,0,0,0,0,0,2777.777777777778,0.0,0.0024691358024691358
2452000,800,Noida,2,1,0,0,0,0,0,0,0,0,0,0,0,0,0,0,3065.0,0.0,0.0025
2151000,800,Noida,2,1,0,0,0,0,0,0,0,0,0,0,0,0,0,0,2688.75,0.0,0.0025
2950000,800,Noida,2,1,0,0,0,0,0,0,0,0,0,0,0,0,0,0,3687.5,0.0,0.0025
2809000,1000,Noida,3,1,0,0,0,0,0,0,0,0,0,0,0,0,0,0,2809.0,0.0,0.003
3000000,1000,Noida,3,1,0,0,0,0,0,0,0,0,0,0,0,0,0,0,3000.0,0.0,0.003
2082000,1000,Noida,3,1,0,0,0,0,0,0,0,0,0,0,0,0,0,0,2082.0,0.0,0.003
2124000,800,Other,2,1,0,0,0,0,0,0,0,0,0,0,0,0,0,0,2655.0,0.0,0.0025
2723000,800,Other,2,1,0,0,0,0,0,0,0,0,0,0,0,0,0,0,3403.75,0.0,0.0025
2893000,1000,Other,3,1,0,0,0,0,0,0,0,0,0,0,0,0,0,0,2893.0,0.0,0.003
2336000,1000,Noida,3,1,0,0,0,0,0,0,0,0,0,0,0,0,0,0,2336.0,0.0,0.003
2243000,800,Other,2,1,0,0,0,0,0,0,0,0,0,0,0,0,0,0,2803.75,0.0,0.0025
2914000,800,Noida,2,1,0,0,0,0,0,0,0,0,0,0,0,0,0,0,3642.5,0.0,0.0025
2937000,1000,Noida,3,1,0,0,0,0,0,0,0,0,0,0,0,0,0,0,2937.0,0.0,0.003
2810000,800,Noida,2,1,0,0,0,0,0,0,0,0,0,0,0,0,0,0,3512.5,0.0,0.0025
2224000,1000,Noida,3,1,0,0,0,0,0,0,0,0,0,0,0,0,0,0,2224.0,0.0,0.003
2151000,800,Noida,2,1,0,0,0,0,0,0,0,0,0,0,0,0,0,0,2688.75,0.0,0.0025
2259000,800,Noida,2,1,0,0,0,0,0,0,0,0,0,0,0,0,0,0,2823.75,0.0,0.0025
4450000,800,Noida,2,1,0,0,0,0,0,0,0,0,0,0,0,0,0,0,5562.5,0.0,0.0025
4179999,1250,Other,3,1,0,0,0,0,0,0,0,0,0,0,0,0,0,0,3343.9992,0.0,0.0024
8900000,1100,Other,2,1,0,0,0,0,0,0,0,0,0,0,0,0,0,0,8090.909090909091,0.0,0.0018181818181818182
3270000,2021,Other,3,1,0,0,0,0,0,0,0,0,0,0,0,0,0,0,1618.0108857001485,0.0,0.0014844136566056407
7400000,2341,Noida,3,1,0,0,0,0,0,0,0,0,0,0,0,0,0,0,3161.0422896198206,0.0,0.0012815036309269544
3800000,2010,Other,2,1,0,0,0,0,0,0,0,0,0,0,0,0,0,0,1890.547263681592,0.0,0.0009950248756218905
3600000,650,Other,2,1,0,0,0,0,0,0,0,0,0,0,0,0,0,0,5538.461538461538,0.0,0.003076923076923077
2500000,650,Other,2,1,0,0,0,0,0,0,0,0,0,0,0,0,0,0,3846.153846153846,0.0,0.003076923076923077
8500000,450,Other,1,1,0,0,0,0,0,0,0,0,0,0,0,0,0,0,18888.88888888889,0.0,0.0022222222222222222
11000000,900,Other,2,1,0,0,0,0,0,0,0,0,0,0,0,0,0,0,12222.222222222223,0.0,0.0022222222222222222
11000000,800,Other,3,1,0,0,0,0,0,0,0,0,0,0,0,0,0,0,13750.0,0.0,0.00375
2100000,800,Other,3,1,0,0,0,0,0,0,0,0,0,0,0,0,0,0,2625.0,0.0,0.00375
14100000,1600,Vasant Kunj,2,1,0,0,0,0,0,0,0,0,0,0,0,0,0,0,8812.5,0.0,0.00125
3600000,3375,Other,6,1,0,0,0,0,0,0,0,0,0,0,0,0,0,0,1066.6666666666667,0.0,0.0017777777777777779
6900000,1200,Other,2,1,0,0,0,0,0,0,0,0,0,0,0,0,0,0,5750.0,0.0,0.0016666666666666668
5200000,2140,Other,3,1,0,0,0,0,0,0,0,0,0,0,0,0,0,0,2429.9065420560746,0.0,0.0014018691588785046
170000000,1800,Other,3,1,0,0,0,0,0,0,0,0,0,0,0,0,0,0,94444.44444444444,0.0,0.0016666666666666668
2499000,2500,Other,5,1,0,0,0,0,0,0,0,0,0,0,0,0,0,0,999.6,0.0,0.002
2300000,435,Dwarka Mor,2,0,0,0,0,0,0,0,0,0,0,0,0,0,0,0,5287.35632183908,0.0,0.004597701149425287
2600000,410,Dwarka Mor,2,0,0,0,0,0,0,0,0,0,0,0,0,0,0,0,6341.463414634146,0.0,0.004878048780487805
4500000,450,Dwarka Mor,2,0,0,0,0,0,0,0,0,0,0,0,0,0,0,0,10000.0,0.0,0.0044444444444444444
4500000,750,Other,2,1,0,0,0,0,0,0,0,0,0,0,0,0,0,0,6000.0,0.0,0.0026666666666666666
4500000,750,Other,2,1,0,0,0,0,0,0,0,0,0,0,0,0,0,0,6000.0,0.0,0.0026666666666666666
4500000,750,Other,2,1,0,0,0,0,0,0,0,0,0,0,0,0,0,0,6000.0,0.0,0.0026666666666666666
4500000,750,Other,2,1,0,0,0,0,0,0,0,0,0,0,0,0,0,0,6000.0,0.0,0.0026666666666666666
4500000,750,Other,2,1,0,0,0,0,0,0,0,0,0,0,0,0,0,0,6000.0,0.0,0.0026666666666666666
2500000,750,Other,2,1,0,0,0,0,0,0,0,0,0,0,0,0,0,0,3333.3333333333335,0.0,0.0026666666666666666
2500000,750,Other,2,1,0,0,0,0,0,0,0,0,0,0,0,0,0,0,3333.3333333333335,0.0,0.0026666666666666666
2500000,750,Other,2,1,0,0,0,0,0,0,0,0,0,0,0,0,0,0,3333.3333333333335,0.0,0.0026666666666666666
2700000,750,Other,2,1,0,0,0,0,0,0,0,0,0,0,0,0,0,0,3600.0,0.0,0.0026666666666666666
3200000,450,Other,1,1,0,0,0,0,0,0,0,0,0,0,0,0,0,0,7111.111111111111,0.0,0.0022222222222222222
17400000,800,Other,3,1,0,0,0,0,0,0,0,0,0,0,0,0,0,0,21750.0,0.0,0.00375
13500000,1450,Other,3,1,0,0,0,0,0,0,0,0,0,0,0,0,0,0,9310.344827586207,0.0,0.0020689655172413794
4600000,1500,Sector 12 Dwarka,3,1,0,0,0,0,0,0,0,0,0,0,0,0,0,0,3066.6666666666665,0.0,0.002
13500000,450,Other,1,1,0,0,0,0,0,0,0,0,0,0,0,0,0,0,30000.0,0.0,0.0022222222222222222
5500000,1800,Sector 22 Dwarka,3,1,0,0,0,0,0,0,0,0,0,0,0,0,0,0,3055.5555555555557,0.0,0.0016666666666666668
4500000,450,Other,1,1,0,0,0,0,0,0,0,0,0,0,0,0,0,0,10000.0,0.0,0.0022222222222222222
38900000,500,Other,2,1,0,0,0,0,0,0,0,0,0,0,0,0,0,0,77800.0,0.0,0.004
28400000,1350,Other,3,1,0,0,0,0,0,0,0,0,0,0,0,0,0,0,21037.037037037036,0.0,0.0022222222222222222
36500000,1350,Other,3,1,0,0,0,0,0,0,0,0,0,0,0,0,0,0,27037.037037037036,0.0,0.0022222222222222222
3600000,1500,Other,3,1,0,0,0,0,0,0,0,0,0,0,0,0,0,0,2400.0,0.0,0.002
35000000,350,Other,1,1,0,0,0,0,0,0,0,0,0,0,0,0,0,0,100000.0,0.0,0.002857142857142857
18800000,1800,Other,3,1,0,0,0,0,0,0,0,0,0,0,0,0,0,0,10444.444444444445,0.0,0.0016666666666666668
2200000,2000,Sector 4 Dwarka,3,1,0,0,0,0,0,0,0,0,0,0,0,0,0,0,1100.0,0.0,0.0015
5500000,450,Other,2,1,0,0,0,0,0,0,0,0,0,0,0,0,0,0,12222.222222222223,0.0,0.0044444444444444444
4700000,900,Uttam Nagar,3,0,0,0,0,0,0,0,0,0,0,0,0,0,0,0,5222.222222222223,0.0,0.0033333333333333335
2700000,820,Uttam Nagar,3,0,0,0,0,0,0,0,0,0,0,0,0,0,0,0,3292.682926829268,0.0,0.003658536585365854
2400000,625,Uttam Nagar,2,0,0,0,0,0,0,0,0,0,0,0,0,0,0,0,3840.0,0.0,0.0032
3500000,525,Uttam Nagar,2,0,0,0,0,0,0,0,0,0,0,0,0,0,0,0,6666.666666666667,0.0,0.0038095238095238095
4200000,750,Uttam Nagar,2,0,0,0,0,0,0,0,0,0,0,0,0,0,0,0,5600.0,0.0,0.0026666666666666666
47500000,850,Uttam Nagar,3,0,0,0,0,0,0,0,0,0,0,0,0,0,0,0,55882.35294117647,0.0,0.0035294117647058825
55000000,1442,Other,2,1,0,0,0,0,0,0,0,0,0,0,0,0,0,0,38141.47018030513,0.0,0.0013869625520110957
7500000,1784,Other,3,1,0,0,0,0,0,0,0,0,0,0,0,0,0,0,4204.035874439462,0.0,0.0016816143497757848
65000000,1500,Other,3,1,0,0,0,0,0,0,0,0,0,0,0,0,0,0,43333.333333333336,0.0,0.002
52500000,1881,Other,3,1,0,0,0,0,0,0,0,0,0,0,0,0,0,0,27910.685805422647,0.0,0.001594896331738437
55000000,4504,Other,5,1,0,0,0,0,0,0,0,0,0,0,0,0,0,0,12211.367673179397,0.0,0.0011101243339253996
2100000,4502,Other,5,1,0,0,0,0,0,0,0,0,0,0,0,0,0,0,466.4593513993781,0.0,0.0011106175033318525
2200000,888,Other,2,1,0,0,0,0,0,0,0,0,0,0,0,0,0,0,2477.4774774774774,0.0,0.0022522522522522522
2600000,400,Other,2,1,0,0,0,0,0,0,0,0,0,0,0,0,0,0,6500.0,0.0,0.005
2600000,1651,Sector 12 Dwarka,2,1,0,0,0,0,0,0,0,0,0,0,0,0,0,0,1574.8031496062993,0.0,0.0012113870381586917
2400000,1651,Sector 12 Dwarka,2,1,0,0,0,0,0,0,0,0,0,0,0,0,0,0,1453.6644457904301,0.0,0.0012113870381586917
4000000,1600,Other,2,1,0,0,0,0,0,0,0,0,0,0,0,0,0,0,2500.0,0.0,0.00125
10000000,540,Other,2,1,0,0,0,0,0,0,0,0,0,0,0,0,0,0,18518.51851851852,0.0,0.003703703703703704
13500000,1053,Other,2,1,0,0,0,0,0,0,0,0,0,0,0,0,0,0,12820.51282051282,0.0,0.001899335232668566
17500000,1134,Other,3,1,0,0,0,0,0,0,0,0,0,0,0,0,0,0,15432.098765432098,0.0,0.0026455026455026454
8500000,1401,Other,2,1,0,0,0,0,0,0,0,0,0,0,0,0,0,0,6067.094932191292,0.0,0.0014275517487508922
6000000,1101,Other,2,1,0,0,0,0,0,0,0,0,0,0,0,0,0,0,5449.591280653951,0.0,0.0018165304268846503
6500000,954,Other,2,1,0,0,0,0,0,0,0,0,0,0,0,0,0,0,6813.417190775682,0.0,0.0020964360587002098
4200000,900,Other,2,1,0,0,0,0,0,0,0,0,0,0,0,0,0,0,4666.666666666667,0.0,0.0022222222222222222
3900000,2100,Other,3,1,0,0,0,0,0,0,0,0,0,0,0,0,0,0,1857.142857142857,0.0,0.0014285714285714286
5500000,1650,Sector 4 Dwarka,3,1,0,0,0,0,0,0,0,0,0,0,0,0,0,0,3333.3333333333335,0.0,0.0018181818181818182
17500000,720,Other,2,1,0,0,0,0,0,0,0,0,0,0,0,0,0,0,24305.555555555555,0.0,0.002777777777777778
3700000,1422,Other,3,1,0,0,0,0,0,0,0,0,0,0,0,0,0,0,2601.96905766526,0.0,0.002109704641350211
4200000,600,Other,2,1,0,0,0,0,0,0,0,0,0,0,0,0,0,0,7000.0,0.0,0.0033333333333333335
19000000,720,Dwarka Mor,3,0,0,0,0,0,0,0,0,0,0,0,0,0,0,0,26388.88888888889,0.0,0.004166666666666667
2600000,1800,Other,2,1,0,0,0,0,0,0,0,0,0,0,0,0,0,0,1444.4444444444443,0.0,0.0011111111111111111
4500000,1000,Noida,3,1,0,0,0,0,0,0,0,0,0,0,0,0,0,0,4500.0,0.0,0.003
80000000,900,Other,2,1,0,0,0,0,0,0,0,0,0,0,0,0,0,0,88888.88888888889,0.0,0.0022222222222222222
8900000,1000,Other,2,1,0,0,0,0,0,0,0,0,0,0,0,0,0,0,8900.0,0.0,0.002
3667000,1415,Other,3,1,0,0,0,0,0,0,0,0,0,0,0,0,0,0,2591.5194346289754,0.0,0.0021201413427561835
8000000,965,Other,2,1,0,0,0,0,0,0,0,0,0,0,0,0,0,0,8290.155440414508,0.0,0.002072538860103627
9600000,1223,Other,2,1,0,0,0,0,0,0,0,0,0,0,0,0,0,0,7849.550286181521,0.0,0.001635322976287817
3667000,4010,Noida,3,1,0,0,0,0,0,0,0,0,0,0,0,0,0,0,914.4638403990025,0.0,0.0007481296758104738
5200000,2320,Noida,2,1,0,0,0,0,0,0,0,0,0,0,0,0,0,0,2241.3793103448274,0.0,0.0008620689655172414
5712000,2210,Other,2,1,0,0,0,0,0,0,0,0,0,0,0,0,0,0,2584.6153846153848,0.0,0.0009049773755656109
3250000,1160,Noida,2,1,0,0,0,0,0,0,0,0,0,0,0,0,0,0,2801.7241379310344,0.0,0.0017241379310344827
7100000,1000,Noida,2,1,0,0,0,0,0,0,0,0,0,0,0,0,0,0,7100.0,0.0,0.002
2300000,2423,Other,2,1,0,0,0,0,0,0,0,0,0,0,0,0,0,0,949.2364836978952,0.0,0.0008254230293025176
3500000,450,Uttam Nagar,1,1,0,0,0,0,0,0,0,0,0,0,0,0,0,0,7777.777777777777,0.0,0.0022222222222222222
2500000,630,Other,2,1,0,0,0,0,0,0,0,0,0,0,0,0,0,0,3968.253968253968,0.0,0.0031746031746031746
2000000,450,Other,1,1,0,0,0,0,0,0,0,0,0,0,0,0,0,0,4444.444444444444,0.0,0.0022222222222222222
2000000,450,Other,1,1,0,0,0,0,0,0,0,0,0,0,0,0,0,0,4444.444444444444,0.0,0.0022222222222222222
5000000,450,Other,1,1,0,0,0,0,0,0,0,0,0,0,0,0,0,0,11111.111111111111,0.0,0.0022222222222222222
4500000,1000,Uttam Nagar,3,0,0,0,0,0,0,0,0,0,0,0,0,0,0,0,4500.0,0.0,0.003
2100000,900,Uttam Nagar,3,0,0,0,0,0,0,0,0,0,0,0,0,0,0,0,2333.3333333333335,0.0,0.0033333333333333335
2000000,500,Uttam Nagar,2,0,0,0,0,0,0,0,0,0,0,0,0,0,0,0,4000.0,0.0,0.004
6000000,520,Uttam Nagar,2,0,0,0,0,0,0,0,0,0,0,0,0,0,0,0,11538.461538461539,0.0,0.0038461538461538464
2200000,1050,Uttam Nagar,3,0,0,0,0,0,0,0,0,0,0,0,0,0,0,0,2095.2380952380954,0.0,0.002857142857142857
6500000,510,Uttam Nagar,2,0,0,0,0,0,0,0,0,0,0,0,0,0,0,0,12745.098039215687,0.0,0.00392156862745098
3500000,1100,Uttam Nagar,3,0,0,0,0,0,0,0,0,0,0,0,0,0,0,0,3181.818181818182,0.0,0.0027272727272727275
3100000,800,Uttam Nagar,3,0,0,0,0,0,0,0,0,0,0,0,0,0,0,0,3875.0,0.0,0.00375
2800000,750,Uttam Nagar,3,0,0,0,0,0,0,0,0,0,0,0,0,0,0,0,3733.3333333333335,0.0,0.004
4500000,600,Uttam Nagar,2,0,0,0,0,0,0,0,0,0,0,0,0,0,0,0,7500.0,0.0,0.0033333333333333335
13500000,900,Uttam Nagar,3,0,0,0,0,0,0,0,0,0,0,0,0,0,0,0,15000.0,0.0,0.0033333333333333335
20000000,1800,Sector 10 Dwarka,3,0,0,0,0,0,0,0,0,0,0,0,0,0,0,0,11111.111111111111,0.0,0.0016666666666666668
10000000,1900,Other,3,1,0,0,0,0,0,0,0,0,0,0,0,0,0,0,5263.1578947368425,0.0,0.0015789473684210526
2800000,750,Other,3,1,0,0,0,0,0,0,0,0,0,0,0,0,0,0,3733.3333333333335,0.0,0.004
4500000,750,Other,2,1,0,0,0,0,0,0,0,0,0,0,0,0,0,0,6000.0,0.0,0.0026666666666666666
3700000,900,Other,3,1,0,0,0,0,0,0,0,0,0,0,0,0,0,0,4111.111111111111,0.0,0.0033333333333333335
3700000,900,Other,3,1,0,0,0,0,0,0,0,0,0,0,0,0,0,0,4111.111111111111,0.0,0.0033333333333333335
23500000,900,Other,3,1,0,0,0,0,0,0,0,0,0,0,0,0,0,0,26111.11111111111,0.0,0.0033333333333333335
30000000,2000,Vasant Kunj,3,1,0,0,0,0,0,0,0,0,0,0,0,0,0,0,15000.0,0.0,0.0015
5400000,978,Other,2,1,0,0,0,0,0,0,0,0,0,0,0,0,0,0,5521.472392638037,0.0,0.002044989775051125
16500000,900,Other,3,0,0,0,0,0,0,0,0,0,0,0,0,0,0,0,18333.333333333332,0.0,0.0033333333333333335
5800000,1400,Other,4,0,0,0,0,0,0,0,0,0,0,0,0,0,0,0,4142.857142857143,0.0,0.002857142857142857
4600000,704,Other,2,0,0,0,0,0,0,0,0,0,0,0,0,0,0,0,6534.090909090909,0.0,0.002840909090909091
3800000,572,Other,2,0,0,0,0,0,0,0,0,0,0,0,0,0,0,0,6643.356643356643,0.0,0.0034965034965034965
28000000,450,Other,2,0,0,0,0,0,0,0,0,0,0,0,0,0,0,0,62222.22222222222,0.0,0.0044444444444444444
11500000,2250,Other,4,0,0,0,0,0,0,0,0,0,0,0,0,0,0,0,5111.111111111111,0.0,0.0017777777777777779
16500000,1125,Other,3,0,0,0,0,0,0,0,0,0,0,0,0,0,0,0,14666.666666666666,0.0,0.0026666666666666666
5800000,1400,Other,4,0,0,0,0,0,0,0,0,0,0,0,0,0,0,0,4142.857142857143,0.0,0.002857142857142857
4600000,704,Other,2,0,0,0,0,0,0,0,0,0,0,0,0,0,0,0,6534.090909090909,0.0,0.002840909090909091
3800000,572,Other,2,0,0,0,0,0,0,0,0,0,0,0,0,0,0,0,6643.356643356643,0.0,0.0034965034965034965
28000000,450,Other,2,0,0,0,0,0,0,0,0,0,0,0,0,0,0,0,62222.22222222222,0.0,0.0044444444444444444
11500000,2250,Other,4,0,0,0,0,0,0,0,0,0,0,0,0,0,0,0,5111.111111111111,0.0,0.0017777777777777779
3400000,1125,Other,3,0,0,0,0,0,0,0,0,0,0,0,0,0,0,0,3022.222222222222,0.0,0.0026666666666666666
2800000,400,Other,1,0,0,0,0,0,0,0,0,0,0,0,0,0,0,0,7000.0,0.0,0.0025
7500000,350,Other,1,0,0,0,0,0,0,0,0,0,0,0,0,0,0,0,21428.571428571428,0.0,0.002857142857142857
5600000,800,Other,3,0,0,0,0,0,0,0,0,0,0,0,0,0,0,0,7000.0,0.0,0.00375
5100000,750,Other,3,0,0,0,0,0,0,0,0,0,0,0,0,0,0,0,6800.0,0.0,0.004
3100000,1125,Other,2,1,0,0,0,0,0,0,0,0,0,0,0,0,0,0,2755.5555555555557,0.0,0.0017777777777777779
2299000,600,Dwarka Mor,3,0,0,0,0,0,0,0,0,0,0,0,0,0,0,0,3831.6666666666665,0.0,0.005
2600000,540,Uttam Nagar,2,0,0,0,0,0,0,0,0,0,0,0,0,0,0,0,4814.814814814815,0.0,0.003703703703703704
35000000,630,Uttam Nagar,2,0,0,0,0,0,0,0,0,0,0,0,0,0,0,0,55555.555555555555,0.0,0.0031746031746031746
2224000,2300,Vasant Kunj,4,1,0,0,0,0,0,0,0,0,0,0,0,0,0,0,966.9565217391304,0.0,0.0017391304347826088
2700000,800,Noida,2,1,0,0,0,0,0,0,0,0,0,0,0,0,0,0,3375.0,0.0,0.0025
2100000,1000,Noida,3,1,0,0,0,0,0,0,0,0,0,0,0,0,0,0,2100.0,0.0,0.003
2716000,800,Noida,2,1,0,0,0,0,0,0,0,0,0,0,0,0,0,0,3395.0,0.0,0.0025
3500000,1000,Noida,3,1,0,0,0,0,0,0,0,0,0,0,0,0,0,0,3500.0,0.0,0.003
3200000,760,Other,2,1,0,0,0,0,0,0,0,0,0,0,0,0,0,0,4210.526315789473,0.0,0.002631578947368421
2250000,760,Other,2,1,0,0,0,0,0,0,0,0,0,0,0,0,0,0,2960.5263157894738,0.0,0.002631578947368421
11500000,900,Other,2,1,0,0,0,0,0,0,0,0,0,0,0,0,0,0,12777.777777777777,0.0,0.0022222222222222222
2450000,1125,Other,4,1,0,0,0,0,0,0,0,0,0,0,0,0,0,0,2177.777777777778,0.0,0.0035555555555555557
5712000,965,Other,2,1,0,0,0,0,0,0,0,0,0,0,0,0,0,0,5919.170984455958,0.0,0.002072538860103627
2450000,1220,Other,2,1,0,0,0,0,0,0,0,0,0,0,0,0,0,0,2008.1967213114754,0.0,0.001639344262295082
32000000,2412,Other,2,1,0,0,0,0,0,0,0,0,0,0,0,0,0,0,13266.998341625207,0.0,0.0008291873963515755
5712000,2620,Other,2,1,0,0,0,0,0,0,0,0,0,0,0,0,0,0,2180.1526717557254,0.0,0.0007633587786259542
9200000,1190,Noida,2,1,0,0,0,0,0,0,0,0,0,0,0,0,0,0,7731.09243697479,0.0,0.0016806722689075631
5712000,2312,Other,2,1,0,0,0,0,0,0,0,0,0,0,0,0,0,0,2470.5882352941176,0.0,0.0008650519031141869
6950000,2031,Noida,2,1,0,0,0,0,0,0,0,0,0,0,0,0,0,0,3421.9596258000984,0.0,0.0009847365829640572
2550000,1275,Other,3,1,0,0,0,0,0,0,0,0,0,0,0,0,0,0,2000.0,0.0,0.002352941176470588
4900000,600,Uttam Nagar,2,0,0,0,0,0,0,0,0,0,0,0,0,0,0,0,8166.666666666667,0.0,0.0033333333333333335
2450000,900,Other,3,1,0,0,0,0,0,0,0,0,0,0,0,0,0,0,2722.222222222222,0.0,0.0033333333333333335
3800000,530,Uttam Nagar,2,0,0,0,0,0,0,0,0,0,0,0,0,0,0,0,7169.811320754717,0.0,0.0037735849056603774
5000000,900,Uttam Nagar,3,0,0,0,0,0,0,0,0,0,0,0,0,0,0,0,5555.555555555556,0.0,0.0033333333333333335
11600000,900,Other,3,1,0,0,0,0,0,0,0,0,0,0,0,0,0,0,12888.888888888889,0.0,0.0033333333333333335
4800000,1050,Other,2,1,0,0,0,0,0,0,0,0,0,0,0,0,0,0,4571.428571428572,0.0,0.0019047619047619048
16500000,900,Other,3,1,0,0,0,0,0,0,0,0,0,0,0,0,0,0,18333.333333333332,0.0,0.0033333333333333335
2400000,1400,Other,4,0,0,0,0,0,0,0,0,0,0,0,0,0,0,0,1714.2857142857142,0.0,0.002857142857142857
2500000,450,Other,2,0,0,0,0,0,0,0,0,0,0,0,0,0,0,0,5555.555555555556,0.0,0.0044444444444444444
3200000,600,Uttam Nagar,2,0,0,0,0,0,0,0,0,0,0,0,0,0,0,0,5333.333333333333,0.0,0.0033333333333333335
2250000,800,Uttam Nagar,3,0,0,0,0,0,0,0,0,0,0,0,0,0,0,0,2812.5,0.0,0.00375
2450000,550,Uttam Nagar,2,0,0,0,0,0,0,0,0,0,0,0,0,0,0,0,4454.545454545455,0.0,0.0036363636363636364
2700000,530,Uttam Nagar,2,0,0,0,0,0,0,0,0,0,0,0,0,0,0,0,5094.33962264151,0.0,0.0037735849056603774
14000000,600,Uttam Nagar,2,0,0,0,0,0,0,0,0,0,0,0,0,0,0,0,23333.333333333332,0.0,0.0033333333333333335
13500000,1100,Other,2,1,0,0,0,0,0,0,0,0,0,0,0,0,0,0,12272.727272727272,0.0,0.0018181818181818182
4900000,1100,Other,2,1,0,0,0,0,0,0,0,0,0,0,0,0,0,0,4454.545454545455,0.0,0.0018181818181818182
2400000,900,Other,3,1,0,0,0,0,0,0,0,0,0,0,0,0,0,0,2666.6666666666665,0.0,0.0033333333333333335
3500000,530,Uttam Nagar,2,0,0,0,0,0,0,0,0,0,0,0,0,0,0,0,6603.773584905661,0.0,0.0037735849056603774
3500000,800,Uttam Nagar,3,0,0,0,0,0,0,0,0,0,0,0,0,0,0,0,4375.0,0.0,0.00375
16500000,900,Uttam Nagar,3,0,0,0,0,0,0,0,0,0,0,0,0,0,0,0,18333.333333333332,0.0,0.0033333333333333335
2400000,1400,Other,4,0,0,0,0,0,0,0,0,0,0,0,0,0,0,0,1714.2857142857142,0.0,0.002857142857142857
6800000,450,Other,2,0,0,0,0,0,0,0,0,0,0,0,0,0,0,0,15111.111111111111,0.0,0.0044444444444444444
6000000,800,Other,2,0,0,0,0,0,0,0,0,0,0,0,0,0,0,0,7500.0,0.0,0.0025
8000000,700,Other,2,0,0,0,0,0,0,0,0,0,0,0,0,0,0,0,11428.57142857143,0.0,0.002857142857142857
4800000,850,Other,3,0,0,0,0,0,0,0,0,0,0,0,0,0,0,0,5647.058823529412,0.0,0.0035294117647058825
5500000,810,Other,3,1,0,0,0,0,0,0,0,0,0,0,0,0,0,0,6790.123456790124,0.0,0.003703703703703704
2400000,900,Uttam Nagar,3,1,0,0,0,0,0,0,0,0,0,0,0,0,0,0,2666.6666666666665,0.0,0.0033333333333333335
2400000,450,Other,2,1,0,0,0,0,0,0,0,0,0,0,0,0,0,0,5333.333333333333,0.0,0.0044444444444444444
2400000,495,Other,2,1,0,0,0,0,0,0,0,0,0,0,0,0,0,0,4848.484848484848,0.0,0.00404040404040404
3300000,495,Other,2,1,0,0,0,0,0,0,0,0,0,0,0,0,0,0,6666.666666666667,0.0,0.00404040404040404
2450000,760,Uttam Nagar,3,0,0,0,0,0,0,0,0,0,0,0,0,0,0,0,3223.684210526316,0.0,0.003947368421052632
3500000,600,Uttam Nagar,2,0,0,0,0,0,0,0,0,0,0,0,0,0,0,0,5833.333333333333,0.0,0.0033333333333333335
3300000,750,Uttam Nagar,3,0,0,0,0,0,0,0,0,0,0,0,0,0,0,0,4400.0,0.0,0.004
2250000,800,Uttam Nagar,3,0,0,0,0,0,0,0,0,0,0,0,0,0,0,0,2812.5,0.0,0.00375
3150000,600,Uttam Nagar,2,0,0,0,0,0,0,0,0,0,0,0,0,0,0,0,5250.0,0.0,0.0033333333333333335
2450000,760,Uttam Nagar,3,0,0,0,0,0,0,0,0,0,0,0,0,0,0,0,3223.684210526316,0.0,0.003947368421052632
3250000,580,Uttam Nagar,2,0,0,0,0,0,0,0,0,0,0,0,0,0,0,0,5603.448275862069,0.0,0.0034482758620689655
2500000,760,Uttam Nagar,3,0,0,0,0,0,0,0,0,0,0,0,0,0,0,0,3289.4736842105262,0.0,0.003947368421052632
2500000,600,Uttam Nagar,2,0,0,0,0,0,0,0,0,0,0,0,0,0,0,0,4166.666666666667,0.0,0.0033333333333333335
3500000,600,Uttam Nagar,2,0,0,0,0,0,0,0,0,0,0,0,0,0,0,0,5833.333333333333,0.0,0.0033333333333333335
2400000,800,Uttam Nagar,3,0,0,0,0,0,0,0,0,0,0,0,0,0,0,0,3000.0,0.0,0.00375
2450000,580,Uttam Nagar,2,0,0,0,0,0,0,0,0,0,0,0,0,0,0,0,4224.137931034483,0.0,0.0034482758620689655
3300000,600,Uttam Nagar,2,0,0,0,0,0,0,0,0,0,0,0,0,0,0,0,5500.0,0.0,0.0033333333333333335
2500000,750,Uttam Nagar,3,0,0,0,0,0,0,0,0,0,0,0,0,0,0,0,3333.3333333333335,0.0,0.004
2250000,600,Uttam Nagar,2,0,0,0,0,0,0,0,0,0,0,0,0,0,0,0,3750.0,0.0,0.0033333333333333335
2450000,600,Uttam Nagar,2,0,0,0,0,0,0,0,0,0,0,0,0,0,0,0,4083.3333333333335,0.0,0.0033333333333333335
3600000,600,Uttam Nagar,2,0,0,0,0,0,0,0,0,0,0,0,0,0,0,0,6000.0,0.0,0.0033333333333333335
3300000,750,Uttam Nagar,3,0,0,0,0,0,0,0,0,0,0,0,0,0,0,0,4400.0,0.0,0.004
2550000,800,Uttam Nagar,3,0,0,0,0,0,0,0,0,0,0,0,0,0,0,0,3187.5,0.0,0.00375
3200000,600,Uttam Nagar,2,0,0,0,0,0,0,0,0,0,0,0,0,0,0,0,5333.333333333333,0.0,0.0033333333333333335
2300000,750,Uttam Nagar,3,0,0,0,0,0,0,0,0,0,0,0,0,0,0,0,3066.6666666666665,0.0,0.004
18000000,600,Uttam Nagar,2,0,0,0,0,0,0,0,0,0,0,0,0,0,0,0,30000.0,0.0,0.0033333333333333335
18000000,3500,Other,4,0,0,0,0,0,0,0,0,0,0,0,0,0,0,0,5142.857142857143,0.0,0.001142857142857143
16500000,1900,Sector 19 Dwarka,3,1,0,0,0,0,0,0,0,0,0,0,0,0,0,0,8684.21052631579,0.0,0.0015789473684210526
18500000,1800,Other,3,1,0,0,0,0,0,0,0,0,0,0,0,0,0,0,10277.777777777777,0.0,0.0016666666666666668
15000000,1800,Other,3,1,0,0,0,0,0,0,0,0,0,0,0,0,0,0,8333.333333333334,0.0,0.0016666666666666668
15500000,1800,Other,3,1,0,0,0,0,0,0,0,0,0,0,0,0,0,0,8611.111111111111,0.0,0.0016666666666666668
15000000,1700,Sector 11 Dwarka,3,1,0,0,0,0,0,0,0,0,0,0,0,0,0,0,8823.529411764706,0.0,0.0017647058823529412
2700000,1800,Sector 12 Dwarka,3,1,0,0,0,0,0,0,0,0,0,0,0,0,0,0,1500.0,0.0,0.0016666666666666668
13500000,562,Uttam Nagar,2,1,0,0,0,0,0,0,0,0,0,0,0,0,0,0,24021.35231316726,0.0,0.0035587188612099642
2500000,950,Vasant Kunj,2,1,0,0,0,0,0,0,0,0,0,0,0,0,0,0,2631.5789473684213,0.0,0.002105263157894737
15000000,540,Other,2,1,0,0,0,0,0,0,0,0,0,0,0,0,0,0,27777.777777777777,0.0,0.003703703703703704
2500000,1100,Other,3,1,0,0,0,0,0,0,0,0,0,0,0,0,0,0,2272.7272727272725,0.0,0.0027272727272727275
2500000,540,Other,2,1,0,0,0,0,0,0,0,0,0,0,0,0,0,0,4629.62962962963,0.0,0.003703703703703704
3000000,540,Other,2,1,0,0,0,0,0,0,0,0,0,0,0,0,0,0,5555.555555555556,0.0,0.003703703703703704
2600000,415,Other,1,1,0,0,0,0,0,0,0,0,0,0,0,0,0,0,6265.060240963855,0.0,0.0024096385542168677
5500000,415,Other,1,1,0,0,0,0,0,0,0,0,0,0,0,0,0,0,13253.012048192772,0.0,0.0024096385542168677
4200000,900,Uttam Nagar,3,1,0,0,0,0,0,0,0,0,0,0,0,0,0,0,4666.666666666667,0.0,0.0033333333333333335
