Price,Area,No._of_Bedrooms,Resale,LandscapedGardens,IndoorGames,Intercom,SportsFacility,ClubHouse,24X7Security,PowerBackup,CarParking,Gasconnection,AC,Wifi,Children'splayarea,LiftAvailable,Total_Amenities,Price_per_sqft,Amenity_Score,Bedroom_Density,Location_Burari,Location_Dwarka Mor,Location_Jamia Nagar,Location_Noida,Location_Om Nagar,Location_Other,Location_Sector 10 Dwarka,Location_Sector 11 Dwarka,Location_Sector 12 Dwarka,Location_Sector 19 Dwarka,Location_Sector 22 Dwarka,Location_Sector 4 Dwarka,Location_Sector 6 Dwarka,Location_Uttam Nagar,Location_Vasant Kunj
10500000,1200,2,1,0,0,1,1,0,1,1,1,1,0,0,1,1,3,8750.0,3,0.0016666666666666668,False,False,False,False,False,False,True,False,False,False,False,False,False,False,False
6000000,1000,3,0,0,0,1,0,0,0,1,1,0,0,0,0,0,0,6000.0,0,0.003,False,False,False,False,False,False,False,False,False,False,False,False,False,True,False
15000000,1350,2,1,0,0,0,0,0,0,0,0,0,0,0,0,0,0,11111.111111111111,0,0.0014814814814814814,False,False,False,False,False,True,False,False,False,False,False,False,False,False,False
2500000,435,2,0,0,0,1,0,0,0,0,1,0,0,0,0,0,1,5747.126436781609,1,0.004597701149425287,False,False,False,False,False,False,False,False,False,False,False,False,False,True,False
5800000,900,3,0,0,0,0,0,0,0,0,1,0,0,0,0,1,0,6444.444444444444,0,0.0033333333333333335,False,True,False,False,False,False,False,False,False,False,False,False,False,False,False
15800000,1800,4,1,0,0,1,0,1,1,1,1,1,0,0,1,1,6,8777.777777777777,6,0.0022222222222222222,False,False,False,False,False,True,False,False,False,False,False,False,False,False,False
15400000,1500,3,1,0,0,0,0,0,0,0,0,0,0,0,0,0,0,10266.666666666666,0,0.002,False,False,False,False,False,False,False,False,False,False,False,False,True,False,False
13500000,1800,3,1,0,0,1,1,1,0,1,0,1,0,0,1,0,1,7500.0,1,0.0016666666666666668,False,False,False,False,False,True,False,False,False,False,False,False,False,False,False
6500000,1000,3,0,0,0,0,0,0,0,0,1,0,0,0,0,1,0,6500.0,0,0.003,False,False,False,False,False,True,False,False,False,False,False,False,False,False,False
12500000,1300,2,1,0,0,0,0,0,0,0,0,0,0,0,0,0,0,9615.384615384615,0,0.0015384615384615385,False,False,False,False,False,True,False,False,False,False,False,False,False,False,False
11000000,1000,3,0,0,0,0,0,0,0,0,1,0,0,0,0,1,0,11000.0,0,0.003,False,False,False,False,False,True,False,False,False,False,False,False,False,False,False
12500000,1550,3,1,0,0,1,1,0,0,1,0,1,0,0,1,1,0,8064.5161290322585,0,0.001935483870967742,False,False,False,False,False,False,False,True,False,False,False,False,False,False,False
14800000,1800,3,1,0,0,0,0,0,0,0,0,0,0,0,0,0,0,8222.222222222223,0,0.0016666666666666668,False,False,False,False,False,True,False,False,False,False,False,False,False,False,False
12500000,600,3,1,0,0,0,0,0,0,0,0,0,0,0,0,0,0,20833.333333333332,0,0.005,False,False,False,False,False,False,False,False,True,False,False,False,False,False,False
3300000,385,1,1,0,0,0,0,0,0,0,0,0,0,0,0,0,0,8571.42857142857,0,0.0025974025974025974,False,False,False,False,False,True,False,False,False,False,False,False,False,False,False
110000000,2500,4,1,0,0,0,0,0,0,1,0,1,1,0,0,1,2,44000.0,2,0.0016,False,False,False,False,False,True,False,False,False,False,False,False,False,False,False
5000000,1000,3,0,0,0,0,0,0,0,0,0,0,0,0,0,1,0,5000.0,0,0.003,False,True,False,False,False,False,False,False,False,False,False,False,False,False,False
17500000,1300,3,0,0,0,1,0,0,0,0,0,1,0,0,1,0,0,13461.538461538461,0,0.002307692307692308,False,False,False,False,False,True,False,False,False,False,False,False,False,False,False
3600000,1050,3,1,0,0,0,0,0,0,0,0,0,0,0,0,1,1,3428.5714285714284,1,0.002857142857142857,False,False,False,False,False,True,False,False,False,False,False,False,False,False,False
16500000,1600,3,1,0,0,0,0,0,0,0,0,1,0,0,0,0,0,10312.5,0,0.001875,False,False,False,False,False,False,False,False,False,False,False,False,True,False,False
10500000,1200,2,1,0,0,1,1,0,1,1,1,1,0,0,1,1,3,8750.0,3,0.0016666666666666668,False,False,False,False,False,False,True,False,False,False,False,False,False,False,False
6000000,1000,3,0,0,0,1,0,0,0,1,1,0,0,0,0,0,0,6000.0,0,0.003,False,False,False,False,False,False,False,False,False,False,False,False,False,True,False
15000000,1350,2,1,0,0,0,0,0,0,0,0,0,0,0,0,0,0,11111.111111111111,0,0.0014814814814814814,False,False,False,False,False,True,False,False,False,False,False,False,False,False,False
2500000,435,2,0,0,0,1,0,0,0,0,1,0,0,0,0,0,1,5747.126436781609,1,0.004597701149425287,False,False,False,False,False,False,False,False,False,False,False,False,False,True,False
5800000,900,3,0,0,0,0,0,0,0,0,1,0,0,0,0,1,0,6444.444444444444,0,0.0033333333333333335,False,True,False,False,False,False,False,False,False,False,False,False,False,False,False
15800000,1800,4,1,0,0,1,0,1,1,1,1,1,0,0,1,1,6,8777.777777777777,6,0.0022222222222222222,False,False,False,False,False,True,False,False,False,False,False,False,False,False,False
15400000,1500,3,1,0,0,0,0,0,0,0,0,0,0,0,0,0,0,10266.666666666666,0,0.002,False,False,False,False,False,False,False,False,False,False,False,False,True,False,False
13500000,1800,3,1,0,0,1,1,1,0,1,0,1,0,0,1,0,1,7500.0,1,0.0016666666666666668,False,False,False,False,False,True,False,False,False,False,False,False,False,False,False
6500000,1000,3,0,0,0,0,0,0,0,0,1,0,0,0,0,1,0,6500.0,0,0.003,False,False,False,False,False,True,False,False,False,False,False,False,False,False,False
12500000,1300,2,1,0,0,0,0,0,0,0,0,0,0,0,0,0,0,9615.384615384615,0,0.0015384615384615385,False,False,False,False,False,True,False,False,False,False,False,False,False,False,False
11000000,1000,3,0,0,0,0,0,0,0,0,1,0,0,0,0,1,0,11000.0,0,0.003,False,False,False,False,False,True,False,False,False,False,False,False,False,False,False
12500000,1550,3,1,0,0,1,1,0,0,1,0,1,0,0,1,1,0,8064.5161290322585,0,0.001935483870967742,False,False,False,False,False,False,False,True,False,False,False,False,False,False,False
14800000,1800,3,1,0,0,0,0,0,0,0,0,0,0,0,0,0,0,8222.222222222223,0,0.0016666666666666668,False,False,False,False,False,True,False,False,False,False,False,False,False,False,False
12500000,600,3,1,0,0,0,0,0,0,0,0,0,0,0,0,0,0,20833.333333333332,0,0.005,False,False,False,False,False,False,False,False,True,False,False,False,False,False,False
3300000,385,1,1,0,0,0,0,0,0,0,0,0,0,0,0,0,0,8571.42857142857,0,0.0025974025974025974,False,False,False,False,False,True,False,False,False,False,False,False,False,False,False
110000000,2500,4,1,0,0,0,0,0,0,1,0,1,1,0,0,1,2,44000.0,2,0.0016,False,False,False,False,False,True,False,False,False,False,False,False,False,False,False
5000000,1000,3,0,0,0,0,0,0,0,0,0,0,0,0,0,1,0,5000.0,0,0.003,False,True,False,False,False,False,False,False,False,False,False,False,False,False,False
17500000,1300,3,0,0,0,1,0,0,0,0,0,1,0,0,1,0,0,13461.538461538461,0,0.002307692307692308,False,False,False,False,False,True,False,False,False,False,False,False,False,False,False
3600000,1050,3,1,0,0,0,0,0,0,0,0,0,0,0,0,1,1,3428.5714285714284,1,0.002857142857142857,False,False,False,False,False,True,False,False,False,False,False,False,False,False,False
16500000,1600,3,1,0,0,0,0,0,0,0,0,1,0,0,0,0,0,10312.5,0,0.001875,False,False,False,False,False,False,False,False,False,False,False,False,True,False,False
12500000,1000,2,1,0,0,0,0,0,0,0,0,0,0,0,0,0,0,12500.0,0,0.002,False,False,False,False,False,True,False,False,False,False,False,False,False,False,False
2750000,630,2,1,0,0,0,0,0,0,0,0,0,0,0,0,1,1,4365.079365079365,1,0.0031746031746031746,False,False,True,False,False,False,False,False,False,False,False,False,False,False,False
23500000,2000,4,1,0,0,1,0,1,0,1,1,1,0,0,1,1,0,11750.0,0,0.002,False,False,False,False,False,False,False,False,False,True,False,False,False,False,False
16200000,1600,3,1,0,0,0,0,0,0,0,0,0,0,0,0,0,0,10125.0,0,0.001875,False,False,False,False,False,False,True,False,False,False,False,False,False,False,False
13500000,1350,4,0,1,0,0,0,0,0,0,1,0,0,0,0,1,0,10000.0,0,0.002962962962962963,False,False,False,False,False,True,False,False,False,False,False,False,False,False,False
5500000,1000,3,0,0,0,1,0,0,0,0,0,0,0,0,0,1,1,5500.0,1,0.003,False,False,False,False,False,False,False,False,False,False,False,False,False,True,False
5500000,1000,3,0,0,0,1,0,0,0,0,0,0,0,0,0,1,1,5500.0,1,0.003,False,True,False,False,False,False,False,False,False,False,False,False,False,False,False
3621000,900,3,0,0,0,0,0,0,0,0,0,0,0,0,0,0,0,4023.3333333333335,0,0.0033333333333333335,False,False,False,False,False,False,False,False,False,False,False,False,False,True,False
9200000,1200,2,1,0,0,1,0,0,0,0,0,1,0,0,1,0,0,7666.666666666667,0,0.0016666666666666668,False,False,False,False,False,True,False,False,False,False,False,False,False,False,False
10400000,1125,3,1,0,0,0,0,0,0,0,1,0,0,0,0,1,0,9244.444444444445,0,0.0026666666666666666,False,False,False,False,False,True,False,False,False,False,False,False,False,False,False
2350000,415,1,1,0,0,0,1,0,0,0,0,0,0,0,1,0,1,5662.650602409639,1,0.0024096385542168677,False,False,False,False,False,True,False,False,False,False,False,False,False,False,False
8000000,1500,4,0,0,0,0,0,0,0,0,0,0,0,0,0,0,0,5333.333333333333,0,0.0026666666666666666,False,True,False,False,False,False,False,False,False,False,False,False,False,False,False
3500000,675,3,1,0,0,0,0,0,0,0,0,0,0,0,0,1,0,5185.185185185185,0,0.0044444444444444444,False,False,False,False,False,True,False,False,False,False,False,False,False,False,False
14800000,1750,3,1,0,0,1,1,0,0,1,0,1,0,0,1,1,0,8457.142857142857,0,0.0017142857142857142,False,False,False,False,False,True,False,False,False,False,False,False,False,False,False
8500000,1200,4,0,0,0,1,0,0,0,1,1,0,0,0,0,1,0,7083.333333333333,0,0.0033333333333333335,False,True,False,False,False,False,False,False,False,False,False,False,False,False,False
17500000,1650,3,1,1,0,0,0,0,0,0,1,0,0,0,0,1,1,10606.060606060606,1,0.0018181818181818182,False,False,False,False,False,False,False,False,False,False,False,False,False,False,True
2700000,540,2,0,0,0,1,0,0,0,0,1,0,0,0,0,1,3,5000.0,3,0.003703703703703704,False,True,False,False,False,False,False,False,False,False,False,False,False,False,False
4999000,950,3,0,0,0,1,0,0,0,0,0,0,0,0,0,0,1,5262.105263157895,1,0.003157894736842105,False,True,False,False,False,False,False,False,False,False,False,False,False,False,False
4699000,850,3,1,0,0,1,0,0,0,0,0,1,0,0,0,1,0,5528.235294117647,0,0.0035294117647058825,False,True,False,False,False,False,False,False,False,False,False,False,False,False,False
3800000,450,2,1,0,0,0,0,0,0,0,0,0,0,0,0,1,0,8444.444444444445,0,0.0044444444444444444,False,False,False,False,False,True,False,False,False,False,False,False,False,False,False
15000000,1551,2,1,1,0,0,0,0,0,1,1,1,1,0,1,0,0,9671.17988394584,0,0.0012894906511927789,False,False,False,False,False,True,False,False,False,False,False,False,False,False,False
3000000,650,2,0,0,0,0,0,0,0,0,0,0,0,0,0,0,0,4615.384615384615,0,0.003076923076923077,False,False,True,False,False,False,False,False,False,False,False,False,False,False,False
5100000,900,3,0,0,0,0,0,0,0,0,1,0,0,0,0,0,0,5666.666666666667,0,0.0033333333333333335,False,False,False,False,False,True,False,False,False,False,False,False,False,False,False
2350000,550,2,0,0,0,0,0,0,0,0,0,0,0,0,0,0,0,4272.727272727273,0,0.0036363636363636364,False,False,False,False,False,False,False,False,False,False,False,False,False,True,False
5499000,900,3,0,0,0,1,0,0,0,0,1,0,0,0,0,0,0,6110.0,0,0.0033333333333333335,False,True,False,False,False,False,False,False,False,False,False,False,False,False,False
12800000,1843,3,0,1,0,0,0,1,1,1,1,0,0,0,1,1,8,6945.198046663049,8,0.0016277807921866521,False,False,False,False,False,True,False,False,False,False,False,False,False,False,False
2500000,630,2,1,0,0,0,0,0,0,0,0,0,0,0,0,0,1,3968.253968253968,1,0.0031746031746031746,False,False,False,False,False,True,False,False,False,False,False,False,False,False,False
27500000,3000,4,1,0,0,1,1,1,0,0,0,1,0,0,1,1,2,9166.666666666666,2,0.0013333333333333333,False,False,False,False,False,False,False,False,False,False,True,False,False,False,False
3600000,675,2,1,0,0,0,0,0,0,0,0,0,0,0,0,1,0,5333.333333333333,0,0.002962962962962963,False,False,False,False,False,True,False,False,False,False,False,False,False,False,False
45000000,1300,3,1,0,0,0,1,0,0,1,0,1,1,0,1,0,7,34615.38461538462,7,0.002307692307692308,False,False,False,False,False,True,False,False,False,False,False,False,False,False,False
5500000,1000,3,0,0,0,0,0,0,0,0,1,0,0,0,0,1,0,5500.0,0,0.003,False,False,False,False,False,False,False,False,False,False,False,False,False,True,False
5500000,900,3,1,0,0,1,0,0,0,0,0,0,0,0,0,1,0,6111.111111111111,0,0.0033333333333333335,False,False,False,False,False,True,False,False,False,False,False,False,False,False,False
16800000,1700,3,1,0,0,1,1,1,0,0,0,1,0,0,1,1,2,9882.35294117647,2,0.0017647058823529412,False,False,False,False,False,False,False,False,False,False,False,False,True,False,False
3900000,900,3,0,0,0,0,0,0,0,0,0,0,0,0,0,1,0,4333.333333333333,0,0.0033333333333333335,False,True,False,False,False,False,False,False,False,False,False,False,False,False,False
4400000,1000,3,0,0,0,1,0,0,0,0,0,0,0,0,0,1,1,4400.0,1,0.003,False,True,False,False,False,False,False,False,False,False,False,False,False,False,False
15000000,1200,2,1,0,0,1,0,0,0,1,0,1,1,0,1,1,7,12500.0,7,0.0016666666666666668,False,False,False,False,False,True,False,False,False,False,False,False,False,False,False
6500000,700,3,1,0,0,0,0,0,0,0,0,1,0,0,0,1,0,9285.714285714286,0,0.004285714285714286,False,False,False,False,False,True,False,False,False,False,False,False,False,False,False
2900000,630,2,1,0,0,1,0,0,0,0,0,0,0,0,0,1,0,4603.174603174603,0,0.0031746031746031746,True,False,False,False,False,False,False,False,False,False,False,False,False,False,False
2100000,540,2,0,0,0,0,0,0,0,0,0,1,0,0,0,0,0,3888.8888888888887,0,0.003703703703703704,True,False,False,False,False,False,False,False,False,False,False,False,False,False,False
6200000,1200,3,1,0,0,1,0,0,0,0,0,1,0,0,0,1,0,5166.666666666667,0,0.0025,False,False,False,False,False,True,False,False,False,False,False,False,False,False,False
4011000,1000,3,0,0,0,0,0,0,0,0,0,0,0,0,0,0,0,4011.0,0,0.003,False,False,False,False,False,False,False,False,False,False,False,False,False,True,False
5300000,850,3,1,0,0,0,0,0,0,0,0,0,0,0,0,1,0,6235.294117647059,0,0.0035294117647058825,False,False,False,False,False,True,False,False,False,False,False,False,False,False,False
13500000,1500,3,1,1,0,1,0,0,0,0,1,1,0,0,1,1,0,9000.0,0,0.002,False,False,False,False,False,False,False,False,False,True,False,False,False,False,False
2400000,750,2,0,0,0,0,0,0,0,0,0,0,0,0,0,0,0,3200.0,0,0.0026666666666666666,False,False,False,False,False,True,False,False,False,False,False,False,False,False,False
14500000,1650,3,1,0,0,1,1,1,0,1,1,1,0,0,1,1,1,8787.878787878788,1,0.0018181818181818182,False,False,False,False,False,True,False,False,False,False,False,False,False,False,False
4500000,810,3,1,0,0,0,0,0,0,0,0,0,0,0,0,1,1,5555.555555555556,1,0.003703703703703704,False,False,False,False,False,True,False,False,False,False,False,False,False,False,False
16000000,1250,3,1,0,0,0,0,0,0,0,0,0,0,0,0,0,0,12800.0,0,0.0024,False,False,False,False,False,True,False,False,False,False,False,False,False,False,False
6400000,600,1,1,0,0,0,0,0,0,0,0,1,0,0,0,0,0,10666.666666666666,0,0.0016666666666666668,False,False,False,False,False,True,False,False,False,False,False,False,False,False,False
35000000,3800,5,1,1,1,1,1,1,1,1,1,1,0,0,1,1,2,9210.526315789473,2,0.0013157894736842105,False,False,False,False,False,False,False,False,True,False,False,False,False,False,False
10000000,1000,3,0,0,0,0,0,0,0,0,1,0,0,0,0,1,0,10000.0,0,0.003,False,False,False,False,False,True,False,False,False,False,False,False,False,False,False
2300000,380,1,1,0,0,0,0,0,0,0,0,0,0,0,0,0,0,6052.631578947368,0,0.002631578947368421,False,False,False,False,False,True,False,False,False,False,False,False,False,False,False
6900000,600,1,1,0,0,0,0,0,0,0,0,1,0,0,1,1,0,11500.0,0,0.0016666666666666668,False,False,False,False,False,False,False,False,False,False,False,False,False,False,True
17500000,2250,2,1,0,0,0,0,0,0,0,0,0,0,0,0,0,0,7777.777777777777,0,0.0008888888888888889,False,False,False,False,False,True,False,False,False,False,False,False,False,False,False
16500000,1200,3,1,0,0,0,0,1,1,1,1,0,0,0,0,1,5,13750.0,5,0.0025,False,False,False,False,False,True,False,False,False,False,False,False,False,False,False
3000000,645,3,1,0,0,0,0,0,0,0,0,0,0,0,0,0,0,4651.162790697675,0,0.004651162790697674,False,False,True,False,False,False,False,False,False,False,False,False,False,False,False
13500000,1600,3,1,0,0,1,0,0,0,1,0,1,0,0,1,1,0,8437.5,0,0.001875,False,False,False,False,False,False,False,False,False,False,False,True,False,False,False
3800000,1000,3,0,0,0,1,0,0,0,0,0,0,0,0,0,0,0,3800.0,0,0.003,False,False,False,False,False,False,False,False,False,False,False,False,False,True,False
5000000,920,3,0,0,0,1,0,1,0,1,0,1,0,0,0,1,0,5434.782608695652,0,0.003260869565217391,False,False,False,False,False,False,False,False,False,False,False,False,False,True,False
2800000,570,2,0,0,0,1,0,0,0,1,0,0,0,0,0,1,0,4912.2807017543855,0,0.0035087719298245615,False,True,False,False,False,False,False,False,False,False,False,False,False,False,False
7500000,1100,2,1,0,0,1,1,0,0,1,0,1,0,0,1,0,0,6818.181818181818,0,0.0018181818181818182,False,False,False,False,False,True,False,False,False,False,False,False,False,False,False
26000000,1650,4,1,0,0,0,1,0,0,0,0,1,1,0,1,0,0,15757.575757575758,0,0.0024242424242424242,False,False,False,False,False,True,False,False,False,False,False,False,False,False,False
3000000,750,2,1,0,0,0,0,0,0,0,0,0,0,0,0,1,0,4000.0,0,0.0026666666666666666,False,False,False,False,False,True,False,False,False,False,False,False,False,False,False
3000000,800,2,1,0,0,0,0,0,0,0,0,0,0,0,0,0,0,3750.0,0,0.0025,False,False,False,False,False,True,False,False,False,False,False,False,False,False,False
5200000,1000,3,0,0,0,0,0,0,0,0,0,0,0,0,0,0,0,5200.0,0,0.003,False,True,False,False,False,False,False,False,False,False,False,False,False,False,False
18000000,1700,3,1,1,0,0,1,0,0,1,1,1,0,0,1,1,2,10588.235294117647,2,0.0017647058823529412,False,False,False,False,False,False,False,False,False,False,False,False,False,False,True
35000000,1800,4,1,0,0,0,1,0,0,1,0,1,0,0,0,0,1,19444.444444444445,1,0.0022222222222222222,False,False,False,False,False,False,False,False,False,False,False,False,False,False,True
4400000,810,2,0,0,0,0,0,0,0,0,0,0,0,0,0,1,0,5432.098765432099,0,0.0024691358024691358,False,False,False,False,False,True,False,False,False,False,False,False,False,False,False
15500000,1800,3,1,0,0,1,1,0,0,1,0,1,0,0,1,1,0,8611.111111111111,0,0.0016666666666666668,False,False,False,False,False,True,False,False,False,False,False,False,False,False,False
27500000,1550,3,1,0,0,0,0,0,0,0,0,0,0,0,0,0,0,17741.935483870966,0,0.001935483870967742,False,False,False,False,False,True,False,False,False,False,False,False,False,False,False
8200000,500,1,1,0,0,0,0,1,0,1,0,1,0,0,1,1,1,16400.0,1,0.002,False,False,False,False,False,False,False,False,False,False,False,False,False,False,True
4799000,950,3,0,0,0,1,0,0,0,0,0,0,0,0,0,0,1,5051.578947368421,1,0.003157894736842105,False,False,False,False,False,False,False,False,False,False,False,False,False,True,False
15000000,1250,3,1,1,0,1,0,1,1,1,1,0,0,0,1,1,5,12000.0,5,0.0024,False,False,False,False,False,True,False,False,False,False,False,False,False,False,False
14000000,1000,2,1,0,0,0,0,0,0,0,0,0,0,0,0,0,0,14000.0,0,0.002,False,False,False,False,False,True,False,False,False,False,False,False,False,False,False
6500000,1000,3,0,0,0,0,0,0,0,1,1,0,0,0,0,1,0,6500.0,0,0.003,False,True,False,False,False,False,False,False,False,False,False,False,False,False,False
3200000,620,2,0,0,0,1,0,0,0,0,1,0,0,0,0,1,0,5161.290322580645,0,0.0032258064516129032,False,True,False,False,False,False,False,False,False,False,False,False,False,False,False
6600000,700,2,1,0,0,0,0,0,0,0,0,0,0,0,0,0,0,9428.57142857143,0,0.002857142857142857,False,False,False,False,False,True,False,False,False,False,False,False,False,False,False
6800000,581,1,0,1,0,0,0,0,0,0,1,0,1,0,0,1,5,11703.958691910499,5,0.0017211703958691911,False,False,False,False,False,False,False,False,False,False,False,False,False,False,True
2650000,600,1,1,0,0,0,0,0,0,0,0,0,0,0,0,0,0,4416.666666666667,0,0.0016666666666666668,False,False,False,False,False,False,False,False,False,False,False,False,False,False,True
10400000,1000,2,1,0,0,0,0,0,0,0,0,1,1,0,0,0,1,10400.0,1,0.002,False,False,False,False,False,True,False,False,False,False,False,False,False,False,False
22500000,2150,3,1,1,0,1,0,1,0,1,1,1,0,0,1,1,1,10465.116279069767,1,0.0013953488372093023,False,False,False,False,False,False,True,False,False,False,False,False,False,False,False
28500000,2350,4,1,0,0,0,0,0,0,0,0,1,0,0,0,0,0,12127.659574468085,0,0.001702127659574468,False,False,False,False,False,False,False,True,False,False,False,False,False,False,False
14000000,1500,2,1,0,0,0,0,0,0,0,0,0,0,0,0,0,0,9333.333333333334,0,0.0013333333333333333,False,False,False,False,False,True,False,False,False,False,False,False,False,False,False
5499000,900,3,0,0,0,1,0,0,0,1,1,0,0,0,0,0,0,6110.0,0,0.0033333333333333335,False,True,False,False,False,False,False,False,False,False,False,False,False,False,False
3399000,720,2,0,0,0,1,0,0,0,1,1,0,0,0,0,0,0,4720.833333333333,0,0.002777777777777778,False,True,False,False,False,False,False,False,False,False,False,False,False,False,False
2349000,450,2,0,0,0,1,0,0,0,1,1,0,0,0,0,0,0,5220.0,0,0.0044444444444444444,False,True,False,False,False,False,False,False,False,False,False,False,False,False,False
6000000,990,3,0,0,0,1,0,0,0,1,1,0,0,0,0,0,0,6060.606060606061,0,0.0030303030303030303,False,True,False,False,False,False,False,False,False,False,False,False,False,False,False
3199000,675,3,0,0,0,1,0,0,0,1,1,0,0,0,0,0,0,4739.259259259259,0,0.0044444444444444444,False,True,False,False,False,False,False,False,False,False,False,False,False,False,False
4099000,765,3,0,0,0,1,0,0,0,1,1,0,0,0,0,0,0,5358.169934640523,0,0.00392156862745098,False,True,False,False,False,False,False,False,False,False,False,False,False,False,False
5499000,900,3,0,0,0,1,0,0,0,0,0,0,0,0,0,1,1,6110.0,1,0.0033333333333333335,False,True,False,False,False,False,False,False,False,False,False,False,False,False,False
3399000,720,2,0,0,0,1,0,0,0,0,0,0,0,0,0,1,1,4720.833333333333,1,0.002777777777777778,False,True,False,False,False,False,False,False,False,False,False,False,False,False,False
2349000,450,2,0,0,0,1,0,0,0,0,0,0,0,0,0,1,1,5220.0,1,0.0044444444444444444,False,True,False,False,False,False,False,False,False,False,False,False,False,False,False
5999000,990,3,0,0,0,1,0,0,0,0,0,0,0,0,0,1,1,6059.595959595959,1,0.0030303030303030303,False,True,False,False,False,False,False,False,False,False,False,False,False,False,False
3199000,675,3,0,0,0,1,0,0,0,0,0,0,0,0,0,1,1,4739.259259259259,1,0.0044444444444444444,False,True,False,False,False,False,False,False,False,False,False,False,False,False,False
4099000,765,3,0,0,0,1,0,0,0,0,0,0,0,0,0,1,1,5358.169934640523,1,0.00392156862745098,False,True,False,False,False,False,False,False,False,False,False,False,False,False,False
5499000,900,3,0,0,0,1,0,0,0,0,1,0,0,0,0,1,0,6110.0,0,0.0033333333333333335,False,True,False,False,False,False,False,False,False,False,False,False,False,False,False
3399000,720,2,0,0,0,1,0,0,0,0,1,0,0,0,0,1,0,4720.833333333333,0,0.002777777777777778,False,True,False,False,False,False,False,False,False,False,False,False,False,False,False
2299000,450,2,0,0,0,1,0,0,0,0,1,0,0,0,0,1,0,5108.888888888889,0,0.0044444444444444444,False,True,False,False,False,False,False,False,False,False,False,False,False,False,False
6000000,990,3,0,0,0,1,0,0,0,0,1,0,0,0,0,1,0,6060.606060606061,0,0.0030303030303030303,False,True,False,False,False,False,False,False,False,False,False,False,False,False,False
3199000,675,3,0,0,0,1,0,0,0,0,1,0,0,0,0,1,0,4739.259259259259,0,0.0044444444444444444,False,True,False,False,False,False,False,False,False,False,False,False,False,False,False
4099000,765,3,0,0,0,1,0,0,0,0,1,0,0,0,0,1,0,5358.169934640523,0,0.00392156862745098,False,True,False,False,False,False,False,False,False,False,False,False,False,False,False
18900000,2150,4,1,0,0,0,0,0,0,0,0,1,0,0,0,0,0,8790.697674418605,0,0.0018604651162790699,False,False,False,False,False,False,False,True,False,False,False,False,False,False,False
17400000,1950,3,1,0,0,0,0,0,0,0,0,1,0,0,0,0,0,8923.076923076924,0,0.0015384615384615385,False,False,False,False,False,False,False,False,False,False,False,True,False,False,False
13400000,1650,3,1,1,0,1,0,1,1,1,0,1,0,0,0,0,4,8121.212121212121,4,0.0018181818181818182,False,False,False,False,False,True,False,False,False,False,False,False,False,False,False
16399999,1750,3,1,0,0,0,0,0,0,0,0,1,0,0,0,0,0,9371.428,0,0.0017142857142857142,False,False,False,False,False,False,False,False,False,False,True,False,False,False,False
19200000,2250,4,1,0,0,0,0,0,0,0,0,1,0,0,0,0,0,8533.333333333334,0,0.0017777777777777779,False,False,False,False,False,False,False,False,False,False,False,True,False,False,False
2300000,410,2,0,0,0,1,0,0,0,0,1,0,0,0,0,0,1,5609.756097560976,1,0.004878048780487805,False,False,False,False,False,False,False,False,False,False,False,False,False,True,False
2600000,450,2,0,0,0,1,0,0,0,0,1,0,0,0,0,0,1,5777.777777777777,1,0.0044444444444444444,False,False,False,False,False,False,False,False,False,False,False,False,False,True,False
5800000,750,3,0,0,0,1,0,0,0,0,1,0,0,0,0,0,1,7733.333333333333,1,0.004,False,False,False,False,False,False,False,False,False,False,False,False,False,True,False
5000000,700,3,0,0,0,1,0,0,0,0,1,0,0,0,0,0,1,7142.857142857143,1,0.004285714285714286,False,False,False,False,False,False,False,False,False,False,False,False,False,True,False
4500000,650,3,0,0,0,1,0,0,0,0,1,0,0,0,0,0,1,6923.076923076923,1,0.004615384615384616,False,False,False,False,False,False,False,False,False,False,False,False,False,True,False
17000000,1450,3,1,0,0,0,0,0,0,1,1,0,0,0,0,0,0,11724.137931034482,0,0.0020689655172413794,False,False,False,False,False,True,False,False,False,False,False,False,False,False,False
13500000,1400,3,1,0,0,0,0,0,0,1,1,0,0,0,0,0,0,9642.857142857143,0,0.002142857142857143,False,False,False,False,False,True,False,False,False,False,False,False,False,False,False
13000000,1150,2,1,0,0,0,0,0,0,1,1,1,0,0,0,0,1,11304.347826086956,1,0.0017391304347826088,False,False,False,False,False,True,False,False,False,False,False,False,False,False,False
18300000,1550,3,1,0,0,0,0,0,0,1,1,1,0,0,1,0,1,11806.451612903225,1,0.001935483870967742,False,False,False,False,False,True,False,False,False,False,False,False,False,False,False
18000000,1500,4,1,0,0,0,0,0,0,1,1,0,0,0,0,0,1,12000.0,1,0.0026666666666666666,False,False,False,False,False,True,False,False,False,False,False,False,False,False,False
17000000,1550,3,1,0,0,0,0,0,0,0,0,0,0,0,0,0,0,10967.741935483871,0,0.001935483870967742,False,False,False,False,False,True,False,False,False,False,False,False,False,False,False
19000000,1500,3,1,0,0,0,1,0,0,0,0,1,0,0,1,0,1,12666.666666666666,1,0.002,False,False,False,False,False,True,False,False,False,False,False,False,False,False,False
18000000,1450,3,1,0,0,0,0,0,0,0,0,0,0,0,0,0,0,12413.793103448275,0,0.0020689655172413794,False,False,False,False,False,True,False,False,False,False,False,False,False,False,False
14000000,1200,2,1,0,0,0,0,0,0,0,0,0,0,0,0,0,0,11666.666666666666,0,0.0016666666666666668,False,False,False,False,False,True,False,False,False,False,False,False,False,False,False
4500000,500,1,1,0,0,0,0,0,1,1,1,1,0,0,0,0,0,9000.0,0,0.002,False,False,False,False,False,True,False,False,False,False,False,False,False,False,False
16000000,1800,3,1,0,0,0,0,0,0,0,0,0,0,0,0,0,0,8888.888888888889,0,0.0016666666666666668,False,False,False,False,False,False,False,False,False,False,False,False,True,False,False
15500000,1700,3,1,0,0,1,0,0,0,1,0,1,0,0,1,1,1,9117.64705882353,1,0.0017647058823529412,False,False,False,False,False,False,False,False,False,False,False,True,False,False,False
16000000,1800,3,1,0,0,1,0,0,0,1,0,1,0,0,1,1,1,8888.888888888889,1,0.0016666666666666668,False,False,False,False,False,True,False,False,False,False,False,False,False,False,False
24000000,2000,4,1,1,0,1,0,0,0,1,0,1,0,0,1,1,1,12000.0,1,0.002,False,False,False,False,False,True,False,False,False,False,False,False,False,False,False
18000000,1900,4,1,0,0,0,0,0,1,1,1,0,0,0,0,1,4,9473.684210526315,4,0.002105263157894737,False,False,False,False,False,True,False,False,False,False,False,False,False,False,False
16000000,1800,3,1,0,0,1,0,0,0,1,0,1,0,0,1,1,1,8888.888888888889,1,0.0016666666666666668,False,False,False,False,False,False,False,False,False,False,False,False,True,False,False
15500000,1700,3,1,1,1,1,0,1,1,1,1,1,0,0,1,1,7,9117.64705882353,7,0.0017647058823529412,False,False,False,False,False,True,False,False,False,False,False,False,False,False,False
18000000,1900,4,1,0,0,1,0,0,0,1,0,1,0,0,1,1,1,9473.684210526315,1,0.002105263157894737,False,False,False,False,False,True,False,False,False,False,False,False,False,False,False
17000000,1800,3,1,0,0,1,0,1,1,1,1,1,0,0,1,1,6,9444.444444444445,6,0.0016666666666666668,False,False,False,False,False,True,False,False,False,False,False,False,False,False,False
19500000,1900,4,1,0,0,0,0,0,0,0,0,0,0,0,0,0,0,10263.157894736842,0,0.002105263157894737,False,False,False,False,False,True,False,False,False,False,False,False,False,False,False
16500000,1800,3,1,1,0,1,0,0,0,1,0,1,0,0,1,1,1,9166.666666666666,1,0.0016666666666666668,False,False,False,False,False,True,False,False,False,False,False,False,False,False,False
15500000,1800,3,1,0,0,1,1,1,1,1,1,1,0,0,1,1,8,8611.111111111111,8,0.0016666666666666668,False,False,False,False,False,False,False,False,True,False,False,False,False,False,False
17500000,1800,3,1,0,0,1,1,0,0,1,0,1,0,0,1,1,0,9722.222222222223,0,0.0016666666666666668,False,False,False,False,False,False,False,False,True,False,False,False,False,False,False
4700000,820,3,0,0,0,0,0,0,0,0,1,0,0,0,0,1,0,5731.707317073171,0,0.003658536585365854,False,True,False,False,False,False,False,False,False,False,False,False,False,False,False
2700000,625,2,0,0,0,0,0,0,0,0,1,0,0,0,0,1,0,4320.0,0,0.0032,False,True,False,False,False,False,False,False,False,False,False,False,False,False,False
2400000,525,2,0,0,0,0,0,0,0,0,1,0,0,0,0,1,0,4571.428571428572,0,0.0038095238095238095,False,True,False,False,False,False,False,False,False,False,False,False,False,False,False
3500000,750,2,0,0,0,0,0,0,0,0,1,0,0,0,0,1,0,4666.666666666667,0,0.0026666666666666666,False,True,False,False,False,False,False,False,False,False,False,False,False,False,False
4200000,850,3,0,0,0,0,0,0,0,0,1,0,0,0,0,1,0,4941.176470588235,0,0.0035294117647058825,False,True,False,False,False,False,False,False,False,False,False,False,False,False,False
16500000,1700,3,1,1,0,1,1,1,1,1,1,1,0,0,1,1,3,9705.882352941177,3,0.0017647058823529412,False,False,False,False,False,False,False,False,False,False,True,False,False,False,False
16800000,1900,4,1,0,0,1,0,0,0,1,0,1,0,0,1,1,1,8842.105263157895,1,0.002105263157894737,False,False,False,False,False,False,False,False,False,False,False,False,True,False,False
13799999,1700,3,1,0,0,0,0,0,0,0,0,0,0,0,0,0,0,8117.646470588235,0,0.0017647058823529412,False,False,False,False,False,True,False,False,False,False,False,False,False,False,False
13000000,1700,3,1,0,0,0,0,0,0,0,0,0,0,0,0,0,0,7647.058823529412,0,0.0017647058823529412,False,False,False,False,False,True,False,False,False,False,False,False,False,False,False
13000000,1700,3,1,0,0,1,0,0,0,1,0,1,0,0,1,1,1,7647.058823529412,1,0.0017647058823529412,False,False,False,False,False,True,False,False,False,False,False,False,False,False,False
10500000,1400,2,1,0,0,1,0,1,1,1,1,1,0,0,1,1,6,7500.0,6,0.0014285714285714286,False,False,False,False,False,True,False,False,False,False,False,False,False,False,False
19000000,1900,4,1,1,0,1,0,0,0,1,0,1,0,0,1,1,1,10000.0,1,0.002105263157894737,False,False,False,False,False,True,False,False,False,False,False,False,False,False,False
13000000,1700,3,1,0,0,0,0,0,0,0,0,0,0,0,0,0,0,7647.058823529412,0,0.0017647058823529412,False,False,False,False,False,False,False,False,False,False,False,True,False,False,False
13000000,1700,3,1,0,0,1,0,0,0,1,0,1,0,0,1,1,1,7647.058823529412,1,0.0017647058823529412,False,False,False,False,False,False,False,False,False,False,False,True,False,False,False
18000000,1900,4,1,0,0,1,0,0,1,1,1,1,0,0,1,1,4,9473.684210526315,4,0.002105263157894737,False,False,False,False,False,True,False,False,False,False,False,False,False,False,False
19000000,1900,4,1,1,1,1,0,1,1,1,1,1,0,0,1,1,7,10000.0,7,0.002105263157894737,False,False,False,False,False,True,False,False,False,False,False,False,False,False,False
19500000,1900,4,1,0,0,1,0,0,0,1,0,1,0,0,1,1,1,10263.157894736842,1,0.002105263157894737,False,False,False,False,False,True,False,False,False,False,False,False,False,False,False
18500000,1800,3,1,0,0,0,0,1,1,1,1,0,0,0,0,1,5,10277.777777777777,5,0.0016666666666666668,False,False,False,False,False,True,False,False,False,False,False,False,False,False,False
14500000,1800,3,1,0,0,1,0,0,1,1,0,0,0,0,0,0,1,8055.555555555556,1,0.0016666666666666668,False,False,False,False,False,True,False,False,False,False,False,False,False,False,False
14500000,1800,3,1,1,0,0,0,0,1,1,1,0,0,0,1,0,2,8055.555555555556,2,0.0016666666666666668,False,False,False,False,False,True,False,False,False,False,False,False,False,False,False
14500000,1800,3,1,1,0,1,0,0,1,1,1,1,0,0,1,1,3,8055.555555555556,3,0.0016666666666666668,False,False,False,False,False,True,False,False,False,False,False,False,False,False,False
15800000,1800,3,1,0,0,1,0,1,1,1,0,1,0,0,1,1,4,8777.777777777777,4,0.0016666666666666668,False,False,False,False,False,True,False,False,False,False,False,False,False,False,False
14500000,1800,3,1,0,0,1,0,0,1,1,0,1,0,0,1,1,2,8055.555555555556,2,0.0016666666666666668,False,False,False,False,False,True,False,False,False,False,False,False,False,False,False
19000000,2000,3,1,1,0,1,0,0,0,1,0,1,0,0,1,1,3,9500.0,3,0.0015,False,False,False,False,False,True,False,False,False,False,False,False,False,False,False
17000000,1900,3,1,0,0,1,0,1,1,1,1,0,0,0,1,1,6,8947.368421052632,6,0.0015789473684210526,False,False,False,False,False,False,True,False,False,False,False,False,False,False,False
13799999,1700,3,1,0,0,0,0,0,0,0,0,0,0,0,0,0,0,8117.646470588235,0,0.0017647058823529412,False,False,False,False,False,True,False,False,False,False,False,False,False,False,False
15800000,1700,3,1,1,0,1,0,0,0,1,0,1,0,0,1,1,1,9294.117647058823,1,0.0017647058823529412,False,False,False,False,False,True,False,False,False,False,False,False,False,False,False
10000000,1100,2,1,0,0,0,0,0,0,0,0,0,0,0,0,0,0,9090.90909090909,0,0.0018181818181818182,False,False,False,False,False,True,False,False,False,False,False,False,False,False,False
14500000,1700,3,1,0,0,1,1,0,0,1,0,1,0,0,1,1,0,8529.411764705883,0,0.0017647058823529412,False,False,False,False,False,False,False,False,False,False,False,False,True,False,False
14500000,1700,3,1,0,0,0,0,0,0,0,0,0,0,0,0,0,0,8529.411764705883,0,0.0017647058823529412,False,False,False,False,False,False,False,False,False,False,False,False,True,False,False
15500000,1600,3,1,0,0,1,1,0,0,1,0,1,0,0,1,1,0,9687.5,0,0.001875,False,False,False,False,False,False,True,False,False,False,False,False,False,False,False
15500000,1600,3,1,0,0,1,1,1,1,1,1,1,0,0,1,1,9,9687.5,9,0.001875,False,False,False,False,False,False,True,False,False,False,False,False,False,False,False
14500000,1500,3,1,0,0,0,0,0,0,0,0,0,0,0,0,0,0,9666.666666666666,0,0.002,False,False,False,False,False,False,False,False,False,False,False,True,False,False,False
14500000,1500,3,1,0,0,1,1,0,0,1,0,1,0,0,1,1,1,9666.666666666666,1,0.002,False,False,False,False,False,False,False,False,False,False,False,True,False,False,False
16500000,1600,3,1,1,0,1,1,1,1,1,1,1,0,0,1,1,7,10312.5,7,0.001875,False,False,False,False,False,False,False,False,True,False,False,False,False,False,False
17200000,1800,3,1,0,0,1,0,1,0,1,0,0,0,0,0,0,4,9555.555555555555,4,0.0016666666666666668,False,False,False,False,False,False,False,False,False,False,True,False,False,False,False
20900000,2200,4,1,0,0,1,1,0,0,1,0,1,0,0,1,1,0,9500.0,0,0.0018181818181818182,False,False,False,False,False,False,False,True,False,False,False,False,False,False,False
19500000,1900,3,1,0,0,1,0,0,0,1,0,1,0,0,1,1,1,10263.157894736842,1,0.0015789473684210526,False,False,False,False,False,False,False,False,False,False,False,True,False,False,False
15800000,1700,3,1,0,0,1,0,0,0,1,0,1,0,0,0,1,1,9294.117647058823,1,0.0017647058823529412,False,False,False,False,False,True,False,False,False,False,False,False,False,False,False
17000000,1800,3,1,0,0,0,1,0,0,0,0,0,0,0,0,1,1,9444.444444444445,1,0.0016666666666666668,False,False,False,False,False,True,False,False,False,False,False,False,False,False,False
16000000,2000,3,1,0,0,0,0,0,0,0,0,0,0,0,0,1,0,8000.0,0,0.0015,False,False,False,False,False,False,False,False,False,False,True,False,False,False,False
17500000,2000,3,1,0,0,1,0,0,0,0,0,1,0,0,0,1,0,8750.0,0,0.0015,False,False,False,False,False,True,False,False,False,False,False,False,False,False,False
14900000,1800,3,1,0,0,1,0,0,0,1,0,1,0,0,0,1,1,8277.777777777777,1,0.0016666666666666668,False,False,False,False,False,True,False,False,False,False,False,False,False,False,False
14500000,1900,3,1,0,0,1,1,0,0,0,0,1,0,0,0,1,1,7631.578947368421,1,0.0015789473684210526,False,False,False,False,False,True,False,False,False,False,False,False,False,False,False
17000000,1600,3,1,0,0,0,0,0,0,0,0,1,0,0,0,1,1,10625.0,1,0.001875,False,False,False,False,False,False,False,False,False,False,True,False,False,False,False
14500000,1900,3,1,0,0,1,1,0,0,0,0,1,0,0,0,1,1,7631.578947368421,1,0.0015789473684210526,False,False,False,False,False,True,False,False,False,False,False,False,False,False,False
20000000,2400,4,1,0,0,1,1,1,0,1,0,1,1,0,1,1,1,8333.333333333334,1,0.0016666666666666668,False,False,False,False,False,False,False,True,False,False,False,False,False,False,False
14500000,1800,3,1,0,0,1,1,1,1,1,0,1,1,0,1,1,5,8055.555555555556,5,0.0016666666666666668,False,False,False,False,False,False,False,False,False,False,False,False,True,False,False
16500000,1800,3,1,0,0,1,1,0,0,1,0,1,0,0,0,1,1,9166.666666666666,1,0.0016666666666666668,False,False,False,False,False,False,False,True,False,False,False,False,False,False,False
16000000,1800,3,1,0,0,1,1,0,0,1,0,1,0,0,0,1,1,8888.888888888889,1,0.0016666666666666668,False,False,False,False,False,False,False,True,False,False,False,False,False,False,False
15500000,1700,3,1,0,0,1,1,1,0,1,0,1,0,0,1,1,1,9117.64705882353,1,0.0017647058823529412,False,False,False,False,False,False,False,True,False,False,False,False,False,False,False
23000000,2300,4,1,0,0,1,0,0,0,1,0,1,0,0,0,1,1,10000.0,1,0.0017391304347826088,False,False,False,False,False,False,False,True,False,False,False,False,False,False,False
19500000,2100,3,1,0,0,0,0,0,0,0,0,0,0,0,0,0,0,9285.714285714286,0,0.0014285714285714286,False,False,False,False,False,False,False,True,False,False,False,False,False,False,False
19500000,2100,3,1,0,0,1,1,1,0,1,0,1,0,0,1,1,1,9285.714285714286,1,0.0014285714285714286,False,False,False,False,False,False,False,True,False,False,False,False,False,False,False
13500000,1700,3,1,0,0,1,0,0,0,1,0,1,0,0,0,1,1,7941.176470588235,1,0.0017647058823529412,False,False,False,False,False,False,False,True,False,False,False,False,False,False,False
16500000,2200,4,1,0,0,1,0,1,0,1,0,1,0,0,0,1,1,7500.0,1,0.0018181818181818182,False,False,False,False,False,False,False,True,False,False,False,False,False,False,False
17500000,2000,4,1,0,0,1,1,1,0,1,0,1,0,0,1,1,1,8750.0,1,0.002,False,False,False,False,False,False,False,True,False,False,False,False,False,False,False
17500000,2000,3,1,0,0,0,0,0,0,0,0,0,0,0,0,0,0,8750.0,0,0.0015,False,False,False,False,False,False,False,True,False,False,False,False,False,False,False
14500000,1800,3,1,0,0,0,0,0,0,0,0,0,0,0,0,0,0,8055.555555555556,0,0.0016666666666666668,False,False,False,False,False,False,False,True,False,False,False,False,False,False,False
18500000,2000,3,1,0,0,1,1,1,0,1,0,1,0,0,1,1,1,9250.0,1,0.0015,False,False,False,False,False,False,False,True,False,False,False,False,False,False,False
19000000,2000,3,1,0,0,1,1,1,0,0,0,1,0,0,1,1,1,9500.0,1,0.0015,False,False,False,False,False,False,False,True,False,False,False,False,False,False,False
22000000,2200,3,1,0,0,1,1,1,0,1,0,1,0,0,1,1,1,10000.0,1,0.0013636363636363637,False,False,False,False,False,False,False,True,False,False,False,False,False,False,False
27000000,3000,4,1,0,0,1,1,1,0,1,0,1,0,0,1,1,1,9000.0,1,0.0013333333333333333,False,False,False,False,False,False,False,True,False,False,False,False,False,False,False
22000000,2200,4,1,0,0,1,1,1,0,1,0,1,0,0,1,1,1,10000.0,1,0.0018181818181818182,False,False,False,False,False,False,False,True,False,False,False,False,False,False,False
19000000,2100,3,1,0,0,1,1,1,0,0,0,1,0,0,1,1,1,9047.619047619048,1,0.0014285714285714286,False,False,False,False,False,False,False,True,False,False,False,False,False,False,False
15000000,1800,3,1,0,0,1,1,1,0,1,0,1,0,0,1,1,1,8333.333333333334,1,0.0016666666666666668,False,False,False,False,False,False,False,True,False,False,False,False,False,False,False
17500000,2600,4,0,0,0,0,0,0,0,0,1,0,0,0,0,1,0,6730.7692307692305,0,0.0015384615384615385,False,False,False,False,False,True,False,False,False,False,False,False,False,False,False
3500000,500,2,0,0,0,0,0,0,0,0,1,0,0,0,0,1,0,7000.0,0,0.004,False,False,False,False,False,True,False,False,False,False,False,False,False,False,False
2100000,360,1,0,0,0,0,0,0,0,0,1,0,0,0,0,1,0,5833.333333333333,0,0.002777777777777778,False,False,False,False,False,True,False,False,False,False,False,False,False,False,False
16000000,2250,4,0,0,0,0,0,0,0,0,1,0,0,0,0,1,0,7111.111111111111,0,0.0017777777777777779,False,False,False,False,False,True,False,False,False,False,False,False,False,False,False
2300000,400,1,0,0,0,0,0,0,0,0,1,0,0,0,0,1,0,5750.0,0,0.0025,False,False,False,False,False,True,False,False,False,False,False,False,False,False,False
4000000,650,2,0,0,0,0,0,0,0,0,1,0,0,0,0,1,0,6153.846153846154,0,0.003076923076923077,False,False,False,False,False,True,False,False,False,False,False,False,False,False,False
14500000,2000,4,0,0,0,0,0,0,0,0,1,0,0,0,0,1,0,7250.0,0,0.002,False,False,False,False,False,True,False,False,False,False,False,False,False,False,False
5300000,850,3,0,0,0,0,0,0,0,0,1,0,0,0,0,1,0,6235.294117647059,0,0.0035294117647058825,False,False,False,False,False,True,False,False,False,False,False,False,False,False,False
4500000,800,3,0,0,0,0,0,0,0,0,1,0,0,0,0,1,0,5625.0,0,0.00375,False,False,False,False,False,True,False,False,False,False,False,False,False,False,False
9700000,1300,3,0,0,0,0,0,0,0,0,1,0,0,0,0,1,0,7461.538461538462,0,0.002307692307692308,False,False,False,False,False,True,False,False,False,False,False,False,False,False,False
17000000,1800,3,1,0,0,1,1,1,0,1,0,1,0,0,1,1,1,9444.444444444445,1,0.0016666666666666668,False,True,False,False,False,False,False,False,False,False,False,False,False,False,False
15500000,1800,3,1,0,0,1,1,1,0,1,0,1,0,0,1,1,1,8611.111111111111,1,0.0016666666666666668,False,False,False,False,False,False,True,False,False,False,False,False,False,False,False
15500000,1800,3,1,0,0,1,1,1,0,1,0,1,0,0,1,1,1,8611.111111111111,1,0.0016666666666666668,False,False,False,False,False,False,True,False,False,False,False,False,False,False,False
15800000,1800,3,1,0,0,1,1,1,1,1,1,1,0,0,1,1,9,8777.777777777777,9,0.0016666666666666668,False,False,False,False,False,False,True,False,False,False,False,False,False,False,False
14000000,1800,3,1,0,0,1,1,1,0,1,0,1,0,0,1,1,2,7777.777777777777,2,0.0016666666666666668,False,False,False,False,False,True,False,False,False,False,False,False,False,False,False
13500000,1600,3,1,0,0,1,1,1,0,1,0,1,0,0,1,1,1,8437.5,1,0.001875,False,False,False,False,False,True,False,False,False,False,False,False,False,False,False
16500000,2000,3,1,0,0,1,1,1,1,1,1,1,0,0,1,1,4,8250.0,4,0.0015,False,False,False,False,False,True,False,False,False,False,False,False,False,False,False
14500000,1800,3,1,0,0,1,1,1,0,1,0,1,0,0,1,1,1,8055.555555555556,1,0.0016666666666666668,False,False,False,False,False,True,False,False,False,False,False,False,False,False,False
15500000,2800,3,1,1,0,1,1,1,0,1,0,1,0,0,1,1,1,5535.714285714285,1,0.0010714285714285715,False,False,False,False,False,True,False,False,False,False,False,False,False,False,False
21000000,2000,3,1,0,0,1,1,1,0,1,0,1,0,0,1,1,1,10500.0,1,0.0015,False,False,False,False,False,True,False,False,False,False,False,False,False,False,False
15000000,1600,3,1,0,0,1,1,1,0,1,0,1,0,0,1,1,1,9375.0,1,0.001875,False,False,False,False,False,True,False,False,False,False,False,False,False,False,False
16500000,1800,3,1,0,0,1,1,1,0,1,0,1,0,0,1,1,1,9166.666666666666,1,0.0016666666666666668,False,False,False,False,False,False,True,False,False,False,False,False,False,False,False
24000000,1800,3,1,1,0,1,1,1,1,1,0,1,0,0,0,0,4,13333.333333333334,4,0.0016666666666666668,False,False,False,False,False,True,False,False,False,False,False,False,False,False,False
15600000,1800,3,1,0,0,1,1,1,0,1,0,1,0,0,1,1,1,8666.666666666666,1,0.0016666666666666668,False,False,False,False,False,True,False,False,False,False,False,False,False,False,False
16000000,2400,3,1,0,0,1,1,1,1,1,1,1,0,0,1,1,6,6666.666666666667,6,0.00125,False,False,False,False,False,True,False,False,False,False,False,False,False,False,False
16500000,1800,3,1,0,0,1,1,1,0,1,0,1,0,0,1,1,1,9166.666666666666,1,0.0016666666666666668,False,False,False,False,False,True,False,False,False,False,False,False,False,False,False
14000000,1800,3,1,0,0,1,1,1,1,1,1,1,0,0,1,1,4,7777.777777777777,4,0.0016666666666666668,False,False,False,False,False,True,False,False,False,False,False,False,False,False,False
15800000,1900,4,1,0,0,1,1,1,0,1,0,1,0,0,1,1,1,8315.78947368421,1,0.002105263157894737,False,False,False,False,False,True,False,False,False,False,False,False,False,False,False
17000000,1800,3,1,0,0,1,1,1,0,1,0,1,0,0,1,1,1,9444.444444444445,1,0.0016666666666666668,False,False,False,False,False,True,False,False,False,False,False,False,False,False,False
17000000,1800,3,1,0,0,1,1,1,0,1,0,1,0,0,1,1,1,9444.444444444445,1,0.0016666666666666668,False,False,False,False,False,True,False,False,False,False,False,False,False,False,False
18500000,2000,3,1,0,0,1,1,1,0,1,0,1,0,0,1,1,1,9250.0,1,0.0015,False,False,False,False,False,True,False,False,False,False,False,False,False,False,False
18000000,1900,3,1,0,0,1,1,1,0,1,0,1,0,0,1,1,1,9473.684210526315,1,0.0015789473684210526,False,False,False,False,False,True,False,False,False,False,False,False,False,False,False
16000000,1800,3,1,0,0,1,1,1,0,1,0,1,0,0,1,1,1,8888.888888888889,1,0.0016666666666666668,False,False,False,False,False,True,False,False,False,False,False,False,False,False,False
17000000,1900,3,1,0,0,1,1,1,1,1,1,1,0,0,1,1,6,8947.368421052632,6,0.0015789473684210526,False,False,False,False,False,True,False,False,False,False,False,False,False,False,False
13000000,1700,3,1,0,0,1,1,1,0,1,0,1,0,0,1,1,1,7647.058823529412,1,0.0017647058823529412,False,False,False,False,False,True,False,False,False,False,False,False,False,False,False
16000000,1800,3,1,1,0,1,1,1,1,1,1,1,0,0,1,1,7,8888.888888888889,7,0.0016666666666666668,False,False,False,False,False,True,False,False,False,False,False,False,False,False,False
13500000,1800,3,1,0,0,1,1,1,0,1,0,1,0,0,1,1,1,7500.0,1,0.0016666666666666668,False,False,False,False,False,True,False,False,False,False,False,False,False,False,False
13000000,1700,3,1,0,0,1,1,1,1,1,1,1,0,0,1,1,6,7647.058823529412,6,0.0017647058823529412,False,False,False,False,False,True,False,False,False,False,False,False,False,False,False
13000000,1600,3,1,0,0,1,1,1,0,1,0,1,0,0,1,1,1,8125.0,1,0.001875,False,False,False,False,False,True,False,False,False,False,False,False,False,False,False
17000000,1900,3,1,1,0,1,1,1,0,1,0,1,0,0,1,1,1,8947.368421052632,1,0.0015789473684210526,False,False,False,False,False,True,False,False,False,False,False,False,False,False,False
15000000,1800,3,1,0,0,1,1,1,0,1,0,1,0,0,1,1,1,8333.333333333334,1,0.0016666666666666668,False,False,False,False,False,True,False,False,False,False,False,False,False,False,False
15500000,1700,3,1,1,0,1,1,1,0,1,1,1,0,0,1,1,2,9117.64705882353,2,0.0017647058823529412,False,False,False,False,False,True,False,False,False,False,False,False,False,False,False
15000000,1800,3,1,0,0,1,1,1,0,1,0,1,0,0,1,1,1,8333.333333333334,1,0.0016666666666666668,False,False,False,False,False,True,False,False,False,False,False,False,False,False,False
18500000,2000,3,1,0,0,1,1,1,0,1,0,1,0,0,1,1,1,9250.0,1,0.0015,False,False,False,False,False,True,False,False,False,False,False,False,False,False,False
21000000,2100,4,1,0,0,1,1,1,0,1,0,1,0,0,1,1,1,10000.0,1,0.0019047619047619048,False,False,False,False,False,True,False,False,False,False,False,False,False,False,False
16500000,1800,3,1,1,0,1,1,1,0,1,1,1,0,0,1,1,5,9166.666666666666,5,0.0016666666666666668,False,False,False,False,False,True,False,False,False,False,False,False,False,False,False
16000000,1800,3,1,0,0,1,1,1,0,1,0,1,0,0,1,1,1,8888.888888888889,1,0.0016666666666666668,False,False,False,False,False,True,False,False,False,False,False,False,False,False,False
14000000,1600,3,1,0,0,1,1,1,0,1,0,1,0,0,1,1,1,8750.0,1,0.001875,False,False,False,False,False,True,False,False,False,False,False,False,False,False,False
18000000,1900,4,1,1,0,1,1,1,0,1,1,1,0,0,1,1,4,9473.684210526315,4,0.002105263157894737,False,False,False,False,False,False,False,False,False,False,False,True,False,False,False
13000000,1800,3,1,0,0,0,0,0,0,0,0,0,0,0,0,0,0,7222.222222222223,0,0.0016666666666666668,False,False,False,False,False,False,False,False,False,False,False,True,False,False,False
20000000,1900,3,1,0,0,0,0,0,0,0,0,1,1,0,0,0,0,10526.315789473685,0,0.0015789473684210526,False,False,False,False,False,False,False,False,False,False,False,True,False,False,False
19000000,1900,3,1,0,0,0,0,0,0,0,0,0,0,0,0,0,0,10000.0,0,0.0015789473684210526,False,False,False,False,False,False,False,False,False,False,False,True,False,False,False
15500000,1800,3,1,0,0,1,1,1,0,1,0,1,0,0,1,1,1,8611.111111111111,1,0.0016666666666666668,False,False,False,False,False,False,False,True,False,False,False,False,False,False,False
10200000,1400,2,1,0,0,1,1,1,0,1,0,1,1,0,1,1,1,7285.714285714285,1,0.0014285714285714286,False,False,False,False,False,True,False,False,False,False,False,False,False,False,False
14500000,1900,3,1,0,0,1,1,1,0,1,0,1,0,0,1,1,1,7631.578947368421,1,0.0015789473684210526,False,False,False,False,False,False,False,False,False,True,False,False,False,False,False
15500000,1900,3,1,0,0,1,1,1,0,1,0,1,0,0,1,1,1,8157.894736842105,1,0.0015789473684210526,False,False,False,False,False,True,False,False,False,False,False,False,False,False,False
16800000,2000,4,1,0,0,1,1,1,0,1,0,1,1,0,1,1,2,8400.0,2,0.002,False,False,False,False,False,False,False,False,False,False,False,False,True,False,False
13500000,1800,3,1,1,0,1,0,1,0,1,1,1,0,0,1,1,2,7500.0,2,0.0016666666666666668,False,False,False,False,False,False,False,False,False,False,False,False,True,False,False
16800000,2000,4,1,0,0,1,1,1,0,1,0,1,0,0,1,1,1,8400.0,1,0.002,False,False,False,False,False,True,False,False,False,False,False,False,False,False,False
15000000,1900,3,1,0,0,1,1,1,0,1,0,1,1,0,1,1,1,7894.736842105263,1,0.0015789473684210526,False,False,False,False,False,False,False,False,False,False,False,False,True,False,False
16000000,1900,3,1,0,0,1,1,1,0,1,0,1,1,0,1,1,1,8421.052631578947,1,0.0015789473684210526,False,False,False,False,False,False,False,False,False,False,False,False,True,False,False
16200000,1900,3,1,0,0,1,1,1,1,1,1,1,1,0,1,1,3,8526.315789473685,3,0.0015789473684210526,False,False,False,False,False,False,False,False,False,False,False,False,True,False,False
17000000,2000,3,1,0,0,1,1,1,0,1,0,1,1,0,1,1,1,8500.0,1,0.0015,False,False,False,False,False,False,False,False,False,False,False,False,True,False,False
15400000,1800,3,1,0,0,1,1,1,0,1,0,1,1,0,1,1,1,8555.555555555555,1,0.0016666666666666668,False,False,False,False,False,False,False,False,False,False,False,False,True,False,False
14000000,1800,3,1,0,0,1,1,1,1,1,1,1,0,0,1,1,2,7777.777777777777,2,0.0016666666666666668,False,False,False,False,False,False,True,False,False,False,False,False,False,False,False
14200000,1800,3,1,0,0,1,0,1,0,1,0,1,0,0,1,1,1,7888.888888888889,1,0.0016666666666666668,False,False,False,False,False,False,False,False,False,False,False,False,True,False,False
18500000,2000,3,1,0,0,1,1,0,0,1,0,1,0,0,0,1,1,9250.0,1,0.0015,False,False,False,False,False,False,False,False,False,False,False,False,True,False,False
16500000,1900,3,1,0,0,0,1,1,0,1,0,1,0,0,1,0,1,8684.21052631579,1,0.0015789473684210526,False,False,False,False,False,False,False,False,False,False,False,False,True,False,False
14900000,1900,3,1,0,0,1,1,1,0,1,0,1,0,0,1,1,1,7842.105263157895,1,0.0015789473684210526,False,False,False,False,False,True,False,False,False,False,False,False,False,False,False
16800000,1900,3,1,0,0,1,0,0,0,1,0,1,0,0,1,1,1,8842.105263157895,1,0.0015789473684210526,False,False,False,False,False,False,False,False,False,False,False,False,True,False,False
15000000,2000,3,1,0,0,1,1,1,0,1,0,1,0,0,1,1,1,7500.0,1,0.0015,False,False,False,False,False,False,False,False,False,False,False,False,True,False,False
14500000,1900,3,1,1,0,1,0,1,1,1,0,1,0,0,0,1,3,7631.578947368421,3,0.0015789473684210526,False,False,False,False,False,False,False,False,False,False,False,False,True,False,False
18500000,2000,3,1,0,0,1,1,1,0,1,0,1,0,0,1,1,1,9250.0,1,0.0015,False,False,False,False,False,False,False,False,False,False,False,False,True,False,False
15300000,1800,3,1,0,0,1,1,1,0,1,0,1,0,0,1,1,1,8500.0,1,0.0016666666666666668,False,False,False,False,False,False,False,False,False,False,False,False,True,False,False
15500000,1800,3,1,0,0,1,1,1,0,1,0,1,1,0,1,1,1,8611.111111111111,1,0.0016666666666666668,False,False,False,False,False,False,False,False,False,False,False,False,True,False,False
16200000,2000,3,1,0,0,1,0,1,1,1,1,1,0,0,1,1,9,8100.0,9,0.0015,False,False,False,False,False,False,False,False,False,False,False,False,True,False,False
15000000,1900,3,1,0,0,1,1,1,0,1,0,1,0,0,1,1,1,7894.736842105263,1,0.0015789473684210526,False,False,False,False,False,False,False,False,False,False,False,False,True,False,False
16000000,1900,3,1,0,0,1,0,0,0,1,0,1,0,0,1,1,1,8421.052631578947,1,0.0015789473684210526,False,False,False,False,False,False,False,False,False,False,False,False,True,False,False
15500000,1800,3,1,1,0,1,1,1,1,1,0,1,0,0,1,1,4,8611.111111111111,4,0.0016666666666666668,False,False,False,False,False,True,False,False,False,False,False,False,False,False,False
15000000,1800,3,1,1,0,1,1,1,1,1,1,1,0,0,1,1,8,8333.333333333334,8,0.0016666666666666668,False,False,False,False,False,False,False,False,False,False,False,False,True,False,False
14800000,1900,3,1,0,0,1,1,0,0,1,0,1,0,0,0,1,1,7789.473684210527,1,0.0015789473684210526,False,False,False,False,False,True,False,False,False,False,False,False,False,False,False
15800000,1800,3,1,0,0,1,1,0,0,1,0,1,0,0,0,1,0,8777.777777777777,0,0.0016666666666666668,False,False,False,False,False,True,False,False,False,False,False,False,False,False,False
15500000,1800,3,1,1,0,1,0,0,0,1,1,1,0,0,0,1,0,8611.111111111111,0,0.0016666666666666668,False,False,False,False,False,True,False,False,False,False,False,False,False,False,False
15000000,1800,3,1,0,0,0,0,0,0,0,0,1,0,0,0,1,1,8333.333333333334,1,0.0016666666666666668,False,False,False,False,False,True,False,False,False,False,False,False,False,False,False
14500000,1800,3,1,0,0,1,0,0,0,1,0,1,0,0,0,0,1,8055.555555555556,1,0.0016666666666666668,False,False,False,False,False,True,False,False,False,False,False,False,False,False,False
21000000,2200,3,1,1,0,1,1,1,0,1,0,1,0,0,1,1,3,9545.454545454546,3,0.0013636363636363637,False,False,False,False,False,True,False,False,False,False,False,False,False,False,False
16000000,1800,3,1,1,0,1,1,1,1,1,1,1,0,0,1,1,7,8888.888888888889,7,0.0016666666666666668,False,False,False,False,False,True,False,False,False,False,False,False,False,False,False
16500000,2000,3,1,0,0,1,1,1,1,1,0,1,0,0,1,0,4,8250.0,4,0.0015,False,False,False,False,False,True,False,False,False,False,False,False,False,False,False
16500000,1800,3,1,0,0,1,1,1,0,1,0,1,0,0,1,1,1,9166.666666666666,1,0.0016666666666666668,False,False,False,False,False,False,False,False,False,False,False,True,False,False,False
18500000,1800,3,1,0,0,1,1,1,1,1,1,1,0,0,1,1,8,10277.777777777777,8,0.0016666666666666668,False,False,False,False,False,False,False,False,False,False,False,True,False,False,False
16500000,1800,3,1,0,0,1,1,1,0,1,0,1,0,0,1,1,1,9166.666666666666,1,0.0016666666666666668,False,True,False,False,False,False,False,False,False,False,False,False,False,False,False
19000000,2000,3,1,1,0,1,1,1,1,1,1,1,0,0,1,1,3,9500.0,3,0.0015,False,False,False,False,False,True,False,False,False,False,False,False,False,False,False
15000000,1800,3,1,0,0,1,1,1,0,1,0,1,0,0,1,1,1,8333.333333333334,1,0.0016666666666666668,False,False,False,False,False,False,False,False,False,False,False,True,False,False,False
14000000,1600,3,1,0,0,1,1,1,0,1,0,1,0,0,1,1,1,8750.0,1,0.001875,False,False,False,False,False,False,False,False,False,False,False,True,False,False,False
14500000,1800,3,1,0,0,1,1,1,0,1,0,1,1,0,1,1,1,8055.555555555556,1,0.0016666666666666668,False,False,False,False,False,False,False,False,False,False,False,True,False,False,False
16500000,1800,3,1,1,0,1,1,1,0,1,1,1,0,0,1,1,4,9166.666666666666,4,0.0016666666666666668,False,False,False,False,False,False,False,False,False,False,False,True,False,False,False
15500000,1600,4,0,0,0,0,0,0,0,1,1,0,0,0,1,1,0,9687.5,0,0.0025,False,False,False,False,False,True,False,False,False,False,False,False,False,False,False
3600000,500,2,0,0,0,0,0,0,0,1,1,0,0,0,1,1,0,7200.0,0,0.004,False,False,False,False,False,True,False,False,False,False,False,False,False,False,False
6200000,800,3,0,0,0,0,0,0,0,1,1,0,0,0,1,1,0,7750.0,0,0.00375,False,False,False,False,False,True,False,False,False,False,False,False,False,False,False
12000000,1550,3,1,0,0,1,0,0,0,1,0,0,0,0,0,1,0,7741.935483870968,0,0.001935483870967742,False,False,False,False,False,False,False,False,False,False,False,True,False,False,False
5400000,1125,3,1,0,0,1,0,0,0,0,0,0,0,0,0,1,0,4800.0,0,0.0026666666666666666,True,False,False,False,False,False,False,False,False,False,False,False,False,False,False
3300000,675,2,1,0,0,1,0,0,0,0,0,0,0,0,0,1,0,4888.888888888889,0,0.002962962962962963,True,False,False,False,False,False,False,False,False,False,False,False,False,False,False
16500000,2200,4,1,1,0,1,1,0,0,0,1,0,0,0,1,1,1,7500.0,1,0.0018181818181818182,False,False,False,False,False,False,False,False,False,True,False,False,False,False,False
6500000,700,2,1,0,0,0,0,0,0,0,0,1,0,0,0,0,0,9285.714285714286,0,0.002857142857142857,False,False,False,False,False,True,False,False,False,False,False,False,False,False,False
4500000,900,3,1,0,0,0,0,0,0,0,0,1,0,0,0,1,1,5000.0,1,0.0033333333333333335,True,False,False,False,False,False,False,False,False,False,False,False,False,False,False
2400000,600,2,1,0,0,0,0,0,0,0,0,1,0,0,0,1,1,4000.0,1,0.0033333333333333335,True,False,False,False,False,False,False,False,False,False,False,False,False,False,False
2400000,600,2,1,0,0,0,0,0,0,0,0,0,0,0,0,1,1,4000.0,1,0.0033333333333333335,True,False,False,False,False,False,False,False,False,False,False,False,False,False,False
2500000,540,2,1,0,0,0,0,0,0,0,0,0,0,0,0,1,1,4629.62962962963,1,0.003703703703703704,True,False,False,False,False,False,False,False,False,False,False,False,False,False,False
2800000,650,2,1,0,0,0,0,0,0,0,0,0,0,0,0,1,1,4307.692307692308,1,0.003076923076923077,True,False,False,False,False,False,False,False,False,False,False,False,False,False,False
3200000,750,2,1,0,0,0,0,0,0,0,0,0,0,0,0,1,1,4266.666666666667,1,0.0026666666666666666,True,False,False,False,False,False,False,False,False,False,False,False,False,False,False
3200000,750,2,1,0,0,0,0,0,0,0,0,0,0,0,0,1,1,4266.666666666667,1,0.0026666666666666666,True,False,False,False,False,False,False,False,False,False,False,False,False,False,False
3300000,675,2,1,0,0,0,0,0,0,0,0,0,0,0,0,1,1,4888.888888888889,1,0.002962962962962963,True,False,False,False,False,False,False,False,False,False,False,False,False,False,False
3200000,675,2,1,0,0,0,0,0,0,0,0,0,0,0,0,1,1,4740.740740740741,1,0.002962962962962963,True,False,False,False,False,False,False,False,False,False,False,False,False,False,False
3200000,675,2,1,0,0,0,0,0,0,0,0,0,0,0,0,1,1,4740.740740740741,1,0.002962962962962963,True,False,False,False,False,False,False,False,False,False,False,False,False,False,False
2000000,450,2,0,0,0,0,0,0,0,0,1,0,0,0,0,1,0,4444.444444444444,0,0.0044444444444444444,False,True,False,False,False,False,False,False,False,False,False,False,False,False,False
5400000,950,3,1,0,0,0,0,0,0,0,0,1,0,0,0,1,0,5684.210526315789,0,0.003157894736842105,True,False,False,False,False,False,False,False,False,False,False,False,False,False,False
5500000,950,3,1,0,0,0,0,0,0,0,0,1,0,0,0,1,0,5789.473684210527,0,0.003157894736842105,True,False,False,False,False,False,False,False,False,False,False,False,False,False,False
5500000,900,3,1,0,0,0,0,0,0,0,0,1,0,0,0,1,0,6111.111111111111,0,0.0033333333333333335,True,False,False,False,False,False,False,False,False,False,False,False,False,False,False
3200000,630,2,1,0,0,0,0,0,0,0,0,0,0,0,0,1,0,5079.3650793650795,0,0.0031746031746031746,True,False,False,False,False,False,False,False,False,False,False,False,False,False,False
3200000,630,2,1,0,0,0,0,0,0,0,0,0,0,0,0,1,0,5079.3650793650795,0,0.0031746031746031746,True,False,False,False,False,False,False,False,False,False,False,False,False,False,False
4100000,810,3,1,0,0,0,0,0,0,0,0,0,0,0,0,1,0,5061.728395061728,0,0.003703703703703704,True,False,False,False,False,False,False,False,False,False,False,False,False,False,False
3100000,675,2,1,0,0,0,0,0,0,0,0,0,0,0,0,1,0,4592.592592592592,0,0.002962962962962963,True,False,False,False,False,False,False,False,False,False,False,False,False,False,False
2100000,540,2,1,0,0,0,0,0,0,0,0,0,0,0,0,1,0,3888.8888888888887,0,0.003703703703703704,True,False,False,False,False,False,False,False,False,False,False,False,False,False,False
4200000,1000,3,1,0,0,0,0,0,0,0,0,0,0,0,0,1,0,4200.0,0,0.003,True,False,False,False,False,False,False,False,False,False,False,False,False,False,False
4200000,810,3,1,0,0,0,0,0,0,0,0,0,0,0,0,1,0,5185.185185185185,0,0.003703703703703704,True,False,False,False,False,False,False,False,False,False,False,False,False,False,False
5400000,1125,3,1,0,0,0,0,0,0,0,0,0,0,0,0,1,0,4800.0,0,0.0026666666666666666,True,False,False,False,False,False,False,False,False,False,False,False,False,False,False
3000000,675,2,1,0,0,0,0,0,0,0,0,0,0,0,0,1,0,4444.444444444444,0,0.002962962962962963,True,False,False,False,False,False,False,False,False,False,False,False,False,False,False
5600000,1170,3,1,0,0,0,0,0,0,0,0,0,0,0,0,1,0,4786.324786324786,0,0.002564102564102564,True,False,False,False,False,False,False,False,False,False,False,False,False,False,False
2900000,630,2,1,0,0,0,0,0,0,0,0,0,0,0,0,1,0,4603.174603174603,0,0.0031746031746031746,True,False,False,False,False,False,False,False,False,False,False,False,False,False,False
2500000,570,2,1,0,0,0,0,0,0,0,0,0,0,0,0,1,0,4385.964912280701,0,0.0035087719298245615,True,False,False,False,False,False,False,False,False,False,False,False,False,False,False
3500000,765,2,1,0,0,0,0,0,0,0,0,0,0,0,0,1,0,4575.16339869281,0,0.00261437908496732,True,False,False,False,False,False,False,False,False,False,False,False,False,False,False
3100000,630,2,1,0,0,0,0,0,0,0,0,0,0,0,0,1,0,4920.6349206349205,0,0.0031746031746031746,True,False,False,False,False,False,False,False,False,False,False,False,False,False,False
3200000,638,2,1,0,0,0,0,0,0,0,0,0,0,0,0,1,0,5015.673981191223,0,0.003134796238244514,True,False,False,False,False,False,False,False,False,False,False,False,False,False,False
3100000,638,2,1,0,0,0,0,0,0,0,0,0,0,0,0,1,0,4858.934169278997,0,0.003134796238244514,True,False,False,False,False,False,False,False,False,False,False,False,False,False,False
3600000,750,2,1,0,0,0,0,0,0,0,0,0,0,0,0,1,0,4800.0,0,0.0026666666666666666,True,False,False,False,False,False,False,False,False,False,False,False,False,False,False
3600000,750,2,1,0,0,0,0,0,0,0,0,0,0,0,0,1,0,4800.0,0,0.0026666666666666666,True,False,False,False,False,False,False,False,False,False,False,False,False,False,False
3300000,675,2,1,0,0,0,0,0,0,0,0,0,0,0,0,1,0,4888.888888888889,0,0.002962962962962963,True,False,False,False,False,False,False,False,False,False,False,False,False,False,False
3100000,750,2,1,0,0,0,0,0,0,0,0,0,0,0,0,1,0,4133.333333333333,0,0.0026666666666666666,True,False,False,False,False,False,False,False,False,False,False,False,False,False,False
3000000,550,2,1,0,0,0,0,0,0,0,0,0,0,0,0,1,0,5454.545454545455,0,0.0036363636363636364,True,False,False,False,False,False,False,False,False,False,False,False,False,False,False
5700000,1170,3,1,0,0,0,0,0,0,0,0,0,0,0,0,1,0,4871.794871794872,0,0.002564102564102564,True,False,False,False,False,False,False,False,False,False,False,False,False,False,False
5900000,1170,3,1,0,0,0,0,0,0,0,0,0,0,0,0,1,0,5042.735042735043,0,0.002564102564102564,True,False,False,False,False,False,False,False,False,False,False,False,False,False,False
5800000,1170,3,1,0,0,0,0,0,0,0,0,0,0,0,0,1,0,4957.264957264957,0,0.002564102564102564,True,False,False,False,False,False,False,False,False,False,False,False,False,False,False
2200000,650,2,1,0,0,0,0,0,0,0,0,0,0,0,0,1,0,3384.6153846153848,0,0.003076923076923077,True,False,False,False,False,False,False,False,False,False,False,False,False,False,False
3200000,750,2,1,0,0,0,0,0,0,0,0,0,0,0,0,1,0,4266.666666666667,0,0.0026666666666666666,True,False,False,False,False,False,False,False,False,False,False,False,False,False,False
3700000,900,3,1,0,0,0,0,0,0,0,0,0,0,0,0,1,0,4111.111111111111,0,0.0033333333333333335,True,False,False,False,False,False,False,False,False,False,False,False,False,False,False
2800000,630,2,1,0,0,0,0,0,0,0,0,0,0,0,0,1,0,4444.444444444444,0,0.0031746031746031746,True,False,False,False,False,False,False,False,False,False,False,False,False,False,False
2800000,630,2,1,0,0,0,0,0,0,0,0,0,0,0,0,1,0,4444.444444444444,0,0.0031746031746031746,True,False,False,False,False,False,False,False,False,False,False,False,False,False,False
2300000,540,2,1,0,0,0,0,0,0,0,0,0,0,0,0,1,0,4259.259259259259,0,0.003703703703703704,True,False,False,False,False,False,False,False,False,False,False,False,False,False,False
2600000,540,2,1,0,0,0,0,0,0,0,0,0,0,0,1,1,0,4814.814814814815,0,0.003703703703703704,True,False,False,False,False,False,False,False,False,False,False,False,False,False,False
2800000,720,2,1,0,0,0,0,0,0,0,0,0,0,0,1,0,1,3888.8888888888887,1,0.002777777777777778,True,False,False,False,False,False,False,False,False,False,False,False,False,False,False
3400000,765,2,1,0,0,0,0,0,0,0,0,0,0,0,0,1,0,4444.444444444444,0,0.00261437908496732,True,False,False,False,False,False,False,False,False,False,False,False,False,False,False
3400000,765,2,1,0,0,0,0,0,0,0,0,0,0,0,0,1,0,4444.444444444444,0,0.00261437908496732,True,False,False,False,False,False,False,False,False,False,False,False,False,False,False
4700000,990,3,1,0,0,0,0,0,0,0,0,0,0,0,0,1,0,4747.474747474747,0,0.0030303030303030303,True,False,False,False,False,False,False,False,False,False,False,False,False,False,False
4500000,900,3,1,0,0,0,0,0,0,0,0,0,0,0,0,1,0,5000.0,0,0.0033333333333333335,True,False,False,False,False,False,False,False,False,False,False,False,False,False,False
4500000,900,2,1,0,0,0,0,0,0,0,0,0,0,0,0,1,0,5000.0,0,0.0022222222222222222,True,False,False,False,False,False,False,False,False,False,False,False,False,False,False
4500000,900,3,1,0,0,0,0,0,0,0,0,0,0,0,0,1,0,5000.0,0,0.0033333333333333335,True,False,False,False,False,False,False,False,False,False,False,False,False,False,False
4400000,954,3,1,0,0,0,0,0,0,0,0,0,0,0,0,1,0,4612.1593291404615,0,0.0031446540880503146,True,False,False,False,False,False,False,False,False,False,False,False,False,False,False
2800000,630,2,1,0,0,0,0,0,0,0,0,0,0,0,0,1,0,4444.444444444444,0,0.0031746031746031746,True,False,False,False,False,False,False,False,False,False,False,False,False,False,False
2800000,630,2,1,0,0,0,0,0,0,0,0,0,0,0,0,1,0,4444.444444444444,0,0.0031746031746031746,True,False,False,False,False,False,False,False,False,False,False,False,False,False,False
2800000,630,2,1,0,0,0,0,0,0,0,0,0,0,0,0,1,0,4444.444444444444,0,0.0031746031746031746,True,False,False,False,False,False,False,False,False,False,False,False,False,False,False
2800000,630,2,1,0,0,0,0,0,0,0,0,0,0,0,0,1,0,4444.444444444444,0,0.0031746031746031746,True,False,False,False,False,False,False,False,False,False,False,False,False,False,False
2800000,630,2,1,0,0,0,0,0,0,0,0,0,0,0,0,1,0,4444.444444444444,0,0.0031746031746031746,True,False,False,False,False,False,False,False,False,False,False,False,False,False,False
3200000,675,2,1,0,0,0,0,0,0,0,0,0,0,0,0,1,0,4740.740740740741,0,0.002962962962962963,True,False,False,False,False,False,False,False,False,False,False,False,False,False,False
4500000,900,3,1,0,0,0,0,0,0,0,0,0,0,0,0,1,0,5000.0,0,0.0033333333333333335,True,False,False,False,False,False,False,False,False,False,False,False,False,False,False
4500000,900,3,1,0,0,0,0,0,0,0,0,0,0,0,0,1,0,5000.0,0,0.0033333333333333335,True,False,False,False,False,False,False,False,False,False,False,False,False,False,False
4500000,900,3,1,0,0,0,0,0,0,0,0,0,0,0,0,1,0,5000.0,0,0.0033333333333333335,True,False,False,False,False,False,False,False,False,False,False,False,False,False,False
4500000,900,3,1,0,0,0,0,0,0,0,0,0,0,0,0,1,0,5000.0,0,0.0033333333333333335,True,False,False,False,False,False,False,False,False,False,False,False,False,False,False
3400000,774,2,1,0,0,0,0,0,0,0,0,0,0,0,0,1,0,4392.764857881137,0,0.002583979328165375,True,False,False,False,False,False,False,False,False,False,False,False,False,False,False
2850000,630,2,1,0,0,0,0,0,0,0,0,0,0,0,0,1,0,4523.809523809524,0,0.0031746031746031746,True,False,False,False,False,False,False,False,False,False,False,False,False,False,False
2900000,540,2,1,0,0,0,0,0,0,0,0,0,0,0,0,1,0,5370.37037037037,0,0.003703703703703704,True,False,False,False,False,False,False,False,False,False,False,False,False,False,False
3100000,385,1,1,0,0,0,0,0,0,0,0,0,0,0,0,0,0,8051.948051948052,0,0.0025974025974025974,False,False,False,False,False,True,False,False,False,False,False,False,False,False,False
2700000,385,1,1,0,0,0,0,0,0,0,0,0,0,0,0,0,0,7012.987012987013,0,0.0025974025974025974,False,False,False,False,False,True,False,False,False,False,False,False,False,False,False
2200000,385,1,1,0,0,0,0,0,0,0,0,0,0,0,0,0,0,5714.285714285715,0,0.0025974025974025974,False,False,False,False,False,True,False,False,False,False,False,False,False,False,False
3100000,385,1,1,0,0,0,0,0,0,0,0,0,0,0,0,0,0,8051.948051948052,0,0.0025974025974025974,False,False,False,False,False,True,False,False,False,False,False,False,False,False,False
2400000,385,1,1,0,0,0,0,0,0,0,0,1,0,0,1,0,1,6233.766233766234,1,0.0025974025974025974,False,False,False,False,False,True,False,False,False,False,False,False,False,False,False
3400000,400,1,1,0,0,0,0,0,0,0,0,0,0,0,0,0,0,8500.0,0,0.0025,False,False,False,False,False,True,False,False,False,False,False,False,False,False,False
2000000,495,2,1,0,0,0,0,0,0,0,0,0,0,0,0,0,0,4040.40404040404,0,0.00404040404040404,True,False,False,False,False,False,False,False,False,False,False,False,False,False,False
2600000,540,2,1,0,0,0,0,0,0,0,0,0,0,0,0,1,0,4814.814814814815,0,0.003703703703703704,True,False,False,False,False,False,False,False,False,False,False,False,False,False,False
3600000,738,3,1,0,0,0,0,0,0,0,0,0,0,0,0,1,0,4878.048780487805,0,0.0040650406504065045,True,False,False,False,False,False,False,False,False,False,False,False,False,False,False
4300000,900,3,1,0,0,0,0,0,0,0,0,0,0,0,0,1,0,4777.777777777777,0,0.0033333333333333335,True,False,False,False,False,False,False,False,False,False,False,False,False,False,False
3600000,810,3,1,0,0,0,0,0,0,0,0,0,0,0,0,1,0,4444.444444444444,0,0.003703703703703704,True,False,False,False,False,False,False,False,False,False,False,False,False,False,False
3600000,810,3,1,0,0,0,0,0,0,0,0,0,0,0,0,1,0,4444.444444444444,0,0.003703703703703704,True,False,False,False,False,False,False,False,False,False,False,False,False,False,False
2900000,630,2,1,0,0,0,0,0,0,0,0,0,0,0,0,1,0,4603.174603174603,0,0.0031746031746031746,True,False,False,False,False,False,False,False,False,False,False,False,False,False,False
3300000,720,2,1,0,0,0,0,0,0,0,0,0,0,0,0,1,0,4583.333333333333,0,0.002777777777777778,True,False,False,False,False,False,False,False,False,False,False,False,False,False,False
3000000,630,2,1,0,0,0,0,0,0,0,0,0,0,0,0,1,0,4761.9047619047615,0,0.0031746031746031746,True,False,False,False,False,False,False,False,False,False,False,False,False,False,False
5400000,1080,3,1,0,0,0,0,0,0,0,0,0,0,0,0,1,0,5000.0,0,0.002777777777777778,True,False,False,False,False,False,False,False,False,False,False,False,False,False,False
4400000,900,3,1,0,0,0,0,0,0,0,0,0,0,0,0,1,0,4888.888888888889,0,0.0033333333333333335,True,False,False,False,False,False,False,False,False,False,False,False,False,False,False
3000000,630,2,1,0,0,0,0,0,0,0,0,0,0,0,0,1,0,4761.9047619047615,0,0.0031746031746031746,True,False,False,False,False,False,False,False,False,False,False,False,False,False,False
4000000,774,2,1,0,0,0,0,0,0,0,0,0,0,0,0,1,0,5167.958656330749,0,0.002583979328165375,True,False,False,False,False,False,False,False,False,False,False,False,False,False,False
2000000,517,2,1,0,0,0,0,0,0,0,0,0,0,0,0,0,1,3868.4719535783365,1,0.0038684719535783366,True,False,False,False,False,False,False,False,False,False,False,False,False,False,False
3100000,675,2,1,0,0,0,0,0,0,0,0,0,0,0,0,1,0,4592.592592592592,0,0.002962962962962963,True,False,False,False,False,False,False,False,False,False,False,False,False,False,False
3100000,675,2,1,0,0,0,0,0,0,0,0,0,0,0,0,1,0,4592.592592592592,0,0.002962962962962963,True,False,False,False,False,False,False,False,False,False,False,False,False,False,False
4000000,900,3,1,0,0,0,0,0,0,0,0,0,0,0,0,1,0,4444.444444444444,0,0.0033333333333333335,True,False,False,False,False,False,False,False,False,False,False,False,False,False,False
5500000,1080,3,1,0,0,0,0,0,0,0,0,0,0,0,0,1,0,5092.592592592592,0,0.002777777777777778,True,False,False,False,False,False,False,False,False,False,False,False,False,False,False
4600000,900,3,1,0,0,0,0,0,0,0,0,0,0,0,0,1,0,5111.111111111111,0,0.0033333333333333335,True,False,False,False,False,False,False,False,False,False,False,False,False,False,False
4700000,900,3,1,0,0,0,0,0,0,0,0,0,0,0,0,1,0,5222.222222222223,0,0.0033333333333333335,True,False,False,False,False,False,False,False,False,False,False,False,False,False,False
4600000,900,3,1,0,0,0,0,0,0,0,0,0,0,0,0,1,0,5111.111111111111,0,0.0033333333333333335,True,False,False,False,False,False,False,False,False,False,False,False,False,False,False
4600000,900,3,1,0,0,0,0,0,0,0,0,0,0,0,0,1,0,5111.111111111111,0,0.0033333333333333335,True,False,False,False,False,False,False,False,False,False,False,False,False,False,False
4500000,900,3,1,0,0,0,0,0,0,0,0,0,0,0,0,1,0,5000.0,0,0.0033333333333333335,True,False,False,False,False,False,False,False,False,False,False,False,False,False,False
4300000,864,3,1,0,0,0,0,0,0,0,0,0,0,0,0,1,0,4976.851851851852,0,0.003472222222222222,True,False,False,False,False,False,False,False,False,False,False,False,False,False,False
3500000,810,3,1,0,0,0,0,0,0,0,0,0,0,0,0,1,0,4320.9876543209875,0,0.003703703703703704,True,False,False,False,False,False,False,False,False,False,False,False,False,False,False
2200000,630,2,1,0,0,0,0,0,0,0,0,0,0,0,0,1,0,3492.063492063492,0,0.0031746031746031746,True,False,False,False,False,False,False,False,False,False,False,False,False,False,False
4500000,900,3,1,0,0,0,0,0,0,0,0,0,0,0,0,1,0,5000.0,0,0.0033333333333333335,True,False,False,False,False,False,False,False,False,False,False,False,False,False,False
4500000,900,3,1,0,0,0,0,0,0,0,0,0,0,0,0,1,0,5000.0,0,0.0033333333333333335,True,False,False,False,False,False,False,False,False,False,False,False,False,False,False
2600000,540,2,1,0,0,0,0,0,0,0,0,0,0,0,0,1,0,4814.814814814815,0,0.003703703703703704,True,False,False,False,False,False,False,False,False,False,False,False,False,False,False
3800000,900,3,1,0,0,0,0,0,0,0,0,0,0,0,0,1,0,4222.222222222223,0,0.0033333333333333335,True,False,False,False,False,False,False,False,False,False,False,False,False,False,False
3000000,612,2,1,0,0,0,0,0,0,0,0,0,0,0,0,1,0,4901.9607843137255,0,0.0032679738562091504,True,False,False,False,False,False,False,False,False,False,False,False,False,False,False
3000000,612,2,1,0,0,0,0,0,0,0,0,0,0,0,0,1,0,4901.9607843137255,0,0.0032679738562091504,True,False,False,False,False,False,False,False,False,False,False,False,False,False,False
3000000,612,2,1,0,0,0,0,0,0,0,0,0,0,0,0,1,0,4901.9607843137255,0,0.0032679738562091504,True,False,False,False,False,False,False,False,False,False,False,False,False,False,False
3000000,612,2,1,0,0,0,0,0,0,0,0,0,0,0,0,1,0,4901.9607843137255,0,0.0032679738562091504,True,False,False,False,False,False,False,False,False,False,False,False,False,False,False
2900000,630,2,1,0,0,0,0,0,0,0,0,0,0,0,0,1,0,4603.174603174603,0,0.0031746031746031746,True,False,False,False,False,False,False,False,False,False,False,False,False,False,False
3100000,675,2,1,0,0,0,0,0,0,0,0,0,0,0,0,1,0,4592.592592592592,0,0.002962962962962963,True,False,False,False,False,False,False,False,False,False,False,False,False,False,False
2900000,630,2,1,0,0,0,0,0,0,0,0,0,0,0,0,1,0,4603.174603174603,0,0.0031746031746031746,True,False,False,False,False,False,False,False,False,False,False,False,False,False,False
3100000,675,2,1,0,0,0,0,0,0,0,0,0,0,0,0,1,0,4592.592592592592,0,0.002962962962962963,True,False,False,False,False,False,False,False,False,False,False,False,False,False,False
3100000,675,2,1,0,0,0,0,0,0,0,0,0,0,0,0,1,0,4592.592592592592,0,0.002962962962962963,True,False,False,False,False,False,False,False,False,False,False,False,False,False,False
2200000,558,2,1,0,0,0,0,0,0,0,0,0,0,0,0,0,0,3942.652329749104,0,0.0035842293906810036,True,False,False,False,False,False,False,False,False,False,False,False,False,False,False
2200000,558,2,1,0,0,0,0,0,0,0,0,0,0,0,0,0,0,3942.652329749104,0,0.0035842293906810036,True,False,False,False,False,False,False,False,False,False,False,False,False,False,False
3100000,675,2,1,0,0,0,0,0,0,0,0,0,0,0,0,1,0,4592.592592592592,0,0.002962962962962963,True,False,False,False,False,False,False,False,False,False,False,False,False,False,False
4000000,900,3,1,0,0,0,0,0,0,0,0,0,0,0,0,1,0,4444.444444444444,0,0.0033333333333333335,True,False,False,False,False,False,False,False,False,False,False,False,False,False,False
2200000,558,2,1,0,0,0,0,0,0,0,0,0,0,0,0,0,0,3942.652329749104,0,0.0035842293906810036,True,False,False,False,False,False,False,False,False,False,False,False,False,False,False
2200000,558,2,1,0,0,0,0,0,0,0,0,0,0,0,0,0,0,3942.652329749104,0,0.0035842293906810036,True,False,False,False,False,False,False,False,False,False,False,False,False,False,False
4500000,990,3,1,0,0,0,0,0,0,0,0,0,0,0,0,1,0,4545.454545454545,0,0.0030303030303030303,True,False,False,False,False,False,False,False,False,False,False,False,False,False,False
2200000,558,2,1,0,0,0,0,0,0,0,0,0,0,0,0,0,0,3942.652329749104,0,0.0035842293906810036,True,False,False,False,False,False,False,False,False,False,False,False,False,False,False
2200000,630,2,0,0,0,0,0,0,0,0,0,0,0,0,0,0,0,3492.063492063492,0,0.0031746031746031746,True,False,False,False,False,False,False,False,False,False,False,False,False,False,False
4500000,900,3,0,0,0,0,0,0,0,0,1,0,0,0,1,0,0,5000.0,0,0.0033333333333333335,True,False,False,False,False,False,False,False,False,False,False,False,False,False,False
4500000,900,3,1,0,0,0,0,0,0,0,1,0,0,0,0,1,0,5000.0,0,0.0033333333333333335,True,False,False,False,False,False,False,False,False,False,False,False,False,False,False
2200000,630,2,0,0,0,0,0,0,0,0,0,0,0,0,0,0,0,3492.063492063492,0,0.0031746031746031746,True,False,False,False,False,False,False,False,False,False,False,False,False,False,False
4500000,900,3,0,0,0,0,0,0,0,0,0,0,0,0,0,0,0,5000.0,0,0.0033333333333333335,True,False,False,False,False,False,False,False,False,False,False,False,False,False,False
5500000,1080,4,1,0,0,0,0,0,0,0,1,0,0,0,0,1,0,5092.592592592592,0,0.003703703703703704,True,False,False,False,False,False,False,False,False,False,False,False,False,False,False
6000000,1170,3,1,0,0,0,0,0,0,0,1,0,0,0,0,1,0,5128.205128205128,0,0.002564102564102564,True,False,False,False,False,False,False,False,False,False,False,False,False,False,False
4500000,990,3,1,0,0,0,0,0,0,0,1,0,0,0,0,1,0,4545.454545454545,0,0.0030303030303030303,True,False,False,False,False,False,False,False,False,False,False,False,False,False,False
2400000,540,2,1,0,0,0,0,0,0,0,1,0,0,0,0,1,0,4444.444444444444,0,0.003703703703703704,True,False,False,False,False,False,False,False,False,False,False,False,False,False,False
2650000,540,2,1,0,0,0,0,0,0,0,0,0,0,0,0,0,0,4907.407407407408,0,0.003703703703703704,True,False,False,False,False,False,False,False,False,False,False,False,False,False,False
3000000,585,2,1,0,0,0,0,0,0,0,0,0,0,0,0,0,0,5128.205128205128,0,0.003418803418803419,True,False,False,False,False,False,False,False,False,False,False,False,False,False,False
2700000,567,2,1,0,0,0,0,0,0,0,0,0,0,0,0,0,0,4761.9047619047615,0,0.003527336860670194,True,False,False,False,False,False,False,False,False,False,False,False,False,False,False
2700000,567,2,1,0,0,0,0,0,0,0,0,0,0,0,0,0,0,4761.9047619047615,0,0.003527336860670194,True,False,False,False,False,False,False,False,False,False,False,False,False,False,False
2400000,450,2,1,0,0,0,0,0,0,0,0,0,0,0,0,0,0,5333.333333333333,0,0.0044444444444444444,True,False,False,False,False,False,False,False,False,False,False,False,False,False,False
2000000,450,1,1,0,0,0,0,0,0,0,0,0,0,0,0,0,0,4444.444444444444,0,0.0022222222222222222,True,False,False,False,False,False,False,False,False,False,False,False,False,False,False
7000000,1200,4,0,0,0,0,0,0,0,0,0,0,0,0,0,1,0,5833.333333333333,0,0.0033333333333333335,False,True,False,False,False,False,False,False,False,False,False,False,False,False,False
2000000,500,1,0,0,0,0,0,0,0,0,0,0,0,0,0,1,0,4000.0,0,0.002,False,True,False,False,False,False,False,False,False,False,False,False,False,False,False
7500000,1300,4,0,0,0,0,0,0,0,0,0,0,0,0,0,0,0,5769.2307692307695,0,0.003076923076923077,False,True,False,False,False,False,False,False,False,False,False,False,False,False,False
7000000,1200,4,0,0,0,0,0,0,0,0,0,0,0,0,0,0,0,5833.333333333333,0,0.0033333333333333335,False,True,False,False,False,False,False,False,False,False,False,False,False,False,False
5500000,1050,3,0,0,0,0,0,0,0,0,0,0,0,0,0,0,0,5238.0952380952385,0,0.002857142857142857,False,True,False,False,False,False,False,False,False,False,False,False,False,False,False
4700000,875,3,0,0,0,0,0,0,0,0,0,0,0,0,0,0,0,5371.428571428572,0,0.0034285714285714284,False,True,False,False,False,False,False,False,False,False,False,False,False,False,False
3200000,630,2,0,0,0,0,0,0,0,0,0,0,0,0,0,0,0,5079.3650793650795,0,0.0031746031746031746,False,True,False,False,False,False,False,False,False,False,False,False,False,False,False
3500000,800,2,0,0,0,0,0,0,0,0,0,0,0,0,0,1,0,4375.0,0,0.0025,False,True,False,False,False,False,False,False,False,False,False,False,False,False,False
4000000,750,2,0,0,0,0,0,0,0,0,0,0,0,0,0,0,0,5333.333333333333,0,0.0026666666666666666,False,True,False,False,False,False,False,False,False,False,False,False,False,False,False
3500000,700,2,0,0,0,0,0,0,0,0,0,0,0,0,0,0,0,5000.0,0,0.002857142857142857,False,True,False,False,False,False,False,False,False,False,False,False,False,False,False
2800000,700,2,0,0,0,0,0,0,0,0,0,0,0,0,0,1,0,4000.0,0,0.002857142857142857,False,True,False,False,False,False,False,False,False,False,False,False,False,False,False
4300000,850,3,0,0,0,0,0,0,0,0,0,0,0,0,0,0,0,5058.823529411765,0,0.0035294117647058825,False,True,False,False,False,False,False,False,False,False,False,False,False,False,False
4100000,800,3,0,0,0,0,0,0,0,0,0,0,0,0,0,0,0,5125.0,0,0.00375,False,True,False,False,False,False,False,False,False,False,False,False,False,False,False
4000000,850,3,0,0,0,0,0,0,0,0,0,0,0,0,0,1,0,4705.882352941177,0,0.0035294117647058825,False,True,False,False,False,False,False,False,False,False,False,False,False,False,False
3500000,750,3,0,0,0,0,0,0,0,0,0,0,0,0,0,0,0,4666.666666666667,0,0.004,False,True,False,False,False,False,False,False,False,False,False,False,False,False,False
2500000,600,2,0,0,0,0,0,0,0,0,0,0,0,0,0,1,0,4166.666666666667,0,0.0033333333333333335,False,True,False,False,False,False,False,False,False,False,False,False,False,False,False
2500000,550,2,0,0,0,0,0,0,0,0,0,0,0,0,0,0,0,4545.454545454545,0,0.0036363636363636364,False,True,False,False,False,False,False,False,False,False,False,False,False,False,False
2200000,550,2,0,0,0,0,0,0,0,0,0,0,0,0,0,1,0,4000.0,0,0.0036363636363636364,False,True,False,False,False,False,False,False,False,False,False,False,False,False,False
3200000,700,3,0,0,0,0,0,0,0,0,0,0,0,0,0,1,0,4571.428571428572,0,0.004285714285714286,False,True,False,False,False,False,False,False,False,False,False,False,False,False,False
7500000,1300,4,0,0,0,0,0,0,0,0,1,0,0,0,0,0,0,5769.2307692307695,0,0.003076923076923077,False,True,False,False,False,False,False,False,False,False,False,False,False,False,False
7000000,1200,4,0,0,0,0,0,0,0,0,1,0,0,0,0,0,0,5833.333333333333,0,0.0033333333333333335,False,True,False,False,False,False,False,False,False,False,False,False,False,False,False
5500000,1050,3,0,0,0,0,0,0,0,0,1,0,0,0,0,0,0,5238.0952380952385,0,0.002857142857142857,False,True,False,False,False,False,False,False,False,False,False,False,False,False,False
2000000,500,1,0,0,0,0,0,0,0,0,1,0,0,0,0,0,0,4000.0,0,0.002,False,True,False,False,False,False,False,False,False,False,False,False,False,False,False
4700000,875,3,0,0,0,0,0,0,0,0,1,0,0,0,0,0,0,5371.428571428572,0,0.0034285714285714284,False,True,False,False,False,False,False,False,False,False,False,False,False,False,False
3200000,630,2,0,0,0,0,0,0,0,0,1,0,0,0,0,0,0,5079.3650793650795,0,0.0031746031746031746,False,True,False,False,False,False,False,False,False,False,False,False,False,False,False
4000000,750,2,0,0,0,0,0,0,0,0,1,0,0,0,0,0,0,5333.333333333333,0,0.0026666666666666666,False,True,False,False,False,False,False,False,False,False,False,False,False,False,False
3500000,700,2,0,0,0,0,0,0,0,0,1,0,0,0,0,0,0,5000.0,0,0.002857142857142857,False,True,False,False,False,False,False,False,False,False,False,False,False,False,False
4300000,850,3,0,0,0,0,0,0,0,0,1,0,0,0,0,0,0,5058.823529411765,0,0.0035294117647058825,False,True,False,False,False,False,False,False,False,False,False,False,False,False,False
4100000,800,3,0,0,0,0,0,0,0,0,1,0,0,0,0,0,0,5125.0,0,0.00375,False,True,False,False,False,False,False,False,False,False,False,False,False,False,False
3500000,750,3,0,0,0,0,0,0,0,0,1,0,0,0,0,0,0,4666.666666666667,0,0.004,False,True,False,False,False,False,False,False,False,False,False,False,False,False,False
2500000,550,2,0,0,0,0,0,0,0,0,1,0,0,0,0,0,0,4545.454545454545,0,0.0036363636363636364,False,True,False,False,False,False,False,False,False,False,False,False,False,False,False
3600000,1050,3,1,0,0,0,0,0,0,0,0,0,0,0,0,1,1,3428.5714285714284,1,0.002857142857142857,False,False,False,False,False,True,False,False,False,False,False,False,False,False,False
3600000,1050,3,1,0,0,0,0,0,0,0,0,0,0,0,0,1,1,3428.5714285714284,1,0.002857142857142857,False,False,False,False,False,True,False,False,False,False,False,False,False,False,False
3600000,1050,3,1,0,0,0,0,0,0,0,0,0,0,0,0,1,1,3428.5714285714284,1,0.002857142857142857,False,False,False,False,False,True,False,False,False,False,False,False,False,False,False
3600000,1050,3,1,0,0,0,0,0,0,0,0,0,0,0,0,1,1,3428.5714285714284,1,0.002857142857142857,False,False,False,False,False,True,False,False,False,False,False,False,False,False,False
3600000,1050,3,1,0,0,0,0,0,0,0,0,0,0,0,0,1,1,3428.5714285714284,1,0.002857142857142857,False,False,False,False,False,True,False,False,False,False,False,False,False,False,False
2700000,756,2,1,0,0,0,0,0,0,0,0,0,0,0,0,1,1,3571.4285714285716,1,0.0026455026455026454,False,False,False,False,False,True,False,False,False,False,False,False,False,False,False
3800000,765,2,1,0,0,0,0,0,0,0,0,0,0,0,1,1,0,4967.320261437909,0,0.00261437908496732,False,False,False,False,False,True,False,False,False,False,False,False,False,False,False
3800000,720,2,1,0,0,0,0,0,0,0,0,0,0,0,1,1,0,5277.777777777777,0,0.002777777777777778,False,False,False,False,False,True,False,False,False,False,False,False,False,False,False
3800000,720,2,1,0,0,0,0,0,0,0,0,0,0,0,1,1,0,5277.777777777777,0,0.002777777777777778,False,False,False,False,False,True,False,False,False,False,False,False,False,False,False
4000000,720,2,1,0,0,0,0,0,0,0,0,0,0,0,1,1,0,5555.555555555556,0,0.002777777777777778,False,False,False,False,False,True,False,False,False,False,False,False,False,False,False
3900000,720,2,1,0,0,0,0,0,0,0,0,0,0,0,1,1,0,5416.666666666667,0,0.002777777777777778,False,False,False,False,False,True,False,False,False,False,False,False,False,False,False
4000000,720,2,1,0,0,0,0,0,0,0,0,0,0,0,1,1,0,5555.555555555556,0,0.002777777777777778,False,False,False,False,False,True,False,False,False,False,False,False,False,False,False
3800000,720,2,1,0,0,0,0,0,0,0,0,0,0,0,1,1,0,5277.777777777777,0,0.002777777777777778,False,False,False,False,False,True,False,False,False,False,False,False,False,False,False
4000000,720,2,1,0,0,0,0,0,0,0,0,0,0,0,1,1,0,5555.555555555556,0,0.002777777777777778,False,False,False,False,False,True,False,False,False,False,False,False,False,False,False
4000000,765,2,1,0,0,0,0,0,0,0,0,0,0,0,1,1,0,5228.75816993464,0,0.00261437908496732,False,False,False,False,False,True,False,False,False,False,False,False,False,False,False
3800000,765,2,1,0,0,0,0,0,0,0,0,0,0,0,1,1,0,4967.320261437909,0,0.00261437908496732,False,False,False,False,False,True,False,False,False,False,False,False,False,False,False
3600000,765,2,1,0,0,0,0,0,0,0,0,0,0,0,1,1,0,4705.882352941177,0,0.00261437908496732,False,False,False,False,False,True,False,False,False,False,False,False,False,False,False
3500000,765,2,1,0,0,0,0,0,0,0,0,0,0,0,1,1,0,4575.16339869281,0,0.00261437908496732,False,False,False,False,False,True,False,False,False,False,False,False,False,False,False
3500000,765,2,1,0,0,0,0,0,0,0,0,0,0,0,1,1,0,4575.16339869281,0,0.00261437908496732,False,False,False,False,False,True,False,False,False,False,False,False,False,False,False
4000000,765,2,1,0,0,0,0,0,0,0,0,0,0,0,1,1,0,5228.75816993464,0,0.00261437908496732,False,False,False,False,False,True,False,False,False,False,False,False,False,False,False
12000000,1300,2,1,1,0,1,1,0,1,1,0,0,0,0,1,1,5,9230.76923076923,5,0.0015384615384615385,False,False,False,False,False,True,False,False,False,False,False,False,False,False,False
3600000,1050,3,1,0,0,0,0,0,0,0,0,0,0,0,0,1,1,3428.5714285714284,1,0.002857142857142857,False,False,False,False,False,True,False,False,False,False,False,False,False,False,False
16000000,1750,3,1,0,0,0,0,0,0,0,1,1,0,0,0,1,0,9142.857142857143,0,0.0017142857142857142,False,False,False,False,False,False,False,False,False,True,False,False,False,False,False
35000000,2500,5,1,1,1,0,0,1,1,1,1,1,0,0,1,1,3,14000.0,3,0.002,False,False,False,False,False,False,False,False,True,False,False,False,False,False,False
45000000,4500,5,1,0,1,0,1,0,0,1,0,1,0,0,1,0,1,10000.0,1,0.0011111111111111111,False,False,False,False,False,False,False,False,False,False,False,False,True,False,False
15000000,1600,3,1,0,0,0,0,0,0,0,0,1,0,0,0,0,0,9375.0,0,0.001875,False,False,False,False,False,False,False,False,True,False,False,False,False,False,False
8200000,1125,3,1,0,0,0,0,0,0,0,0,1,0,0,0,1,0,7288.888888888889,0,0.0026666666666666666,False,False,False,False,False,True,False,False,False,False,False,False,False,False,False
8000000,1125,3,1,0,0,0,0,0,0,0,0,1,0,0,0,1,0,7111.111111111111,0,0.0026666666666666666,False,False,False,False,False,True,False,False,False,False,False,False,False,False,False
17500000,1800,3,1,0,0,0,0,0,0,0,0,1,0,0,0,0,0,9722.222222222223,0,0.0016666666666666668,False,False,False,False,False,True,False,False,False,False,False,False,False,False,False
3700000,855,3,1,0,0,0,0,0,0,0,0,0,0,0,0,1,1,4327.485380116959,1,0.0035087719298245615,False,False,True,False,False,False,False,False,False,False,False,False,False,False,False
3600000,855,3,1,0,0,0,0,0,0,0,0,0,0,0,0,1,1,4210.526315789473,1,0.0035087719298245615,False,False,True,False,False,False,False,False,False,False,False,False,False,False,False
2500000,540,2,1,0,0,0,0,0,0,0,0,0,0,0,0,1,1,4629.62962962963,1,0.003703703703703704,False,False,True,False,False,False,False,False,False,False,False,False,False,False,False
3800000,1000,3,1,0,0,0,0,0,0,0,0,0,0,0,0,1,1,3800.0,1,0.003,False,False,True,False,False,False,False,False,False,False,False,False,False,False,False
3700000,855,3,1,0,0,0,0,0,0,0,0,0,0,0,0,1,1,4327.485380116959,1,0.0035087719298245615,False,False,True,False,False,False,False,False,False,False,False,False,False,False,False
2200000,585,2,1,0,0,0,0,0,0,0,0,0,0,0,0,1,1,3760.6837606837607,1,0.003418803418803419,False,False,True,False,False,False,False,False,False,False,False,False,False,False,False
3700000,855,3,1,0,0,0,0,0,0,0,0,0,0,0,0,1,0,4327.485380116959,0,0.0035087719298245615,False,False,True,False,False,False,False,False,False,False,False,False,False,False,False
15800000,1600,3,1,1,0,0,0,0,0,0,1,1,0,0,0,1,0,9875.0,0,0.001875,False,False,False,False,False,True,False,False,False,False,False,False,False,False,False
20000000,2000,4,1,0,0,0,0,0,0,0,0,1,0,0,0,0,0,10000.0,0,0.002,False,False,False,False,False,False,False,False,True,False,False,False,False,False,False
17500000,1800,3,1,0,0,0,0,0,0,0,0,1,0,0,0,0,0,9722.222222222223,0,0.0016666666666666668,False,False,False,False,False,True,False,False,False,False,False,False,False,False,False
6000000,900,3,1,0,0,0,0,0,0,0,0,1,0,0,0,1,0,6666.666666666667,0,0.0033333333333333335,False,False,False,False,False,True,False,False,False,False,False,False,False,False,False
18500000,1800,4,1,0,0,0,0,0,0,0,0,1,0,0,0,1,0,10277.777777777777,0,0.0022222222222222222,False,False,False,False,False,True,False,False,False,False,False,False,False,False,False
2400000,585,2,1,0,0,0,0,0,0,0,0,0,0,0,0,0,0,4102.5641025641025,0,0.003418803418803419,False,False,True,False,False,False,False,False,False,False,False,False,False,False,False
14900000,1700,3,1,0,0,0,0,0,0,0,0,1,0,0,0,0,1,8764.70588235294,1,0.0017647058823529412,False,False,False,False,False,False,False,True,False,False,False,False,False,False,False
16200000,1600,3,1,0,0,1,0,0,0,0,0,1,1,0,1,1,0,10125.0,0,0.001875,False,False,False,False,False,False,True,False,False,False,False,False,False,False,False
16000000,1800,3,1,0,0,0,0,0,0,0,0,1,0,0,0,0,0,8888.888888888889,0,0.0016666666666666668,False,False,False,False,False,False,True,False,False,False,False,False,False,False,False
15000000,1800,3,0,0,0,0,0,0,0,0,0,1,0,0,0,0,0,8333.333333333334,0,0.0016666666666666668,False,False,False,False,False,False,False,False,False,True,False,False,False,False,False
17500000,1750,3,1,0,0,0,0,0,0,0,0,1,0,0,0,0,0,10000.0,0,0.0017142857142857142,False,False,False,False,False,False,False,False,False,False,True,False,False,False,False
16200000,1800,3,1,0,0,0,0,0,0,0,0,0,0,0,0,0,0,9000.0,0,0.0016666666666666668,False,False,False,False,False,True,False,False,False,False,False,False,False,False,False
16200000,1800,3,1,0,0,0,0,0,0,0,0,1,0,0,0,0,1,9000.0,1,0.0016666666666666668,False,False,False,False,False,True,False,False,False,False,False,False,False,False,False
16000000,1650,3,1,0,0,0,0,0,0,0,0,1,0,0,0,0,0,9696.969696969696,0,0.0018181818181818182,False,False,False,False,False,False,False,False,False,False,False,False,True,False,False
30000000,2500,4,0,0,0,1,1,1,0,0,0,1,0,0,1,1,2,12000.0,2,0.0016,False,False,False,False,False,True,False,False,False,False,False,False,False,False,False
15500000,1800,3,1,1,0,0,0,0,0,0,0,1,0,0,1,0,0,8611.111111111111,0,0.0016666666666666668,False,False,False,False,False,True,False,False,False,False,False,False,False,False,False
3000000,1050,3,1,0,0,0,0,0,0,0,0,0,0,0,0,0,0,2857.1428571428573,0,0.002857142857142857,False,False,True,False,False,False,False,False,False,False,False,False,False,False,False
2500000,750,2,1,0,0,0,0,0,0,0,0,0,0,0,0,0,0,3333.3333333333335,0,0.0026666666666666666,False,False,True,False,False,False,False,False,False,False,False,False,False,False,False
2200000,750,2,1,0,0,0,0,0,0,0,0,0,0,0,0,0,0,2933.3333333333335,0,0.0026666666666666666,False,False,True,False,False,False,False,False,False,False,False,False,False,False,False
23000000,2700,4,1,0,0,1,1,1,0,1,0,1,0,0,1,1,0,8518.518518518518,0,0.0014814814814814814,False,False,False,False,False,False,False,False,False,True,False,False,False,False,False
7500000,1300,4,0,0,0,1,0,0,0,0,1,0,0,0,0,1,0,5769.2307692307695,0,0.003076923076923077,False,True,False,False,False,False,False,False,False,False,False,False,False,False,False
7000000,1200,4,0,0,0,1,0,0,0,0,1,0,0,0,0,1,0,5833.333333333333,0,0.0033333333333333335,False,True,False,False,False,False,False,False,False,False,False,False,False,False,False
5500000,1050,3,0,0,0,1,0,0,0,0,1,0,0,0,0,1,0,5238.0952380952385,0,0.002857142857142857,False,True,False,False,False,False,False,False,False,False,False,False,False,False,False
4700000,875,3,0,0,0,1,0,0,0,0,1,0,0,0,0,1,0,5371.428571428572,0,0.0034285714285714284,False,True,False,False,False,False,False,False,False,False,False,False,False,False,False
3200000,630,2,0,0,0,1,0,0,0,0,1,0,0,0,0,1,0,5079.3650793650795,0,0.0031746031746031746,False,True,False,False,False,False,False,False,False,False,False,False,False,False,False
4000000,750,2,0,0,0,1,0,0,0,0,1,0,0,0,0,1,0,5333.333333333333,0,0.0026666666666666666,False,True,False,False,False,False,False,False,False,False,False,False,False,False,False
3500000,700,2,0,0,0,1,0,0,0,0,1,0,0,0,0,1,0,5000.0,0,0.002857142857142857,False,True,False,False,False,False,False,False,False,False,False,False,False,False,False
4300000,850,3,0,0,0,1,0,0,0,0,1,0,0,0,0,1,0,5058.823529411765,0,0.0035294117647058825,False,True,False,False,False,False,False,False,False,False,False,False,False,False,False
4100000,800,3,0,0,0,1,0,0,0,0,1,0,0,0,0,1,0,5125.0,0,0.00375,False,True,False,False,False,False,False,False,False,False,False,False,False,False,False
3500000,750,3,0,0,0,1,0,0,0,0,1,0,0,0,0,1,0,4666.666666666667,0,0.004,False,True,False,False,False,False,False,False,False,False,False,False,False,False,False
2500000,550,2,0,0,0,1,0,0,0,0,1,0,0,0,0,1,0,4545.454545454545,0,0.0036363636363636364,False,True,False,False,False,False,False,False,False,False,False,False,False,False,False
3900000,900,3,1,0,0,0,0,0,0,0,0,0,0,0,0,1,1,4333.333333333333,1,0.0033333333333333335,False,False,True,False,False,False,False,False,False,False,False,False,False,False,False
2600000,800,3,1,0,0,0,0,0,0,0,0,0,0,0,0,1,1,3250.0,1,0.00375,False,False,True,False,False,False,False,False,False,False,False,False,False,False,False
2500000,675,2,1,0,0,0,0,0,0,0,0,0,0,0,0,0,0,3703.703703703704,0,0.002962962962962963,False,False,True,False,False,False,False,False,False,False,False,False,False,False,False
3900000,900,3,1,0,0,0,0,0,0,0,0,0,0,0,0,1,1,4333.333333333333,1,0.0033333333333333335,False,False,True,False,False,False,False,False,False,False,False,False,False,False,False
2500000,980,2,1,0,0,0,0,0,0,0,0,0,0,0,0,1,0,2551.0204081632655,0,0.0020408163265306124,False,False,True,False,False,False,False,False,False,False,False,False,False,False,False
2500000,540,2,1,0,0,0,0,0,0,0,0,0,0,0,0,1,1,4629.62962962963,1,0.003703703703703704,False,False,True,False,False,False,False,False,False,False,False,False,False,False,False
3600000,675,2,1,0,0,0,0,0,0,0,0,0,0,0,0,0,1,5333.333333333333,1,0.002962962962962963,False,False,True,False,False,False,False,False,False,False,False,False,False,False,False
2500000,675,2,1,0,0,0,0,0,0,0,0,0,0,0,0,0,0,3703.703703703704,0,0.002962962962962963,False,False,True,False,False,False,False,False,False,False,False,False,False,False,False
2500000,675,2,1,0,0,0,0,0,0,0,0,0,0,0,0,0,0,3703.703703703704,0,0.002962962962962963,False,False,True,False,False,False,False,False,False,False,False,False,False,False,False
2500000,675,2,1,0,0,0,0,0,0,0,0,0,0,0,0,0,0,3703.703703703704,0,0.002962962962962963,False,False,True,False,False,False,False,False,False,False,False,False,False,False,False
3600000,855,3,1,0,0,0,0,0,0,0,0,0,0,0,0,1,1,4210.526315789473,1,0.0035087719298245615,False,False,True,False,False,False,False,False,False,False,False,False,False,False,False
3400000,675,2,1,0,0,0,0,0,0,0,0,0,0,0,0,0,1,5037.037037037037,1,0.002962962962962963,False,False,True,False,False,False,False,False,False,False,False,False,False,False,False
3600000,855,3,1,0,0,0,0,0,0,0,0,0,0,0,0,1,1,4210.526315789473,1,0.0035087719298245615,False,False,True,False,False,False,False,False,False,False,False,False,False,False,False
3400000,675,2,1,0,0,0,0,0,0,0,0,0,0,0,0,0,1,5037.037037037037,1,0.002962962962962963,False,False,True,False,False,False,False,False,False,False,False,False,False,False,False
2500000,700,2,1,0,0,0,0,0,0,0,0,0,0,0,0,0,0,3571.4285714285716,0,0.002857142857142857,False,False,True,False,False,False,False,False,False,False,False,False,False,False,False
5000000,1000,3,1,0,0,0,0,0,0,0,0,0,0,0,0,0,0,5000.0,0,0.003,False,False,True,False,False,False,False,False,False,False,False,False,False,False,False
2500000,540,2,1,0,0,0,0,0,0,0,0,0,0,0,0,1,1,4629.62962962963,1,0.003703703703703704,False,False,True,False,False,False,False,False,False,False,False,False,False,False,False
3600000,855,3,1,0,0,0,0,0,0,0,0,0,0,0,0,1,1,4210.526315789473,1,0.0035087719298245615,False,False,True,False,False,False,False,False,False,False,False,False,False,False,False
4100000,855,3,1,0,0,0,0,0,0,0,0,0,0,0,0,1,1,4795.3216374269,1,0.0035087719298245615,False,False,True,False,False,False,False,False,False,False,False,False,False,False,False
3000000,1050,3,1,0,0,0,0,0,0,0,0,0,0,0,0,0,0,2857.1428571428573,0,0.002857142857142857,False,False,True,False,False,False,False,False,False,False,False,False,False,False,False
16000000,1700,4,1,0,0,0,0,0,0,0,0,0,0,0,0,1,1,9411.764705882353,1,0.002352941176470588,False,False,True,False,False,False,False,False,False,False,False,False,False,False,False
3600000,855,3,1,0,0,0,0,0,0,0,0,0,0,0,0,1,1,4210.526315789473,1,0.0035087719298245615,False,False,True,False,False,False,False,False,False,False,False,False,False,False,False
3900000,900,3,1,0,0,0,0,0,0,0,0,0,0,0,0,1,1,4333.333333333333,1,0.0033333333333333335,False,False,True,False,False,False,False,False,False,False,False,False,False,False,False
2750000,630,2,1,0,0,0,0,0,0,0,0,0,0,0,0,1,1,4365.079365079365,1,0.0031746031746031746,False,False,True,False,False,False,False,False,False,False,False,False,False,False,False
3700000,900,3,1,0,0,0,0,0,0,0,0,0,0,0,0,0,1,4111.111111111111,1,0.0033333333333333335,False,False,True,False,False,False,False,False,False,False,False,False,False,False,False
3500000,675,3,1,0,0,0,0,0,0,0,0,0,0,0,0,0,1,5185.185185185185,1,0.0044444444444444444,False,False,True,False,False,False,False,False,False,False,False,False,False,False,False
2200000,585,2,1,0,0,0,0,0,0,0,0,0,0,0,0,1,1,3760.6837606837607,1,0.003418803418803419,False,False,True,False,False,False,False,False,False,False,False,False,False,False,False
2600000,800,3,1,0,0,0,0,0,0,0,0,0,0,0,0,1,1,3250.0,1,0.00375,False,False,True,False,False,False,False,False,False,False,False,False,False,False,False
2500000,675,2,1,0,0,0,0,0,0,0,0,0,0,0,0,0,0,3703.703703703704,0,0.002962962962962963,False,False,True,False,False,False,False,False,False,False,False,False,False,False,False
3900000,900,3,1,0,0,0,0,0,0,0,0,0,0,0,0,1,1,4333.333333333333,1,0.0033333333333333335,False,False,True,False,False,False,False,False,False,False,False,False,False,False,False
2500000,980,2,1,0,0,0,0,0,0,0,0,0,0,0,0,1,0,2551.0204081632655,0,0.0020408163265306124,False,False,True,False,False,False,False,False,False,False,False,False,False,False,False
2500000,540,2,1,0,0,0,0,0,0,0,0,0,0,0,0,1,1,4629.62962962963,1,0.003703703703703704,False,False,True,False,False,False,False,False,False,False,False,False,False,False,False
3600000,675,2,1,0,0,0,0,0,0,0,0,0,0,0,0,0,1,5333.333333333333,1,0.002962962962962963,False,False,True,False,False,False,False,False,False,False,False,False,False,False,False
2500000,675,2,1,0,0,0,0,0,0,0,0,0,0,0,0,0,0,3703.703703703704,0,0.002962962962962963,False,False,True,False,False,False,False,False,False,False,False,False,False,False,False
2500000,675,2,1,0,0,0,0,0,0,0,0,0,0,0,0,0,0,3703.703703703704,0,0.002962962962962963,False,False,True,False,False,False,False,False,False,False,False,False,False,False,False
2500000,675,2,1,0,0,0,0,0,0,0,0,0,0,0,0,0,0,3703.703703703704,0,0.002962962962962963,False,False,True,False,False,False,False,False,False,False,False,False,False,False,False
3600000,855,3,1,0,0,0,0,0,0,0,0,0,0,0,0,1,1,4210.526315789473,1,0.0035087719298245615,False,False,True,False,False,False,False,False,False,False,False,False,False,False,False
3400000,675,2,1,0,0,0,0,0,0,0,0,0,0,0,0,0,1,5037.037037037037,1,0.002962962962962963,False,False,True,False,False,False,False,False,False,False,False,False,False,False,False
3600000,855,3,1,0,0,0,0,0,0,0,0,0,0,0,0,1,1,4210.526315789473,1,0.0035087719298245615,False,False,True,False,False,False,False,False,False,False,False,False,False,False,False
3400000,675,2,1,0,0,0,0,0,0,0,0,0,0,0,0,0,1,5037.037037037037,1,0.002962962962962963,False,False,True,False,False,False,False,False,False,False,False,False,False,False,False
3900000,900,3,1,0,0,0,0,0,0,0,0,0,0,0,0,1,1,4333.333333333333,1,0.0033333333333333335,False,False,True,False,False,False,False,False,False,False,False,False,False,False,False
3600000,855,3,1,0,0,0,0,0,0,0,0,0,0,0,0,1,1,4210.526315789473,1,0.0035087719298245615,False,False,True,False,False,False,False,False,False,False,False,False,False,False,False
2500000,500,2,1,0,0,0,0,0,0,0,0,0,0,0,0,0,0,5000.0,0,0.004,False,False,True,False,False,False,False,False,False,False,False,False,False,False,False
3400000,675,2,1,0,0,0,0,0,0,0,0,0,0,0,0,0,1,5037.037037037037,1,0.002962962962962963,False,False,True,False,False,False,False,False,False,False,False,False,False,False,False
2500000,400,1,0,1,0,0,0,0,0,0,1,0,0,0,0,1,0,6250.0,0,0.0025,False,False,False,False,False,True,False,False,False,False,False,False,False,False,False
4000000,650,2,0,1,0,0,0,0,0,0,1,0,0,0,0,1,0,6153.846153846154,0,0.003076923076923077,False,False,False,False,False,True,False,False,False,False,False,False,False,False,False
6200000,800,3,0,1,0,0,0,0,0,0,1,0,0,0,0,1,0,7750.0,0,0.00375,False,False,False,False,False,True,False,False,False,False,False,False,False,False,False
2700000,540,2,0,0,0,1,0,0,0,0,0,0,0,0,0,1,1,5000.0,1,0.003703703703703704,False,False,False,False,False,False,False,False,False,False,False,False,False,True,False
3800000,900,3,0,0,0,1,0,0,0,0,0,0,0,0,0,1,1,4222.222222222223,1,0.0033333333333333335,False,False,False,False,False,False,False,False,False,False,False,False,False,True,False
6200000,1100,4,0,0,0,1,0,0,0,0,0,0,0,0,0,1,1,5636.363636363636,1,0.0036363636363636364,False,False,False,False,False,False,False,False,False,False,False,False,False,True,False
3200000,675,3,0,0,0,1,0,0,0,0,0,0,0,0,0,1,1,4740.740740740741,1,0.0044444444444444444,False,False,False,False,False,False,False,False,False,False,False,False,False,True,False
5700000,1100,3,0,0,0,1,0,0,0,0,0,0,0,0,0,1,1,5181.818181818182,1,0.0027272727272727275,False,False,False,False,False,False,False,False,False,False,False,False,False,True,False
6500000,1200,4,0,0,0,1,0,0,0,0,0,0,0,0,0,1,1,5416.666666666667,1,0.0033333333333333335,False,False,False,False,False,False,False,False,False,False,False,False,False,True,False
19000000,500,2,0,0,0,1,0,0,0,0,0,0,0,0,0,1,1,38000.0,1,0.004,False,False,False,False,False,False,False,False,False,False,False,False,False,True,False
3600000,810,3,0,0,0,1,0,0,0,0,0,0,0,0,0,1,1,4444.444444444444,1,0.003703703703703704,False,False,False,False,False,False,False,False,False,False,False,False,False,True,False
3200000,580,2,0,0,0,1,0,0,0,0,0,0,0,0,0,1,1,5517.241379310345,1,0.0034482758620689655,False,False,False,False,False,False,False,False,False,False,False,False,False,True,False
17000000,1850,3,1,0,0,1,0,0,0,1,0,1,0,0,1,1,0,9189.18918918919,0,0.0016216216216216215,False,False,False,False,False,False,False,False,True,False,False,False,False,False,False
13500000,2000,3,1,0,0,0,1,1,0,1,0,1,0,0,1,1,1,6750.0,1,0.0015,False,False,False,False,False,False,False,False,False,False,False,False,True,False,False
14800000,1900,3,1,0,0,1,1,1,0,0,1,1,0,0,1,1,2,7789.473684210527,2,0.0015789473684210526,False,False,False,False,False,False,False,False,False,True,False,False,False,False,False
14800000,1500,3,1,0,0,1,1,0,0,0,0,1,0,0,1,1,2,9866.666666666666,2,0.002,False,False,False,False,False,False,False,False,False,False,False,False,True,False,False
17000000,2350,3,1,0,0,1,1,1,1,1,1,0,0,0,1,1,6,7234.04255319149,6,0.001276595744680851,False,False,False,False,False,True,False,False,False,False,False,False,False,False,False
29500000,3000,4,1,0,0,1,1,1,0,1,0,1,0,0,1,1,0,9833.333333333334,0,0.0013333333333333333,False,False,False,False,False,False,False,False,True,False,False,False,False,False,False
16500000,1950,3,1,0,0,1,1,0,0,1,0,1,0,0,1,1,0,8461.538461538461,0,0.0015384615384615385,False,False,False,False,False,False,False,False,False,False,True,False,False,False,False
16000000,1900,3,1,0,0,1,1,0,0,1,0,1,0,0,1,1,0,8421.052631578947,0,0.0015789473684210526,False,False,False,False,False,True,False,False,False,False,False,False,False,False,False
16500000,1900,3,1,0,0,1,1,1,1,1,0,1,0,0,1,1,3,8684.21052631579,3,0.0015789473684210526,False,False,False,False,False,False,False,False,False,False,True,False,False,False,False
16000000,1900,3,1,0,0,0,0,0,0,0,0,1,0,0,0,0,0,8421.052631578947,0,0.0015789473684210526,False,False,False,False,False,True,False,False,False,False,False,False,False,False,False
17400000,1800,3,1,0,0,0,0,0,0,0,0,0,0,0,0,0,0,9666.666666666666,0,0.0016666666666666668,False,False,False,False,False,True,False,False,False,False,False,False,False,False,False
2700000,540,2,0,0,0,1,0,0,0,0,0,0,0,0,0,1,1,5000.0,1,0.003703703703703704,False,True,False,False,False,False,False,False,False,False,False,False,False,False,False
3800000,900,3,0,0,0,1,0,0,0,0,0,0,0,0,0,1,1,4222.222222222223,1,0.0033333333333333335,False,True,False,False,False,False,False,False,False,False,False,False,False,False,False
5700000,1100,4,0,0,0,1,0,0,0,0,0,0,0,0,0,1,1,5181.818181818182,1,0.0036363636363636364,False,True,False,False,False,False,False,False,False,False,False,False,False,False,False
2900000,675,3,0,0,0,1,0,0,0,0,0,0,0,0,0,1,1,4296.2962962962965,1,0.0044444444444444444,False,True,False,False,False,False,False,False,False,False,False,False,False,False,False
6200000,1100,3,0,0,0,1,0,0,0,0,0,0,0,0,0,1,1,5636.363636363636,1,0.0027272727272727275,False,True,False,False,False,False,False,False,False,False,False,False,False,False,False
6500000,1200,4,0,0,0,1,0,0,0,0,0,0,0,0,0,1,1,5416.666666666667,1,0.0033333333333333335,False,True,False,False,False,False,False,False,False,False,False,False,False,False,False
3600000,810,3,0,0,0,1,0,0,0,0,0,0,0,0,0,1,1,4444.444444444444,1,0.003703703703703704,False,True,False,False,False,False,False,False,False,False,False,False,False,False,False
3200000,580,2,0,0,0,1,0,0,0,0,0,0,0,0,0,1,1,5517.241379310345,1,0.0034482758620689655,False,True,False,False,False,False,False,False,False,False,False,False,False,False,False
17500000,1900,3,1,0,0,1,1,0,0,1,0,1,0,0,1,1,0,9210.526315789473,0,0.0015789473684210526,False,False,False,False,False,True,False,False,False,False,False,False,False,False,False
16500000,1900,3,1,1,0,1,1,1,0,1,1,1,0,0,1,1,2,8684.21052631579,2,0.0015789473684210526,False,False,False,False,False,False,False,False,False,False,False,False,True,False,False
15500000,2050,3,1,1,1,1,1,1,1,1,1,1,0,0,1,1,2,7560.975609756098,2,0.0014634146341463415,False,False,False,False,False,False,False,False,True,False,False,False,False,False,False
12900000,1850,3,1,0,0,0,0,0,0,1,0,1,0,0,0,1,0,6972.972972972973,0,0.0016216216216216215,False,False,False,False,False,False,False,False,True,False,False,False,False,False,False
17000000,2000,3,1,1,0,1,1,1,0,1,1,0,0,0,1,1,3,8500.0,3,0.0015,False,False,False,False,False,False,False,False,False,False,False,True,False,False,False
25000000,3000,4,0,0,0,1,1,0,0,1,0,1,1,0,1,1,1,8333.333333333334,1,0.0013333333333333333,False,False,False,False,False,False,False,False,True,False,False,False,False,False,False
15000000,1800,3,0,0,0,1,0,0,0,1,0,1,0,0,1,1,0,8333.333333333334,0,0.0016666666666666668,False,False,False,False,False,False,False,False,True,False,False,False,False,False,False
16000000,2100,3,1,0,0,1,1,0,0,1,0,1,0,0,1,1,1,7619.047619047619,1,0.0014285714285714286,False,False,False,False,False,True,False,False,False,False,False,False,False,False,False
14500000,1750,3,1,0,0,1,0,0,0,1,0,1,0,0,0,1,0,8285.714285714286,0,0.0017142857142857142,False,False,False,False,False,True,False,False,False,False,False,False,False,False,False
12800000,1900,3,1,0,0,1,1,0,0,1,0,1,0,0,1,1,1,6736.8421052631575,1,0.0015789473684210526,False,False,False,False,False,False,False,True,False,False,False,False,False,False,False
14000000,1800,3,1,0,0,1,0,0,0,1,0,1,0,0,0,1,0,7777.777777777777,0,0.0016666666666666668,False,False,False,False,False,False,False,False,False,False,False,False,True,False,False
33500000,3500,4,0,0,0,1,1,1,0,1,0,1,1,0,1,1,1,9571.42857142857,1,0.001142857142857143,False,False,False,False,False,False,False,False,False,True,False,False,False,False,False
15000000,1800,3,1,0,0,1,0,0,0,1,0,1,0,0,1,1,0,8333.333333333334,0,0.0016666666666666668,False,False,False,False,False,False,False,False,True,False,False,False,False,False,False
16000000,1800,3,1,0,0,1,0,0,0,1,0,1,0,0,1,1,0,8888.888888888889,0,0.0016666666666666668,False,False,False,False,False,False,False,False,False,True,False,False,False,False,False
14900000,1880,3,1,1,1,1,0,1,1,1,1,1,0,0,1,1,7,7925.531914893617,7,0.0015957446808510637,False,False,False,False,False,True,False,False,False,False,False,False,False,False,False
16500000,2250,3,0,0,0,1,1,1,1,1,1,1,0,0,1,1,7,7333.333333333333,7,0.0013333333333333333,False,False,False,False,False,True,False,False,False,False,False,False,False,False,False
16500000,2000,3,1,0,0,1,0,0,0,1,1,1,0,0,1,1,0,8250.0,0,0.0015,False,False,False,False,False,False,False,False,False,True,False,False,False,False,False
29000000,2600,4,1,0,0,1,1,0,0,1,0,1,0,0,1,1,1,11153.846153846154,1,0.0015384615384615385,False,False,False,False,False,False,False,False,True,False,False,False,False,False,False
14500000,2000,3,1,1,0,1,1,1,0,1,1,1,0,0,1,1,1,7250.0,1,0.0015,False,False,False,False,False,True,False,False,False,False,False,False,False,False,False
15500000,1900,3,1,1,0,1,1,1,1,1,1,1,0,0,1,1,6,8157.894736842105,6,0.0015789473684210526,False,False,False,False,False,False,False,False,False,False,False,False,True,False,False
16299999,1800,3,1,0,0,1,1,1,0,1,0,1,0,0,1,1,0,9055.555,0,0.0016666666666666668,False,False,False,False,False,False,False,False,True,False,False,False,False,False,False
25500000,2800,4,1,1,0,1,1,0,1,1,1,1,0,0,1,1,3,9107.142857142857,3,0.0014285714285714286,False,False,False,False,False,False,False,False,False,False,False,False,True,False,False
25600000,2600,4,1,1,0,1,1,0,1,1,1,0,0,0,1,1,3,9846.153846153846,3,0.0015384615384615385,False,False,False,False,False,False,False,False,False,False,False,False,True,False,False
17500000,2500,4,1,0,0,1,1,0,0,0,0,1,0,0,1,1,1,7000.0,1,0.0016,False,False,False,False,False,False,False,True,False,False,False,False,False,False,False
29500000,3500,5,1,0,0,1,1,0,0,0,0,1,0,0,1,1,1,8428.57142857143,1,0.0014285714285714286,False,False,False,False,False,False,False,False,True,False,False,False,False,False,False
18000000,2250,4,1,0,0,1,1,0,0,1,0,1,0,0,1,1,1,8000.0,1,0.0017777777777777779,False,False,False,False,False,False,False,False,False,False,False,True,False,False,False
16500000,2000,3,1,0,0,1,1,0,0,1,0,1,0,0,1,1,0,8250.0,0,0.0015,False,False,False,False,False,False,False,False,False,False,True,False,False,False,False
15800000,2000,3,1,0,0,1,1,1,0,1,0,1,0,0,1,1,4,7900.0,4,0.0015,False,False,False,False,False,False,True,False,False,False,False,False,False,False,False
15800000,2200,4,1,1,0,1,1,1,1,1,1,1,1,0,1,1,11,7181.818181818182,11,0.0018181818181818182,False,False,False,False,False,False,False,False,True,False,False,False,False,False,False
13500000,1900,3,0,0,0,1,1,1,0,1,0,1,1,0,1,1,4,7105.263157894737,4,0.0015789473684210526,False,False,False,False,False,True,False,False,False,False,False,False,False,False,False
15000000,2000,4,1,0,0,1,1,1,0,1,0,1,0,0,1,1,1,7500.0,1,0.002,False,False,False,False,False,True,False,False,False,False,False,False,False,False,False
14500000,1800,3,1,0,0,0,0,0,0,0,0,1,0,0,0,0,0,8055.555555555556,0,0.0016666666666666668,False,False,False,False,False,False,False,False,True,False,False,False,False,False,False
15000000,1900,3,1,0,0,1,0,0,0,1,0,1,0,0,1,1,0,7894.736842105263,0,0.0015789473684210526,False,False,False,False,False,True,False,False,False,False,False,False,False,False,False
14500000,2000,3,1,0,0,1,0,0,0,1,0,0,0,0,1,1,0,7250.0,0,0.0015,False,False,False,False,False,True,False,False,False,False,False,False,False,False,False
17900000,2100,3,1,0,0,1,1,1,1,1,1,1,0,0,1,1,9,8523.809523809523,9,0.0014285714285714286,False,False,False,False,False,False,False,False,False,False,False,False,True,False,False
16000000,2000,3,1,0,0,1,1,0,0,1,0,1,0,0,1,1,0,8000.0,0,0.0015,False,False,False,False,False,False,True,False,False,False,False,False,False,False,False
17000000,2000,3,1,1,0,1,0,1,1,1,1,1,0,0,1,1,7,8500.0,7,0.0015,False,False,False,False,False,False,False,False,True,False,False,False,False,False,False
14500000,2000,3,0,0,0,1,0,0,0,1,1,1,0,0,1,1,1,7250.0,1,0.0015,False,False,False,False,False,False,False,False,False,True,False,False,False,False,False
20000000,2000,4,1,0,0,1,0,1,0,1,0,1,1,0,1,1,0,10000.0,0,0.002,False,False,False,False,False,True,False,False,False,False,False,False,False,False,False
15500000,1800,3,1,0,0,1,1,1,0,1,0,1,0,0,1,1,0,8611.111111111111,0,0.0016666666666666668,False,False,False,False,False,False,False,False,True,False,False,False,False,False,False
15000000,2000,3,0,0,0,1,0,0,0,1,0,1,0,0,1,1,1,7500.0,1,0.0015,False,False,False,False,False,False,False,False,True,False,False,False,False,False,False
14500000,2000,3,1,0,0,1,0,0,0,1,0,1,0,0,1,1,0,7250.0,0,0.0015,False,False,False,False,False,True,False,False,False,False,False,False,False,False,False
15500000,2000,3,1,0,0,1,0,1,0,1,0,1,0,0,1,1,0,7750.0,0,0.0015,False,False,False,False,False,False,False,True,False,False,False,False,False,False,False
16000000,1950,3,1,0,0,1,1,0,0,1,0,1,1,0,1,1,2,8205.128205128205,2,0.0015384615384615385,False,False,False,False,False,True,False,False,False,False,False,False,False,False,False
14500000,2000,3,1,0,0,1,0,1,0,1,0,1,0,0,1,1,4,7250.0,4,0.0015,False,False,False,False,False,False,True,False,False,False,False,False,False,False,False
13500000,2000,3,1,0,0,0,0,0,0,1,0,1,0,0,1,1,0,6750.0,0,0.0015,False,False,False,False,False,True,False,False,False,False,False,False,False,False,False
15600000,1950,3,1,1,0,1,0,1,1,1,1,1,0,0,1,1,7,8000.0,7,0.0015384615384615385,False,False,False,False,False,False,False,False,True,False,False,False,False,False,False
17000000,2500,3,1,0,0,1,0,0,0,1,0,1,0,0,0,1,0,6800.0,0,0.0012,False,False,False,False,False,True,False,False,False,False,False,False,False,False,False
15500000,1900,3,1,1,0,1,0,0,0,1,1,1,1,0,0,1,1,8157.894736842105,1,0.0015789473684210526,False,False,False,False,False,False,False,False,False,False,False,False,True,False,False
15500000,2000,3,1,1,0,1,0,0,0,1,1,1,0,0,0,1,0,7750.0,0,0.0015,False,False,False,False,False,False,False,False,False,False,True,False,False,False,False
15500000,1850,3,1,0,0,1,1,0,0,1,0,1,0,0,1,1,0,8378.378378378378,0,0.0016216216216216215,False,False,False,False,False,False,False,False,False,False,True,False,False,False,False
15000000,1950,3,1,1,0,1,1,1,1,1,1,1,0,0,1,1,6,7692.307692307692,6,0.0015384615384615385,False,False,False,False,False,False,False,False,False,False,False,False,True,False,False
19500000,2000,3,1,0,0,1,1,0,0,1,0,1,1,0,1,1,0,9750.0,0,0.0015,False,False,False,False,False,False,False,True,False,False,False,False,False,False,False
19800000,2000,3,1,0,0,1,0,0,0,1,0,1,0,0,1,1,0,9900.0,0,0.0015,False,False,False,False,False,False,False,True,False,False,False,False,False,False,False
15500000,2000,3,1,0,0,1,0,0,0,1,0,1,0,0,0,1,0,7750.0,0,0.0015,False,False,False,False,False,False,False,False,True,False,False,False,False,False,False
19000000,2500,4,1,0,0,1,0,1,0,1,0,1,0,0,1,1,0,7600.0,0,0.0016,False,False,False,False,False,False,False,False,False,False,False,True,False,False,False
15000000,1800,3,1,0,0,1,0,1,1,1,1,1,0,0,1,1,9,8333.333333333334,9,0.0016666666666666668,False,False,False,False,False,False,False,False,False,False,False,False,True,False,False
14500000,1800,3,1,0,0,1,0,0,0,1,0,1,0,0,1,1,0,8055.555555555556,0,0.0016666666666666668,False,False,False,False,False,False,True,False,False,False,False,False,False,False,False
14500000,1800,3,1,0,0,1,0,1,0,1,0,1,0,0,0,1,0,8055.555555555556,0,0.0016666666666666668,False,False,False,False,False,False,False,True,False,False,False,False,False,False,False
22500000,2400,4,1,0,0,1,1,1,0,1,0,1,1,0,1,1,8,9375.0,8,0.0016666666666666668,False,False,False,False,False,False,False,False,False,True,False,False,False,False,False
15000000,1800,3,1,0,0,1,0,1,0,1,0,1,0,0,0,1,0,8333.333333333334,0,0.0016666666666666668,False,False,False,False,False,False,False,False,False,False,False,False,True,False,False
14000000,1600,3,1,1,1,1,0,1,1,1,1,1,0,0,1,1,7,8750.0,7,0.001875,False,False,False,False,False,True,False,False,False,False,False,False,False,False,False
16500000,1800,3,1,0,0,1,0,0,0,1,0,1,0,0,0,1,0,9166.666666666666,0,0.0016666666666666668,False,False,False,False,False,False,True,False,False,False,False,False,False,False,False
15000000,1750,3,1,0,0,1,0,0,0,1,0,1,0,0,0,1,0,8571.42857142857,0,0.0017142857142857142,False,False,False,False,False,False,False,False,False,False,False,True,False,False,False
16000000,1800,3,1,0,0,1,0,1,0,1,0,1,0,0,0,1,0,8888.888888888889,0,0.0016666666666666668,False,False,False,False,False,True,False,False,False,False,False,False,False,False,False
29800000,4200,5,1,0,0,1,1,0,0,1,0,1,0,0,0,1,1,7095.238095238095,1,0.0011904761904761906,False,False,False,False,False,False,False,False,True,False,False,False,False,False,False
19800000,2000,3,1,0,0,1,1,1,0,1,0,1,0,0,1,1,0,9900.0,0,0.0015,False,False,False,False,False,False,False,True,False,False,False,False,False,False,False
18500000,2000,3,1,0,0,1,1,1,1,1,1,1,0,0,1,1,7,9250.0,7,0.0015,False,False,False,False,False,True,False,False,False,False,False,False,False,False,False
19800000,2000,3,1,0,0,1,1,0,0,1,0,1,0,0,1,1,0,9900.0,0,0.0015,False,False,False,False,False,False,False,True,False,False,False,False,False,False,False
25500000,2000,4,1,0,0,1,1,0,0,1,0,1,0,0,1,1,0,12750.0,0,0.002,False,False,False,False,False,True,False,False,False,False,False,False,False,False,False
20500000,1950,4,1,0,0,1,0,1,0,1,0,1,0,0,1,1,0,10512.820512820514,0,0.0020512820512820513,False,False,False,False,False,False,False,False,False,False,False,True,False,False,False
2351000,650,2,0,0,0,1,1,0,0,0,0,0,0,0,1,1,1,3616.923076923077,1,0.003076923076923077,False,True,False,False,False,False,False,False,False,False,False,False,False,False,False
2451000,550,2,0,0,0,1,1,0,0,0,0,0,0,0,1,1,1,4456.363636363636,1,0.0036363636363636364,False,False,False,False,False,True,False,False,False,False,False,False,False,False,False
5500000,900,3,0,0,0,1,1,0,0,0,0,0,0,0,1,1,1,6111.111111111111,1,0.0033333333333333335,False,False,False,False,False,True,False,False,False,False,False,False,False,False,False
3621000,900,3,0,0,0,1,1,0,0,0,0,0,0,0,1,1,1,4023.3333333333335,1,0.0033333333333333335,False,False,False,False,False,False,False,False,False,False,False,False,False,True,False
15400000,1800,3,1,1,0,1,1,0,0,1,1,1,0,0,1,1,0,8555.555555555555,0,0.0016666666666666668,False,False,False,False,False,True,False,False,False,False,False,False,False,False,False
14000000,1500,3,1,0,0,1,1,0,0,1,0,1,0,0,1,1,0,9333.333333333334,0,0.002,False,False,False,False,False,False,False,False,False,False,False,True,False,False,False
12500000,1300,2,1,0,0,0,0,0,0,0,0,0,0,0,0,0,0,9615.384615384615,0,0.0015384615384615385,False,False,False,False,False,False,False,False,False,True,False,False,False,False,False
12500000,1300,2,1,0,0,1,0,0,0,1,0,1,0,0,0,1,0,9615.384615384615,0,0.0015384615384615385,False,False,False,False,False,False,False,False,False,True,False,False,False,False,False
17500000,1900,3,1,0,0,0,0,0,0,0,0,0,0,0,0,0,0,9210.526315789473,0,0.0015789473684210526,False,False,False,False,False,True,False,False,False,False,False,False,False,False,False
16500000,1900,3,1,0,0,1,1,0,0,1,0,1,0,0,1,1,1,8684.21052631579,1,0.0015789473684210526,False,False,False,False,False,True,False,False,False,False,False,False,False,False,False
13799999,1500,3,1,1,0,1,1,1,1,1,1,1,0,0,1,1,3,9199.999333333333,3,0.002,False,False,False,False,False,True,False,False,False,False,False,False,False,False,False
14000000,1700,3,1,0,0,1,1,0,0,1,0,1,0,0,1,1,0,8235.29411764706,0,0.0017647058823529412,False,False,False,False,False,True,False,False,False,False,False,False,False,False,False
14800000,1600,3,1,0,0,1,0,0,0,1,0,1,0,0,0,1,0,9250.0,0,0.001875,False,False,False,False,False,False,False,True,False,False,False,False,False,False,False
22500000,2000,4,1,0,0,1,1,0,0,1,0,1,0,0,0,1,0,11250.0,0,0.002,False,False,False,False,False,False,False,False,False,True,False,False,False,False,False
21500000,2300,4,1,0,0,1,1,0,0,1,1,1,0,0,1,1,1,9347.826086956522,1,0.0017391304347826088,False,False,False,False,False,True,False,False,False,False,False,False,False,False,False
17500000,1700,3,1,0,0,1,1,0,1,1,1,1,0,0,1,1,4,10294.117647058823,4,0.0017647058823529412,False,False,False,False,False,False,False,False,False,False,False,False,True,False,False
12500000,1500,3,1,0,0,1,1,0,0,0,0,1,0,0,1,0,0,8333.333333333334,0,0.002,False,False,False,False,False,False,False,False,True,False,False,False,False,False,False
2451000,650,2,0,0,0,1,1,0,0,0,0,0,0,0,1,1,1,3770.769230769231,1,0.003076923076923077,False,True,False,False,False,False,False,False,False,False,False,False,False,False,False
3325000,415,1,1,0,0,0,1,1,0,0,0,1,0,0,1,0,1,8012.048192771084,1,0.0024096385542168677,False,False,False,False,False,True,False,False,False,False,False,False,False,False,False
4200000,900,2,0,0,0,0,0,0,0,0,0,0,0,0,0,0,0,4666.666666666667,0,0.0022222222222222222,False,True,False,False,False,False,False,False,False,False,False,False,False,False,False
6500000,1250,4,0,0,0,0,0,0,0,0,0,0,0,0,0,0,0,5200.0,0,0.0032,False,True,False,False,False,False,False,False,False,False,False,False,False,False,False
3000000,680,3,0,0,0,0,0,0,0,0,0,0,0,0,0,0,0,4411.764705882353,0,0.004411764705882353,False,True,False,False,False,False,False,False,False,False,False,False,False,False,False
7000000,1200,3,0,0,0,0,0,0,0,0,0,0,0,0,0,0,0,5833.333333333333,0,0.0025,False,True,False,False,False,False,False,False,False,False,False,False,False,False,False
5000000,850,3,0,0,0,0,0,0,0,0,0,0,0,0,0,0,0,5882.35294117647,0,0.0035294117647058825,False,True,False,False,False,False,False,False,False,False,False,False,False,False,False
4500000,800,3,0,0,0,0,0,0,0,0,0,0,0,0,0,0,0,5625.0,0,0.00375,False,True,False,False,False,False,False,False,False,False,False,False,False,False,False
2700000,550,2,0,0,0,0,0,0,0,0,0,0,0,0,0,0,0,4909.090909090909,0,0.0036363636363636364,False,True,False,False,False,False,False,False,False,False,False,False,False,False,False
5000000,950,3,0,0,0,1,0,0,0,1,0,0,0,0,0,1,1,5263.1578947368425,1,0.003157894736842105,False,False,False,False,False,False,False,False,False,False,False,False,False,True,False
4575000,1000,3,1,0,0,0,0,0,0,0,0,0,0,0,0,0,0,4575.0,0,0.003,False,False,False,False,False,False,False,False,False,False,False,False,False,True,False
16000000,1700,3,1,0,0,1,1,0,1,1,1,1,0,0,1,1,4,9411.764705882353,4,0.0017647058823529412,False,False,False,False,False,False,True,False,False,False,False,False,False,False,False
5150000,900,3,0,0,0,1,0,0,0,0,0,0,0,0,1,1,2,5722.222222222223,2,0.0033333333333333335,False,False,False,False,False,False,False,False,False,False,False,False,False,True,False
9200000,1450,4,0,0,0,1,0,0,0,1,0,0,0,0,1,1,2,6344.827586206897,2,0.002758620689655172,False,False,False,False,False,False,False,False,False,False,False,False,False,True,False
7000000,1080,3,0,0,0,1,0,0,0,1,1,0,0,0,0,1,0,6481.481481481482,0,0.002777777777777778,False,True,False,False,False,False,False,False,False,False,False,False,False,False,False
2800000,500,2,0,0,0,1,0,0,0,1,1,0,0,0,0,1,0,5600.0,0,0.004,False,True,False,False,False,False,False,False,False,False,False,False,False,False,False
2200000,450,2,0,0,0,1,0,0,0,1,1,0,0,0,0,1,0,4888.888888888889,0,0.0044444444444444444,False,True,False,False,False,False,False,False,False,False,False,False,False,False,False
3700000,675,3,0,0,0,1,0,0,0,1,1,0,0,0,0,1,0,5481.481481481482,0,0.0044444444444444444,False,True,False,False,False,False,False,False,False,False,False,False,False,False,False
10000000,1485,4,0,0,0,1,0,0,0,1,1,0,0,0,0,1,0,6734.006734006734,0,0.0026936026936026937,False,True,False,False,False,False,False,False,False,False,False,False,False,False,False
4700000,875,3,0,0,0,1,0,0,0,1,1,0,0,0,0,1,0,5371.428571428572,0,0.0034285714285714284,False,True,False,False,False,False,False,False,False,False,False,False,False,False,False
7000000,1080,4,0,0,0,1,0,0,0,1,1,0,0,0,0,1,0,6481.481481481482,0,0.003703703703703704,False,True,False,False,False,False,False,False,False,False,False,False,False,False,False
4100000,750,3,0,0,0,1,0,0,0,1,1,0,0,0,0,1,0,5466.666666666667,0,0.004,False,True,False,False,False,False,False,False,False,False,False,False,False,False,False
3500000,600,2,0,0,0,1,0,0,0,1,1,0,0,0,0,1,0,5833.333333333333,0,0.0033333333333333335,False,True,False,False,False,False,False,False,False,False,False,False,False,False,False
2300000,480,1,0,0,0,1,0,0,0,1,1,0,0,0,0,1,0,4791.666666666667,0,0.0020833333333333333,False,True,False,False,False,False,False,False,False,False,False,False,False,False,False
4242000,850,3,0,0,0,1,0,0,0,0,0,0,0,0,1,1,2,4990.588235294118,2,0.0035294117647058825,False,False,False,False,False,False,False,False,False,False,False,False,False,True,False
12200000,1300,2,1,1,0,1,1,0,1,1,1,1,0,0,1,0,4,9384.615384615385,4,0.0015384615384615385,False,False,False,False,False,False,False,False,False,True,False,False,False,False,False
11500000,1300,2,1,1,0,1,1,1,1,1,1,1,0,0,1,1,3,8846.153846153846,3,0.0015384615384615385,False,False,False,False,False,True,False,False,False,False,False,False,False,False,False
12400000,1350,3,1,0,0,1,0,0,0,0,0,1,0,0,1,1,0,9185.185185185184,0,0.0022222222222222222,False,False,False,False,False,True,False,False,False,False,False,False,False,False,False
5100000,900,3,0,0,0,0,0,0,0,0,0,0,0,0,0,1,0,5666.666666666667,0,0.0033333333333333335,False,False,False,False,False,True,False,False,False,False,False,False,False,False,False
3500000,850,3,0,0,0,1,0,0,0,1,0,0,0,0,1,1,2,4117.64705882353,2,0.0035294117647058825,False,False,False,False,False,False,False,False,False,False,False,False,False,True,False
11000000,1000,2,1,0,0,0,0,0,0,0,0,0,0,0,0,0,0,11000.0,0,0.002,False,False,False,False,False,True,False,False,False,False,False,False,False,False,False
2500000,450,1,1,0,0,0,0,0,0,0,0,0,0,0,0,0,0,5555.555555555556,0,0.0022222222222222222,False,False,False,False,False,True,False,False,False,False,False,False,False,False,False
12500000,850,2,1,0,0,0,0,0,0,0,0,0,0,0,0,0,0,14705.882352941177,0,0.002352941176470588,False,False,False,False,False,True,False,False,False,False,False,False,False,False,False
2800000,650,2,0,0,0,1,0,0,0,0,0,0,0,0,1,1,2,4307.692307692308,2,0.003076923076923077,False,False,False,False,False,False,False,False,False,False,False,False,False,True,False
5100000,900,3,0,0,0,1,0,0,0,0,0,0,0,0,1,1,2,5666.666666666667,2,0.0033333333333333335,False,False,False,False,False,False,False,False,False,False,False,False,False,True,False
2751000,650,2,0,0,0,1,0,0,0,0,0,0,0,0,1,1,2,4232.307692307692,2,0.003076923076923077,False,False,False,False,False,False,False,False,False,False,False,False,False,True,False
3800000,675,3,1,0,0,0,0,0,0,0,0,0,0,0,0,1,0,5629.62962962963,0,0.0044444444444444444,False,False,False,False,False,True,False,False,False,False,False,False,False,False,False
4000000,500,2,0,0,0,0,0,0,0,0,1,0,0,0,0,1,0,8000.0,0,0.004,False,False,False,False,False,True,False,False,False,False,False,False,False,False,False
3400000,400,1,0,0,0,0,0,0,0,0,1,0,0,0,0,1,0,8500.0,0,0.0025,False,False,False,False,False,True,False,False,False,False,False,False,False,False,False
2699000,350,1,0,0,0,0,0,0,0,0,1,0,0,0,0,1,0,7711.428571428572,0,0.002857142857142857,False,False,False,False,False,True,False,False,False,False,False,False,False,False,False
4600000,650,2,0,0,0,0,0,0,0,0,1,0,0,0,0,1,0,7076.923076923077,0,0.003076923076923077,False,False,False,False,False,True,False,False,False,False,False,False,False,False,False
11500000,1125,3,1,0,0,0,0,0,0,0,0,1,0,0,0,1,1,10222.222222222223,1,0.0026666666666666666,False,False,False,False,False,True,False,False,False,False,False,False,False,False,False
11500000,1375,3,1,0,0,0,0,0,0,0,0,1,0,0,0,1,1,8363.636363636364,1,0.002181818181818182,False,False,False,False,False,True,False,False,False,False,False,False,False,False,False
3200000,650,2,0,0,0,1,0,0,0,0,0,0,0,0,1,1,2,4923.076923076923,2,0.003076923076923077,False,False,False,False,False,False,False,False,False,False,False,False,False,True,False
21000000,2200,4,1,0,0,1,1,0,0,1,1,1,0,0,1,1,0,9545.454545454546,0,0.0018181818181818182,False,False,False,False,False,True,False,False,False,False,False,False,False,False,False
17300000,1650,3,1,0,0,1,1,1,0,1,0,1,0,0,1,1,4,10484.848484848484,4,0.0018181818181818182,False,False,False,False,False,False,False,False,False,False,True,False,False,False,False
10500000,980,2,1,1,0,0,0,0,0,0,1,0,0,0,0,1,1,10714.285714285714,1,0.0020408163265306124,False,False,False,False,False,False,False,False,False,False,False,False,False,False,True
14800000,1600,3,1,0,0,0,0,0,0,0,0,0,0,0,0,0,0,9250.0,0,0.001875,False,False,False,False,False,False,False,False,False,False,True,False,False,False,False
14800000,1600,3,1,0,0,1,1,0,0,1,0,1,0,0,1,1,0,9250.0,0,0.001875,False,False,False,False,False,False,False,False,False,False,True,False,False,False,False
4200000,850,3,0,0,0,1,0,0,0,0,0,0,0,0,1,1,1,4941.176470588235,1,0.0035294117647058825,False,False,False,False,False,False,False,False,False,False,False,False,False,True,False
4700000,820,3,0,0,0,1,0,0,0,1,1,0,0,0,0,1,1,5731.707317073171,1,0.003658536585365854,False,False,False,False,False,False,False,False,False,False,False,False,False,True,False
2399000,525,2,0,0,0,1,0,0,0,1,1,0,0,0,0,1,1,4569.523809523809,1,0.0038095238095238095,False,False,False,False,False,False,False,False,False,False,False,False,False,True,False
7500000,1350,3,0,0,0,1,0,0,0,1,1,0,0,0,0,1,1,5555.555555555556,1,0.0022222222222222222,False,False,False,False,False,False,False,False,False,False,False,False,False,True,False
4199000,850,3,0,0,0,1,0,0,0,1,1,0,0,0,0,1,1,4940.0,1,0.0035294117647058825,False,False,False,False,False,False,False,False,False,False,False,False,False,True,False
2700000,625,2,0,0,0,1,0,0,0,1,1,0,0,0,0,1,1,4320.0,1,0.0032,False,False,False,False,False,False,False,False,False,False,False,False,False,True,False
3500000,750,2,0,0,0,1,0,0,0,1,1,0,0,0,0,1,1,4666.666666666667,1,0.0026666666666666666,False,False,False,False,False,False,False,False,False,False,False,False,False,True,False
10500000,1250,2,1,1,0,1,1,0,0,1,1,1,0,0,1,1,1,8400.0,1,0.0016,False,False,False,False,False,True,False,False,False,False,False,False,False,False,False
16000000,1700,3,1,0,0,1,1,0,0,1,0,1,0,0,1,1,0,9411.764705882353,0,0.0017647058823529412,False,False,False,False,False,True,False,False,False,False,False,False,False,False,False
14500000,1600,3,1,0,0,1,1,0,0,1,0,1,0,0,1,1,0,9062.5,0,0.001875,False,False,False,False,False,False,False,False,False,False,False,True,False,False,False
12500000,1300,2,1,1,0,1,1,0,1,1,1,1,0,0,1,0,4,9615.384615384615,4,0.0015384615384615385,False,False,False,False,False,False,False,False,False,True,False,False,False,False,False
12500000,1300,2,1,1,0,1,1,0,1,1,1,1,0,0,1,0,4,9615.384615384615,4,0.0015384615384615385,False,False,False,False,False,False,False,False,False,True,False,False,False,False,False
2300000,540,2,0,0,0,1,0,0,0,0,0,0,0,0,0,1,1,4259.259259259259,1,0.003703703703703704,False,False,False,False,False,False,False,False,False,False,False,False,False,True,False
2251000,500,2,0,0,0,1,1,0,0,0,0,0,0,0,0,1,0,4502.0,0,0.004,False,True,False,False,False,False,False,False,False,False,False,False,False,False,False
2200000,540,2,0,0,0,0,0,0,0,0,0,0,0,0,0,1,0,4074.074074074074,0,0.003703703703703704,False,True,False,False,False,False,False,False,False,False,False,False,False,False,False
2200000,540,2,0,0,0,0,0,0,0,0,0,0,0,0,0,1,0,4074.074074074074,0,0.003703703703703704,False,True,False,False,False,False,False,False,False,False,False,False,False,False,False
10500000,1200,2,1,0,0,1,0,0,0,1,0,1,0,0,0,1,1,8750.0,1,0.0016666666666666668,False,False,False,False,False,True,False,False,False,False,False,False,False,False,False
20500000,2300,4,1,0,0,1,0,0,0,1,0,1,0,0,1,1,0,8913.04347826087,0,0.0017391304347826088,False,False,False,False,False,False,False,False,False,False,False,True,False,False,False
17600000,1700,3,1,0,0,1,1,1,1,1,1,1,0,0,1,1,9,10352.941176470587,9,0.0017647058823529412,False,False,False,False,False,False,False,False,False,False,False,False,True,False,False
2700000,540,2,0,0,0,1,0,0,0,0,0,0,0,0,0,0,1,5000.0,1,0.003703703703703704,False,True,False,False,False,False,False,False,False,False,False,False,False,False,False
4799000,900,3,0,0,0,1,0,0,0,0,0,0,0,0,0,0,1,5332.222222222223,1,0.0033333333333333335,False,True,False,False,False,False,False,False,False,False,False,False,False,False,False
4099000,740,3,0,0,0,1,0,0,0,0,0,0,0,0,0,0,1,5539.189189189189,1,0.004054054054054054,False,True,False,False,False,False,False,False,False,False,False,False,False,False,False
2449000,495,2,0,0,0,1,0,0,0,0,0,0,0,0,0,0,1,4947.474747474747,1,0.00404040404040404,False,True,False,False,False,False,False,False,False,False,False,False,False,False,False
2399000,477,2,0,0,0,1,0,0,0,0,0,0,0,0,0,0,1,5029.350104821803,1,0.0041928721174004195,False,True,False,False,False,False,False,False,False,False,False,False,False,False,False
3500000,630,2,0,0,0,1,0,0,0,0,0,0,0,0,0,0,1,5555.555555555556,1,0.0031746031746031746,False,True,False,False,False,False,False,False,False,False,False,False,False,False,False
4300000,765,3,0,0,0,1,0,0,0,0,0,0,0,0,0,0,1,5620.915032679739,1,0.00392156862745098,False,True,False,False,False,False,False,False,False,False,False,False,False,False,False
4000000,720,3,0,0,0,1,0,0,0,0,0,0,0,0,0,0,1,5555.555555555556,1,0.004166666666666667,False,True,False,False,False,False,False,False,False,False,False,False,False,False,False
6500000,1080,3,0,0,0,1,0,0,0,0,0,0,0,0,0,0,1,6018.518518518518,1,0.002777777777777778,False,True,False,False,False,False,False,False,False,False,False,False,False,False,False
2200000,450,2,0,0,0,1,0,0,0,0,0,0,0,0,0,0,1,4888.888888888889,1,0.0044444444444444444,False,True,False,False,False,False,False,False,False,False,False,False,False,False,False
5800000,855,3,0,0,0,1,0,0,0,0,0,0,0,0,0,0,1,6783.625730994152,1,0.0035087719298245615,False,True,False,False,False,False,False,False,False,False,False,False,False,False,False
5200000,990,3,0,0,0,1,0,0,0,0,0,0,0,0,0,0,1,5252.525252525253,1,0.0030303030303030303,False,True,False,False,False,False,False,False,False,False,False,False,False,False,False
4699000,810,3,0,0,0,1,0,0,0,0,0,0,0,0,0,0,1,5801.234567901234,1,0.003703703703703704,False,True,False,False,False,False,False,False,False,False,False,False,False,False,False
2999000,585,2,0,0,0,1,0,0,0,0,0,0,0,0,0,0,1,5126.495726495727,1,0.003418803418803419,False,True,False,False,False,False,False,False,False,False,False,False,False,False,False
4199000,720,3,0,0,0,1,0,0,0,0,1,0,0,0,0,1,3,5831.944444444444,3,0.004166666666666667,False,True,False,False,False,False,False,False,False,False,False,False,False,False,False
2550000,495,2,0,0,0,1,0,0,0,0,1,0,0,0,0,1,3,5151.515151515152,3,0.00404040404040404,False,True,False,False,False,False,False,False,False,False,False,False,False,False,False
3099000,585,2,0,0,0,1,0,0,0,0,1,0,0,0,0,1,3,5297.4358974358975,3,0.003418803418803419,False,True,False,False,False,False,False,False,False,False,False,False,False,False,False
5500000,900,3,1,0,0,0,0,0,0,0,0,0,0,0,0,1,0,6111.111111111111,0,0.0033333333333333335,False,False,False,False,False,True,False,False,False,False,False,False,False,False,False
4500000,1000,2,0,0,0,1,0,0,0,1,0,0,0,0,0,1,2,4500.0,2,0.002,False,False,False,False,False,False,False,False,False,False,False,False,False,True,False
45000000,4500,5,1,0,0,1,1,1,0,1,0,1,0,0,1,1,1,10000.0,1,0.0011111111111111111,False,False,False,False,False,True,False,False,False,False,False,False,False,False,False
13000000,1600,3,1,1,0,1,0,1,1,1,1,0,0,0,1,1,9,8125.0,9,0.001875,False,False,False,False,False,False,False,False,False,False,False,False,True,False,False
24800000,2600,4,0,1,0,1,1,0,1,1,1,1,0,0,1,1,4,9538.461538461539,4,0.0015384615384615385,False,False,False,False,False,False,False,False,False,False,False,False,True,False,False
2599000,450,2,0,0,0,1,0,0,0,0,0,0,0,0,0,0,1,5775.555555555556,1,0.0044444444444444444,False,True,False,False,False,False,False,False,False,False,False,False,False,False,False
2899000,650,2,0,0,0,1,0,0,0,0,0,0,0,0,0,0,1,4460.0,1,0.003076923076923077,False,True,False,False,False,False,False,False,False,False,False,False,False,False,False
4500000,800,3,0,0,0,1,0,0,0,0,0,0,0,0,0,0,1,5625.0,1,0.00375,False,True,False,False,False,False,False,False,False,False,False,False,False,False,False
19500000,2100,4,1,0,0,1,1,0,0,1,0,1,0,0,1,1,0,9285.714285714286,0,0.0019047619047619048,False,False,False,False,False,True,False,False,False,False,False,False,False,False,False
11399999,1200,2,1,0,0,1,1,1,0,0,0,1,0,0,1,1,2,9499.999166666666,2,0.0016666666666666668,False,False,False,False,False,False,False,False,False,False,False,False,True,False,False
4599000,850,3,1,0,0,1,0,0,0,0,0,1,0,0,0,1,0,5410.588235294118,0,0.0035294117647058825,False,True,False,False,False,False,False,False,False,False,False,False,False,False,False
16200000,1800,3,1,0,0,0,0,0,0,0,0,0,0,0,0,0,0,9000.0,0,0.0016666666666666668,False,False,False,False,False,True,False,False,False,False,False,False,False,False,False
3500000,650,2,0,0,0,0,0,0,0,0,0,0,0,0,0,1,0,5384.615384615385,0,0.003076923076923077,False,False,False,False,False,True,False,False,False,False,False,False,False,False,False
3600000,450,2,1,0,0,0,0,0,0,0,0,0,0,0,0,1,0,8000.0,0,0.0044444444444444444,False,False,False,False,False,True,False,False,False,False,False,False,False,False,False
3800000,450,2,1,0,0,0,0,0,0,0,0,0,0,0,0,1,0,8444.444444444445,0,0.0044444444444444444,False,False,False,False,False,True,False,False,False,False,False,False,False,False,False
4200000,450,2,1,0,0,0,0,0,0,0,0,0,0,0,0,1,0,9333.333333333334,0,0.0044444444444444444,False,False,False,False,False,True,False,False,False,False,False,False,False,False,False
4000000,450,2,1,0,0,0,0,0,0,0,0,0,0,0,0,1,0,8888.888888888889,0,0.0044444444444444444,False,False,False,False,False,True,False,False,False,False,False,False,False,False,False
3600000,450,2,1,0,0,0,0,0,0,0,0,0,0,0,0,1,0,8000.0,0,0.0044444444444444444,False,False,False,False,False,True,False,False,False,False,False,False,False,False,False
8200000,900,3,1,0,0,0,0,0,0,0,0,0,0,0,0,1,0,9111.111111111111,0,0.0033333333333333335,False,False,False,False,False,True,False,False,False,False,False,False,False,False,False
6500000,800,3,1,0,0,0,0,0,0,0,0,0,0,0,0,1,0,8125.0,0,0.00375,False,False,False,False,False,True,False,False,False,False,False,False,False,False,False
7000000,800,3,1,0,0,0,0,0,0,0,0,0,0,0,0,1,0,8750.0,0,0.00375,False,False,False,False,False,True,False,False,False,False,False,False,False,False,False
7000000,800,3,1,0,0,0,0,0,0,0,0,0,0,0,0,1,0,8750.0,0,0.00375,False,False,False,False,False,True,False,False,False,False,False,False,False,False,False
3800000,450,2,1,0,0,0,0,0,0,0,0,0,0,0,0,1,0,8444.444444444445,0,0.0044444444444444444,False,False,False,False,False,True,False,False,False,False,False,False,False,False,False
3600000,450,2,1,0,0,0,0,0,0,0,0,1,0,0,0,1,0,8000.0,0,0.0044444444444444444,False,False,False,False,False,True,False,False,False,False,False,False,False,False,False
7000000,750,3,1,0,0,0,0,0,0,0,0,1,0,0,0,1,0,9333.333333333334,0,0.004,False,False,False,False,False,True,False,False,False,False,False,False,False,False,False
8200000,900,3,1,0,0,0,0,0,0,0,0,0,0,0,0,1,0,9111.111111111111,0,0.0033333333333333335,False,False,False,False,False,True,False,False,False,False,False,False,False,False,False
4599000,850,3,1,0,0,1,0,0,0,0,0,1,0,0,0,1,0,5410.588235294118,0,0.0035294117647058825,False,True,False,False,False,False,False,False,False,False,False,False,False,False,False
45000000,4500,5,1,0,0,1,1,0,0,1,0,1,0,0,1,1,1,10000.0,1,0.0011111111111111111,False,False,False,False,False,True,False,False,False,False,False,False,False,False,False
37500000,3500,4,1,0,0,1,1,0,0,1,0,1,0,0,0,1,1,10714.285714285714,1,0.001142857142857143,False,False,False,False,False,True,False,False,False,False,False,False,False,False,False
15800000,1600,3,1,1,0,1,1,1,1,1,1,1,0,0,1,1,8,9875.0,8,0.001875,False,False,False,False,False,False,False,False,False,False,False,False,True,False,False
3500000,650,2,0,0,0,0,0,0,0,0,1,0,0,0,0,0,0,5384.615384615385,0,0.003076923076923077,False,False,False,False,False,True,False,False,False,False,False,False,False,False,False
3399000,720,2,0,0,0,1,0,0,0,0,1,0,0,0,0,0,0,4720.833333333333,0,0.002777777777777778,False,True,False,False,False,False,False,False,False,False,False,False,False,False,False
2349000,450,2,0,0,0,1,0,0,0,0,1,0,0,0,0,0,0,5220.0,0,0.0044444444444444444,False,True,False,False,False,False,False,False,False,False,False,False,False,False,False
5999000,990,3,0,0,0,1,0,0,0,0,1,0,0,0,0,0,0,6059.595959595959,0,0.0030303030303030303,False,True,False,False,False,False,False,False,False,False,False,False,False,False,False
3199000,675,3,0,0,0,1,0,0,0,0,1,0,0,0,0,0,0,4739.259259259259,0,0.0044444444444444444,False,True,False,False,False,False,False,False,False,False,False,False,False,False,False
4099000,765,3,0,0,0,1,0,0,0,0,1,0,0,0,0,0,0,5358.169934640523,0,0.00392156862745098,False,True,False,False,False,False,False,False,False,False,False,False,False,False,False
4600000,1000,3,0,0,0,0,1,0,0,0,0,0,1,0,0,1,4,4600.0,4,0.003,False,False,False,False,False,False,False,False,False,False,False,False,False,True,False
3500000,865,3,0,0,0,0,0,0,0,0,0,0,0,0,0,0,0,4046.242774566474,0,0.003468208092485549,False,False,False,False,False,False,False,False,False,False,False,False,False,True,False
3500000,865,3,0,0,0,0,1,0,0,0,0,0,1,0,0,1,4,4046.242774566474,4,0.003468208092485549,False,False,False,False,False,False,False,False,False,False,False,False,False,True,False
2500000,640,2,0,0,0,0,1,0,0,0,0,0,1,0,0,1,4,3906.25,4,0.003125,False,False,False,False,False,False,False,False,False,False,False,False,False,True,False
2500000,640,2,0,0,0,0,0,0,0,0,0,0,0,0,0,0,0,3906.25,0,0.003125,False,False,False,False,False,False,False,False,False,False,False,False,False,True,False
14000000,1800,3,1,0,0,0,0,0,0,0,0,0,0,0,0,0,0,7777.777777777777,0,0.0016666666666666668,False,False,False,False,False,False,False,False,True,False,False,False,False,False,False
16000000,1800,3,1,0,0,1,0,0,0,1,0,1,0,0,1,1,0,8888.888888888889,0,0.0016666666666666668,False,False,False,False,False,False,False,False,True,False,False,False,False,False,False
16000000,1600,3,1,0,0,1,0,0,1,1,1,1,0,0,0,1,3,10000.0,3,0.001875,False,False,False,False,False,True,False,False,False,False,False,False,False,False,False
19000000,2500,4,1,0,0,1,0,1,0,1,1,1,1,0,0,1,2,7600.0,2,0.0016,False,False,False,False,False,False,True,False,False,False,False,False,False,False,False
16000000,1750,3,1,0,0,1,0,0,0,1,0,1,0,0,0,1,1,9142.857142857143,1,0.0017142857142857142,False,False,False,False,False,True,False,False,False,False,False,False,False,False,False
18500000,2000,4,1,0,0,1,1,0,0,1,0,1,0,0,1,1,1,9250.0,1,0.002,False,False,False,False,False,True,False,False,False,False,False,False,False,False,False
2600000,685,2,0,0,0,0,0,0,0,0,0,0,0,0,0,0,0,3795.6204379562046,0,0.00291970802919708,False,True,False,False,False,False,False,False,False,False,False,False,False,False,False
2600000,685,2,0,0,0,0,0,0,0,0,0,0,0,0,0,0,0,3795.6204379562046,0,0.00291970802919708,False,True,False,False,False,False,False,False,False,False,False,False,False,False,False
2300000,540,2,1,0,0,0,0,0,0,0,0,0,0,0,0,0,1,4259.259259259259,1,0.003703703703703704,False,False,False,False,False,True,False,False,False,False,False,False,False,False,False
2500000,540,2,1,0,0,0,0,0,0,0,0,0,0,0,0,0,1,4629.62962962963,1,0.003703703703703704,False,False,False,False,False,True,False,False,False,False,False,False,False,False,False
2500000,520,2,0,0,0,0,0,0,0,0,0,0,0,0,0,0,0,4807.692307692308,0,0.0038461538461538464,False,False,False,False,False,True,False,False,False,False,False,False,False,False,False
4000000,810,3,1,0,0,0,0,0,0,0,0,0,0,0,0,1,1,4938.271604938272,1,0.003703703703703704,False,False,False,False,False,True,False,False,False,False,False,False,False,False,False
21100000,2500,4,1,0,0,1,1,1,0,1,0,1,1,0,1,1,7,8440.0,7,0.0016,False,False,False,False,False,False,False,False,False,True,False,False,False,False,False
4100000,865,3,0,0,0,0,1,0,0,0,0,0,1,0,0,1,4,4739.884393063584,4,0.003468208092485549,False,False,False,False,False,False,False,False,False,False,False,False,False,True,False
4100000,865,3,0,0,0,0,0,0,0,0,0,0,0,0,0,0,0,4739.884393063584,0,0.003468208092485549,False,False,False,False,False,False,False,False,False,False,False,False,False,True,False
2500000,550,2,0,0,0,0,1,0,0,0,0,0,1,0,0,1,4,4545.454545454545,4,0.0036363636363636364,False,False,False,False,False,False,False,False,False,False,False,False,False,True,False
2500000,550,2,0,0,0,0,0,0,0,0,0,0,0,0,0,0,0,4545.454545454545,0,0.0036363636363636364,False,False,False,False,False,False,False,False,False,False,False,False,False,True,False
4100000,865,3,0,0,0,0,1,0,0,0,0,0,1,0,0,1,4,4739.884393063584,4,0.003468208092485549,False,False,False,False,False,False,False,False,False,False,False,False,False,True,False
3500000,650,2,0,0,0,0,0,0,0,0,0,0,0,0,0,0,0,5384.615384615385,0,0.003076923076923077,False,False,False,False,False,True,False,False,False,False,False,False,False,False,False
4600000,850,3,0,0,0,0,0,0,0,0,0,0,0,0,0,0,0,5411.764705882353,0,0.0035294117647058825,False,False,False,False,False,True,False,False,False,False,False,False,False,False,False
3000000,658,2,0,0,0,0,1,0,0,0,0,0,1,0,0,1,4,4559.270516717325,4,0.00303951367781155,False,True,False,False,False,False,False,False,False,False,False,False,False,False,False
14900000,1700,3,1,1,0,1,0,1,1,1,1,1,0,0,1,1,4,8764.70588235294,4,0.0017647058823529412,False,False,False,False,False,False,False,False,False,False,False,True,False,False,False
13899999,1600,3,1,0,0,1,0,0,0,1,0,1,0,0,1,1,0,8687.499375,0,0.001875,False,False,False,False,False,True,False,False,False,False,False,False,False,False,False
18000000,2000,4,1,0,0,1,0,0,0,1,0,1,0,0,1,1,0,9000.0,0,0.002,False,False,False,False,False,False,False,True,False,False,False,False,False,False,False
12400000,1300,3,1,1,1,1,1,1,1,1,1,1,0,0,1,1,7,9538.461538461539,7,0.002307692307692308,False,False,False,False,False,True,False,False,False,False,False,False,False,False,False
4800000,900,3,1,0,0,0,0,0,0,0,0,0,0,0,0,1,0,5333.333333333333,0,0.0033333333333333335,False,False,False,False,False,True,False,False,False,False,False,False,False,False,False
2600000,600,2,0,0,0,0,1,0,0,1,0,0,1,0,0,1,4,4333.333333333333,4,0.0033333333333333335,False,False,False,False,False,True,False,False,False,False,False,False,False,False,False
10700000,1638,3,0,1,0,0,0,1,1,1,1,0,0,0,1,1,8,6532.356532356533,8,0.0018315018315018315,False,False,False,False,False,True,False,False,False,False,False,False,False,False,False
5200000,900,3,0,0,0,0,0,0,0,0,0,0,0,0,0,1,0,5777.777777777777,0,0.0033333333333333335,False,True,False,False,False,False,False,False,False,False,False,False,False,False,False
4200000,820,3,0,0,0,0,0,0,0,0,0,0,0,0,0,1,0,5121.951219512195,0,0.003658536585365854,False,True,False,False,False,False,False,False,False,False,False,False,False,False,False
6000000,1200,3,0,0,0,0,0,0,0,0,0,0,0,0,0,1,0,5000.0,0,0.0025,False,True,False,False,False,False,False,False,False,False,False,False,False,False,False
3200000,650,2,0,0,0,0,0,0,0,0,0,0,0,0,0,1,0,4923.076923076923,0,0.003076923076923077,False,True,False,False,False,False,False,False,False,False,False,False,False,False,False
6000000,1000,4,0,0,0,0,0,0,0,0,0,0,0,0,0,1,0,6000.0,0,0.004,False,True,False,False,False,False,False,False,False,False,False,False,False,False,False
4000000,750,3,0,0,0,0,0,0,0,0,0,0,0,0,0,1,0,5333.333333333333,0,0.004,False,True,False,False,False,False,False,False,False,False,False,False,False,False,False
5000000,900,4,0,0,0,0,0,0,0,0,0,0,0,0,0,1,0,5555.555555555556,0,0.0044444444444444444,False,True,False,False,False,False,False,False,False,False,False,False,False,False,False
3500000,700,3,0,0,0,0,0,0,0,0,0,0,0,0,0,1,0,5000.0,0,0.004285714285714286,False,True,False,False,False,False,False,False,False,False,False,False,False,False,False
5200000,900,3,0,0,0,0,0,0,0,0,0,0,0,0,0,0,0,5777.777777777777,0,0.0033333333333333335,False,True,False,False,False,False,False,False,False,False,False,False,False,False,False
6500000,1200,4,0,0,0,0,0,0,0,0,0,0,0,0,0,0,0,5416.666666666667,0,0.0033333333333333335,False,True,False,False,False,False,False,False,False,False,False,False,False,False,False
4200000,820,3,0,0,0,0,0,0,0,0,0,0,0,0,0,0,0,5121.951219512195,0,0.003658536585365854,False,True,False,False,False,False,False,False,False,False,False,False,False,False,False
3300000,630,3,0,0,0,0,0,0,0,0,0,0,0,0,0,0,0,5238.0952380952385,0,0.004761904761904762,False,True,False,False,False,False,False,False,False,False,False,False,False,False,False
6000000,1200,3,0,0,0,0,0,0,0,0,0,0,0,0,0,0,0,5000.0,0,0.0025,False,True,False,False,False,False,False,False,False,False,False,False,False,False,False
3200000,650,2,0,0,0,0,0,0,0,0,0,0,0,0,0,0,0,4923.076923076923,0,0.003076923076923077,False,True,False,False,False,False,False,False,False,False,False,False,False,False,False
4000000,750,3,0,0,0,0,0,0,0,0,0,0,0,0,0,0,0,5333.333333333333,0,0.004,False,True,False,False,False,False,False,False,False,False,False,False,False,False,False
2800000,600,2,0,0,0,0,0,0,0,0,0,0,0,0,0,0,0,4666.666666666667,0,0.0033333333333333335,False,True,False,False,False,False,False,False,False,False,False,False,False,False,False
5000000,900,4,0,0,0,0,0,0,0,0,0,0,0,0,0,0,0,5555.555555555556,0,0.0044444444444444444,False,True,False,False,False,False,False,False,False,False,False,False,False,False,False
3200000,616,2,1,0,0,0,0,0,0,0,0,0,0,0,0,1,0,5194.805194805195,0,0.003246753246753247,False,False,False,False,False,True,False,False,False,False,False,False,False,False,False
3200000,616,2,1,0,0,0,0,0,0,0,0,0,0,0,0,1,0,5194.805194805195,0,0.003246753246753247,False,False,False,False,False,True,False,False,False,False,False,False,False,False,False
2800000,505,2,1,0,0,0,0,0,0,0,0,0,0,0,0,1,0,5544.554455445545,0,0.0039603960396039604,False,False,False,False,False,True,False,False,False,False,False,False,False,False,False
2800000,505,2,1,0,0,0,0,0,0,0,0,0,0,0,0,1,0,5544.554455445545,0,0.0039603960396039604,False,False,False,False,False,True,False,False,False,False,False,False,False,False,False
2700000,505,2,1,0,0,0,0,0,0,0,0,0,0,0,0,1,0,5346.534653465346,0,0.0039603960396039604,False,False,False,False,False,True,False,False,False,False,False,False,False,False,False
5000000,900,3,1,0,0,0,0,0,0,0,0,0,0,0,0,1,0,5555.555555555556,0,0.0033333333333333335,False,False,False,False,False,True,False,False,False,False,False,False,False,False,False
4500000,900,3,1,0,0,0,0,0,0,0,0,0,0,0,0,1,0,5000.0,0,0.0033333333333333335,False,False,False,False,False,True,False,False,False,False,False,False,False,False,False
3400000,675,2,1,0,0,0,0,0,0,0,0,0,0,0,0,1,0,5037.037037037037,0,0.002962962962962963,False,False,False,False,False,True,False,False,False,False,False,False,False,False,False
4200000,810,3,1,0,0,0,0,0,0,0,0,0,0,0,0,1,0,5185.185185185185,0,0.003703703703703704,True,False,False,False,False,False,False,False,False,False,False,False,False,False,False
4200000,1000,3,1,0,0,0,0,0,0,0,0,0,0,0,0,1,0,4200.0,0,0.003,True,False,False,False,False,False,False,False,False,False,False,False,False,False,False
5400000,1125,3,1,0,0,0,0,0,0,0,0,0,0,0,0,1,0,4800.0,0,0.0026666666666666666,True,False,False,False,False,False,False,False,False,False,False,False,False,False,False
4200000,810,3,1,0,0,0,0,0,0,0,0,0,0,0,0,1,0,5185.185185185185,0,0.003703703703703704,True,False,False,False,False,False,False,False,False,False,False,False,False,False,False
3300000,675,2,1,0,0,0,0,0,0,0,0,0,0,0,0,1,0,4888.888888888889,0,0.002962962962962963,True,False,False,False,False,False,False,False,False,False,False,False,False,False,False
5600000,1200,3,1,0,0,0,0,0,0,0,0,0,0,0,0,1,0,4666.666666666667,0,0.0025,True,False,False,False,False,False,False,False,False,False,False,False,False,False,False
2200000,630,2,0,0,0,0,0,0,0,0,0,0,0,0,0,0,0,3492.063492063492,0,0.0031746031746031746,True,False,False,False,False,False,False,False,False,False,False,False,False,False,False
11500000,1050,2,1,1,0,0,0,0,0,0,1,1,0,0,1,1,1,10952.380952380952,1,0.0019047619047619048,False,False,False,False,False,False,False,False,False,False,False,False,False,False,True
18500000,2400,4,1,0,0,1,1,0,0,0,0,1,1,0,1,1,7,7708.333333333333,7,0.0016666666666666668,False,False,False,False,False,False,False,True,False,False,False,False,False,False,False
9500000,1300,2,1,1,0,1,0,0,1,1,1,1,0,0,1,0,4,7307.692307692308,4,0.0015384615384615385,False,False,False,False,False,False,False,False,False,True,False,False,False,False,False
14500000,1700,3,1,0,0,1,1,1,1,1,0,1,0,0,1,1,10,8529.411764705883,10,0.0017647058823529412,False,False,False,False,False,True,False,False,False,False,False,False,False,False,False
30000000,1600,3,1,0,0,0,1,0,0,1,0,1,0,0,0,0,1,18750.0,1,0.001875,False,False,False,False,False,True,False,False,False,False,False,False,False,False,False
2700000,540,2,0,0,0,0,0,0,0,0,1,0,0,0,0,1,0,5000.0,0,0.003703703703703704,False,False,False,False,False,False,False,False,False,False,False,False,False,True,False
4200000,900,3,0,0,0,0,0,0,0,0,1,0,0,0,0,1,0,4666.666666666667,0,0.0033333333333333335,False,False,False,False,False,False,False,False,False,False,False,False,False,True,False
5700000,1100,4,0,0,0,0,0,0,0,0,1,0,0,0,0,1,0,5181.818181818182,0,0.0036363636363636364,False,False,False,False,False,False,False,False,False,False,False,False,False,True,False
3200000,675,3,0,0,0,0,0,0,0,0,1,0,0,0,0,1,0,4740.740740740741,0,0.0044444444444444444,False,False,False,False,False,False,False,False,False,False,False,False,False,True,False
6199000,1100,3,0,0,0,0,0,0,0,0,1,0,0,0,0,1,0,5635.454545454545,0,0.0027272727272727275,False,False,False,False,False,False,False,False,False,False,False,False,False,True,False
6500000,1200,4,0,0,0,0,0,0,0,0,1,0,0,0,0,1,0,5416.666666666667,0,0.0033333333333333335,False,False,False,False,False,False,False,False,False,False,False,False,False,True,False
2000000,500,2,0,0,0,0,0,0,0,0,1,0,0,0,0,1,0,4000.0,0,0.004,False,False,False,False,False,False,False,False,False,False,False,False,False,True,False
4199000,810,3,0,0,0,0,0,0,0,0,1,0,0,0,0,1,0,5183.950617283951,0,0.003703703703703704,False,False,False,False,False,False,False,False,False,False,False,False,False,True,False
3199000,580,2,0,0,0,0,0,0,0,0,1,0,0,0,0,1,0,5515.517241379311,0,0.0034482758620689655,False,False,False,False,False,False,False,False,False,False,False,False,False,True,False
11000000,1500,3,1,1,0,1,0,0,1,1,1,1,0,0,1,0,4,7333.333333333333,4,0.002,False,False,False,False,False,False,False,False,False,True,False,False,False,False,False
21500000,2000,3,1,0,0,1,0,0,0,1,0,1,1,0,1,1,7,10750.0,7,0.0015,False,False,False,False,False,True,False,False,False,False,False,False,False,False,False
14500000,1800,3,1,0,0,1,0,1,1,1,1,1,1,0,1,1,13,8055.555555555556,13,0.0016666666666666668,False,False,False,False,False,True,False,False,False,False,False,False,False,False,False
18500000,1800,3,1,0,0,1,0,0,0,1,0,1,1,0,1,1,7,10277.777777777777,7,0.0016666666666666668,False,False,False,False,False,False,False,False,False,False,False,False,True,False,False
6500000,625,2,1,0,0,0,0,0,0,0,0,1,0,0,0,0,0,10400.0,0,0.0032,False,False,False,False,False,True,False,False,False,False,False,False,False,False,False
17000000,1400,3,1,0,0,0,0,0,0,0,0,1,0,0,1,0,0,12142.857142857143,0,0.002142857142857143,False,False,False,False,False,True,False,False,False,False,False,False,False,False,False
2200000,450,2,1,0,0,0,0,0,0,0,0,0,0,0,0,0,1,4888.888888888889,1,0.0044444444444444444,False,True,False,False,False,False,False,False,False,False,False,False,False,False,False
3200000,495,2,0,0,0,0,0,0,0,0,0,0,0,0,0,1,0,6464.646464646465,0,0.00404040404040404,False,True,False,False,False,False,False,False,False,False,False,False,False,False,False
6300000,1000,4,0,0,0,0,0,0,0,0,0,0,0,0,0,1,0,6300.0,0,0.004,False,True,False,False,False,False,False,False,False,False,False,False,False,False,False
2500000,540,2,1,0,0,0,0,0,0,0,0,0,0,0,0,0,0,4629.62962962963,0,0.003703703703703704,False,True,False,False,False,False,False,False,False,False,False,False,False,False,False
2700000,505,2,1,0,0,0,0,0,0,0,0,0,0,0,0,1,0,5346.534653465346,0,0.0039603960396039604,False,False,False,False,False,True,False,False,False,False,False,False,False,False,False
2500000,540,2,1,0,0,0,0,0,0,0,0,0,0,0,0,0,0,4629.62962962963,0,0.003703703703703704,False,True,False,False,False,False,False,False,False,False,False,False,False,False,False
4800000,810,3,1,0,0,1,0,0,0,0,0,0,0,0,0,1,0,5925.925925925926,0,0.003703703703703704,False,False,False,False,False,True,False,False,False,False,False,False,False,False,False
3200000,616,2,1,0,0,0,0,0,0,0,0,0,0,0,0,1,0,5194.805194805195,0,0.003246753246753247,False,False,False,False,False,True,False,False,False,False,False,False,False,False,False
3100000,616,2,1,0,0,0,0,0,0,0,0,0,0,0,0,1,0,5032.467532467533,0,0.003246753246753247,False,False,False,False,False,True,False,False,False,False,False,False,False,False,False
2700000,505,2,1,0,0,0,0,0,0,0,0,0,0,0,0,1,0,5346.534653465346,0,0.0039603960396039604,False,False,False,False,False,True,False,False,False,False,False,False,False,False,False
5200000,855,3,1,0,0,0,0,0,0,0,0,0,0,0,0,1,1,6081.87134502924,1,0.0035087719298245615,False,False,False,False,False,True,False,False,False,False,False,False,False,False,False
3300000,616,2,1,0,0,0,0,0,0,0,0,0,0,0,0,1,0,5357.142857142857,0,0.003246753246753247,False,False,False,False,False,True,False,False,False,False,False,False,False,False,False
2500000,540,2,1,0,0,0,0,0,0,0,0,0,0,0,0,0,0,4629.62962962963,0,0.003703703703703704,False,True,False,False,False,False,False,False,False,False,False,False,False,False,False
2750000,667,2,0,0,0,0,0,0,0,0,0,0,0,0,0,0,0,4122.938530734633,0,0.0029985007496251873,False,False,False,False,False,False,False,False,False,False,False,False,False,True,False
2750000,667,2,0,0,0,0,0,0,0,0,0,0,0,0,0,0,0,4122.938530734633,0,0.0029985007496251873,False,False,False,False,False,False,False,False,False,False,False,False,False,True,False
19800000,2400,4,1,0,0,1,0,0,0,1,0,1,0,0,1,1,0,8250.0,0,0.0016666666666666668,False,False,False,False,False,False,False,False,False,False,False,True,False,False,False
10000000,1000,2,1,0,0,0,0,0,0,0,0,0,0,0,0,0,0,10000.0,0,0.002,False,False,False,False,False,True,False,False,False,False,False,False,False,False,False
10000000,1000,2,1,0,0,1,0,0,0,0,0,1,0,0,0,0,0,10000.0,0,0.002,False,False,False,False,False,True,False,False,False,False,False,False,False,False,False
19000000,1900,3,1,0,0,1,0,0,0,1,0,1,0,0,1,1,0,10000.0,0,0.0015789473684210526,False,False,False,False,False,False,False,False,False,False,False,False,True,False,False
22000000,2500,5,1,0,0,1,1,1,0,0,0,1,0,0,1,1,3,8800.0,3,0.002,False,False,False,False,False,False,False,True,False,False,False,False,False,False,False
2100000,500,2,0,0,0,1,0,0,0,0,0,0,0,0,0,1,0,4200.0,0,0.004,False,False,False,False,False,False,False,False,False,False,False,False,False,True,False
2000000,520,2,0,0,0,1,0,0,0,0,0,0,0,0,0,1,0,3846.153846153846,0,0.0038461538461538464,False,False,False,False,False,False,False,False,False,False,False,False,False,True,False
2200000,510,2,0,0,0,1,0,0,0,0,0,0,0,0,0,1,0,4313.725490196079,0,0.00392156862745098,False,False,False,False,False,False,False,False,False,False,False,False,False,True,False
3100000,750,3,0,0,0,1,0,0,0,0,0,0,0,0,0,1,0,4133.333333333333,0,0.004,False,False,False,False,False,False,False,False,False,False,False,False,False,True,False
2800000,600,2,0,0,0,1,0,0,0,0,0,0,0,0,0,1,0,4666.666666666667,0,0.0033333333333333335,False,False,False,False,False,False,False,False,False,False,False,False,False,True,False
6500000,861,2,1,0,0,0,0,0,0,0,0,1,0,0,0,0,1,7549.361207897793,1,0.0023228803716608595,False,False,False,False,False,True,False,False,False,False,False,False,False,False,False
2700000,640,2,0,0,0,0,0,0,0,0,0,0,0,0,0,0,0,4218.75,0,0.003125,False,False,False,False,False,False,False,False,False,False,False,False,False,True,False
2700000,640,2,0,0,0,0,0,0,0,0,0,0,0,0,0,0,0,4218.75,0,0.003125,False,False,False,False,False,False,False,False,False,False,False,False,False,True,False
16800000,1800,3,1,0,0,1,0,0,0,1,0,1,0,0,0,1,1,9333.333333333334,1,0.0016666666666666668,False,False,False,False,False,False,False,False,False,False,False,True,False,False,False
4600000,1000,3,0,0,0,0,0,0,0,0,0,0,0,0,0,0,0,4600.0,0,0.003,False,False,False,False,False,False,False,False,False,False,False,False,False,True,False
3400000,755,2,0,0,0,1,0,0,0,0,0,0,0,0,0,1,1,4503.311258278146,1,0.0026490066225165563,False,True,False,False,False,False,False,False,False,False,False,False,False,False,False
4400000,1000,3,0,0,0,1,0,0,0,0,0,0,0,0,0,1,1,4400.0,1,0.003,False,True,False,False,False,False,False,False,False,False,False,False,False,False,False
4700000,1050,3,0,0,0,1,0,0,0,0,0,0,0,0,0,1,1,4476.190476190476,1,0.002857142857142857,False,True,False,False,False,False,False,False,False,False,False,False,False,False,False
3400000,755,2,0,0,0,1,0,0,0,0,0,0,0,0,0,1,1,4503.311258278146,1,0.0026490066225165563,False,True,False,False,False,False,False,False,False,False,False,False,False,False,False
4700000,1050,3,0,0,0,1,0,0,0,0,0,0,0,0,0,1,1,4476.190476190476,1,0.002857142857142857,False,True,False,False,False,False,False,False,False,False,False,False,False,False,False
3700000,760,2,0,0,0,1,0,0,0,0,0,0,0,0,0,1,1,4868.421052631579,1,0.002631578947368421,False,True,False,False,False,False,False,False,False,False,False,False,False,False,False
3700000,760,2,0,0,0,1,0,0,0,0,0,0,0,0,0,1,1,4868.421052631579,1,0.002631578947368421,False,True,False,False,False,False,False,False,False,False,False,False,False,False,False
2900000,750,2,0,0,0,1,0,0,0,0,0,0,0,0,0,1,1,3866.6666666666665,1,0.0026666666666666666,False,True,False,False,False,False,False,False,False,False,False,False,False,False,False
2900000,750,2,0,0,0,1,0,0,0,0,0,0,0,0,0,1,1,3866.6666666666665,1,0.0026666666666666666,False,True,False,False,False,False,False,False,False,False,False,False,False,False,False
4600000,1000,3,0,0,0,0,0,0,0,0,0,0,0,0,0,0,0,4600.0,0,0.003,False,False,False,False,False,False,False,False,False,False,False,False,False,True,False
15500000,1200,3,1,0,0,0,0,0,0,1,0,1,0,0,1,0,0,12916.666666666666,0,0.0025,False,False,False,False,False,False,False,False,False,False,False,False,False,False,False
3500000,720,3,1,0,0,0,0,0,0,0,0,0,0,0,0,0,0,4861.111111111111,0,0.004166666666666667,False,True,False,False,False,False,False,False,False,False,False,False,False,False,False
3400000,675,2,1,0,0,0,0,0,0,0,0,0,0,0,0,1,0,5037.037037037037,0,0.002962962962962963,False,False,False,False,False,True,False,False,False,False,False,False,False,False,False
2800000,540,2,1,0,0,0,0,0,0,0,0,0,0,0,0,1,0,5185.185185185185,0,0.003703703703703704,False,True,False,False,False,False,False,False,False,False,False,False,False,False,False
5400000,900,3,1,0,0,1,0,0,0,0,0,0,0,0,0,1,0,6000.0,0,0.0033333333333333335,False,False,False,False,False,False,False,False,False,False,False,False,False,True,False
6200000,900,3,1,0,0,0,0,0,0,0,0,1,0,0,0,1,1,6888.888888888889,1,0.0033333333333333335,False,False,False,False,False,True,False,False,False,False,False,False,False,False,False
5000000,810,3,1,0,0,0,0,0,0,0,0,0,0,0,0,1,1,6172.83950617284,1,0.003703703703703704,False,False,False,False,False,True,False,False,False,False,False,False,False,False,False
4800000,900,3,1,0,0,1,0,0,0,0,0,0,0,0,0,1,0,5333.333333333333,0,0.0033333333333333335,False,False,False,False,False,True,False,False,False,False,False,False,False,False,False
2500000,540,2,1,0,0,0,0,0,0,0,0,0,0,0,0,0,0,4629.62962962963,0,0.003703703703703704,False,True,False,False,False,False,False,False,False,False,False,False,False,False,False
3800000,675,3,1,0,0,0,0,0,0,0,0,0,0,0,0,1,1,5629.62962962963,1,0.0044444444444444444,False,False,False,False,False,True,False,False,False,False,False,False,False,False,False
3500000,630,3,1,0,0,1,0,0,0,0,0,0,0,0,0,1,0,5555.555555555556,0,0.004761904761904762,False,False,False,False,False,True,False,False,False,False,False,False,False,False,False
5000000,810,3,1,0,0,1,0,0,0,0,0,0,0,0,0,1,0,6172.83950617284,0,0.003703703703703704,False,False,False,False,False,True,False,False,False,False,False,False,False,False,False
4800000,810,3,1,0,0,0,0,0,0,0,0,0,0,0,0,1,0,5925.925925925926,0,0.003703703703703704,False,True,False,False,False,False,False,False,False,False,False,False,False,False,False
20000000,2500,4,1,0,0,1,0,0,0,1,0,1,1,0,1,1,8,8000.0,8,0.0016,False,False,False,False,False,False,False,False,False,False,True,False,False,False,False
19500000,2000,4,1,0,0,1,1,1,0,1,0,0,0,0,1,1,1,9750.0,1,0.002,False,False,False,False,False,False,False,False,False,False,False,True,False,False,False
20500000,2000,4,1,0,0,1,1,1,0,1,0,1,0,0,1,1,0,10250.0,0,0.002,False,False,False,False,False,False,False,False,False,False,False,True,False,False,False
45000000,4500,4,1,0,0,1,1,1,0,1,0,1,0,0,1,1,1,10000.0,1,0.0008888888888888889,False,False,False,False,False,True,False,False,False,False,False,False,False,False,False
24900000,2200,4,1,1,0,1,1,0,1,1,1,0,0,0,1,1,3,11318.181818181818,3,0.0018181818181818182,False,False,False,False,False,False,False,False,False,False,False,False,True,False,False
19500000,2000,4,1,0,0,1,1,1,0,1,0,0,0,0,1,1,1,9750.0,1,0.002,False,False,False,False,False,True,False,False,False,False,False,False,False,False,False
8400000,900,2,1,0,0,0,1,0,0,0,0,0,0,0,1,0,0,9333.333333333334,0,0.0022222222222222222,False,False,False,False,False,False,False,False,False,False,False,False,True,False,False
16800000,1900,4,1,0,0,1,1,1,0,1,0,1,0,0,1,1,1,8842.105263157895,1,0.002105263157894737,False,False,False,False,False,True,False,False,False,False,False,False,False,False,False
15800000,1600,3,1,0,0,1,1,1,0,1,0,1,0,0,1,1,1,9875.0,1,0.001875,False,False,False,False,False,True,False,False,False,False,False,False,False,False,False
14800000,1550,3,1,0,0,1,1,0,0,1,0,0,0,0,1,1,0,9548.387096774193,0,0.001935483870967742,False,False,False,False,False,False,False,False,False,False,True,False,False,False,False
21500000,2000,4,1,0,0,0,0,0,0,1,1,0,0,0,0,1,0,10750.0,0,0.002,False,False,False,False,False,True,False,False,False,False,False,False,False,False,False
19500000,2000,4,1,0,0,1,1,1,0,1,0,1,0,0,1,1,1,9750.0,1,0.002,False,False,False,False,False,True,False,False,False,False,False,False,False,False,False
23500000,2200,4,1,1,0,1,0,1,0,1,1,1,0,0,1,1,1,10681.818181818182,1,0.0018181818181818182,False,False,False,False,False,False,True,False,False,False,False,False,False,False,False
15100000,1700,3,1,0,0,1,0,0,0,1,0,0,0,0,0,1,0,8882.35294117647,0,0.0017647058823529412,False,False,False,False,False,False,True,False,False,False,False,False,False,False,False
17600000,1500,3,1,0,0,1,1,0,0,0,0,1,0,0,1,1,2,11733.333333333334,2,0.002,False,False,False,False,False,False,False,True,False,False,False,False,False,False,False
34100000,3800,4,1,0,0,1,0,0,0,1,0,1,0,0,0,1,1,8973.684210526315,1,0.0010526315789473684,False,False,False,False,False,False,False,True,False,False,False,False,False,False,False
22500000,2400,3,1,0,0,1,0,1,1,1,1,1,0,0,0,1,5,9375.0,5,0.00125,False,False,False,False,False,True,False,False,False,False,False,False,False,False,False
18200000,2200,4,1,1,0,0,0,0,0,0,0,0,0,0,1,0,0,8272.727272727272,0,0.0018181818181818182,False,False,False,False,False,True,False,False,False,False,False,False,False,False,False
14800000,1800,2,1,1,0,1,0,1,1,1,1,1,0,0,1,1,9,8222.222222222223,9,0.0011111111111111111,False,False,False,False,False,False,False,False,False,False,False,False,True,False,False
11000000,2520,4,1,0,0,0,0,0,0,0,0,1,0,0,0,1,1,4365.079365079365,1,0.0015873015873015873,False,False,False,False,False,True,False,False,False,False,False,False,False,False,False
8500000,1440,4,1,0,0,0,0,0,0,0,0,0,0,0,0,0,0,5902.777777777777,0,0.002777777777777778,False,False,True,False,False,False,False,False,False,False,False,False,False,False,False
3500000,765,2,1,0,0,0,0,0,0,0,0,0,0,0,0,0,0,4575.16339869281,0,0.00261437908496732,False,False,True,False,False,False,False,False,False,False,False,False,False,False,False
3600000,585,2,1,0,0,0,0,0,0,0,0,1,0,0,0,1,1,6153.846153846154,1,0.003418803418803419,False,False,True,False,False,False,False,False,False,False,False,False,False,False,False
7500000,1350,3,1,0,0,0,0,0,0,0,0,1,0,0,0,1,1,5555.555555555556,1,0.0022222222222222222,False,False,True,False,False,False,False,False,False,False,False,False,False,False,False
3550000,675,2,1,0,0,0,0,0,0,0,0,1,0,0,0,1,1,5259.259259259259,1,0.002962962962962963,False,False,False,False,False,True,False,False,False,False,False,False,False,False,False
3500000,720,3,1,0,0,1,0,0,0,0,0,0,0,0,0,1,0,4861.111111111111,0,0.004166666666666667,False,False,False,False,False,True,False,False,False,False,False,False,False,False,False
4500000,900,3,1,0,0,0,0,0,0,0,0,0,0,0,0,1,0,5000.0,0,0.0033333333333333335,False,False,False,False,False,True,False,False,False,False,False,False,False,False,False
6211000,1000,4,1,0,0,0,0,0,0,0,0,0,0,0,0,1,1,6211.0,1,0.004,False,False,False,False,False,True,False,False,False,False,False,False,False,False,False
3200000,616,2,1,0,0,0,0,0,0,0,0,0,0,0,0,1,0,5194.805194805195,0,0.003246753246753247,False,False,False,False,False,True,False,False,False,False,False,False,False,False,False
2500000,540,2,1,0,0,0,0,0,0,0,0,0,0,0,0,0,0,4629.62962962963,0,0.003703703703703704,False,True,False,False,False,False,False,False,False,False,False,False,False,False,False
3500000,720,3,1,0,0,0,0,0,0,0,0,0,0,0,0,0,0,4861.111111111111,0,0.004166666666666667,False,True,False,False,False,False,False,False,False,False,False,False,False,False,False
19000000,2000,3,1,0,0,0,0,0,0,0,0,0,0,0,0,0,0,9500.0,0,0.0015,False,False,False,False,False,False,False,False,False,False,False,True,False,False,False
16500000,1700,3,1,0,0,1,0,0,1,1,1,0,0,0,1,1,4,9705.882352941177,4,0.0017647058823529412,False,False,False,False,False,False,False,False,False,False,False,False,True,False,False
24800000,2400,4,1,1,0,1,1,0,1,1,1,1,0,0,1,1,3,10333.333333333334,3,0.0016666666666666668,False,False,False,False,False,False,False,False,False,False,False,False,True,False,False
21500000,2400,4,1,0,0,1,0,0,0,1,0,1,0,0,1,1,0,8958.333333333334,0,0.0016666666666666668,False,False,False,False,False,False,False,False,False,False,True,False,False,False,False
19000000,2000,3,1,0,0,1,0,0,0,1,0,1,0,0,1,1,0,9500.0,0,0.0015,False,False,False,False,False,False,False,False,False,False,False,True,False,False,False
16500000,1700,3,1,0,0,1,0,0,1,1,1,1,0,0,1,1,4,9705.882352941177,4,0.0017647058823529412,False,False,False,False,False,False,False,False,False,False,False,False,True,False,False
15500000,1900,3,1,0,0,1,1,0,1,1,1,1,1,0,1,1,10,8157.894736842105,10,0.0015789473684210526,False,False,False,False,False,True,False,False,False,False,False,False,False,False,False
3050000,685,2,0,0,0,0,0,0,0,0,0,0,0,0,0,0,0,4452.554744525547,0,0.00291970802919708,False,False,False,False,False,False,False,False,False,False,False,False,False,True,False
3900000,1000,3,0,0,0,0,0,0,0,0,0,0,0,0,0,0,0,3900.0,0,0.003,False,False,False,False,False,False,False,False,False,False,False,False,False,True,False
2900000,600,2,0,0,0,0,1,0,0,0,0,0,1,0,0,1,4,4833.333333333333,4,0.0033333333333333335,False,False,False,False,False,False,False,False,False,False,False,False,False,True,False
11000000,1300,2,1,0,0,1,0,0,0,1,0,1,0,0,1,1,0,8461.538461538461,0,0.0015384615384615385,False,False,False,False,False,False,True,False,False,False,False,False,False,False,False
15000000,1800,3,1,1,0,1,0,0,1,1,0,1,0,0,1,1,3,8333.333333333334,3,0.0016666666666666668,False,False,False,False,False,True,False,False,False,False,False,False,False,False,False
12000000,1700,3,1,0,0,1,0,0,0,0,0,1,0,0,1,1,0,7058.823529411765,0,0.0017647058823529412,False,False,False,False,False,False,False,False,False,False,False,True,False,False,False
11000000,1600,3,1,1,0,1,0,1,1,1,1,1,0,0,1,1,3,6875.0,3,0.001875,False,False,False,False,False,True,False,False,False,False,False,False,False,False,False
9000000,645,2,1,0,0,0,0,0,0,0,0,1,0,0,0,0,3,13953.488372093023,3,0.0031007751937984496,False,False,False,False,False,True,False,False,False,False,False,False,False,False,False
10500000,865,3,1,0,0,0,0,0,0,0,0,1,0,0,0,0,2,12138.728323699423,2,0.003468208092485549,False,False,False,False,False,True,False,False,False,False,False,False,False,False,False
7500000,680,3,1,0,0,0,0,0,0,0,0,1,0,0,0,0,2,11029.411764705883,2,0.004411764705882353,False,False,False,False,False,True,False,False,False,False,False,False,False,False,False
9800000,1055,3,1,0,0,0,0,0,0,0,0,1,0,0,0,0,3,9289.099526066351,3,0.002843601895734597,False,False,False,False,False,True,False,False,False,False,False,False,False,False,False
19000000,1800,2,1,0,0,1,0,0,0,1,0,1,0,0,1,1,0,10555.555555555555,0,0.0011111111111111111,False,False,False,False,False,False,False,False,True,False,False,False,False,False,False
6900000,950,2,1,0,0,0,0,0,0,0,0,1,0,0,0,0,0,7263.1578947368425,0,0.002105263157894737,False,False,False,False,False,True,False,False,False,False,False,False,False,False,False
7500000,680,3,1,0,0,0,0,0,0,0,0,1,0,0,0,0,1,11029.411764705883,1,0.004411764705882353,False,False,False,False,False,True,False,False,False,False,False,False,False,False,False
2600000,550,2,1,0,0,1,0,0,0,0,0,0,0,0,1,0,1,4727.272727272727,1,0.0036363636363636364,False,True,False,False,False,False,False,False,False,False,False,False,False,False,False
7200000,900,3,0,0,0,1,0,0,0,0,0,0,0,0,0,0,1,8000.0,1,0.0033333333333333335,False,True,False,False,False,False,False,False,False,False,False,False,False,False,False
3600000,450,2,0,0,0,1,0,0,0,0,0,0,0,0,0,0,1,8000.0,1,0.0044444444444444444,False,True,False,False,False,False,False,False,False,False,False,False,False,False,False
3200000,400,2,0,0,0,1,0,0,0,0,0,0,0,0,0,0,1,8000.0,1,0.005,False,True,False,False,False,False,False,False,False,False,False,False,False,False,False
6400000,800,3,0,0,0,1,0,0,0,0,0,0,0,0,0,0,1,8000.0,1,0.00375,False,True,False,False,False,False,False,False,False,False,False,False,False,False,False
3050000,600,2,1,0,0,0,0,0,0,0,0,1,0,0,0,1,1,5083.333333333333,1,0.0033333333333333335,False,True,False,False,False,False,False,False,False,False,False,False,False,False,False
2300000,400,2,0,0,0,1,0,0,0,0,1,0,0,0,0,1,1,5750.0,1,0.005,False,True,False,False,False,False,False,False,False,False,False,False,False,False,False
4400000,800,3,0,0,0,1,0,0,0,0,1,0,0,0,0,1,1,5500.0,1,0.00375,False,True,False,False,False,False,False,False,False,False,False,False,False,False,False
4799000,900,3,0,0,0,1,0,0,0,0,1,0,0,0,0,1,1,5332.222222222223,1,0.0033333333333333335,False,True,False,False,False,False,False,False,False,False,False,False,False,False,False
3400000,550,2,1,0,0,1,0,0,0,0,0,1,0,0,0,1,0,6181.818181818182,0,0.0036363636363636364,False,False,False,False,False,True,False,False,False,False,False,False,False,False,False
4500000,800,3,1,0,0,1,0,0,0,0,0,1,0,0,0,1,0,5625.0,0,0.00375,False,False,False,False,False,True,False,False,False,False,False,False,False,False,False
8500000,970,3,1,0,0,1,0,0,0,0,0,1,0,0,0,1,3,8762.886597938144,3,0.003092783505154639,False,False,False,False,False,True,False,False,False,False,False,False,False,False,False
9000000,1080,4,1,0,0,0,0,0,0,0,0,1,0,0,0,0,4,8333.333333333334,4,0.003703703703703704,False,False,False,False,False,True,False,False,False,False,False,False,False,False,False
3500000,650,2,1,0,0,0,0,0,0,0,0,0,0,0,0,1,0,5384.615384615385,0,0.003076923076923077,False,False,False,False,False,True,False,False,False,False,False,False,False,False,False
3200000,550,2,1,0,0,0,0,0,0,0,0,0,0,0,0,0,0,5818.181818181818,0,0.0036363636363636364,False,False,False,False,False,True,False,False,False,False,False,False,False,False,False
4999000,950,3,0,0,0,1,0,0,0,0,0,0,0,0,0,0,1,5262.105263157895,1,0.003157894736842105,False,True,False,False,False,False,False,False,False,False,False,False,False,False,False
2600000,450,2,0,0,0,1,0,0,0,0,0,0,0,0,0,0,1,5777.777777777777,1,0.0044444444444444444,False,True,False,False,False,False,False,False,False,False,False,False,False,False,False
2900000,650,2,0,0,0,1,0,0,0,0,0,0,0,0,0,0,1,4461.538461538462,1,0.003076923076923077,False,True,False,False,False,False,False,False,False,False,False,False,False,False,False
4400000,800,3,0,0,0,1,0,0,0,0,0,0,0,0,0,0,1,5500.0,1,0.00375,False,True,False,False,False,False,False,False,False,False,False,False,False,False,False
20500000,2200,2,1,0,0,1,1,0,0,1,0,0,0,0,1,1,0,9318.181818181818,0,0.0009090909090909091,False,False,False,False,False,False,False,False,False,False,False,False,True,False,False
23200000,2400,4,1,0,0,1,0,0,0,1,0,1,0,0,0,1,0,9666.666666666666,0,0.0016666666666666668,False,False,False,False,False,False,False,False,False,True,False,False,False,False,False
25900000,2800,4,1,1,0,1,1,0,1,1,1,1,0,0,1,1,3,9250.0,3,0.0014285714285714286,False,False,False,False,False,False,False,False,False,False,False,False,True,False,False
17500000,1500,3,1,0,0,1,1,0,0,0,0,1,0,0,1,1,1,11666.666666666666,1,0.002,False,False,False,False,False,True,False,False,False,False,False,False,False,False,False
14800000,1600,3,1,0,0,1,0,1,1,1,0,1,0,0,0,1,4,9250.0,4,0.001875,False,False,False,False,False,False,False,False,False,False,False,False,True,False,False
13500000,1500,3,1,0,0,1,0,0,0,1,1,1,0,0,0,1,1,9000.0,1,0.002,False,False,False,False,False,False,True,False,False,False,False,False,False,False,False
15500000,1600,3,1,1,1,1,0,0,1,1,1,1,0,0,1,1,5,9687.5,5,0.001875,False,False,False,False,False,False,True,False,False,False,False,False,False,False,False
12800000,1500,3,1,1,0,1,0,1,1,1,0,1,0,0,0,1,4,8533.333333333334,4,0.002,False,False,False,False,False,True,False,False,False,False,False,False,False,False,False
3300000,675,2,1,0,0,1,0,0,0,0,0,0,0,0,0,1,0,4888.888888888889,0,0.002962962962962963,True,False,False,False,False,False,False,False,False,False,False,False,False,False,False
2100000,540,2,0,0,0,0,0,0,0,0,0,1,0,0,0,0,0,3888.8888888888887,0,0.003703703703703704,True,False,False,False,False,False,False,False,False,False,False,False,False,False,False
6700000,1150,3,0,0,0,1,1,1,0,1,0,1,1,0,1,1,2,5826.086956521739,2,0.0026086956521739132,False,False,False,False,False,True,False,False,False,False,False,False,False,False,False
5500000,1000,3,0,0,0,1,1,1,0,1,0,1,1,0,1,1,2,5500.0,2,0.003,False,False,False,False,False,True,False,False,False,False,False,False,False,False,False
6000000,1000,3,0,0,0,1,0,0,0,1,0,1,1,0,1,1,2,6000.0,2,0.003,False,False,False,False,False,True,False,False,False,False,False,False,False,False,False
6000000,1000,3,0,0,0,1,1,0,0,1,0,1,1,0,1,1,2,6000.0,2,0.003,False,False,False,False,False,True,False,False,False,False,False,False,False,False,False
5500000,990,3,0,0,0,0,0,0,0,1,0,0,0,0,0,0,0,5555.555555555556,0,0.0030303030303030303,False,False,False,False,False,False,False,False,False,False,False,False,False,True,False
2600000,545,2,0,0,0,0,0,0,0,1,0,0,0,0,0,0,0,4770.642201834862,0,0.003669724770642202,False,False,False,False,False,False,False,False,False,False,False,False,False,True,False
3699000,750,3,0,0,0,0,0,0,0,1,0,0,0,0,0,0,0,4932.0,0,0.004,False,False,False,False,False,False,False,False,False,False,False,False,False,True,False
3199000,615,2,0,0,0,0,0,0,0,1,0,0,0,0,0,0,0,5201.626016260163,0,0.0032520325203252032,False,False,False,False,False,False,False,False,False,False,False,False,False,True,False
2200000,540,2,1,0,0,1,0,0,0,0,0,0,0,0,0,1,1,4074.074074074074,1,0.003703703703703704,False,True,False,False,False,False,False,False,False,False,False,False,False,False,False
3800000,720,3,1,0,0,0,0,0,0,0,0,0,0,0,0,1,0,5277.777777777777,0,0.004166666666666667,False,False,False,False,False,True,False,False,False,False,False,False,False,False,False
2200000,450,2,1,0,0,0,0,0,0,0,0,0,0,0,0,1,0,4888.888888888889,0,0.0044444444444444444,False,False,False,False,False,True,False,False,False,False,False,False,False,False,False
2200000,450,2,1,0,0,0,0,0,0,0,0,0,0,0,0,0,0,4888.888888888889,0,0.0044444444444444444,False,False,False,False,False,True,False,False,False,False,False,False,False,False,False
2300000,500,2,1,0,0,1,0,0,0,0,0,0,0,0,0,1,0,4600.0,0,0.004,False,False,False,False,False,True,False,False,False,False,False,False,False,False,False
4500000,810,3,1,0,0,1,0,0,0,0,0,0,0,0,0,1,0,5555.555555555556,0,0.003703703703703704,False,False,False,False,False,True,False,False,False,False,False,False,False,False,False
2600000,540,2,1,0,0,0,0,0,0,0,0,0,0,0,0,1,0,4814.814814814815,0,0.003703703703703704,False,True,False,False,False,False,False,False,False,False,False,False,False,False,False
3000000,540,2,1,0,0,1,0,0,0,0,0,0,0,0,0,0,0,5555.555555555556,0,0.003703703703703704,False,False,False,False,False,False,False,False,False,False,False,False,False,True,False
2800000,540,2,1,0,0,1,0,0,0,0,0,0,0,0,0,0,0,5185.185185185185,0,0.003703703703703704,False,False,False,False,False,False,False,False,False,False,False,False,False,True,False
3500000,720,3,1,0,0,0,0,0,0,0,0,0,0,0,0,1,0,4861.111111111111,0,0.004166666666666667,False,False,False,False,False,True,False,False,False,False,False,False,False,False,False
2100000,450,2,1,0,0,0,0,0,0,0,0,0,0,0,0,0,0,4666.666666666667,0,0.0044444444444444444,False,False,False,False,False,True,False,False,False,False,False,False,False,False,False
2400000,360,1,1,0,0,0,0,0,0,0,0,0,0,0,0,1,0,6666.666666666667,0,0.002777777777777778,False,False,False,False,False,True,False,False,False,False,False,False,False,False,False
3800000,650,2,1,0,0,0,0,0,0,0,0,0,0,0,0,1,0,5846.153846153846,0,0.003076923076923077,False,False,False,False,False,True,False,False,False,False,False,False,False,False,False
8000000,1215,4,1,0,0,0,0,0,0,0,0,0,0,0,0,1,0,6584.3621399176955,0,0.0032921810699588477,False,False,False,False,False,True,False,False,False,False,False,False,False,False,False
11500000,1440,4,1,0,0,0,0,0,0,0,0,0,0,0,0,1,0,7986.111111111111,0,0.002777777777777778,False,False,False,False,False,True,False,False,False,False,False,False,False,False,False
9000000,1000,4,1,0,0,0,0,0,0,0,0,0,0,0,0,0,0,9000.0,0,0.004,False,False,False,False,False,True,False,False,False,False,False,False,False,False,False
12800000,1700,3,1,1,1,1,1,1,1,1,1,1,0,0,1,1,6,7529.411764705882,6,0.0017647058823529412,False,False,False,False,False,False,False,False,False,False,True,False,False,False,False
19200000,2001,4,1,0,0,0,1,1,0,1,0,1,0,0,1,1,0,9595.2023988006,0,0.001999000499750125,False,False,False,False,False,False,False,True,False,False,False,False,False,False,False
14500000,1800,3,1,0,0,1,1,0,0,0,0,1,0,0,0,1,1,8055.555555555556,1,0.0016666666666666668,False,False,False,False,False,True,False,False,False,False,False,False,False,False,False
12000000,1750,3,1,0,0,0,0,0,0,0,0,0,0,0,0,0,0,6857.142857142857,0,0.0017142857142857142,False,False,False,False,False,True,False,False,False,False,False,False,False,False,False
12500000,1700,3,1,1,1,1,0,1,1,0,0,0,0,0,1,1,6,7352.941176470588,6,0.0017647058823529412,False,False,False,False,False,False,False,False,False,False,True,False,False,False,False
13500000,1600,3,1,0,0,0,0,0,0,0,0,1,0,0,1,1,0,8437.5,0,0.001875,False,False,False,False,False,False,False,False,False,True,False,False,False,False,False
15500000,2100,4,1,0,0,0,0,0,0,0,0,0,0,0,0,0,0,7380.952380952381,0,0.0019047619047619048,False,False,False,False,False,False,False,False,False,False,False,True,False,False,False
15500000,1900,4,1,0,0,1,1,0,0,1,1,1,0,0,1,1,2,8157.894736842105,2,0.002105263157894737,False,False,False,False,False,False,False,False,True,False,False,False,False,False,False
13500000,1600,3,1,0,0,0,0,0,0,0,0,1,0,0,1,1,0,8437.5,0,0.001875,False,False,False,False,False,False,False,False,False,True,False,False,False,False,False
7500000,680,3,1,0,0,0,0,0,0,0,0,0,0,0,0,0,0,11029.411764705883,0,0.004411764705882353,False,False,False,False,False,True,False,False,False,False,False,False,False,False,False
13500000,1800,3,1,0,0,0,0,0,0,0,0,0,0,0,0,0,0,7500.0,0,0.0016666666666666668,False,False,False,False,False,True,False,False,False,False,False,False,False,False,False
13500000,1800,3,1,0,0,1,1,0,0,1,0,1,1,0,1,1,7,7500.0,7,0.0016666666666666668,False,False,False,False,False,True,False,False,False,False,False,False,False,False,False
11000000,1400,2,1,0,0,1,1,0,0,1,0,1,1,0,1,1,7,7857.142857142857,7,0.0014285714285714286,False,False,False,False,False,False,False,True,False,False,False,False,False,False,False
2100000,540,2,0,0,0,0,0,0,0,0,0,0,0,0,0,0,0,3888.8888888888887,0,0.003703703703703704,False,False,False,False,False,False,False,False,False,False,False,False,False,True,False
2200000,540,2,0,0,0,0,0,0,0,0,0,0,0,0,0,0,0,4074.074074074074,0,0.003703703703703704,False,False,False,False,False,False,False,False,False,False,False,False,False,True,False
2300000,600,2,0,0,0,0,0,0,0,0,0,0,0,0,0,0,0,3833.3333333333335,0,0.0033333333333333335,False,False,False,False,False,True,False,False,False,False,False,False,False,False,False
7000000,800,2,1,0,0,0,0,0,0,0,0,1,0,0,0,0,3,8750.0,3,0.0025,False,False,False,False,False,True,False,False,False,False,False,False,False,False,False
8500000,1800,3,1,0,0,0,1,0,0,1,0,1,1,0,1,0,7,4722.222222222223,7,0.0016666666666666668,False,False,False,False,False,True,False,False,False,False,False,False,False,False,False
29500000,2400,4,1,0,0,1,0,1,1,1,1,1,1,0,1,1,5,12291.666666666666,5,0.0016666666666666668,False,False,False,False,False,True,False,False,False,False,False,False,False,False,False
25000000,1440,3,1,0,0,0,1,0,0,1,0,1,1,0,1,0,7,17361.11111111111,7,0.0020833333333333333,False,False,False,False,False,True,False,False,False,False,False,False,False,False,False
7800000,1100,2,1,0,0,1,0,0,0,1,0,1,1,0,1,1,7,7090.909090909091,7,0.0018181818181818182,False,False,False,False,False,True,False,False,False,False,False,False,False,False,False
16500000,1900,4,1,0,0,1,0,0,0,1,0,1,0,0,1,1,0,8684.21052631579,0,0.002105263157894737,False,False,False,False,False,True,False,False,False,False,False,False,False,False,False
20000000,2000,4,1,0,0,1,0,0,1,1,1,1,0,0,0,1,4,10000.0,4,0.002,False,False,False,False,False,False,False,False,True,False,False,False,False,False,False
16900000,1700,2,1,0,0,1,0,0,0,1,0,1,1,0,1,1,5,9941.176470588236,5,0.001176470588235294,False,False,False,False,False,False,False,False,False,False,False,True,False,False,False
27500000,2000,3,1,0,0,1,0,0,0,1,0,1,0,0,1,1,0,13750.0,0,0.0015,False,False,False,False,False,False,True,False,False,False,False,False,False,False,False
17500000,1800,2,1,0,0,1,0,0,0,1,1,1,0,0,1,1,0,9722.222222222223,0,0.0011111111111111111,False,False,False,False,False,True,False,False,False,False,False,False,False,False,False
14900000,1700,3,1,0,0,1,0,0,0,1,0,1,0,0,0,1,0,8764.70588235294,0,0.0017647058823529412,False,False,False,False,False,True,False,False,False,False,False,False,False,False,False
25000000,2400,3,1,0,0,1,1,1,1,1,1,1,0,0,1,1,5,10416.666666666666,5,0.00125,False,False,False,False,False,True,False,False,False,False,False,False,False,False,False
2400000,585,2,1,0,0,0,0,0,0,0,0,0,0,0,0,0,1,4102.5641025641025,1,0.003418803418803419,False,False,False,False,False,True,False,False,False,False,False,False,False,False,False
13899999,1500,3,1,0,0,1,0,0,0,0,0,1,0,0,1,1,0,9266.666,0,0.002,False,False,False,False,False,False,False,False,False,True,False,False,False,False,False
14000000,1850,4,1,1,0,1,0,0,0,0,0,1,0,0,1,1,0,7567.5675675675675,0,0.002162162162162162,False,False,False,False,False,True,False,False,False,False,False,False,False,False,False
13200000,1350,3,1,0,0,1,1,0,0,0,0,1,0,0,1,1,0,9777.777777777777,0,0.0022222222222222222,False,True,False,False,False,False,False,False,False,False,False,False,False,False,False
8500000,1100,2,1,0,0,0,0,0,0,0,0,1,0,0,1,0,0,7727.272727272727,0,0.0018181818181818182,False,False,False,False,False,False,False,True,False,False,False,False,False,False,False
18500000,1750,4,1,0,0,1,1,0,0,0,1,1,0,0,1,1,1,10571.42857142857,1,0.002285714285714286,False,False,False,False,False,False,False,False,False,True,False,False,False,False,False
13799999,1300,3,1,0,0,1,1,0,0,0,0,1,0,0,1,1,0,10615.383846153845,0,0.002307692307692308,False,False,False,False,False,False,False,True,False,False,False,False,False,False,False
10800000,1200,2,1,1,1,1,0,1,1,1,1,1,0,0,1,1,3,9000.0,3,0.0016666666666666668,False,False,False,False,False,False,False,False,True,False,False,False,False,False,False
12800000,1750,3,1,0,0,1,1,0,0,0,0,1,0,0,1,1,2,7314.285714285715,2,0.0017142857142857142,False,False,False,False,False,True,False,False,False,False,False,False,False,False,False
3600000,675,2,1,0,0,1,0,0,0,0,0,0,0,0,0,0,0,5333.333333333333,0,0.002962962962962963,False,False,False,False,False,False,False,False,False,False,False,False,False,True,False
4700000,810,3,1,0,0,1,0,0,0,0,0,0,0,0,0,1,0,5802.469135802469,0,0.003703703703703704,False,False,False,False,False,False,False,False,False,False,False,False,False,True,False
4650000,810,3,1,0,0,1,0,0,0,0,0,0,0,0,0,1,0,5740.740740740741,0,0.003703703703703704,False,False,False,False,False,False,False,False,False,False,False,False,False,True,False
4200000,785,3,1,0,0,1,0,0,0,0,0,1,0,0,0,1,0,5350.3184713375795,0,0.003821656050955414,False,False,False,False,False,True,False,False,False,False,False,False,False,False,False
4700000,810,3,1,0,0,1,0,0,0,0,0,0,0,0,0,1,0,5802.469135802469,0,0.003703703703703704,False,False,False,False,False,False,False,False,False,False,False,False,False,True,False
3200000,750,2,0,0,0,1,0,0,0,1,0,1,1,0,0,1,0,4266.666666666667,0,0.0026666666666666666,False,False,False,False,False,False,False,False,False,False,False,False,False,True,False
2600000,500,2,1,0,0,1,0,0,0,0,0,0,0,0,0,0,0,5200.0,0,0.004,False,False,False,False,False,False,False,False,False,False,False,False,False,True,False
2700000,550,2,1,0,0,1,0,0,0,0,0,0,0,0,0,0,0,4909.090909090909,0,0.0036363636363636364,False,False,False,False,False,True,False,False,False,False,False,False,False,False,False
3300000,540,2,1,0,0,0,0,0,0,0,0,0,0,0,0,0,0,6111.111111111111,0,0.003703703703703704,False,False,False,False,False,False,False,False,False,False,False,False,False,True,False
5000000,1000,3,0,0,0,0,0,0,0,1,0,0,0,0,0,0,0,5000.0,0,0.003,False,False,False,False,False,False,False,False,False,False,False,False,False,True,False
4100000,800,3,0,0,0,0,0,0,0,1,0,0,0,0,0,0,0,5125.0,0,0.00375,False,False,False,False,False,False,False,False,False,False,False,False,False,True,False
2550000,600,2,0,0,0,0,0,0,0,1,0,0,0,0,0,0,0,4250.0,0,0.0033333333333333335,False,False,False,False,False,False,False,False,False,False,False,False,False,True,False
2200000,550,2,0,0,0,0,0,0,0,1,0,0,0,0,0,0,0,4000.0,0,0.0036363636363636364,False,False,False,False,False,False,False,False,False,False,False,False,False,True,False
10500000,1100,2,1,0,0,1,0,0,0,1,1,1,0,0,1,1,1,9545.454545454546,1,0.0018181818181818182,False,False,False,False,False,False,True,False,False,False,False,False,False,False,False
5350000,900,3,1,0,0,1,0,0,0,0,0,0,0,0,0,1,0,5944.444444444444,0,0.0033333333333333335,False,False,False,False,False,True,False,False,False,False,False,False,False,False,False
2800000,540,2,1,0,0,0,0,0,0,0,0,0,0,0,0,1,1,5185.185185185185,1,0.003703703703703704,False,False,False,False,False,True,False,False,False,False,False,False,False,False,False
4500000,810,3,1,0,0,0,0,0,0,0,0,0,0,0,0,1,1,5555.555555555556,1,0.003703703703703704,False,False,False,False,False,True,False,False,False,False,False,False,False,False,False
5600000,900,3,1,0,0,0,0,0,0,0,0,0,0,0,0,1,0,6222.222222222223,0,0.0033333333333333335,False,False,False,False,False,True,False,False,False,False,False,False,False,False,False
5400000,900,3,1,0,0,0,0,0,0,0,0,0,0,0,0,1,0,6000.0,0,0.0033333333333333335,False,False,False,False,False,True,False,False,False,False,False,False,False,False,False
5700000,950,3,1,0,0,0,0,0,0,0,0,0,0,0,0,1,0,6000.0,0,0.003157894736842105,False,False,False,False,False,True,False,False,False,False,False,False,False,False,False
3600000,675,2,1,0,0,0,0,0,0,0,0,0,0,0,0,1,0,5333.333333333333,0,0.002962962962962963,False,False,False,False,False,True,False,False,False,False,False,False,False,False,False
3800000,550,2,1,0,0,0,0,0,0,0,0,0,0,0,0,1,0,6909.090909090909,0,0.0036363636363636364,False,False,False,False,False,True,False,False,False,False,False,False,False,False,False
5600000,900,3,1,0,0,0,0,0,0,0,0,0,0,0,0,1,0,6222.222222222223,0,0.0033333333333333335,False,False,False,False,False,True,False,False,False,False,False,False,False,False,False
5400000,900,3,1,0,0,0,0,0,0,0,0,0,0,0,0,1,0,6000.0,0,0.0033333333333333335,False,False,False,False,False,True,False,False,False,False,False,False,False,False,False
6000000,1000,3,1,0,0,0,0,0,0,0,0,0,0,0,0,1,0,6000.0,0,0.003,False,False,False,False,False,True,False,False,False,False,False,False,False,False,False
6000000,990,3,1,0,0,0,0,0,0,0,0,0,0,0,0,1,0,6060.606060606061,0,0.0030303030303030303,False,False,False,False,False,True,False,False,False,False,False,False,False,False,False
6000000,990,3,1,0,0,0,0,0,0,0,0,0,0,0,0,1,0,6060.606060606061,0,0.0030303030303030303,False,False,False,False,False,True,False,False,False,False,False,False,False,False,False
16500000,2302,3,1,1,0,1,1,1,1,1,1,0,1,0,1,1,8,7167.680278019114,8,0.0013032145960034753,False,False,False,False,False,True,False,False,False,False,False,False,False,False,False
12000000,1638,2,1,1,0,1,1,1,1,1,1,0,1,0,1,1,8,7326.007326007326,8,0.001221001221001221,False,False,False,False,False,True,False,False,False,False,False,False,False,False,False
10000000,1245,2,0,1,0,1,1,1,1,1,1,0,1,0,1,1,8,8032.128514056225,8,0.001606425702811245,False,False,False,False,False,True,False,False,False,False,False,False,False,False,False
10000000,1245,2,1,1,0,1,1,1,1,1,1,1,0,0,1,1,8,8032.128514056225,8,0.001606425702811245,False,False,False,False,False,True,False,False,False,False,False,False,False,False,False
17500000,2302,4,1,1,0,1,1,1,1,1,1,1,0,0,1,1,8,7602.085143353605,8,0.0017376194613379669,False,False,False,False,False,True,False,False,False,False,False,False,False,False,False
18000000,2302,4,1,1,0,1,1,1,1,1,1,1,0,0,1,1,8,7819.287576020852,8,0.0017376194613379669,False,False,False,False,False,True,False,False,False,False,False,False,False,False,False
2450000,585,2,1,0,0,0,0,0,0,0,0,0,0,0,0,0,1,4188.034188034188,1,0.003418803418803419,False,False,False,False,False,True,False,False,False,False,False,False,False,False,False
3800000,820,3,1,0,0,0,0,0,0,0,0,0,0,0,0,0,1,4634.1463414634145,1,0.003658536585365854,False,False,False,False,False,True,False,False,False,False,False,False,False,False,False
2500000,585,2,1,0,0,0,0,0,0,0,0,0,0,0,0,0,1,4273.504273504273,1,0.003418803418803419,False,False,False,False,False,True,False,False,False,False,False,False,False,False,False
2300000,540,2,1,0,0,0,0,0,0,0,0,0,0,0,0,0,1,4259.259259259259,1,0.003703703703703704,False,False,False,False,False,True,False,False,False,False,False,False,False,False,False
2400000,585,2,1,0,0,0,0,0,0,0,0,0,0,0,0,0,1,4102.5641025641025,1,0.003418803418803419,False,False,False,False,False,True,False,False,False,False,False,False,False,False,False
2400000,500,2,1,0,0,0,0,0,0,0,0,0,0,0,0,0,1,4800.0,1,0.004,False,False,False,False,False,True,False,False,False,False,False,False,False,False,False
2400000,600,2,1,0,0,0,0,0,0,0,0,0,0,0,0,0,1,4000.0,1,0.0033333333333333335,False,False,False,False,False,True,False,False,False,False,False,False,False,False,False
2400000,500,2,1,0,0,0,0,0,0,0,0,0,0,0,0,0,1,4800.0,1,0.004,False,False,False,False,False,True,False,False,False,False,False,False,False,False,False
2500000,500,2,1,0,0,0,0,0,0,0,0,0,0,0,0,0,1,5000.0,1,0.004,False,False,False,False,False,True,False,False,False,False,False,False,False,False,False
2300000,540,2,1,0,0,0,0,0,0,0,0,0,0,0,0,0,1,4259.259259259259,1,0.003703703703703704,False,False,False,False,False,True,False,False,False,False,False,False,False,False,False
2400000,500,2,1,0,0,0,0,0,0,0,0,0,0,0,0,0,1,4800.0,1,0.004,False,False,False,False,False,True,False,False,False,False,False,False,False,False,False
5500000,900,3,1,0,0,1,0,0,0,0,0,0,0,0,0,1,0,6111.111111111111,0,0.0033333333333333335,False,False,False,False,False,True,False,False,False,False,False,False,False,False,False
5500000,900,3,1,0,0,1,0,0,0,0,0,0,0,0,0,1,0,6111.111111111111,0,0.0033333333333333335,False,False,False,False,False,True,False,False,False,False,False,False,False,False,False
5500000,900,3,1,0,0,1,0,0,0,0,0,0,0,0,0,1,0,6111.111111111111,0,0.0033333333333333335,False,False,False,False,False,True,False,False,False,False,False,False,False,False,False
3800000,675,3,1,0,0,0,0,0,0,0,0,0,0,0,0,1,0,5629.62962962963,0,0.0044444444444444444,False,False,False,False,False,False,False,False,False,False,False,False,False,True,False
29200000,2500,3,1,0,0,1,0,0,0,1,0,1,0,0,0,1,0,11680.0,0,0.0012,False,False,False,False,False,False,False,False,False,False,True,False,False,False,False
46500000,3200,3,1,0,0,1,0,0,0,1,0,1,0,0,1,1,0,14531.25,0,0.0009375,False,False,False,False,False,False,False,True,False,False,False,False,False,False,False
15500000,1600,3,1,0,0,1,0,1,0,1,0,1,0,0,1,1,3,9687.5,3,0.001875,False,False,False,False,False,False,True,False,False,False,False,False,False,False,False
12000000,1500,3,1,0,0,0,0,0,0,0,0,1,0,0,0,0,0,8000.0,0,0.002,False,False,False,False,False,False,False,False,True,False,False,False,False,False,False
8500000,1350,2,1,1,0,1,0,0,1,1,1,1,0,0,1,0,4,6296.2962962962965,4,0.0014814814814814814,False,False,False,False,False,False,False,False,False,True,False,False,False,False,False
8000000,1000,2,1,0,0,0,0,0,0,0,0,1,0,0,0,0,0,8000.0,0,0.002,False,False,False,False,False,True,False,False,False,False,False,False,False,False,False
16500000,1600,3,1,0,0,1,0,1,0,1,0,1,0,0,1,1,3,10312.5,3,0.001875,False,False,False,False,False,False,True,False,False,False,False,False,False,False,False
14000000,1600,3,1,0,0,1,0,0,0,1,0,1,0,0,0,1,0,8750.0,0,0.001875,False,False,False,False,False,False,True,False,False,False,False,False,False,False,False
11500000,1300,2,1,1,0,1,0,1,1,1,0,1,0,0,0,1,3,8846.153846153846,3,0.0015384615384615385,False,False,False,False,False,False,False,False,False,False,False,False,True,False,False
15000000,850,2,1,0,0,0,1,0,0,0,0,1,1,0,1,0,7,17647.058823529413,7,0.002352941176470588,False,False,False,False,False,True,False,False,False,False,False,False,False,False,False
9500000,1100,2,1,0,0,0,1,0,0,1,1,1,0,0,1,0,1,8636.363636363636,1,0.0018181818181818182,False,False,False,False,False,True,False,False,False,False,False,False,False,False,False
12000000,1500,3,1,0,0,1,0,0,0,1,0,1,0,0,0,1,0,8000.0,0,0.002,False,False,False,False,False,False,False,False,False,False,False,True,False,False,False
15500000,1550,3,1,1,0,0,0,0,0,1,1,1,0,0,1,0,5,10000.0,5,0.001935483870967742,False,False,False,False,False,True,False,False,False,False,False,False,False,False,False
13500000,1400,4,0,0,0,0,0,0,0,0,1,0,0,0,0,1,0,9642.857142857143,0,0.002857142857142857,False,False,False,False,False,True,False,False,False,False,False,False,False,False,False
18000000,2250,4,0,0,0,0,0,0,0,0,1,0,0,0,0,1,0,8000.0,0,0.0017777777777777779,False,False,False,False,False,True,False,False,False,False,False,False,False,False,False
4500000,700,2,0,0,0,0,0,0,0,0,1,0,0,0,0,1,0,6428.571428571428,0,0.002857142857142857,False,False,False,False,False,True,False,False,False,False,False,False,False,False,False
6000000,800,3,0,0,0,0,0,0,0,0,1,0,0,0,0,1,0,7500.0,0,0.00375,False,False,False,False,False,True,False,False,False,False,False,False,False,False,False
8500000,750,1,1,0,0,0,0,0,0,0,0,1,0,0,1,1,0,11333.333333333334,0,0.0013333333333333333,False,False,False,False,False,False,False,False,False,False,False,False,False,False,True
4600000,850,3,1,0,0,1,0,0,0,0,0,1,0,0,0,1,0,5411.764705882353,0,0.0035294117647058825,False,False,False,False,False,False,False,False,False,False,False,False,False,True,False
5600000,1000,3,1,0,0,1,0,0,0,0,0,1,0,0,0,1,0,5600.0,0,0.003,False,False,False,False,False,False,False,False,False,False,False,False,False,True,False
16000000,1700,3,1,0,0,1,1,1,1,1,1,1,0,0,1,1,4,9411.764705882353,4,0.0017647058823529412,False,False,False,False,False,False,True,False,False,False,False,False,False,False,False
14500000,1700,3,1,0,0,1,1,1,0,1,0,1,0,0,1,1,0,8529.411764705883,0,0.0017647058823529412,False,False,False,False,False,False,False,False,False,False,False,True,False,False,False
11500000,1000,2,1,0,0,1,0,1,1,1,1,1,0,0,1,1,9,11500.0,9,0.002,False,False,False,False,False,False,False,False,False,False,False,False,True,False,False
28000000,2800,5,1,0,0,1,1,1,0,1,0,1,0,0,1,1,0,10000.0,0,0.0017857142857142857,False,False,False,False,False,False,False,True,False,False,False,False,False,False,False
13100000,1300,3,1,0,0,1,1,0,0,0,0,1,0,0,1,1,0,10076.923076923076,0,0.002307692307692308,False,False,False,False,False,False,True,False,False,False,False,False,False,False,False
11000000,1100,2,1,0,0,1,0,0,0,1,0,1,0,0,0,0,0,10000.0,0,0.0018181818181818182,False,False,False,False,False,False,False,False,False,True,False,False,False,False,False
12800000,1600,3,1,0,0,1,0,0,0,1,0,1,0,0,0,0,0,8000.0,0,0.001875,False,False,False,False,False,True,False,False,False,False,False,False,False,False,False
21000000,1900,4,1,1,0,1,0,1,1,1,1,1,0,0,1,1,6,11052.631578947368,6,0.002105263157894737,False,False,False,False,False,False,True,False,False,False,False,False,False,False,False
9500000,950,3,1,0,0,0,0,0,0,0,0,0,0,0,0,0,1,10000.0,1,0.003157894736842105,False,False,False,False,False,True,False,False,False,False,False,False,False,False,False
22500000,1450,3,1,0,0,0,0,0,0,0,0,1,1,0,0,0,6,15517.241379310344,6,0.0020689655172413794,False,False,False,False,False,True,False,False,False,False,False,False,False,False,False
21000000,2400,2,1,0,0,1,0,0,0,1,1,0,0,0,0,1,1,8750.0,1,0.0008333333333333334,False,False,False,False,False,False,True,False,False,False,False,False,False,False,False
32500000,2400,4,1,0,0,0,0,0,0,0,0,0,0,0,0,0,0,13541.666666666666,0,0.0016666666666666668,False,False,False,False,False,False,False,True,False,False,False,False,False,False,False
9500000,900,2,1,0,0,0,0,0,0,0,0,1,1,0,0,0,1,10555.555555555555,1,0.0022222222222222222,False,False,False,False,False,True,False,False,False,False,False,False,False,False,False
10000000,800,3,1,0,0,0,0,0,0,1,0,1,0,0,1,0,0,12500.0,0,0.00375,False,False,False,False,False,True,False,False,False,False,False,False,False,False,False
14500000,1125,2,1,0,0,0,0,0,0,1,0,1,1,0,1,0,7,12888.888888888889,7,0.0017777777777777779,False,False,False,False,False,True,False,False,False,False,False,False,False,False,False
16500000,2400,4,1,0,0,0,0,0,0,0,0,0,0,0,0,0,0,6875.0,0,0.0016666666666666668,False,False,False,False,False,False,False,True,False,False,False,False,False,False,False
11100000,1215,2,1,0,0,0,1,0,0,0,0,1,0,0,1,0,0,9135.802469135802,0,0.0016460905349794238,False,False,False,False,False,True,False,False,False,False,False,False,False,False,False
8000000,1050,2,1,0,0,0,0,0,0,0,0,1,0,0,1,0,0,7619.047619047619,0,0.0019047619047619048,False,False,False,False,False,True,False,False,False,False,False,False,False,False,False
17000000,950,2,1,0,0,0,0,0,0,0,0,0,0,0,0,0,0,17894.736842105263,0,0.002105263157894737,False,False,False,False,False,True,False,False,False,False,False,False,False,False,False
21000000,2400,2,1,0,0,1,0,0,0,1,1,0,0,0,0,1,1,8750.0,1,0.0008333333333333334,False,False,False,False,False,False,True,False,False,False,False,False,False,False,False
20000000,1150,2,1,0,0,0,0,0,0,0,0,1,1,0,0,0,7,17391.304347826088,7,0.0017391304347826088,False,False,False,False,False,False,False,False,False,False,False,False,False,False,True
18000000,1700,2,1,0,0,1,1,0,0,1,0,0,0,0,1,1,0,10588.235294117647,0,0.001176470588235294,False,False,False,False,False,False,False,False,False,True,False,False,False,False,False
25000000,1500,3,1,1,0,0,1,0,0,0,1,1,0,0,1,1,1,16666.666666666668,1,0.002,False,False,False,False,False,False,False,False,False,False,False,False,False,False,True
18800000,1700,2,1,0,0,1,1,0,0,1,0,0,0,0,1,1,0,11058.823529411764,0,0.001176470588235294,False,False,False,False,False,False,False,False,False,False,False,True,False,False,False
20000000,1800,2,1,0,0,0,0,0,0,1,0,1,0,0,1,0,0,11111.111111111111,0,0.0011111111111111111,False,False,False,False,False,True,False,False,False,False,False,False,False,False,False
16000000,1450,3,1,0,0,0,0,0,0,0,0,0,0,0,0,0,0,11034.48275862069,0,0.0020689655172413794,False,False,False,False,False,True,False,False,False,False,False,False,False,False,False
21900000,1500,3,1,0,0,0,1,0,0,1,0,1,0,0,1,0,1,14600.0,1,0.002,False,False,False,False,False,True,False,False,False,False,False,False,False,False,False
15000000,1900,3,1,0,0,1,1,1,1,1,1,1,1,0,1,0,9,7894.736842105263,9,0.0015789473684210526,False,False,False,False,False,True,False,False,False,False,False,False,False,False,False
17600000,2400,4,1,0,0,1,1,0,0,1,0,1,0,0,1,1,1,7333.333333333333,1,0.0016666666666666668,False,False,False,False,False,False,True,False,False,False,False,False,False,False,False
19900000,2300,4,1,0,0,1,0,0,0,1,1,1,1,0,0,1,1,8652.173913043478,1,0.0017391304347826088,False,False,False,False,False,False,True,False,False,False,False,False,False,False,False
15500000,1800,3,1,0,0,1,0,0,0,1,0,1,0,0,0,1,0,8611.111111111111,0,0.0016666666666666668,False,False,False,False,False,False,False,False,False,False,False,False,True,False,False
14500000,1125,2,1,0,0,0,0,0,0,1,0,1,1,0,1,0,7,12888.888888888889,7,0.0017777777777777779,False,False,False,False,False,True,False,False,False,False,False,False,False,False,False
18800000,1700,2,1,0,0,1,1,0,0,1,0,0,0,0,1,1,0,11058.823529411764,0,0.001176470588235294,False,False,False,False,False,False,False,False,False,False,False,True,False,False,False
20000000,1800,2,1,0,0,0,0,0,0,1,0,1,0,0,1,0,0,11111.111111111111,0,0.0011111111111111111,False,False,False,False,False,True,False,False,False,False,False,False,False,False,False
16000000,1450,3,1,0,0,0,0,0,0,0,0,0,0,0,0,0,0,11034.48275862069,0,0.0020689655172413794,False,False,False,False,False,True,False,False,False,False,False,False,False,False,False
21900000,1500,3,1,0,0,0,1,0,0,1,0,1,0,0,1,0,1,14600.0,1,0.002,False,False,False,False,False,True,False,False,False,False,False,False,False,False,False
15000000,1900,3,1,0,0,1,1,1,1,1,1,1,1,0,1,0,9,7894.736842105263,9,0.0015789473684210526,False,False,False,False,False,True,False,False,False,False,False,False,False,False,False
16500000,1850,4,1,0,0,1,0,0,0,1,0,1,0,0,1,1,0,8918.918918918918,0,0.002162162162162162,False,False,False,False,False,True,False,False,False,False,False,False,False,False,False
16000000,1600,3,1,0,0,0,0,0,0,1,0,1,0,0,1,0,1,10000.0,1,0.001875,False,False,False,False,False,True,False,False,False,False,False,False,False,False,False
15800000,1850,3,1,1,0,1,0,1,0,1,1,1,0,0,1,1,2,8540.54054054054,2,0.0016216216216216215,False,False,False,False,False,False,False,False,False,False,False,True,False,False,False
28500000,1800,2,1,0,0,0,1,0,0,1,0,1,1,0,1,0,7,15833.333333333334,7,0.0011111111111111111,False,False,False,False,False,True,False,False,False,False,False,False,False,False,False
20000000,1150,2,1,0,0,1,1,0,0,1,0,1,1,0,1,0,7,17391.304347826088,7,0.0017391304347826088,False,False,False,False,False,False,False,False,False,False,False,False,False,False,True
18900000,1250,3,1,0,0,1,1,0,0,0,0,1,0,0,1,0,1,15120.0,1,0.0024,False,False,False,False,False,True,False,False,False,False,False,False,False,False,False
17000000,950,2,1,0,0,0,0,0,0,0,0,0,0,0,0,0,0,17894.736842105263,0,0.002105263157894737,False,False,False,False,False,True,False,False,False,False,False,False,False,False,False
15500000,1800,4,1,0,0,1,0,0,0,1,0,1,0,0,1,1,0,8611.111111111111,0,0.0022222222222222222,False,False,False,False,False,True,False,False,False,False,False,False,False,False,False
8000000,1050,2,1,0,0,0,0,0,0,0,0,1,0,0,1,0,0,7619.047619047619,0,0.0019047619047619048,False,False,False,False,False,True,False,False,False,False,False,False,False,False,False
20500000,2500,4,1,0,0,1,0,0,0,1,0,1,0,0,0,1,0,8200.0,0,0.0016,False,False,False,False,False,False,False,False,False,False,False,False,True,False,False
20000000,1800,2,1,0,0,1,0,0,0,0,0,1,1,0,1,1,7,11111.111111111111,7,0.0011111111111111111,False,False,False,False,False,True,False,False,False,False,False,False,False,False,False
16000000,1450,3,1,0,0,0,0,0,0,0,0,1,0,0,0,0,5,11034.48275862069,5,0.0020689655172413794,False,False,False,False,False,True,False,False,False,False,False,False,False,False,False
15100000,1700,2,1,1,0,1,1,0,1,1,1,0,0,0,1,1,3,8882.35294117647,3,0.001176470588235294,False,False,False,False,False,False,True,False,False,False,False,False,False,False,False
19000000,1700,3,1,0,0,1,0,0,0,1,0,1,0,0,1,1,0,11176.470588235294,0,0.0017647058823529412,False,False,False,False,False,False,False,False,False,False,False,True,False,False,False
17000000,2300,3,1,0,0,1,1,0,0,1,0,1,0,0,1,1,0,7391.304347826087,0,0.0013043478260869566,False,False,False,False,False,True,False,False,False,False,False,False,False,False,False
15500000,1750,3,1,0,0,1,0,0,0,1,0,1,0,0,1,1,0,8857.142857142857,0,0.0017142857142857142,False,False,False,False,False,True,False,False,False,False,False,False,False,False,False
13500000,1250,2,1,0,0,0,0,0,0,0,0,0,0,0,1,0,1,10800.0,1,0.0016,False,False,False,False,False,True,False,False,False,False,False,False,False,False,False
2500000,550,2,1,0,0,1,0,0,0,0,0,1,0,0,0,1,0,4545.454545454545,0,0.0036363636363636364,False,False,False,False,False,False,False,False,False,False,False,False,False,True,False
5200000,1000,3,1,0,0,1,0,0,0,0,0,1,0,0,0,1,0,5200.0,0,0.003,False,False,False,False,False,True,False,False,False,False,False,False,False,False,False
4900000,1000,3,0,0,0,0,0,0,0,0,1,0,0,0,0,0,0,4900.0,0,0.003,False,False,False,False,False,False,False,False,False,False,False,False,False,True,False
4000000,900,3,0,0,0,0,0,0,0,0,1,0,0,0,0,0,0,4444.444444444444,0,0.0033333333333333335,False,False,False,False,False,False,False,False,False,False,False,False,False,True,False
2500000,500,2,0,0,0,0,0,0,0,0,1,0,0,0,0,0,0,5000.0,0,0.004,False,False,False,False,False,False,False,False,False,False,False,False,False,True,False
5500000,1100,3,0,0,0,0,0,0,0,0,1,0,0,0,0,0,0,5000.0,0,0.0027272727272727275,False,False,False,False,False,False,False,False,False,False,False,False,False,True,False
3700000,800,3,0,0,0,0,0,0,0,0,1,0,0,0,0,0,0,4625.0,0,0.00375,False,False,False,False,False,False,False,False,False,False,False,False,False,True,False
3500000,750,3,0,0,0,0,0,0,0,0,1,0,0,0,0,0,0,4666.666666666667,0,0.004,False,False,False,False,False,False,False,False,False,False,False,False,False,True,False
3000000,600,2,0,0,0,0,0,0,0,0,1,0,0,0,0,0,0,5000.0,0,0.0033333333333333335,False,False,False,False,False,False,False,False,False,False,False,False,False,True,False
3400000,700,3,0,0,0,0,0,0,0,0,1,0,0,0,0,0,0,4857.142857142857,0,0.004285714285714286,False,False,False,False,False,False,False,False,False,False,False,False,False,True,False
5600000,1000,3,1,0,0,1,0,0,0,0,0,1,0,0,0,1,0,5600.0,0,0.003,False,False,False,False,False,False,False,False,False,False,False,False,False,True,False
5300000,1000,3,1,0,0,1,0,0,0,0,0,1,0,0,0,1,0,5300.0,0,0.003,False,False,False,False,False,True,False,False,False,False,False,False,False,False,False
4500000,900,3,1,0,0,0,0,0,0,0,0,1,0,0,0,1,0,5000.0,0,0.0033333333333333335,False,False,False,False,False,False,False,False,False,False,False,False,False,True,False
3800000,850,3,1,0,0,1,0,0,0,0,0,1,0,0,0,1,0,4470.588235294118,0,0.0035294117647058825,False,False,False,False,False,True,False,False,False,False,False,False,False,False,False
4500000,850,3,1,0,0,1,0,0,0,0,0,1,0,0,0,1,0,5294.117647058823,0,0.0035294117647058825,False,False,False,False,False,False,False,False,False,False,False,False,False,True,False
5300000,1000,3,1,0,0,1,0,0,0,0,0,1,0,0,0,1,0,5300.0,0,0.003,False,False,False,False,False,True,False,False,False,False,False,False,False,False,False
3200000,540,2,1,0,0,0,0,0,0,0,0,0,0,0,0,1,0,5925.925925925926,0,0.003703703703703704,False,False,False,False,False,False,False,False,False,False,False,False,False,True,False
3200000,540,2,1,0,0,0,0,0,0,0,0,0,0,0,0,1,0,5925.925925925926,0,0.003703703703703704,False,False,False,False,False,False,False,False,False,False,False,False,False,True,False
13500000,1300,3,1,0,0,1,0,0,0,0,0,1,0,0,1,1,0,10384.615384615385,0,0.002307692307692308,False,False,False,False,False,True,False,False,False,False,False,False,False,False,False
10500000,1000,2,1,0,0,1,1,1,0,1,0,1,0,0,1,1,0,10500.0,0,0.002,False,False,False,False,False,False,False,False,False,False,False,True,False,False,False
15800000,1600,3,1,0,0,1,1,1,0,1,0,1,0,0,1,1,0,9875.0,0,0.001875,False,False,False,False,False,False,False,True,False,False,False,False,False,False,False
15800000,1600,3,1,0,0,0,0,0,0,0,0,0,0,0,0,0,0,9875.0,0,0.001875,False,False,False,False,False,False,False,True,False,False,False,False,False,False,False
16500000,1700,3,1,0,0,1,1,1,0,1,0,1,0,0,1,1,0,9705.882352941177,0,0.0017647058823529412,False,False,False,False,False,False,False,False,False,False,True,False,False,False,False
16200000,1600,3,1,0,0,1,1,1,0,1,0,1,0,0,1,1,0,10125.0,0,0.001875,False,False,False,False,False,False,False,False,False,False,False,True,False,False,False
14800000,1700,3,1,0,0,1,1,1,0,1,0,1,0,0,1,1,0,8705.882352941177,0,0.0017647058823529412,False,False,False,False,False,False,False,False,False,False,False,True,False,False,False
18000000,2000,4,1,0,0,1,1,1,0,1,0,1,0,0,1,1,0,9000.0,0,0.002,False,False,False,False,False,False,False,False,True,False,False,False,False,False,False
22000000,2100,4,1,0,0,1,1,1,0,1,0,1,0,0,1,1,0,10476.190476190477,0,0.0019047619047619048,False,False,False,False,False,True,False,False,False,False,False,False,False,False,False
19500000,1800,4,1,0,0,1,1,1,0,1,0,1,0,0,1,1,1,10833.333333333334,1,0.0022222222222222222,False,False,False,False,False,False,False,True,False,False,False,False,False,False,False
14500000,1600,3,1,0,0,1,0,0,0,1,0,1,0,0,1,1,0,9062.5,0,0.001875,False,False,False,False,False,False,False,True,False,False,False,False,False,False,False
18500000,1900,4,1,1,0,1,0,0,0,1,0,1,0,0,1,1,0,9736.842105263158,0,0.002105263157894737,False,False,False,False,False,True,False,False,False,False,False,False,False,False,False
18200000,1700,3,1,1,1,1,0,1,1,1,1,1,0,0,1,1,2,10705.882352941177,2,0.0017647058823529412,False,False,False,False,False,False,False,False,True,False,False,False,False,False,False
13500000,1450,3,1,0,0,1,0,0,0,1,0,1,0,0,1,1,0,9310.344827586207,0,0.0020689655172413794,False,False,False,False,False,False,False,False,False,False,False,True,False,False,False
13100000,1530,3,1,0,0,1,0,0,0,1,0,1,0,0,1,1,0,8562.091503267973,0,0.00196078431372549,False,False,False,False,False,True,False,False,False,False,False,False,False,False,False
21000000,2100,4,1,0,0,1,0,0,0,1,0,1,0,0,1,1,0,10000.0,0,0.0019047619047619048,False,False,False,False,False,False,False,False,False,True,False,False,False,False,False
28500000,3300,4,1,0,0,1,1,1,0,1,0,1,0,0,1,1,0,8636.363636363636,0,0.0012121212121212121,False,False,False,False,False,False,False,False,False,True,False,False,False,False,False
15500000,1600,3,1,0,0,1,1,1,0,1,0,1,0,0,1,1,0,9687.5,0,0.001875,False,False,False,False,False,False,True,False,False,False,False,False,False,False,False
15500000,1600,3,1,1,0,1,1,1,1,1,1,1,0,0,1,1,7,9687.5,7,0.001875,False,False,False,False,False,False,False,False,True,False,False,False,False,False,False
15200000,1400,3,1,0,0,1,0,0,0,1,0,1,0,0,0,0,1,10857.142857142857,1,0.002142857142857143,False,False,False,False,False,False,True,False,False,False,False,False,False,False,False
25400000,2200,4,1,0,0,1,0,1,0,1,0,1,0,0,0,1,0,11545.454545454546,0,0.0018181818181818182,False,False,False,False,False,False,False,False,False,False,True,False,False,False,False
14500000,1600,3,1,0,0,1,0,0,0,1,0,1,0,0,1,1,0,9062.5,0,0.001875,False,False,False,False,False,False,False,False,False,False,False,False,True,False,False
17500000,1700,3,1,0,0,1,0,1,1,1,1,1,0,0,0,1,9,10294.117647058823,9,0.0017647058823529412,False,False,False,False,False,False,False,False,False,False,False,False,True,False,False
14800000,1700,3,1,0,0,1,0,0,0,1,0,1,0,0,0,1,0,8705.882352941177,0,0.0017647058823529412,False,False,False,False,False,True,False,False,False,False,False,False,False,False,False
12800000,1500,3,0,1,0,1,0,1,1,1,1,1,0,0,1,1,5,8533.333333333334,5,0.002,False,False,False,False,False,False,True,False,False,False,False,False,False,False,False
24000000,2200,3,1,0,0,1,0,1,0,1,0,1,0,0,0,1,0,10909.09090909091,0,0.0013636363636363637,False,False,False,False,False,True,False,False,False,False,False,False,False,False,False
11500000,1100,2,1,0,0,1,0,0,0,1,0,1,0,0,0,1,0,10454.545454545454,0,0.0018181818181818182,False,False,False,False,False,False,False,False,False,False,True,False,False,False,False
28500000,3300,4,1,0,0,1,1,1,0,1,0,1,0,0,1,1,0,8636.363636363636,0,0.0012121212121212121,False,False,False,False,False,False,False,False,False,True,False,False,False,False,False
15500000,1600,3,1,0,0,1,1,1,0,1,0,1,0,0,1,1,0,9687.5,0,0.001875,False,False,False,False,False,False,True,False,False,False,False,False,False,False,False
15500000,1600,3,1,1,0,1,1,1,1,1,1,1,0,0,1,1,7,9687.5,7,0.001875,False,False,False,False,False,False,False,False,True,False,False,False,False,False,False
13500000,1300,3,1,0,0,1,0,0,0,0,0,1,0,0,1,1,0,10384.615384615385,0,0.002307692307692308,False,False,False,False,False,True,False,False,False,False,False,False,False,False,False
15500000,1500,3,1,0,0,1,1,1,0,1,0,1,0,0,1,1,0,10333.333333333334,0,0.002,False,False,False,False,False,False,False,False,False,False,False,False,True,False,False
16000000,1800,3,1,0,0,1,1,1,0,1,0,1,0,0,1,1,0,8888.888888888889,0,0.0016666666666666668,False,False,False,False,False,False,True,False,False,False,False,False,False,False,False
14100000,1600,3,1,0,0,1,1,1,0,1,0,1,0,0,1,1,0,8812.5,0,0.001875,False,False,False,False,False,False,False,False,False,True,False,False,False,False,False
15500000,1500,3,1,1,0,1,1,1,0,1,1,1,0,0,1,1,0,10333.333333333334,0,0.002,False,False,False,False,False,False,False,False,False,True,False,False,False,False,False
24500000,2150,4,1,0,0,1,1,1,0,1,0,1,0,0,1,1,0,11395.348837209302,0,0.0018604651162790699,False,False,False,False,False,False,True,False,False,False,False,False,False,False,False
19800000,2500,3,1,0,0,1,1,0,0,0,0,1,0,0,1,1,1,7920.0,1,0.0012,False,False,False,False,False,False,False,True,False,False,False,False,False,False,False
18500000,2200,4,1,0,0,1,0,0,0,1,1,1,0,0,0,1,0,8409.09090909091,0,0.0018181818181818182,False,False,False,False,False,True,False,False,False,False,False,False,False,False,False
19500000,2200,4,1,0,0,1,1,0,0,0,0,1,0,0,1,1,0,8863.636363636364,0,0.0018181818181818182,False,False,False,False,False,False,False,False,False,True,False,False,False,False,False
7000000,900,2,1,0,0,0,0,0,0,0,0,1,0,0,1,0,0,7777.777777777777,0,0.0022222222222222222,False,False,False,False,False,True,False,False,False,False,False,False,False,False,False
19500000,2500,4,1,0,0,0,0,0,0,0,0,1,0,0,1,1,0,7800.0,0,0.0016,False,False,False,False,False,True,False,False,False,False,False,False,False,False,False
14000000,1750,3,1,0,0,0,0,0,0,1,0,1,0,0,1,1,0,8000.0,0,0.0017142857142857142,False,False,False,False,False,True,False,False,False,False,False,False,False,False,False
6500000,1000,3,0,0,0,0,0,0,0,0,0,0,0,0,0,0,0,6500.0,0,0.003,False,False,False,False,False,False,False,False,False,False,False,False,False,True,False
5800000,900,3,0,0,0,0,0,0,0,0,0,0,0,0,0,0,0,6444.444444444444,0,0.0033333333333333335,False,False,False,False,False,False,False,False,False,False,False,False,False,True,False
4700000,820,3,0,0,0,0,0,0,0,0,0,0,0,0,0,0,0,5731.707317073171,0,0.003658536585365854,False,False,False,False,False,False,False,False,False,False,False,False,False,True,False
2700000,625,2,0,0,0,0,0,0,0,0,0,0,0,0,0,0,0,4320.0,0,0.0032,False,False,False,False,False,False,False,False,False,False,False,False,False,True,False
2400000,525,2,0,0,0,0,0,0,0,0,0,0,0,0,0,0,0,4571.428571428572,0,0.0038095238095238095,False,False,False,False,False,False,False,False,False,False,False,False,False,True,False
3500000,750,2,0,0,0,0,0,0,0,0,0,0,0,0,0,0,0,4666.666666666667,0,0.0026666666666666666,False,False,False,False,False,False,False,False,False,False,False,False,False,True,False
4200000,850,3,0,0,0,0,0,0,0,0,0,0,0,0,0,0,0,4941.176470588235,0,0.0035294117647058825,False,False,False,False,False,False,False,False,False,False,False,False,False,True,False
4600000,1200,4,0,0,0,1,0,0,0,0,0,0,0,0,0,0,0,3833.3333333333335,0,0.0033333333333333335,False,False,False,False,False,False,False,False,False,False,False,False,False,True,False
2000000,500,2,0,0,0,1,0,0,0,0,0,0,0,0,0,0,0,4000.0,0,0.004,False,False,False,False,False,False,False,False,False,False,False,False,False,True,False
2700000,560,2,0,0,0,1,0,0,0,0,0,0,0,0,0,0,0,4821.428571428572,0,0.0035714285714285713,False,False,False,False,False,False,False,False,False,False,False,False,False,True,False
2800000,580,2,0,0,0,1,0,0,0,0,0,0,0,0,0,0,0,4827.586206896552,0,0.0034482758620689655,False,False,False,False,False,False,False,False,False,False,False,False,False,True,False
3500000,950,3,0,0,0,1,0,0,0,0,0,0,0,0,0,0,0,3684.2105263157896,0,0.003157894736842105,False,False,False,False,False,False,False,False,False,False,False,False,False,True,False
2900000,675,3,0,0,0,1,0,0,0,0,0,0,0,0,0,0,0,4296.2962962962965,0,0.0044444444444444444,False,False,False,False,False,False,False,False,False,False,False,False,False,True,False
3300000,810,3,0,0,0,1,0,0,0,0,0,0,0,0,0,0,0,4074.074074074074,0,0.003703703703703704,False,False,False,False,False,False,False,False,False,False,False,False,False,True,False
4200000,1100,3,0,0,0,1,0,0,0,0,0,0,0,0,0,0,0,3818.181818181818,0,0.0027272727272727275,False,False,False,False,False,False,False,False,False,False,False,False,False,True,False
14000000,1600,3,1,1,0,1,0,1,0,1,1,1,0,0,1,1,2,8750.0,2,0.001875,False,False,False,False,False,False,False,False,False,False,False,True,False,False,False
17000000,1800,3,1,0,0,0,0,0,0,0,0,0,0,0,0,0,0,9444.444444444445,0,0.0016666666666666668,False,False,False,False,False,False,True,False,False,False,False,False,False,False,False
17000000,1800,3,1,0,0,0,0,0,0,1,0,0,0,0,0,1,1,9444.444444444445,1,0.0016666666666666668,False,False,False,False,False,False,True,False,False,False,False,False,False,False,False
2700000,630,3,1,0,0,0,0,0,0,0,0,0,0,0,0,1,1,4285.714285714285,1,0.004761904761904762,False,False,True,False,False,False,False,False,False,False,False,False,False,False,False
2600000,630,3,1,0,0,0,0,0,0,0,0,0,0,0,0,1,1,4126.984126984127,1,0.004761904761904762,False,False,True,False,False,False,False,False,False,False,False,False,False,False,False
2600000,630,3,1,0,0,0,0,0,0,0,0,0,0,0,0,1,1,4126.984126984127,1,0.004761904761904762,False,False,True,False,False,False,False,False,False,False,False,False,False,False,False
2500000,630,3,1,0,0,0,0,0,0,0,0,0,0,0,0,0,1,3968.253968253968,1,0.004761904761904762,False,False,True,False,False,False,False,False,False,False,False,False,False,False,False
26500000,2400,4,1,0,0,1,0,0,0,1,0,1,1,0,1,1,1,11041.666666666666,1,0.0016666666666666668,False,False,False,False,False,False,False,False,False,False,True,False,False,False,False
22000000,2200,4,1,0,0,1,0,0,0,1,0,1,0,0,1,1,0,10000.0,0,0.0018181818181818182,False,False,False,False,False,False,False,False,False,True,False,False,False,False,False
22500000,2600,4,1,0,0,0,0,0,0,0,0,0,0,0,0,0,0,8653.846153846154,0,0.0015384615384615385,False,False,False,False,False,False,False,False,False,True,False,False,False,False,False
21000000,2400,3,1,0,0,1,1,0,0,1,0,1,0,0,1,1,0,8750.0,0,0.00125,False,False,False,False,False,False,False,True,False,False,False,False,False,False,False
18000000,2000,3,1,0,0,1,0,0,0,1,0,1,0,0,0,1,0,9000.0,0,0.0015,False,False,False,False,False,True,False,False,False,False,False,False,False,False,False
17000000,2100,3,1,0,0,0,0,0,0,1,0,1,0,0,0,1,0,8095.238095238095,0,0.0014285714285714286,False,False,False,False,False,False,False,False,True,False,False,False,False,False,False
7000000,1200,3,1,0,0,0,0,0,0,0,0,1,0,0,0,1,0,5833.333333333333,0,0.0025,False,False,False,False,False,True,False,False,False,False,False,False,False,False,False
9500000,1125,3,1,0,0,0,0,0,0,0,0,1,0,0,0,1,0,8444.444444444445,0,0.0026666666666666666,False,False,False,False,False,True,False,False,False,False,False,False,False,False,False
5500000,800,3,1,0,0,0,0,0,0,0,0,1,0,0,0,1,0,6875.0,0,0.00375,False,False,False,False,False,True,False,False,False,False,False,False,False,False,False
8000000,1125,3,1,0,0,0,0,0,0,0,0,1,0,0,0,1,0,7111.111111111111,0,0.0026666666666666666,False,False,False,False,False,True,False,False,False,False,False,False,False,False,False
8500000,1125,3,1,0,0,0,0,0,0,0,0,1,0,0,0,1,0,7555.555555555556,0,0.0026666666666666666,False,False,False,False,False,True,False,False,False,False,False,False,False,False,False
8500000,1200,3,1,0,0,0,0,0,0,0,0,1,0,0,0,1,0,7083.333333333333,0,0.0025,False,False,False,False,False,True,False,False,False,False,False,False,False,False,False
7500000,1200,3,1,0,0,0,0,0,0,0,0,1,0,0,0,1,0,6250.0,0,0.0025,False,False,False,False,False,True,False,False,False,False,False,False,False,False,False
8000000,1200,3,1,0,0,0,0,0,0,0,0,1,0,0,0,1,0,6666.666666666667,0,0.0025,False,False,False,False,False,True,False,False,False,False,False,False,False,False,False
24000000,1450,3,1,0,0,0,0,0,0,0,0,1,0,0,1,1,0,16551.724137931036,0,0.0020689655172413794,False,False,False,False,False,False,False,False,False,False,False,False,False,False,True
5000000,920,3,0,0,0,0,0,0,0,0,0,0,0,0,0,0,0,5434.782608695652,0,0.003260869565217391,False,False,False,False,False,False,False,False,False,False,False,False,False,True,False
2100000,500,2,0,0,0,1,0,0,0,0,0,1,1,0,0,0,0,4200.0,0,0.004,False,False,False,False,False,False,False,False,False,False,False,False,False,True,False
7500000,800,3,1,0,0,0,0,0,0,0,0,0,0,0,1,1,0,9375.0,0,0.00375,False,False,False,False,False,True,False,False,False,False,False,False,False,False,False
15000000,1600,4,0,0,0,0,0,0,0,0,0,0,0,0,0,1,0,9375.0,0,0.0025,False,False,False,False,False,True,False,False,False,False,False,False,False,False,False
8000000,1450,3,0,0,0,0,0,0,0,0,0,0,0,0,0,1,0,5517.241379310345,0,0.0020689655172413794,False,False,False,False,False,True,False,False,False,False,False,False,False,False,False
12000000,1150,4,0,0,0,0,0,0,0,0,0,0,0,0,0,1,0,10434.782608695652,0,0.0034782608695652175,False,False,False,False,False,True,False,False,False,False,False,False,False,False,False
5000000,750,3,0,0,0,0,0,0,0,0,0,0,0,0,0,1,0,6666.666666666667,0,0.004,False,False,False,False,False,True,False,False,False,False,False,False,False,False,False
4000000,600,2,0,0,0,0,0,0,0,0,0,0,0,0,0,1,0,6666.666666666667,0,0.0033333333333333335,False,False,False,False,False,True,False,False,False,False,False,False,False,False,False
7900000,1125,3,1,0,0,0,0,0,0,0,0,1,0,0,0,1,1,7022.222222222223,1,0.0026666666666666666,False,False,False,False,False,True,False,False,False,False,False,False,False,False,False
16500000,1700,3,1,0,0,1,0,0,0,0,0,1,0,0,1,1,0,9705.882352941177,0,0.0017647058823529412,False,False,False,False,False,True,False,False,False,False,False,False,False,False,False
2750000,650,2,0,0,0,1,0,0,0,0,0,0,0,0,0,1,0,4230.7692307692305,0,0.003076923076923077,False,False,False,False,False,False,False,False,False,False,False,False,False,True,False
2500000,540,2,0,0,0,1,0,0,0,0,0,0,0,0,0,1,0,4629.62962962963,0,0.003703703703703704,False,False,False,False,False,False,False,False,False,False,False,False,False,True,False
2850000,650,2,0,0,0,1,0,0,0,0,0,0,0,0,0,1,0,4384.615384615385,0,0.003076923076923077,False,False,False,False,False,False,False,False,False,False,False,False,False,True,False
3811000,800,3,0,0,0,1,0,0,0,0,0,0,0,0,0,1,0,4763.75,0,0.00375,False,False,False,False,False,False,False,False,False,False,False,False,False,True,False
2150000,525,2,0,0,0,1,0,0,0,0,0,0,0,0,0,1,0,4095.2380952380954,0,0.0038095238095238095,False,False,False,False,False,False,False,False,False,False,False,False,False,True,False
3651000,750,3,0,0,0,1,0,0,0,0,0,0,0,0,0,1,0,4868.0,0,0.004,False,False,False,False,False,False,False,False,False,False,False,False,False,True,False
3651000,750,3,0,0,0,1,0,0,0,0,0,0,0,0,0,1,0,4868.0,0,0.004,False,False,False,False,False,False,False,False,False,False,False,False,False,True,False
3000000,600,2,1,0,0,0,0,0,0,0,0,0,0,0,0,1,1,5000.0,1,0.0033333333333333335,False,False,False,False,False,False,False,False,False,False,False,False,False,True,False
2030000,560,2,1,0,0,0,0,0,0,0,0,0,0,0,0,0,0,3625.0,0,0.0035714285714285713,False,False,False,False,False,False,False,False,False,False,False,False,False,True,False
14800000,1800,3,1,0,0,1,0,0,0,0,0,1,0,0,0,1,0,8222.222222222223,0,0.0016666666666666668,False,False,False,False,False,False,True,False,False,False,False,False,False,False,False
4500000,900,3,0,0,0,1,0,0,0,0,0,0,0,0,0,1,0,5000.0,0,0.0033333333333333335,False,False,False,False,False,False,False,False,False,False,False,False,False,True,False
2611000,600,2,0,0,0,1,0,0,0,0,0,0,0,0,0,1,0,4351.666666666667,0,0.0033333333333333335,False,False,False,False,False,False,False,False,False,False,False,False,False,True,False
2100000,500,2,0,0,0,1,0,0,0,0,0,0,0,0,0,0,0,4200.0,0,0.004,False,False,False,False,False,True,False,False,False,False,False,False,False,False,False
3200000,750,3,0,0,0,1,0,0,0,0,0,0,0,0,0,1,0,4266.666666666667,0,0.004,False,False,False,False,False,False,False,False,False,False,False,False,False,True,False
2751000,650,2,0,0,0,1,0,0,0,0,0,0,0,0,0,1,0,4232.307692307692,0,0.003076923076923077,False,False,False,False,False,False,False,False,False,False,False,False,False,True,False
3600000,750,3,0,0,0,0,0,0,0,0,0,0,0,0,0,0,0,4800.0,0,0.004,False,False,False,False,False,False,False,False,False,False,False,False,False,True,False
4000000,850,3,0,0,0,1,0,0,0,0,0,0,0,0,0,1,0,4705.882352941177,0,0.0035294117647058825,False,False,False,False,False,False,False,False,False,False,False,False,False,True,False
3211000,750,3,0,0,0,1,0,0,0,0,0,0,0,0,0,1,0,4281.333333333333,0,0.004,False,False,False,False,False,False,False,False,False,False,False,False,False,True,False
2351000,500,2,0,0,0,1,0,0,0,0,0,0,0,0,0,1,0,4702.0,0,0.004,False,False,False,False,False,False,False,False,False,False,False,False,False,True,False
3700000,750,3,0,0,0,1,0,0,0,0,0,0,0,0,0,1,0,4933.333333333333,0,0.004,False,False,False,False,False,False,False,False,False,False,False,False,False,True,False
3200000,750,3,0,0,0,1,0,0,0,0,0,0,0,0,0,1,0,4266.666666666667,0,0.004,False,False,False,False,False,False,False,False,False,False,False,False,False,True,False
3511000,750,3,0,0,0,1,0,0,0,0,0,0,0,0,0,1,0,4681.333333333333,0,0.004,False,False,False,False,False,False,False,False,False,False,False,False,False,True,False
2351000,525,2,0,0,0,0,0,0,0,0,0,0,0,0,0,0,0,4478.0952380952385,0,0.0038095238095238095,False,False,False,False,False,False,False,False,False,False,False,False,False,True,False
3751000,800,3,0,0,0,1,0,0,0,0,0,0,0,0,0,1,0,4688.75,0,0.00375,False,False,False,False,False,False,False,False,False,False,False,False,False,True,False
3851000,810,3,0,0,0,1,0,0,0,0,0,0,0,0,0,1,0,4754.320987654321,0,0.003703703703703704,False,False,False,False,False,False,False,False,False,False,False,False,False,True,False
2351000,540,2,0,0,0,1,0,0,0,0,0,0,0,0,0,1,0,4353.7037037037035,0,0.003703703703703704,False,False,False,False,False,False,False,False,False,False,False,False,False,True,False
3911000,800,3,0,0,0,1,0,0,0,0,0,0,0,0,0,1,0,4888.75,0,0.00375,False,False,False,False,False,False,False,False,False,False,False,False,False,True,False
2150000,525,2,0,0,0,1,0,0,0,0,0,0,0,0,0,1,0,4095.2380952380954,0,0.0038095238095238095,False,False,False,False,False,False,False,False,False,False,False,False,False,True,False
3520000,750,3,0,0,0,0,0,0,0,0,0,0,0,0,0,0,0,4693.333333333333,0,0.004,False,False,False,False,False,False,False,False,False,False,False,False,False,True,False
2899000,540,2,1,0,0,0,0,0,0,0,0,0,0,0,0,1,1,5368.518518518518,1,0.003703703703703704,False,False,False,False,False,False,False,False,False,False,False,False,False,True,False
2550000,540,2,0,0,0,1,0,0,0,0,0,0,0,0,0,1,0,4722.222222222223,0,0.003703703703703704,False,False,False,False,False,False,False,False,False,False,False,False,False,True,False
2851000,600,2,0,0,0,1,0,0,0,0,0,0,0,0,0,1,0,4751.666666666667,0,0.0033333333333333335,False,False,False,False,False,False,False,False,False,False,False,False,False,True,False
3521000,800,3,0,0,0,1,0,0,0,0,0,0,0,0,0,1,0,4401.25,0,0.00375,False,False,False,False,False,False,False,False,False,False,False,False,False,True,False
3411000,750,3,0,0,0,1,0,0,0,0,0,0,0,0,0,1,0,4548.0,0,0.004,False,False,False,False,False,True,False,False,False,False,False,False,False,False,False
3900000,720,3,1,0,0,0,0,0,0,0,0,0,0,0,0,1,1,5416.666666666667,1,0.004166666666666667,False,False,False,False,False,False,False,False,False,False,False,False,False,True,False
4010000,900,3,0,0,0,1,0,0,0,0,0,0,0,0,0,1,0,4455.555555555556,0,0.0033333333333333335,False,False,False,False,False,False,False,False,False,False,False,False,False,True,False
2499000,540,2,0,0,0,1,0,0,0,0,0,0,0,0,0,1,0,4627.777777777777,0,0.003703703703703704,False,False,False,False,False,False,False,False,False,False,False,False,False,True,False
2710000,600,2,0,0,0,1,0,0,0,0,0,0,0,0,0,1,0,4516.666666666667,0,0.0033333333333333335,False,False,False,False,False,False,False,False,False,False,False,False,False,True,False
2511000,600,2,0,0,0,1,0,0,0,0,0,0,0,0,0,1,0,4185.0,0,0.0033333333333333335,False,False,False,False,False,False,False,False,False,False,False,False,False,True,False
2511000,500,2,0,0,0,1,0,0,0,0,0,0,0,0,0,1,0,5022.0,0,0.004,False,False,False,False,False,False,False,False,False,False,False,False,False,True,False
3621000,800,3,0,0,0,1,0,0,0,0,0,0,0,0,0,1,0,4526.25,0,0.00375,False,False,False,False,False,False,False,False,False,False,False,False,False,True,False
2211000,500,2,0,0,0,0,0,0,0,0,0,0,0,0,0,0,0,4422.0,0,0.004,False,False,False,False,False,False,False,False,False,False,False,False,False,True,False
4000000,720,3,1,0,0,1,0,0,0,0,0,0,0,0,0,1,0,5555.555555555556,0,0.004166666666666667,False,False,False,False,False,True,False,False,False,False,False,False,False,False,False
4700000,810,3,1,0,0,1,0,0,0,0,0,0,0,0,0,1,0,5802.469135802469,0,0.003703703703703704,False,False,False,False,False,True,False,False,False,False,False,False,False,False,False
4700000,855,3,1,0,0,1,0,0,0,0,0,0,0,0,0,1,0,5497.076023391813,0,0.0035087719298245615,False,False,False,False,False,True,False,False,False,False,False,False,False,False,False
4000000,830,3,0,0,0,1,0,0,0,1,0,0,0,0,0,1,0,4819.277108433735,0,0.0036144578313253013,False,True,False,False,False,False,False,False,False,False,False,False,False,False,False
15000000,1800,3,1,1,0,1,0,0,0,1,1,0,0,0,1,1,1,8333.333333333334,1,0.0016666666666666668,False,False,False,False,False,False,False,False,False,False,False,False,True,False,False
2651000,600,2,0,0,0,1,0,0,0,0,0,0,0,0,0,1,0,4418.333333333333,0,0.0033333333333333335,False,False,False,False,False,False,False,False,False,False,False,False,False,True,False
2351000,525,2,0,0,0,1,0,0,0,0,0,0,0,0,0,1,0,4478.0952380952385,0,0.0038095238095238095,False,False,False,False,False,False,False,False,False,False,False,False,False,True,False
3521000,750,3,0,0,0,1,0,0,0,0,0,0,0,0,0,1,0,4694.666666666667,0,0.004,False,False,False,False,False,False,False,False,False,False,False,False,False,True,False
2311000,500,2,0,0,0,0,0,0,0,0,0,0,0,0,0,0,0,4622.0,0,0.004,False,False,False,False,False,False,False,False,False,False,False,False,False,True,False
4211000,900,3,0,0,0,1,0,0,0,0,0,0,0,0,0,1,0,4678.888888888889,0,0.0033333333333333335,False,False,False,False,False,False,False,False,False,False,False,False,False,True,False
4151000,900,3,0,0,0,1,0,0,0,0,0,0,0,0,0,1,0,4612.222222222223,0,0.0033333333333333335,False,False,False,False,False,True,False,False,False,False,False,False,False,False,False
2350000,540,2,0,0,0,1,0,0,0,0,0,0,0,0,0,1,0,4351.851851851852,0,0.003703703703703704,False,False,False,False,False,True,False,False,False,False,False,False,False,False,False
2851000,600,2,0,0,0,1,0,0,0,0,0,0,0,0,0,1,0,4751.666666666667,0,0.0033333333333333335,False,False,False,False,False,False,False,False,False,False,False,False,False,True,False
4100000,900,3,0,0,0,1,0,0,0,0,0,0,0,0,0,1,0,4555.555555555556,0,0.0033333333333333335,False,True,False,False,False,False,False,False,False,False,False,False,False,False,False
3611000,800,3,0,0,0,1,0,0,0,0,0,0,0,0,0,1,0,4513.75,0,0.00375,False,False,False,False,False,False,False,False,False,False,False,False,False,True,False
2000000,500,1,0,0,0,1,0,0,0,0,0,0,0,0,0,0,0,4000.0,0,0.002,False,False,False,False,False,False,False,False,False,False,False,False,False,True,False
2100000,500,2,0,0,0,1,0,0,0,0,0,0,0,0,0,1,0,4200.0,0,0.004,False,False,False,False,False,False,False,False,False,False,False,False,False,True,False
3621000,750,3,0,0,0,1,0,0,0,0,0,0,0,0,0,1,0,4828.0,0,0.004,False,False,False,False,False,False,False,False,False,False,False,False,False,True,False
2200000,525,2,0,0,0,1,0,0,0,0,0,0,0,0,0,1,0,4190.476190476191,0,0.0038095238095238095,False,False,False,False,False,False,False,False,False,False,False,False,False,True,False
3850000,800,3,0,0,0,1,0,0,0,0,0,0,0,0,0,1,0,4812.5,0,0.00375,False,False,False,False,False,False,False,False,False,False,False,False,False,True,False
3611000,750,3,0,0,0,1,0,0,0,0,0,0,0,0,0,1,0,4814.666666666667,0,0.004,False,False,False,False,False,False,False,False,False,False,False,False,False,True,False
2311000,540,2,0,0,0,0,0,0,0,0,0,0,0,0,0,0,0,4279.62962962963,0,0.003703703703703704,False,False,False,False,False,False,False,False,False,False,False,False,False,True,False
3500000,675,3,1,0,0,1,0,0,0,0,0,0,0,0,0,1,0,5185.185185185185,0,0.0044444444444444444,False,False,False,False,False,True,False,False,False,False,False,False,False,False,False
3750000,800,3,0,0,0,1,0,0,0,0,0,0,0,0,0,1,0,4687.5,0,0.00375,False,False,False,False,False,False,False,False,False,False,False,False,False,True,False
16399999,1650,4,1,0,0,0,1,0,0,0,0,1,1,0,1,0,0,9939.393333333333,0,0.0024242424242424242,False,False,False,False,False,False,False,False,False,False,False,False,False,False,False
15600000,1300,2,1,0,0,0,1,0,0,0,0,1,1,0,1,0,0,12000.0,0,0.0015384615384615385,False,False,False,False,False,False,False,False,False,False,False,False,False,False,False
25000000,1650,3,1,0,0,0,1,0,0,0,0,1,1,0,1,0,0,15151.515151515152,0,0.0018181818181818182,False,False,False,False,False,True,False,False,False,False,False,False,False,False,False
19000000,1650,3,1,0,0,0,1,0,0,0,0,1,0,0,1,0,0,11515.151515151516,0,0.0018181818181818182,False,False,False,False,False,True,False,False,False,False,False,False,False,False,False
15100000,1350,2,1,0,0,0,1,0,0,0,0,1,0,0,1,0,0,11185.185185185184,0,0.0014814814814814814,False,False,False,False,False,True,False,False,False,False,False,False,False,False,False
16700000,1350,3,1,1,0,0,1,0,1,1,1,1,1,0,1,0,2,12370.37037037037,2,0.0022222222222222222,False,False,False,False,False,True,False,False,False,False,False,False,False,False,False
19000000,1450,3,1,0,0,0,1,0,0,0,0,1,1,0,1,0,0,13103.448275862069,0,0.0020689655172413794,False,False,False,False,False,False,False,False,False,False,False,False,False,False,False
19000000,1450,3,1,0,0,0,1,0,0,0,0,1,0,0,1,0,0,13103.448275862069,0,0.0020689655172413794,False,False,False,False,False,False,False,False,False,False,False,False,False,False,False
15000000,1200,2,1,0,0,0,1,0,0,0,0,1,1,0,1,0,0,12500.0,0,0.0016666666666666668,False,False,False,False,False,False,False,False,False,False,False,False,False,False,False
15500000,1250,2,1,0,0,0,1,0,0,0,0,1,0,0,1,0,0,12400.0,0,0.0016,False,False,False,False,False,False,False,False,False,False,False,False,False,False,False
18700000,1450,3,1,0,0,0,1,0,0,0,0,1,1,0,1,0,0,12896.551724137931,0,0.0020689655172413794,False,False,False,False,False,False,False,False,False,False,False,False,False,False,False
18300000,1400,3,1,0,0,0,1,0,0,0,0,1,0,0,1,0,0,13071.42857142857,0,0.002142857142857143,False,False,False,False,False,False,False,False,False,False,False,False,False,False,False
13500000,1400,4,0,0,0,0,0,0,0,0,1,0,0,0,0,1,0,9642.857142857143,0,0.002857142857142857,False,False,False,False,False,True,False,False,False,False,False,False,False,False,False
27500000,2250,4,0,0,0,0,0,0,0,0,1,0,0,0,0,1,0,12222.222222222223,0,0.0017777777777777779,False,False,False,False,False,True,False,False,False,False,False,False,False,False,False
2200000,300,1,0,0,0,0,0,0,0,0,1,0,0,0,0,1,0,7333.333333333333,0,0.0033333333333333335,False,False,False,False,False,True,False,False,False,False,False,False,False,False,False
2600000,400,1,0,0,0,0,0,0,0,0,1,0,0,0,0,1,0,6500.0,0,0.0025,False,False,False,False,False,True,False,False,False,False,False,False,False,False,False
6000000,700,2,0,0,0,0,0,0,0,0,1,0,0,0,0,1,0,8571.42857142857,0,0.002857142857142857,False,False,False,False,False,True,False,False,False,False,False,False,False,False,False
7000000,800,3,0,0,0,0,0,0,0,0,1,0,0,0,0,1,0,8750.0,0,0.00375,False,False,False,False,False,True,False,False,False,False,False,False,False,False,False
5500000,600,2,0,0,0,0,0,0,0,0,1,0,0,0,0,1,0,9166.666666666666,0,0.0033333333333333335,False,False,False,False,False,True,False,False,False,False,False,False,False,False,False
16500000,1350,2,1,0,0,0,0,0,0,0,0,1,0,0,1,1,0,12222.222222222223,0,0.0014814814814814814,False,False,False,False,False,True,False,False,False,False,False,False,False,False,False
15700000,1650,3,1,0,0,0,1,0,0,0,0,1,0,0,1,0,0,9515.151515151516,0,0.0018181818181818182,False,False,False,False,False,False,False,False,False,False,False,False,False,False,False
16500000,1350,3,1,0,0,0,1,0,0,0,0,1,0,0,1,0,0,12222.222222222223,0,0.0022222222222222222,False,False,False,False,False,False,False,False,False,False,False,False,False,False,False
15000000,1350,2,1,0,0,0,0,0,0,0,0,1,0,0,1,0,0,11111.111111111111,0,0.0014814814814814814,False,False,False,False,False,False,False,False,False,False,False,False,False,False,False
18500000,1450,3,1,0,0,0,0,0,0,0,0,1,0,0,1,0,0,12758.620689655172,0,0.0020689655172413794,False,False,False,False,False,False,False,False,False,False,False,False,False,False,False
18900000,1450,3,1,0,0,0,0,0,0,0,0,1,1,0,1,0,0,13034.48275862069,0,0.0020689655172413794,False,False,False,False,False,False,False,False,False,False,False,False,False,False,False
19600000,1450,3,1,0,0,0,0,0,0,0,0,1,0,0,1,0,0,13517.241379310344,0,0.0020689655172413794,False,False,False,False,False,False,False,False,False,False,False,False,False,False,False
16500000,1350,2,1,0,0,0,0,0,0,0,0,1,1,0,1,0,0,12222.222222222223,0,0.0014814814814814814,False,False,False,False,False,False,False,False,False,False,False,False,False,False,False
21500000,1650,3,1,0,0,0,0,0,0,0,0,1,1,0,0,0,0,13030.30303030303,0,0.0018181818181818182,False,False,False,False,False,False,False,False,False,False,False,False,False,False,False
24500000,1550,3,1,0,0,1,0,0,0,0,0,1,1,0,1,1,0,15806.451612903225,0,0.001935483870967742,False,False,False,False,False,True,False,False,False,False,False,False,False,False,False
19000000,1550,3,1,0,0,0,1,0,0,0,0,1,1,0,1,0,0,12258.064516129032,0,0.001935483870967742,False,False,False,False,False,False,False,False,False,False,False,False,False,False,False
14100000,1250,2,1,0,0,0,0,0,0,0,0,1,0,0,1,0,0,11280.0,0,0.0016,False,False,False,False,False,False,False,False,False,False,False,False,False,False,False
22900000,1650,3,1,0,0,0,0,0,0,0,0,1,0,0,1,0,0,13878.787878787878,0,0.0018181818181818182,False,False,False,False,False,False,False,False,False,False,False,False,False,False,False
15500000,1250,2,1,0,0,1,1,0,0,0,0,1,1,0,1,0,0,12400.0,0,0.0016,False,False,False,False,False,True,False,False,False,False,False,False,False,False,False
20500000,1450,3,1,0,0,0,0,0,0,0,0,1,0,0,1,0,0,14137.931034482759,0,0.0020689655172413794,False,False,False,False,False,False,False,False,False,False,False,False,False,False,False
15700000,1550,3,1,0,0,0,1,0,0,0,0,1,0,0,1,0,0,10129.032258064517,0,0.001935483870967742,False,False,False,False,False,False,False,False,False,False,False,False,False,False,False
22500000,1650,3,1,0,0,0,0,0,0,0,0,1,1,0,1,0,0,13636.363636363636,0,0.0018181818181818182,False,False,False,False,False,True,False,False,False,False,False,False,False,False,False
19000000,1450,3,1,0,0,0,1,0,0,0,0,1,0,0,1,0,0,13103.448275862069,0,0.0020689655172413794,False,False,False,False,False,False,False,False,False,False,False,False,False,False,False
16700000,1700,3,1,0,0,0,1,0,0,0,0,1,0,0,1,0,0,9823.529411764706,0,0.0017647058823529412,False,False,False,False,False,True,False,False,False,False,False,False,False,False,False
15500000,1250,2,1,0,0,0,1,0,0,0,0,1,1,0,1,0,0,12400.0,0,0.0016,False,False,False,False,False,False,False,False,False,False,False,False,False,False,False
17000000,1300,2,1,0,0,1,0,0,0,0,0,1,0,0,1,1,0,13076.923076923076,0,0.0015384615384615385,False,False,False,False,False,False,False,False,False,False,False,False,False,False,False
16000000,1350,2,1,0,0,0,0,0,0,0,0,1,0,0,1,0,0,11851.851851851852,0,0.0014814814814814814,False,False,False,False,False,True,False,False,False,False,False,False,False,False,False
15500000,1250,2,1,0,0,0,1,0,0,0,0,1,1,0,1,0,0,12400.0,0,0.0016,False,False,False,False,False,True,False,False,False,False,False,False,False,False,False
19000000,1400,3,1,0,0,0,0,0,0,0,0,1,0,0,1,0,0,13571.42857142857,0,0.002142857142857143,False,False,False,False,False,False,False,False,False,False,False,False,False,False,False
14500000,1200,2,1,0,0,0,0,0,0,0,0,1,0,0,1,0,0,12083.333333333334,0,0.0016666666666666668,False,False,False,False,False,True,False,False,False,False,False,False,False,False,False
13799999,1250,2,1,0,0,1,0,0,0,0,0,1,0,0,1,0,0,11039.9992,0,0.0016,False,False,False,False,False,False,False,False,False,False,False,False,False,False,False
19500000,1450,3,1,0,0,0,0,0,0,0,0,1,1,0,1,0,0,13448.275862068966,0,0.0020689655172413794,False,False,False,False,False,False,False,False,False,False,False,False,False,False,False
19500000,1650,3,1,0,0,0,0,0,0,0,0,1,1,0,1,0,0,11818.181818181818,0,0.0018181818181818182,False,False,False,False,False,False,False,False,False,False,False,False,False,False,False
9000000,2200,4,1,0,0,0,0,0,0,0,0,1,0,0,0,1,1,4090.909090909091,1,0.0018181818181818182,False,False,False,False,False,True,False,False,False,False,False,False,False,False,False
4299000,750,3,0,0,0,0,0,0,0,0,0,0,0,0,0,0,0,5732.0,0,0.004,False,True,False,False,False,False,False,False,False,False,False,False,False,False,False
3200000,800,2,0,0,0,0,0,0,0,0,0,0,0,0,0,0,0,4000.0,0,0.0025,False,True,False,False,False,False,False,False,False,False,False,False,False,False,False
2499000,700,2,0,0,0,0,0,0,0,0,0,0,0,0,0,0,0,3570.0,0,0.002857142857142857,False,True,False,False,False,False,False,False,False,False,False,False,False,False,False
7000000,1170,3,0,0,0,0,0,0,0,0,0,0,0,0,0,0,0,5982.9059829059825,0,0.002564102564102564,False,False,False,False,False,True,False,False,False,False,False,False,False,False,False
15500000,1850,3,1,1,0,1,1,1,1,1,1,1,0,0,1,1,4,8378.378378378378,4,0.0016216216216216215,False,False,False,False,False,True,False,False,False,False,False,False,False,False,False
13799999,1800,3,1,1,1,1,1,1,1,1,1,1,0,0,1,1,7,7666.666111111111,7,0.0016666666666666668,False,False,False,False,False,True,False,False,False,False,False,False,False,False,False
13200000,1750,3,1,0,0,1,1,0,0,1,0,1,0,0,1,1,0,7542.857142857143,0,0.0017142857142857142,False,False,False,False,False,True,False,False,False,False,False,False,False,False,False
13000000,1800,3,1,1,0,1,1,1,1,1,1,1,0,0,1,1,7,7222.222222222223,7,0.0016666666666666668,False,False,False,False,False,False,False,False,False,False,True,False,False,False,False
13000000,1750,3,1,0,0,1,1,0,0,1,0,1,0,0,1,1,0,7428.571428571428,0,0.0017142857142857142,False,False,False,False,False,True,False,False,False,False,False,False,False,False,False
25000000,1650,3,1,0,0,0,0,0,0,0,0,1,0,0,0,0,0,15151.515151515152,0,0.0018181818181818182,False,False,False,False,False,False,False,False,False,False,False,False,False,False,True
4499000,850,3,0,0,0,1,0,0,0,0,1,0,0,0,0,0,0,5292.941176470588,0,0.0035294117647058825,False,False,False,False,False,False,False,False,False,False,False,False,False,True,False
2799000,600,2,0,0,0,1,0,0,0,0,1,0,0,0,0,0,0,4665.0,0,0.0033333333333333335,False,False,False,False,False,False,False,False,False,False,False,False,False,True,False
3799000,750,2,0,0,0,1,0,0,0,0,1,0,0,0,0,0,0,5065.333333333333,0,0.0026666666666666666,False,False,False,False,False,False,False,False,False,False,False,False,False,True,False
3500000,700,2,0,0,0,1,0,0,0,0,1,0,0,0,0,0,0,5000.0,0,0.002857142857142857,False,False,False,False,False,False,False,False,False,False,False,False,False,True,False
3900000,750,3,0,0,0,1,0,0,0,0,1,0,0,0,0,0,0,5200.0,0,0.004,False,False,False,False,False,False,False,False,False,False,False,False,False,True,False
7000000,600,1,1,1,0,0,1,0,0,1,1,1,1,0,1,1,8,11666.666666666666,8,0.0016666666666666668,False,False,False,False,False,False,False,False,False,False,False,False,False,False,True
9000000,650,1,1,1,0,0,1,0,0,1,1,1,0,0,1,1,2,13846.153846153846,2,0.0015384615384615385,False,False,False,False,False,False,False,False,False,False,False,False,False,False,True
7500000,600,1,1,1,0,0,1,0,0,1,1,1,1,0,1,1,7,12500.0,7,0.0016666666666666668,False,False,False,False,False,False,False,False,False,False,False,False,False,False,True
13000000,1100,2,1,1,0,0,1,0,0,1,1,1,0,0,1,1,2,11818.181818181818,2,0.0018181818181818182,False,False,False,False,False,False,False,False,False,False,False,False,False,False,True
11000000,800,2,1,1,0,0,1,0,0,1,1,1,0,0,1,1,2,13750.0,2,0.0025,False,False,False,False,False,False,False,False,False,False,False,False,False,False,True
19000000,1700,3,1,1,0,0,1,0,0,1,1,1,0,0,1,1,2,11176.470588235294,2,0.0017647058823529412,False,False,False,False,False,False,False,False,False,False,False,False,False,False,True
7200000,581,1,1,0,0,0,0,0,0,0,0,1,0,0,0,0,0,12392.426850258176,0,0.0017211703958691911,False,False,False,False,False,True,False,False,False,False,False,False,False,False,False
7500000,581,1,1,1,0,0,0,0,0,0,1,1,0,0,1,1,1,12908.777969018933,1,0.0017211703958691911,False,False,False,False,False,False,False,False,False,False,False,False,False,False,True
2100000,500,2,0,0,0,1,0,0,0,1,1,0,0,0,0,0,0,4200.0,0,0.004,False,False,False,False,False,False,False,False,False,False,False,False,False,True,False
7000000,1150,4,0,0,0,1,0,0,0,1,1,0,0,0,0,0,0,6086.95652173913,0,0.0034782608695652175,False,False,False,False,False,False,False,False,False,False,False,False,False,True,False
3699000,750,2,0,0,0,1,0,0,0,1,1,0,0,0,0,0,0,4932.0,0,0.0026666666666666666,False,False,False,False,False,False,False,False,False,False,False,False,False,True,False
3099000,650,2,0,0,0,1,0,0,0,1,1,0,0,0,0,0,0,4767.692307692308,0,0.003076923076923077,False,False,False,False,False,False,False,False,False,False,False,False,False,True,False
4799000,850,3,0,0,0,1,0,0,0,1,1,0,0,0,0,0,0,5645.882352941177,0,0.0035294117647058825,False,False,False,False,False,False,False,False,False,False,False,False,False,True,False
5800000,900,3,0,0,0,0,0,0,0,1,1,0,0,0,0,1,0,6444.444444444444,0,0.0033333333333333335,False,True,False,False,False,False,False,False,False,False,False,False,False,False,False
4700000,820,3,0,0,0,0,0,0,0,1,1,0,0,0,0,1,0,5731.707317073171,0,0.003658536585365854,False,True,False,False,False,False,False,False,False,False,False,False,False,False,False
2700000,625,2,0,0,0,0,0,0,0,1,1,0,0,0,0,1,0,4320.0,0,0.0032,False,True,False,False,False,False,False,False,False,False,False,False,False,False,False
2400000,525,2,0,0,0,0,0,0,0,1,1,0,0,0,0,1,0,4571.428571428572,0,0.0038095238095238095,False,True,False,False,False,False,False,False,False,False,False,False,False,False,False
3500000,750,2,0,0,0,0,0,0,0,1,1,0,0,0,0,1,0,4666.666666666667,0,0.0026666666666666666,False,True,False,False,False,False,False,False,False,False,False,False,False,False,False
4200000,850,3,0,0,0,0,0,0,0,1,1,0,0,0,0,1,0,4941.176470588235,0,0.0035294117647058825,False,True,False,False,False,False,False,False,False,False,False,False,False,False,False
30000000,1800,3,1,0,0,0,0,0,0,0,0,0,0,0,0,0,0,16666.666666666668,0,0.0016666666666666668,False,False,False,False,False,False,False,False,False,False,False,False,False,False,True
30000000,1800,3,1,0,0,0,0,0,0,0,0,1,0,0,0,0,0,16666.666666666668,0,0.0016666666666666668,False,False,False,False,False,False,False,False,False,False,False,False,False,False,True
10000000,1000,3,1,0,0,0,0,0,0,0,0,0,0,0,0,0,0,10000.0,0,0.003,False,False,False,False,False,True,False,False,False,False,False,False,False,False,False
6900000,1250,3,0,0,0,1,0,0,0,0,1,0,0,0,0,1,0,5520.0,0,0.0024,False,True,False,False,False,False,False,False,False,False,False,False,False,False,False
5500000,1050,3,0,0,0,1,0,0,0,0,1,0,0,0,0,1,0,5238.0952380952385,0,0.002857142857142857,False,True,False,False,False,False,False,False,False,False,False,False,False,False,False
3190000,610,2,0,0,0,1,0,0,0,0,1,0,0,0,0,1,0,5229.508196721312,0,0.003278688524590164,False,True,False,False,False,False,False,False,False,False,False,False,False,False,False
3220000,640,2,0,0,0,1,0,0,0,0,1,0,0,0,0,1,0,5031.25,0,0.003125,False,True,False,False,False,False,False,False,False,False,False,False,False,False,False
4700000,875,3,0,0,0,1,0,0,0,0,1,0,0,0,0,1,0,5371.428571428572,0,0.0034285714285714284,False,True,False,False,False,False,False,False,False,False,False,False,False,False,False
3210000,630,2,0,0,0,1,0,0,0,0,1,0,0,0,0,1,0,5095.238095238095,0,0.0031746031746031746,False,True,False,False,False,False,False,False,False,False,False,False,False,False,False
3225000,650,2,0,0,0,1,0,0,0,0,1,0,0,0,0,1,0,4961.538461538462,0,0.003076923076923077,False,True,False,False,False,False,False,False,False,False,False,False,False,False,False
4300000,850,3,0,0,0,1,0,0,0,0,1,0,0,0,0,1,0,5058.823529411765,0,0.0035294117647058825,False,True,False,False,False,False,False,False,False,False,False,False,False,False,False
4100000,800,3,0,0,0,1,0,0,0,0,1,0,0,0,0,1,0,5125.0,0,0.00375,False,True,False,False,False,False,False,False,False,False,False,False,False,False,False
2700000,600,2,0,0,0,1,0,0,0,0,1,0,0,0,0,1,0,4500.0,0,0.0033333333333333335,False,True,False,False,False,False,False,False,False,False,False,False,False,False,False
7500000,581,1,0,1,0,0,0,0,0,0,1,1,1,0,0,1,5,12908.777969018933,5,0.0017211703958691911,False,False,False,False,False,False,False,False,False,False,False,False,False,False,True
10500000,1000,2,1,1,0,0,0,0,0,0,1,1,0,0,0,1,1,10500.0,1,0.002,False,False,False,False,False,False,False,False,False,False,False,False,False,False,True
7500000,600,1,1,1,0,0,0,0,0,0,1,0,0,0,0,1,1,12500.0,1,0.0016666666666666668,False,False,False,False,False,False,False,False,False,False,False,False,False,False,True
2599000,450,2,0,0,0,1,0,0,0,0,0,0,0,0,0,0,1,5775.555555555556,1,0.0044444444444444444,False,False,False,False,False,False,False,False,False,False,False,False,False,True,False
2899000,650,2,0,0,0,1,0,0,0,0,0,0,0,0,0,0,1,4460.0,1,0.003076923076923077,False,False,False,False,False,False,False,False,False,False,False,False,False,True,False
4400000,800,3,0,0,0,1,0,0,0,0,0,0,0,0,0,0,1,5500.0,1,0.00375,False,False,False,False,False,False,False,False,False,False,False,False,False,True,False
11000000,1000,2,1,1,0,0,0,0,0,0,1,1,0,0,1,1,1,11000.0,1,0.002,False,False,False,False,False,False,False,False,False,False,False,False,False,False,True
2650000,600,1,1,0,0,0,0,0,0,0,0,0,0,0,0,0,0,4416.666666666667,0,0.0016666666666666668,False,False,False,False,False,False,False,False,False,False,False,False,False,False,True
4200000,800,3,1,0,0,0,0,0,0,0,0,0,0,0,0,1,0,5250.0,0,0.00375,False,False,False,False,False,True,False,False,False,False,False,False,False,False,False
3500000,500,2,1,0,0,0,0,0,0,0,0,1,0,0,0,0,0,7000.0,0,0.004,False,False,False,False,False,True,False,False,False,False,False,False,False,False,False
21000000,1600,4,1,0,0,0,0,0,0,1,0,1,0,0,0,0,0,13125.0,0,0.0025,False,False,False,False,False,False,False,False,False,False,False,False,False,False,True
21000000,1650,4,1,0,0,0,0,0,0,0,0,0,0,0,0,0,0,12727.272727272728,0,0.0024242424242424242,False,False,False,False,False,False,False,False,False,False,False,False,False,False,True
21000000,1650,4,1,0,0,0,0,0,0,0,0,1,0,0,0,0,0,12727.272727272728,0,0.0024242424242424242,False,False,False,False,False,False,False,False,False,False,False,False,False,False,True
3600000,738,3,1,0,0,0,0,0,0,0,0,0,0,0,0,1,0,4878.048780487805,0,0.0040650406504065045,True,False,False,False,False,False,False,False,False,False,False,False,False,False,False
5999000,900,2,0,0,0,0,0,0,0,1,0,0,0,0,0,1,0,6665.555555555556,0,0.0022222222222222222,False,False,False,False,False,True,False,False,False,False,False,False,False,False,False
10500000,1500,3,0,0,0,0,0,0,0,1,0,0,0,0,0,1,0,7000.0,0,0.002,False,False,False,False,False,True,False,False,False,False,False,False,False,False,False
17500000,1600,3,1,1,0,0,0,0,0,0,1,0,0,0,0,1,1,10937.5,1,0.001875,False,False,False,False,False,False,False,False,False,False,False,False,False,False,True
3200000,750,2,1,0,0,0,0,0,0,0,0,0,0,0,0,0,0,4266.666666666667,0,0.0026666666666666666,False,False,False,False,False,True,False,False,False,False,False,False,False,False,False
11500000,1700,3,1,0,0,1,1,0,0,1,0,1,0,0,1,0,0,6764.705882352941,0,0.0017647058823529412,False,False,False,False,False,True,False,False,False,False,False,False,False,False,False
11500000,1450,3,1,0,0,1,1,1,0,1,0,1,0,0,1,1,2,7931.0344827586205,2,0.0020689655172413794,False,False,False,False,False,True,False,False,False,False,False,False,False,False,False
9000000,1100,2,1,0,0,1,1,1,0,1,0,0,0,0,1,0,2,8181.818181818182,2,0.0018181818181818182,False,False,False,False,False,True,False,False,False,False,False,False,False,False,False
16000000,1500,3,1,0,0,0,0,0,0,0,0,0,0,0,0,0,0,10666.666666666666,0,0.002,False,False,False,False,False,True,False,False,False,False,False,False,False,False,False
4799000,950,3,0,0,0,1,0,0,0,0,0,0,0,0,0,0,1,5051.578947368421,1,0.003157894736842105,False,False,False,False,False,False,False,False,False,False,False,False,False,True,False
2599000,450,2,0,0,0,1,0,0,0,0,0,0,0,0,0,0,1,5775.555555555556,1,0.0044444444444444444,False,False,False,False,False,False,False,False,False,False,False,False,False,True,False
2899000,650,2,0,0,0,1,0,0,0,0,0,0,0,0,0,0,1,4460.0,1,0.003076923076923077,False,False,False,False,False,False,False,False,False,False,False,False,False,True,False
4400000,800,3,0,0,0,1,0,0,0,0,0,0,0,0,0,0,1,5500.0,1,0.00375,False,False,False,False,False,False,False,False,False,False,False,False,False,True,False
6100000,500,1,1,0,0,0,0,0,0,1,0,1,1,0,0,0,0,12200.0,0,0.002,False,False,False,False,False,True,False,False,False,False,False,False,False,False,False
3200000,750,2,1,0,0,0,0,0,0,0,0,0,0,0,0,1,0,4266.666666666667,0,0.0026666666666666666,False,False,False,False,False,True,False,False,False,False,False,False,False,False,False
4700000,810,3,1,0,0,0,0,0,0,0,0,0,0,0,0,1,1,5802.469135802469,1,0.003703703703703704,False,False,False,False,False,True,False,False,False,False,False,False,False,False,False
4000000,770,3,1,0,0,0,0,0,0,0,0,0,0,0,0,1,1,5194.805194805195,1,0.003896103896103896,False,False,False,False,False,True,False,False,False,False,False,False,False,False,False
4000000,720,3,1,0,0,0,0,0,0,0,0,0,0,0,0,1,1,5555.555555555556,1,0.004166666666666667,False,False,False,False,False,True,False,False,False,False,False,False,False,False,False
2700000,650,2,1,0,0,0,0,0,0,0,0,1,0,0,0,1,0,4153.846153846154,0,0.003076923076923077,False,False,False,False,False,False,False,False,False,False,False,False,False,True,False
2800000,450,2,1,0,0,0,0,0,0,0,0,0,0,0,0,0,1,6222.222222222223,1,0.0044444444444444444,False,False,False,False,False,False,False,False,False,False,False,False,False,True,False
3400000,700,3,1,0,0,0,0,0,0,0,0,0,0,0,0,1,1,4857.142857142857,1,0.004285714285714286,False,False,False,False,False,True,False,False,False,False,False,False,False,False,False
4000000,800,3,1,0,0,0,0,0,0,0,0,0,0,0,0,1,0,5000.0,0,0.00375,False,True,False,False,False,False,False,False,False,False,False,False,False,False,False
3600000,850,3,1,0,0,0,0,0,0,0,0,0,0,0,0,1,0,4235.294117647059,0,0.0035294117647058825,False,True,False,False,False,False,False,False,False,False,False,False,False,False,False
2500000,550,2,1,0,0,0,0,0,0,0,0,0,0,0,0,1,0,4545.454545454545,0,0.0036363636363636364,False,True,False,False,False,False,False,False,False,False,False,False,False,False,False
4200000,810,3,1,0,0,0,0,0,0,0,0,0,0,0,0,1,1,5185.185185185185,1,0.003703703703703704,False,False,False,False,False,True,False,False,False,False,False,False,False,False,False
4200000,750,3,1,0,0,0,0,0,0,0,0,1,0,0,0,1,0,5600.0,0,0.004,False,False,False,False,False,False,False,False,False,False,False,False,False,True,False
4500000,900,3,1,0,0,0,0,0,0,0,0,0,0,0,0,1,0,5000.0,0,0.0033333333333333335,False,True,False,False,False,False,False,False,False,False,False,False,False,False,False
4300000,800,3,1,0,0,0,0,0,0,0,0,1,0,0,0,1,0,5375.0,0,0.00375,False,False,False,False,False,False,False,False,False,False,False,False,False,True,False
3200000,750,2,1,0,0,0,0,0,0,0,0,0,0,0,0,1,0,4266.666666666667,0,0.0026666666666666666,False,False,False,False,False,True,False,False,False,False,False,False,False,False,False
3200000,750,2,1,0,0,0,0,0,0,0,0,0,0,0,0,1,0,4266.666666666667,0,0.0026666666666666666,False,False,False,False,False,True,False,False,False,False,False,False,False,False,False
7000000,600,1,1,1,0,0,1,0,0,1,1,1,1,0,1,1,8,11666.666666666666,8,0.0016666666666666668,False,False,False,False,False,False,False,False,False,False,False,False,False,False,True
23000000,1700,3,1,1,0,0,0,0,0,0,1,0,0,0,0,1,1,13529.411764705883,1,0.0017647058823529412,False,False,False,False,False,False,False,False,False,False,False,False,False,False,True
5000000,600,1,1,0,0,0,0,0,0,0,0,0,0,0,0,0,1,8333.333333333334,1,0.0016666666666666668,False,False,False,False,False,True,False,False,False,False,False,False,False,False,False
9500000,1100,3,1,0,0,0,0,0,0,0,0,0,0,0,1,0,3,8636.363636363636,3,0.0027272727272727275,False,False,False,False,False,True,False,False,False,False,False,False,False,False,False
18000000,1800,3,1,0,0,0,0,0,0,0,0,0,0,0,0,0,1,10000.0,1,0.0016666666666666668,False,False,False,False,False,True,False,False,False,False,False,False,False,False,False
2800000,450,2,0,0,0,0,0,0,0,0,0,0,0,0,0,0,0,6222.222222222223,0,0.0044444444444444444,False,False,False,False,False,True,False,False,False,False,False,False,False,False,False
4500000,800,2,0,0,0,0,0,0,0,0,0,0,0,0,0,0,0,5625.0,0,0.0025,False,False,False,False,False,True,False,False,False,False,False,False,False,False,False
5000000,800,2,1,0,0,0,0,0,0,1,0,0,0,0,0,1,0,6250.0,0,0.0025,False,False,False,False,False,True,False,False,False,False,False,False,False,False,False
6200000,1000,2,0,0,0,1,0,0,0,1,0,1,0,0,0,1,1,6200.0,1,0.002,False,False,False,False,False,True,False,False,False,False,False,False,False,False,False
2800000,850,2,0,0,0,0,0,0,0,0,0,0,0,0,0,0,0,3294.1176470588234,0,0.002352941176470588,False,False,False,False,False,True,False,False,False,False,False,False,False,False,False
10000000,1500,3,0,0,0,0,0,0,0,0,0,0,0,0,0,0,0,6666.666666666667,0,0.002,False,False,False,False,False,True,False,False,False,False,False,False,False,False,False
3000000,800,2,0,0,0,0,0,0,0,0,0,0,0,0,0,0,0,3750.0,0,0.0025,False,False,False,False,False,False,False,False,False,False,False,False,False,False,True
3000000,800,2,0,0,0,1,0,0,0,1,0,0,0,0,0,1,0,3750.0,0,0.0025,False,False,False,False,False,True,False,False,False,False,False,False,False,False,False
3000000,800,2,0,0,0,1,0,0,0,1,0,0,0,0,0,1,0,3750.0,0,0.0025,False,False,False,False,False,True,False,False,False,False,False,False,False,False,False
11000000,1100,2,1,1,0,0,0,0,0,0,1,1,0,0,0,1,1,10000.0,1,0.0018181818181818182,False,False,False,False,False,False,False,False,False,False,False,False,False,False,True
6500000,581,1,1,0,0,0,0,0,0,0,0,1,0,0,1,1,1,11187.607573149742,1,0.0017211703958691911,False,False,False,False,False,False,False,False,False,False,False,False,True,False,False
18000000,1700,2,1,1,0,0,0,0,0,1,1,1,0,0,0,1,1,10588.235294117647,1,0.001176470588235294,False,False,False,False,False,False,False,False,False,False,False,False,False,False,True
6798999,581,1,1,0,0,0,0,0,0,0,0,1,0,0,0,1,0,11702.235800344233,0,0.0017211703958691911,False,False,False,False,False,False,False,False,False,False,False,False,False,False,True
16500000,900,2,1,1,0,0,0,0,0,0,1,1,0,0,0,1,1,18333.333333333332,1,0.0022222222222222222,False,False,False,False,False,False,False,False,False,False,False,False,False,False,True
7000000,1000,3,0,0,0,0,0,0,0,0,1,0,0,0,0,1,0,7000.0,0,0.003,False,False,False,False,False,False,False,False,False,False,False,False,False,True,False
4700000,820,3,0,0,0,0,0,0,0,0,1,0,0,0,0,1,0,5731.707317073171,0,0.003658536585365854,False,False,False,False,False,False,False,False,False,False,False,False,False,True,False
2400000,500,1,0,0,0,0,0,0,0,0,1,0,0,0,0,1,0,4800.0,0,0.002,False,False,False,False,False,False,False,False,False,False,False,False,False,True,False
2000000,450,1,0,0,0,0,0,0,0,0,1,0,0,0,0,1,0,4444.444444444444,0,0.0022222222222222222,False,False,False,False,False,False,False,False,False,False,False,False,False,True,False
2700000,525,2,0,0,0,0,0,0,0,0,1,0,0,0,0,1,0,5142.857142857143,0,0.0038095238095238095,False,False,False,False,False,False,False,False,False,False,False,False,False,True,False
3500000,750,2,0,0,0,0,0,0,0,0,1,0,0,0,0,1,0,4666.666666666667,0,0.0026666666666666666,False,False,False,False,False,False,False,False,False,False,False,False,False,True,False
4200000,850,3,0,0,0,0,0,0,0,0,1,0,0,0,0,1,0,4941.176470588235,0,0.0035294117647058825,False,False,False,False,False,False,False,False,False,False,False,False,False,True,False
4700000,820,3,0,0,0,0,0,0,0,0,1,0,0,0,0,1,0,5731.707317073171,0,0.003658536585365854,False,False,False,False,False,False,False,False,False,False,False,False,False,True,False
2500000,450,1,0,0,0,0,0,0,0,0,1,0,0,0,0,1,0,5555.555555555556,0,0.0022222222222222222,False,False,False,False,False,False,False,False,False,False,False,False,False,True,False
2700000,525,2,0,0,0,0,0,0,0,0,1,0,0,0,0,1,0,5142.857142857143,0,0.0038095238095238095,False,False,False,False,False,False,False,False,False,False,False,False,False,True,False
3500000,750,2,0,0,0,0,0,0,0,0,1,0,0,0,0,1,0,4666.666666666667,0,0.0026666666666666666,False,False,False,False,False,False,False,False,False,False,False,False,False,True,False
4200000,850,3,0,0,0,0,0,0,0,0,1,0,0,0,0,1,0,4941.176470588235,0,0.0035294117647058825,False,False,False,False,False,False,False,False,False,False,False,False,False,True,False
18000000,1100,3,1,0,0,0,0,0,0,0,0,0,0,0,0,0,0,16363.636363636364,0,0.0027272727272727275,False,False,False,False,False,False,False,False,False,False,False,False,False,False,True
18000000,1100,3,1,0,0,0,1,0,0,1,0,1,0,0,1,0,0,16363.636363636364,0,0.0027272727272727275,False,False,False,False,False,False,False,False,False,False,False,False,False,False,True
8000000,850,2,1,0,0,0,0,0,0,1,0,1,0,0,0,0,0,9411.764705882353,0,0.002352941176470588,False,False,False,False,False,True,False,False,False,False,False,False,False,False,False
7500000,750,2,1,0,0,0,0,0,0,1,0,1,0,0,0,0,0,10000.0,0,0.0026666666666666666,False,False,False,False,False,True,False,False,False,False,False,False,False,False,False
8500000,900,2,1,0,0,1,0,0,0,1,0,1,0,0,0,0,0,9444.444444444445,0,0.0022222222222222222,False,False,False,False,False,True,False,False,False,False,False,False,False,False,False
6500000,650,2,1,0,0,1,0,0,0,1,0,1,0,0,0,0,0,10000.0,0,0.003076923076923077,False,False,False,False,False,True,False,False,False,False,False,False,False,False,False
7500000,600,1,1,1,0,0,0,0,0,0,1,1,0,0,0,1,1,12500.0,1,0.0016666666666666668,False,False,False,False,False,False,False,False,False,False,False,False,False,False,True
13000000,1105,3,1,0,0,0,1,0,0,1,0,1,1,0,1,1,0,11764.70588235294,0,0.0027149321266968325,False,False,False,False,False,True,False,False,False,False,False,False,False,False,False
7000000,600,2,1,1,0,0,0,1,0,1,1,1,0,0,1,0,2,11666.666666666666,2,0.0033333333333333335,False,False,False,False,False,True,False,False,False,False,False,False,False,False,False
13500000,1000,3,1,0,0,0,0,0,0,0,0,0,0,0,0,0,0,13500.0,0,0.003,False,False,False,False,False,False,False,False,False,False,False,False,False,False,True
13500000,1000,3,1,0,0,0,1,0,0,0,0,0,0,0,1,0,0,13500.0,0,0.003,False,False,False,False,False,False,False,False,False,False,False,False,False,False,True
16500000,1200,2,1,0,0,0,1,0,0,0,0,0,0,0,1,0,1,13750.0,1,0.0016666666666666668,False,False,False,False,False,False,False,False,False,False,False,False,False,False,True
2800000,600,2,1,0,0,0,0,0,0,0,0,0,0,0,0,0,0,4666.666666666667,0,0.0033333333333333335,False,False,False,False,False,True,False,False,False,False,False,False,False,False,False
20500000,1650,2,1,1,0,0,0,1,0,1,1,0,0,0,1,0,5,12424.242424242424,5,0.0012121212121212121,False,False,False,False,False,True,False,False,False,False,False,False,False,False,False
8500000,1000,2,1,1,0,0,0,1,0,1,1,1,0,0,1,0,5,8500.0,5,0.002,False,False,False,False,False,True,False,False,False,False,False,False,False,False,False
23000000,2000,3,1,1,0,0,1,0,0,1,1,1,0,0,1,1,2,11500.0,2,0.0015,False,False,False,False,False,False,False,False,False,False,False,False,False,False,True
2300000,450,2,1,0,0,0,0,0,0,0,0,0,0,0,0,1,1,5111.111111111111,1,0.0044444444444444444,False,False,False,False,False,True,False,False,False,False,False,False,False,False,False
6000000,1450,3,0,0,0,0,0,0,0,1,0,0,0,0,0,0,0,4137.931034482759,0,0.0020689655172413794,False,False,False,False,False,True,False,False,False,False,False,False,False,False,False
2600000,540,2,1,0,0,0,0,0,0,0,0,0,0,0,0,1,0,4814.814814814815,0,0.003703703703703704,True,False,False,False,False,False,False,False,False,False,False,False,False,False,False
2700000,630,2,1,0,0,0,0,0,0,0,0,0,0,0,0,1,0,4285.714285714285,0,0.0031746031746031746,True,False,False,False,False,False,False,False,False,False,False,False,False,False,False
12000000,1200,3,1,0,0,0,0,1,1,1,1,0,0,0,0,1,6,10000.0,6,0.0025,False,False,False,False,False,True,False,False,False,False,False,False,False,False,False
5500000,1080,3,1,0,0,0,0,0,0,0,0,0,0,0,0,1,0,5092.592592592592,0,0.002777777777777778,True,False,False,False,False,False,False,False,False,False,False,False,False,False,False
5800000,900,3,0,0,0,0,0,0,0,0,1,0,0,0,0,1,0,6444.444444444444,0,0.0033333333333333335,False,True,False,False,False,False,False,False,False,False,False,False,False,False,False
4700000,820,3,0,0,0,0,0,0,0,0,1,0,0,0,0,1,0,5731.707317073171,0,0.003658536585365854,False,True,False,False,False,False,False,False,False,False,False,False,False,False,False
2700000,625,2,0,0,0,0,0,0,0,0,1,0,0,0,0,1,0,4320.0,0,0.0032,False,True,False,False,False,False,False,False,False,False,False,False,False,False,False
2400000,525,2,0,0,0,0,0,0,0,0,1,0,0,0,0,1,0,4571.428571428572,0,0.0038095238095238095,False,True,False,False,False,False,False,False,False,False,False,False,False,False,False
3500000,750,2,0,0,0,0,0,0,0,0,1,0,0,0,0,1,0,4666.666666666667,0,0.0026666666666666666,False,True,False,False,False,False,False,False,False,False,False,False,False,False,False
4200000,850,3,0,0,0,0,0,0,0,0,1,0,0,0,0,1,0,4941.176470588235,0,0.0035294117647058825,False,True,False,False,False,False,False,False,False,False,False,False,False,False,False
5200000,1000,3,0,1,0,1,0,0,0,0,0,0,0,0,0,1,1,5200.0,1,0.003,False,False,False,False,False,False,False,False,False,False,False,False,False,True,False
3200000,800,2,0,1,0,1,0,0,0,0,0,0,0,0,0,1,1,4000.0,1,0.0025,False,False,False,False,False,False,False,False,False,False,False,False,False,True,False
4299000,750,3,0,1,0,1,0,0,0,0,0,0,0,0,0,1,1,5732.0,1,0.004,False,False,False,False,False,False,False,False,False,False,False,False,False,True,False
3200000,800,2,0,1,0,0,0,0,0,1,1,0,0,0,0,1,0,4000.0,0,0.0025,False,True,False,False,False,False,False,False,False,False,False,False,False,False,False
2499000,700,2,0,1,0,0,0,0,0,1,1,0,0,0,0,1,0,3570.0,0,0.002857142857142857,False,True,False,False,False,False,False,False,False,False,False,False,False,False,False
4299000,750,3,0,1,0,0,0,0,0,1,1,0,0,0,0,1,0,5732.0,0,0.004,False,True,False,False,False,False,False,False,False,False,False,False,False,False,False
5200000,1000,3,0,1,0,0,0,0,0,1,1,0,0,0,0,1,0,5200.0,0,0.003,False,True,False,False,False,False,False,False,False,False,False,False,False,False,False
8900000,1400,4,0,0,0,0,0,0,0,0,0,0,0,0,0,0,0,6357.142857142857,0,0.002857142857142857,False,False,False,False,False,False,False,False,False,False,False,False,False,True,False
5500000,820,3,0,0,0,0,0,0,0,0,0,0,0,0,0,0,0,6707.317073170731,0,0.003658536585365854,False,False,False,False,False,False,False,False,False,False,False,False,False,True,False
2700000,625,2,0,0,0,0,0,0,0,0,0,0,0,0,0,0,0,4320.0,0,0.0032,False,False,False,False,False,False,False,False,False,False,False,False,False,True,False
2400000,525,2,0,0,0,0,0,0,0,0,0,0,0,0,0,0,0,4571.428571428572,0,0.0038095238095238095,False,False,False,False,False,False,False,False,False,False,False,False,False,True,False
7500000,1350,3,0,0,0,0,0,0,0,0,0,0,0,0,0,0,0,5555.555555555556,0,0.0022222222222222222,False,False,False,False,False,False,False,False,False,False,False,False,False,True,False
7000000,1250,4,0,0,0,0,0,0,0,0,0,0,0,0,0,0,0,5600.0,0,0.0032,False,False,False,False,False,False,False,False,False,False,False,False,False,True,False
3500000,750,2,0,0,0,0,0,0,0,0,0,0,0,0,0,0,0,4666.666666666667,0,0.0026666666666666666,False,False,False,False,False,False,False,False,False,False,False,False,False,True,False
4200000,850,3,0,0,0,0,0,0,0,0,0,0,0,0,0,0,0,4941.176470588235,0,0.0035294117647058825,False,False,False,False,False,False,False,False,False,False,False,False,False,True,False
16000000,1200,2,1,0,0,0,1,0,0,0,0,1,0,0,1,0,0,13333.333333333334,0,0.0016666666666666668,False,False,False,False,False,False,False,False,False,False,False,False,False,False,False
8800000,1400,3,0,0,0,0,0,0,0,1,0,0,0,0,0,0,0,6285.714285714285,0,0.002142857142857143,False,False,False,False,False,True,False,False,False,False,False,False,False,False,False
12000000,1125,3,1,0,0,0,0,0,0,0,0,0,0,0,0,0,0,10666.666666666666,0,0.0026666666666666666,False,False,False,False,False,True,False,False,False,False,False,False,False,False,False
30000000,2650,4,1,0,0,0,1,0,0,1,0,1,0,0,1,0,0,11320.754716981131,0,0.0015094339622641509,False,False,False,False,False,True,False,False,False,False,False,False,False,False,False
12300000,1300,3,1,0,0,1,1,1,0,1,0,1,0,0,1,0,2,9461.538461538461,2,0.002307692307692308,False,False,False,False,False,True,False,False,False,False,False,False,False,False,False
15000000,1200,2,1,0,0,0,1,0,0,0,0,1,0,0,1,0,0,12500.0,0,0.0016666666666666668,False,False,False,False,False,False,False,False,False,False,False,False,False,False,False
8400000,1800,2,1,0,0,0,0,0,0,0,0,0,0,0,0,0,0,4666.666666666667,0,0.0011111111111111111,False,False,False,False,False,True,False,False,False,False,False,False,False,False,False
10000000,1800,2,1,0,0,0,0,0,0,0,0,0,0,0,0,0,0,5555.555555555556,0,0.0011111111111111111,False,False,False,False,False,True,False,False,False,False,False,False,False,False,False
4199000,720,3,0,0,0,1,0,0,0,0,1,0,0,0,0,1,3,5831.944444444444,3,0.004166666666666667,False,True,False,False,False,False,False,False,False,False,False,False,False,False,False
2700000,540,2,0,0,0,1,0,0,0,0,1,0,0,0,0,1,3,5000.0,3,0.003703703703703704,False,True,False,False,False,False,False,False,False,False,False,False,False,False,False
2550000,495,2,0,0,0,1,0,0,0,0,1,0,0,0,0,1,3,5151.515151515152,3,0.00404040404040404,False,True,False,False,False,False,False,False,False,False,False,False,False,False,False
3099000,585,2,0,0,0,1,0,0,0,0,1,0,0,0,0,1,3,5297.4358974358975,3,0.003418803418803419,False,True,False,False,False,False,False,False,False,False,False,False,False,False,False
5000000,1000,3,0,0,0,1,0,0,0,0,0,0,0,0,0,1,0,5000.0,0,0.003,False,True,False,False,False,False,False,False,False,False,False,False,False,False,False
4500000,900,3,0,0,0,1,0,0,0,0,0,0,0,0,0,1,0,5000.0,0,0.0033333333333333335,False,True,False,False,False,False,False,False,False,False,False,False,False,False,False
2400000,500,2,0,0,0,1,0,0,0,0,0,0,0,0,0,1,0,4800.0,0,0.004,False,True,False,False,False,False,False,False,False,False,False,False,False,False,False
2000000,520,2,0,0,0,1,0,0,0,0,0,0,0,0,0,1,0,3846.153846153846,0,0.0038461538461538464,False,True,False,False,False,False,False,False,False,False,False,False,False,False,False
6000000,1050,3,0,0,0,1,0,0,0,0,0,0,0,0,0,1,0,5714.285714285715,0,0.002857142857142857,False,True,False,False,False,False,False,False,False,False,False,False,False,False,False
2200000,510,2,0,0,0,1,0,0,0,0,0,0,0,0,0,1,0,4313.725490196079,0,0.00392156862745098,False,True,False,False,False,False,False,False,False,False,False,False,False,False,False
6500000,1100,3,0,0,0,1,0,0,0,0,0,0,0,0,0,1,0,5909.090909090909,0,0.0027272727272727275,False,True,False,False,False,False,False,False,False,False,False,False,False,False,False
3500000,800,3,0,0,0,1,0,0,0,0,0,0,0,0,0,1,0,4375.0,0,0.00375,False,True,False,False,False,False,False,False,False,False,False,False,False,False,False
3100000,750,3,0,0,0,1,0,0,0,0,0,0,0,0,0,1,0,4133.333333333333,0,0.004,False,True,False,False,False,False,False,False,False,False,False,False,False,False,False
2800000,600,2,0,0,0,1,0,0,0,0,0,0,0,0,0,1,0,4666.666666666667,0,0.0033333333333333335,False,True,False,False,False,False,False,False,False,False,False,False,False,False,False
13600000,1600,3,1,0,0,0,1,0,0,0,0,1,0,0,1,0,0,8500.0,0,0.001875,False,False,False,False,False,False,False,False,False,False,False,False,False,False,False
11000000,1800,2,1,1,0,1,0,0,0,1,1,0,0,0,1,1,1,6111.111111111111,1,0.0011111111111111111,False,False,False,False,False,True,False,False,False,False,False,False,False,False,False
11700000,1400,3,1,0,0,0,0,0,0,0,0,0,0,0,0,0,0,8357.142857142857,0,0.002142857142857143,False,False,False,False,False,False,False,False,False,False,False,False,True,False,False
18500000,1400,3,1,0,0,0,1,0,0,0,0,1,0,0,1,0,0,13214.285714285714,0,0.002142857142857143,False,False,False,False,False,True,False,False,False,False,False,False,False,False,False
17000000,1250,2,1,0,0,0,1,0,0,0,0,1,0,0,1,0,0,13600.0,0,0.0016,False,False,False,False,False,False,False,False,False,False,False,False,False,False,False
19500000,1650,3,1,0,0,0,1,0,0,0,0,1,0,0,1,0,0,11818.181818181818,0,0.0018181818181818182,False,False,False,False,False,False,False,False,False,False,False,False,False,False,False
28000000,1800,3,1,0,0,1,1,1,0,1,0,1,1,0,1,0,0,15555.555555555555,0,0.0016666666666666668,False,False,False,False,False,True,False,False,False,False,False,False,False,False,False
20500000,1800,3,1,0,0,1,1,0,0,0,0,1,1,0,0,0,0,11388.888888888889,0,0.0016666666666666668,False,False,False,False,False,True,False,False,False,False,False,False,False,False,False
8000000,1200,3,1,0,0,0,0,0,0,0,0,0,0,0,0,0,0,6666.666666666667,0,0.0025,False,False,False,False,False,False,False,False,False,False,False,False,False,False,True
3700000,720,2,0,0,0,0,0,0,0,0,0,0,0,0,0,0,0,5138.888888888889,0,0.002777777777777778,False,False,False,False,False,False,False,False,False,False,False,False,False,False,True
3700000,720,2,0,0,0,0,0,0,0,0,0,0,0,0,0,0,0,5138.888888888889,0,0.002777777777777778,False,False,False,False,False,False,False,False,False,False,False,False,False,False,True
14500000,1550,3,1,0,0,0,0,0,0,0,0,1,0,0,1,0,0,9354.838709677419,0,0.001935483870967742,False,False,False,False,False,False,False,False,False,False,False,False,False,False,False
14500000,1550,3,1,0,0,0,0,0,0,0,0,0,0,0,0,0,0,9354.838709677419,0,0.001935483870967742,False,False,False,False,False,False,False,False,False,False,False,False,False,False,False
16500000,1450,2,1,0,0,1,1,0,0,0,0,1,0,0,1,0,0,11379.310344827587,0,0.001379310344827586,False,False,False,False,False,True,False,False,False,False,False,False,False,False,False
12800000,1800,3,1,0,0,1,1,0,0,1,0,1,0,0,1,1,0,7111.111111111111,0,0.0016666666666666668,False,False,False,False,False,True,False,False,False,False,False,False,False,False,False
14000000,1800,3,1,0,0,1,1,1,1,1,1,1,0,0,1,1,9,7777.777777777777,9,0.0016666666666666668,False,False,False,False,False,False,True,False,False,False,False,False,False,False,False
12800000,1800,3,1,0,0,1,1,0,0,1,0,1,0,0,1,1,0,7111.111111111111,0,0.0016666666666666668,False,False,False,False,False,True,False,False,False,False,False,False,False,False,False
8500000,1550,3,0,0,0,0,0,0,0,0,0,0,0,0,0,0,0,5483.870967741936,0,0.001935483870967742,False,False,False,False,False,True,False,False,False,False,False,False,False,False,False
8500000,1550,3,0,0,0,0,0,0,0,1,0,0,0,0,0,1,0,5483.870967741936,0,0.001935483870967742,False,False,False,False,False,True,False,False,False,False,False,False,False,False,False
29000000,2750,5,1,0,0,1,1,0,0,1,0,1,1,0,1,0,0,10545.454545454546,0,0.0018181818181818182,False,False,False,False,False,True,False,False,False,False,False,False,False,False,False
19000000,2250,4,1,0,0,0,0,0,0,0,0,0,0,0,0,0,1,8444.444444444445,1,0.0017777777777777779,False,False,False,False,False,True,False,False,False,False,False,False,False,False,False
14500000,1800,3,1,0,0,0,0,0,0,0,0,0,0,0,0,0,0,8055.555555555556,0,0.0016666666666666668,False,False,False,False,False,True,False,False,False,False,False,False,False,False,False
7500000,1250,3,1,0,0,0,0,0,0,0,0,0,0,0,0,1,0,6000.0,0,0.0024,False,False,False,False,False,False,False,False,False,False,False,False,False,False,True
4500000,850,2,1,0,0,0,0,0,0,0,0,0,0,0,0,1,0,5294.117647058823,0,0.002352941176470588,False,False,False,False,False,False,False,False,False,False,False,False,False,False,True
4500000,850,2,0,0,0,0,0,0,0,0,0,0,0,0,0,0,0,5294.117647058823,0,0.002352941176470588,False,False,False,False,False,False,False,False,False,False,False,False,False,False,True
7500000,1150,2,0,0,0,0,0,0,0,0,0,1,0,0,0,1,0,6521.739130434783,0,0.0017391304347826088,False,False,False,False,False,False,False,False,False,False,False,False,False,False,True
6500000,1000,3,0,0,0,0,0,0,0,0,0,0,0,0,0,0,0,6500.0,0,0.003,False,False,False,False,False,False,False,False,False,False,False,False,False,False,True
7500000,1170,3,0,0,0,0,0,0,0,0,0,0,0,0,0,0,0,6410.25641025641,0,0.002564102564102564,False,False,False,False,False,False,False,False,False,False,False,False,False,False,True
7000000,1100,3,0,0,0,0,0,0,0,0,0,0,0,0,0,0,0,6363.636363636364,0,0.0027272727272727275,False,False,False,False,False,False,False,False,False,False,False,False,False,False,True
7500000,1200,3,1,0,0,0,0,0,0,0,0,0,0,0,0,0,0,6250.0,0,0.0025,False,False,False,False,False,False,False,False,False,False,False,False,False,False,True
15000000,2000,4,0,0,0,0,0,0,0,0,0,0,0,0,0,0,0,7500.0,0,0.002,False,False,False,False,False,False,False,False,False,False,False,False,False,False,True
4400000,750,2,0,0,0,0,0,0,0,0,0,0,0,0,0,0,0,5866.666666666667,0,0.0026666666666666666,False,False,False,False,False,False,False,False,False,False,False,False,False,False,True
5500000,900,3,1,0,0,0,0,0,0,0,0,0,0,0,0,0,0,6111.111111111111,0,0.0033333333333333335,False,False,False,False,False,False,False,False,False,False,False,False,False,False,True
5500000,900,3,1,0,0,0,0,0,0,0,0,0,0,0,0,0,0,6111.111111111111,0,0.0033333333333333335,False,False,False,False,False,False,False,False,False,False,False,False,False,False,True
17000000,1350,2,1,0,0,1,1,1,0,1,0,1,0,0,1,0,2,12592.592592592593,2,0.0014814814814814814,False,False,False,False,False,True,False,False,False,False,False,False,False,False,False
18000000,1500,2,1,0,0,1,1,0,0,0,0,1,0,0,0,0,0,12000.0,0,0.0013333333333333333,False,False,False,False,False,True,False,False,False,False,False,False,False,False,False
13000000,1900,3,1,0,0,1,1,1,0,1,0,1,0,0,1,1,1,6842.105263157895,1,0.0015789473684210526,False,False,False,False,False,True,False,False,False,False,False,False,False,False,False
16000000,2600,4,0,0,0,0,0,0,0,1,0,0,0,0,0,1,0,6153.846153846154,0,0.0015384615384615385,False,False,False,False,False,True,False,False,False,False,False,False,False,False,False
3300000,220,1,1,0,0,0,0,0,0,0,0,0,0,0,0,0,0,15000.0,0,0.004545454545454545,False,False,False,False,False,True,False,False,False,False,False,False,False,False,False
3300000,200,1,1,0,0,0,0,0,0,0,0,0,0,0,0,0,0,16500.0,0,0.005,False,False,False,False,False,True,False,False,False,False,False,False,False,False,False
3300000,210,1,1,0,0,0,0,0,0,0,0,0,0,0,0,0,0,15714.285714285714,0,0.004761904761904762,False,False,False,False,False,True,False,False,False,False,False,False,False,False,False
3300000,750,2,1,0,0,0,0,0,0,0,0,0,0,0,0,0,0,4400.0,0,0.0026666666666666666,False,False,False,False,False,True,False,False,False,False,False,False,False,False,False
3350000,220,1,1,0,0,0,0,0,0,0,0,0,0,0,0,0,0,15227.272727272728,0,0.004545454545454545,False,False,False,False,False,True,False,False,False,False,False,False,False,False,False
32500000,1800,3,1,1,0,0,1,0,0,1,1,1,0,0,1,1,2,18055.555555555555,2,0.0016666666666666668,False,False,False,False,False,False,False,False,False,False,False,False,False,False,True
6000000,1350,2,1,0,0,0,0,0,0,0,0,0,0,0,0,0,0,4444.444444444444,0,0.0014814814814814814,False,False,False,False,False,True,False,False,False,False,False,False,False,False,False
5500000,1300,3,1,0,0,0,1,0,0,0,1,1,0,0,0,1,1,4230.7692307692305,1,0.002307692307692308,False,False,False,False,False,True,False,False,False,False,False,False,False,False,False
4800000,1300,3,0,0,0,0,0,0,0,0,1,1,0,0,0,1,1,3692.3076923076924,1,0.002307692307692308,False,False,False,False,False,True,False,False,False,False,False,False,False,False,False
4400000,1450,3,0,0,0,0,0,0,0,0,1,1,0,0,0,1,1,3034.4827586206898,1,0.0020689655172413794,False,False,False,False,False,True,False,False,False,False,False,False,False,False,False
8395000,531,2,1,0,0,0,0,0,0,0,0,0,0,0,0,0,0,15809.792843691148,0,0.003766478342749529,False,False,False,False,False,True,False,False,False,False,False,False,False,False,False
5300000,1500,3,0,0,0,0,0,0,0,0,0,1,0,0,0,1,1,3533.3333333333335,1,0.002,False,False,False,False,False,True,False,False,False,False,False,False,False,False,False
17500000,1250,2,1,0,0,0,0,0,0,0,0,0,0,0,0,0,0,14000.0,0,0.0016,False,False,False,False,False,False,False,False,False,False,False,False,False,False,True
4000000,900,2,0,0,0,0,0,0,0,0,0,0,0,0,0,1,0,4444.444444444444,0,0.0022222222222222222,False,False,False,False,False,True,False,False,False,False,False,False,False,False,False
22500000,1750,3,1,0,0,0,0,0,0,0,0,1,1,0,1,0,0,12857.142857142857,0,0.0017142857142857142,False,False,False,False,False,True,False,False,False,False,False,False,False,False,False
27000000,3260,4,1,0,0,1,1,0,0,1,0,1,1,0,1,0,1,8282.208588957055,1,0.001226993865030675,False,False,False,False,False,True,False,False,False,False,False,False,False,False,False
26000000,3450,3,1,0,0,1,1,0,0,0,0,1,1,0,1,0,6,7536.231884057971,6,0.0008695652173913044,False,False,False,False,False,True,False,False,False,False,False,False,False,False,False
21000000,2200,4,1,0,0,1,1,0,0,1,0,1,1,0,1,0,1,9545.454545454546,1,0.0018181818181818182,False,False,False,False,False,True,False,False,False,False,False,False,False,False,False
20000000,1750,3,1,0,0,1,1,0,0,0,0,1,0,0,1,0,1,11428.57142857143,1,0.0017142857142857142,False,False,False,False,False,True,False,False,False,False,False,False,False,False,False
21500000,1750,2,1,0,0,1,1,0,0,0,0,1,0,0,0,0,0,12285.714285714286,0,0.001142857142857143,False,False,False,False,False,True,False,False,False,False,False,False,False,False,False
21000000,1600,3,1,0,0,1,0,0,0,0,0,1,1,0,1,0,1,13125.0,1,0.001875,False,False,False,False,False,True,False,False,False,False,False,False,False,False,False
18500000,1350,3,1,0,0,1,0,0,0,0,0,1,0,0,1,0,0,13703.703703703704,0,0.0022222222222222222,False,False,False,False,False,True,False,False,False,False,False,False,False,False,False
20000000,2160,3,1,0,0,1,1,1,0,0,0,1,1,0,1,0,8,9259.25925925926,8,0.001388888888888889,False,False,False,False,False,True,False,False,False,False,False,False,False,False,False
29000000,2500,4,1,0,0,1,1,0,0,0,0,1,1,0,1,0,0,11600.0,0,0.0016,False,False,False,False,False,True,False,False,False,False,False,False,False,False,False
30000000,2850,4,1,0,0,1,1,1,0,0,0,1,0,0,1,0,0,10526.315789473685,0,0.0014035087719298245,False,False,False,False,False,True,False,False,False,False,False,False,False,False,False
16000000,1650,3,1,0,0,0,1,0,0,0,0,1,0,0,0,0,0,9696.969696969696,0,0.0018181818181818182,False,False,False,False,False,True,False,False,False,False,False,False,False,False,False
28200000,1880,3,1,0,0,1,0,0,0,0,0,1,1,0,0,0,0,15000.0,0,0.0015957446808510637,False,False,False,False,False,True,False,False,False,False,False,False,False,False,False
6500000,1160,3,0,0,0,0,0,0,0,0,0,0,0,0,0,1,0,5603.448275862069,0,0.002586206896551724,False,False,False,False,False,True,False,False,False,False,False,False,False,False,False
4000000,900,2,0,0,0,0,0,0,0,0,0,0,0,0,0,0,0,4444.444444444444,0,0.0022222222222222222,False,False,False,False,False,True,False,False,False,False,False,False,False,False,False
2499000,700,2,0,1,0,1,0,0,0,0,0,0,0,0,0,1,1,3570.0,1,0.002857142857142857,False,False,False,False,False,False,False,False,False,False,False,False,False,True,False
3000000,750,2,0,0,0,0,0,0,0,0,0,0,0,0,0,0,0,4000.0,0,0.0026666666666666666,False,False,False,False,False,True,False,False,False,False,False,False,False,False,False
11000000,1100,2,1,1,0,1,0,0,0,1,1,1,0,0,0,0,3,10000.0,3,0.0018181818181818182,False,False,False,False,False,True,False,False,False,False,False,False,False,False,False
15500000,1650,2,1,0,0,0,0,0,0,0,1,1,0,0,1,0,0,9393.939393939394,0,0.0012121212121212121,False,False,False,False,False,True,False,False,False,False,False,False,False,False,False
5700000,1125,3,1,0,0,0,0,0,0,0,0,0,0,0,0,1,0,5066.666666666667,0,0.0026666666666666666,False,False,False,False,False,True,False,False,False,False,False,False,False,False,False
7500000,650,1,1,1,0,1,1,0,0,1,1,1,0,0,1,1,8,11538.461538461539,8,0.0015384615384615385,False,False,False,False,False,False,False,False,False,False,False,False,False,False,True
13000000,1100,2,1,1,0,0,1,0,0,1,1,1,0,0,1,1,2,11818.181818181818,2,0.0018181818181818182,False,False,False,False,False,False,False,False,False,False,False,False,False,False,True
8500000,650,1,1,1,0,0,1,0,0,1,1,1,0,0,1,1,2,13076.923076923076,2,0.0015384615384615385,False,False,False,False,False,False,False,False,False,False,False,False,False,False,True
11700000,1500,3,1,0,0,1,1,1,0,1,0,1,0,0,1,0,1,7800.0,1,0.002,False,False,False,False,False,False,False,False,False,False,False,False,True,False,False
2100000,450,1,1,0,0,0,0,0,0,0,0,0,0,0,0,0,0,4666.666666666667,0,0.0022222222222222222,False,False,False,False,False,True,False,False,False,False,False,False,False,False,False
3500000,600,2,1,0,0,0,0,0,0,0,0,0,0,0,0,0,0,5833.333333333333,0,0.0033333333333333335,False,False,False,False,False,True,False,False,False,False,False,False,False,False,False
4400000,800,3,1,0,0,1,0,0,0,0,0,1,0,0,0,1,0,5500.0,0,0.00375,False,False,False,False,False,True,False,False,False,False,False,False,False,False,False
6700000,1125,3,1,0,0,0,0,0,0,0,0,1,0,0,1,0,1,5955.555555555556,1,0.0026666666666666666,False,False,False,False,False,True,False,False,False,False,False,False,False,False,False
2100000,450,1,1,0,0,0,0,0,0,0,0,0,0,0,0,0,0,4666.666666666667,0,0.0022222222222222222,False,False,False,False,False,True,False,False,False,False,False,False,False,False,False
4600000,500,1,1,0,0,0,0,0,0,0,0,0,0,0,0,0,0,9200.0,0,0.002,False,False,False,False,False,True,False,False,False,False,False,False,False,False,False
4500000,800,3,1,0,0,0,0,0,0,0,0,0,0,0,0,1,0,5625.0,0,0.00375,False,False,False,False,False,True,False,False,False,False,False,False,False,False,False
9000000,1000,2,1,0,0,1,1,1,0,1,0,0,0,0,1,0,2,9000.0,2,0.002,False,False,False,False,False,True,False,False,False,False,False,False,False,False,False
2000000,495,2,0,0,0,0,0,0,0,0,1,0,0,0,0,1,0,4040.40404040404,0,0.00404040404040404,False,True,False,False,False,False,False,False,False,False,False,False,False,False,False
8000000,1215,4,1,0,0,0,0,0,0,0,0,0,0,0,0,1,0,6584.3621399176955,0,0.0032921810699588477,False,False,False,False,False,True,False,False,False,False,False,False,False,False,False
5100000,1500,3,0,0,0,0,0,0,0,0,0,1,0,0,0,1,1,3400.0,1,0.002,False,False,False,False,False,True,False,False,False,False,False,False,False,False,False
13000000,1500,3,1,1,0,0,1,1,1,1,0,0,0,0,1,1,4,8666.666666666666,4,0.002,False,False,False,False,False,True,False,False,False,False,False,False,False,False,False
11500000,1440,4,1,0,0,1,0,0,0,0,0,0,0,0,0,1,0,7986.111111111111,0,0.002777777777777778,False,False,False,False,False,True,False,False,False,False,False,False,False,False,False
3000000,750,3,0,0,0,1,0,0,0,0,1,0,0,0,0,1,0,4000.0,0,0.004,False,True,False,False,False,False,False,False,False,False,False,False,False,False,False
3071000,818,2,0,0,0,0,0,0,0,0,0,1,0,0,0,1,1,3754.278728606357,1,0.0024449877750611247,False,False,False,False,False,True,False,False,False,False,False,False,False,False,False
3300000,845,2,0,0,0,0,0,0,0,0,0,1,0,0,0,1,1,3905.3254437869823,1,0.002366863905325444,False,False,False,False,False,True,False,False,False,False,False,False,False,False,False
18500000,1550,3,1,0,0,0,0,0,0,0,0,1,0,0,1,1,0,11935.483870967742,0,0.001935483870967742,False,False,False,False,False,False,False,False,False,False,False,False,False,False,True
19000000,1650,3,1,0,0,0,0,0,0,0,0,1,0,0,1,1,0,11515.151515151516,0,0.0018181818181818182,False,False,False,False,False,False,False,False,False,False,False,False,False,False,True
14500000,1100,2,1,0,0,0,0,0,0,0,0,1,0,0,1,1,0,13181.818181818182,0,0.0018181818181818182,False,False,False,False,False,False,False,False,False,False,False,False,False,False,True
22500000,1650,3,1,0,0,0,0,0,0,0,0,1,0,0,1,1,0,13636.363636363636,0,0.0018181818181818182,False,False,False,False,False,False,False,False,False,False,False,False,False,False,True
6500000,550,1,1,0,0,1,1,1,0,0,0,0,0,0,1,1,5,11818.181818181818,5,0.0018181818181818182,False,False,False,False,False,False,False,False,False,False,False,False,False,False,True
7000000,581,1,1,0,0,0,0,0,0,0,1,1,1,0,1,1,4,12048.192771084337,4,0.0017211703958691911,False,False,False,False,False,False,False,False,False,False,False,False,False,False,True
4500000,1250,3,1,0,0,0,0,0,0,0,0,1,0,0,0,1,0,3600.0,0,0.0024,False,False,False,False,False,True,False,False,False,False,False,False,False,False,False
5999000,1350,3,1,0,0,0,0,0,0,0,0,1,0,0,0,1,0,4443.7037037037035,0,0.0022222222222222222,False,False,False,False,False,True,False,False,False,False,False,False,False,False,False
22500000,1350,2,1,0,0,1,1,0,0,1,0,1,1,0,1,1,0,16666.666666666668,0,0.0014814814814814814,False,False,False,False,False,True,False,False,False,False,False,False,False,False,False
7200000,580,1,1,0,0,0,0,0,0,0,0,1,1,0,0,1,5,12413.793103448275,5,0.0017241379310344827,False,False,False,False,False,False,False,False,False,False,False,False,False,False,True
5100000,1500,3,0,0,0,0,0,0,0,0,0,1,0,0,0,1,1,3400.0,1,0.002,False,False,False,False,False,True,False,False,False,False,False,False,False,False,False
13000000,1500,3,1,1,0,0,1,1,1,1,0,0,0,0,1,1,4,8666.666666666666,4,0.002,False,False,False,False,False,True,False,False,False,False,False,False,False,False,False
11500000,1440,4,1,0,0,1,0,0,0,0,0,0,0,0,0,1,0,7986.111111111111,0,0.002777777777777778,False,False,False,False,False,True,False,False,False,False,False,False,False,False,False
3000000,750,3,0,0,0,1,0,0,0,0,1,0,0,0,0,1,0,4000.0,0,0.004,False,True,False,False,False,False,False,False,False,False,False,False,False,False,False
17500000,1200,3,1,1,0,0,1,0,0,1,1,1,0,0,1,1,2,14583.333333333334,2,0.0025,False,False,False,False,False,False,False,False,False,False,False,False,False,False,True
47500000,2500,4,1,0,0,0,0,0,0,0,0,1,0,0,0,1,0,19000.0,0,0.0016,False,False,False,False,False,True,False,False,False,False,False,False,False,False,False
4900000,1475,3,0,0,0,0,0,0,0,0,0,1,0,0,0,1,1,3322.0338983050847,1,0.002033898305084746,False,False,False,False,False,True,False,False,False,False,False,False,False,False,False
2600000,833,2,0,0,0,0,0,0,0,0,0,1,0,0,0,1,1,3121.24849939976,1,0.0024009603841536613,False,False,False,False,False,True,False,False,False,False,False,False,False,False,False
2800000,850,2,0,0,0,0,0,0,0,0,0,1,0,0,0,1,1,3294.1176470588234,1,0.002352941176470588,False,False,False,False,False,True,False,False,False,False,False,False,False,False,False
2500000,900,2,0,0,0,0,0,0,0,0,1,1,0,0,0,1,1,2777.777777777778,1,0.0022222222222222222,False,False,False,False,False,True,False,False,False,False,False,False,False,False,False
4351000,1450,3,0,0,0,0,0,0,0,0,1,1,0,0,0,1,1,3000.689655172414,1,0.0020689655172413794,False,False,False,False,False,True,False,False,False,False,False,False,False,False,False
2900000,799,2,1,0,0,0,1,0,0,0,1,1,0,0,0,1,1,3629.5369211514394,1,0.0025031289111389237,False,False,False,False,False,True,False,False,False,False,False,False,False,False,False
4300000,1400,3,0,0,0,0,0,0,0,0,0,1,0,0,0,1,1,3071.4285714285716,1,0.002142857142857143,False,False,False,False,False,True,False,False,False,False,False,False,False,False,False
4699000,1300,3,0,0,0,0,0,0,0,0,0,1,0,0,0,1,1,3614.6153846153848,1,0.002307692307692308,False,False,False,False,False,True,False,False,False,False,False,False,False,False,False
3500000,765,3,0,0,0,1,0,0,0,0,1,0,0,0,0,1,0,4575.16339869281,0,0.00392156862745098,False,True,False,False,False,False,False,False,False,False,False,False,False,False,False
3000000,750,3,0,0,0,1,0,0,0,0,1,0,0,0,0,1,0,4000.0,0,0.004,False,True,False,False,False,False,False,False,False,False,False,False,False,False,False
2000000,450,1,0,0,0,0,0,0,0,0,1,0,0,0,0,1,0,4444.444444444444,0,0.0022222222222222222,False,True,False,False,False,False,False,False,False,False,False,False,False,False,False
14800000,1030,3,0,0,0,0,0,0,0,0,0,0,0,0,0,0,0,14368.932038834952,0,0.002912621359223301,False,False,False,False,False,True,False,False,False,False,False,False,False,False,False
15500000,1025,3,0,0,0,0,0,0,0,0,0,0,0,0,0,0,0,15121.951219512195,0,0.002926829268292683,False,False,False,False,False,True,False,False,False,False,False,False,False,False,False
15500000,1025,3,0,0,0,0,0,0,0,0,0,0,0,0,0,0,0,15121.951219512195,0,0.002926829268292683,False,False,False,False,False,True,False,False,False,False,False,False,False,False,False
16000000,1400,3,0,0,0,0,0,0,0,0,0,0,0,0,0,0,0,11428.57142857143,0,0.002142857142857143,False,False,False,False,False,True,False,False,False,False,False,False,False,False,False
15500000,1035,3,0,0,0,0,0,0,0,0,0,0,0,0,0,0,0,14975.845410628019,0,0.002898550724637681,False,False,False,False,False,True,False,False,False,False,False,False,False,False,False
15000000,1025,3,0,0,0,0,0,0,0,0,0,0,0,0,0,0,0,14634.146341463415,0,0.002926829268292683,False,False,False,False,False,True,False,False,False,False,False,False,False,False,False
14800000,1030,3,0,0,0,0,0,0,0,0,0,0,0,0,0,0,0,14368.932038834952,0,0.002912621359223301,False,False,False,False,False,True,False,False,False,False,False,False,False,False,False
15000000,1025,3,0,0,0,0,0,0,0,0,0,0,0,0,0,0,0,14634.146341463415,0,0.002926829268292683,False,False,False,False,False,True,False,False,False,False,False,False,False,False,False
16000000,1400,3,0,0,0,0,0,0,0,0,0,0,0,0,0,0,0,11428.57142857143,0,0.002142857142857143,False,False,False,False,False,True,False,False,False,False,False,False,False,False,False
14800000,1030,3,0,0,0,0,0,0,0,0,0,0,0,0,0,0,0,14368.932038834952,0,0.002912621359223301,False,False,False,False,False,True,False,False,False,False,False,False,False,False,False
15500000,1025,3,0,0,0,0,0,0,0,0,0,0,0,0,0,0,0,15121.951219512195,0,0.002926829268292683,False,False,False,False,False,True,False,False,False,False,False,False,False,False,False
14800000,1030,3,0,0,0,0,0,0,0,0,0,0,0,0,0,0,0,14368.932038834952,0,0.002912621359223301,False,False,False,False,False,True,False,False,False,False,False,False,False,False,False
14800000,1030,3,0,0,0,0,0,0,0,0,0,0,0,0,0,0,0,14368.932038834952,0,0.002912621359223301,False,False,False,False,False,True,False,False,False,False,False,False,False,False,False
14800000,1030,3,0,0,0,0,0,0,0,0,0,0,0,0,0,0,0,14368.932038834952,0,0.002912621359223301,False,False,False,False,False,True,False,False,False,False,False,False,False,False,False
15500000,1035,3,0,0,0,0,0,0,0,0,0,0,0,0,0,0,0,14975.845410628019,0,0.002898550724637681,False,False,False,False,False,True,False,False,False,False,False,False,False,False,False
15500000,1025,3,0,0,0,0,0,0,0,0,0,0,0,0,0,0,0,15121.951219512195,0,0.002926829268292683,False,False,False,False,False,True,False,False,False,False,False,False,False,False,False
15500000,1025,3,0,0,0,0,0,0,0,0,0,0,0,0,0,0,0,15121.951219512195,0,0.002926829268292683,False,False,False,False,False,True,False,False,False,False,False,False,False,False,False
15500000,1035,3,0,0,0,0,0,0,0,0,0,0,0,0,0,0,0,14975.845410628019,0,0.002898550724637681,False,False,False,False,False,True,False,False,False,False,False,False,False,False,False
15500000,1035,3,0,0,0,0,0,0,0,0,0,0,0,0,0,0,0,14975.845410628019,0,0.002898550724637681,False,False,False,False,False,True,False,False,False,False,False,False,False,False,False
15500000,1035,3,0,0,0,0,0,0,0,0,0,0,0,0,0,0,0,14975.845410628019,0,0.002898550724637681,False,False,False,False,False,True,False,False,False,False,False,False,False,False,False
15500000,1025,3,0,0,0,0,0,0,0,0,0,0,0,0,0,0,0,15121.951219512195,0,0.002926829268292683,False,False,False,False,False,True,False,False,False,False,False,False,False,False,False
15500000,1035,3,0,0,0,0,0,0,0,0,0,0,0,0,0,0,0,14975.845410628019,0,0.002898550724637681,False,False,False,False,False,True,False,False,False,False,False,False,False,False,False
8000000,1125,3,1,0,0,0,0,0,0,0,0,1,0,0,0,1,0,7111.111111111111,0,0.0026666666666666666,False,False,False,False,False,True,False,False,False,False,False,False,False,False,False
17500000,1350,2,1,0,0,0,0,0,0,0,0,1,1,0,1,0,7,12962.962962962964,7,0.0014814814814814814,False,False,False,False,False,False,False,False,False,False,False,False,False,False,False
19500000,1650,3,1,0,0,0,0,0,0,0,0,1,0,0,1,0,0,11818.181818181818,0,0.0018181818181818182,False,False,False,False,False,False,False,False,False,False,False,False,False,False,False
23000000,1650,3,1,0,0,0,0,0,0,0,0,0,0,0,1,0,0,13939.39393939394,0,0.0018181818181818182,False,False,False,False,False,True,False,False,False,False,False,False,False,False,False
17500000,1350,3,1,0,0,0,0,0,0,0,0,1,0,0,1,0,0,12962.962962962964,0,0.0022222222222222222,False,False,False,False,False,False,False,False,False,False,False,False,False,False,False
18500000,1400,3,1,0,0,0,1,0,0,0,0,1,0,0,1,0,0,13214.285714285714,0,0.002142857142857143,False,False,False,False,False,False,False,False,False,False,False,False,False,False,False
13500000,900,2,1,0,0,0,0,0,0,0,1,1,0,0,0,0,1,15000.0,1,0.0022222222222222222,False,False,False,False,False,True,False,False,False,False,False,False,False,False,False
2500000,410,1,1,0,0,0,0,0,0,0,0,0,0,0,0,0,1,6097.5609756097565,1,0.0024390243902439024,False,False,False,False,False,True,False,False,False,False,False,False,False,False,False
12500000,1700,3,1,1,0,1,0,1,1,1,1,0,0,0,1,1,9,7352.941176470588,9,0.0017647058823529412,False,False,False,False,False,False,False,False,False,False,False,False,True,False,False
11399999,1800,3,1,0,0,1,1,1,1,1,1,1,0,0,1,1,2,6333.332777777778,2,0.0016666666666666668,False,False,False,False,False,False,False,False,True,False,False,False,False,False,False
40000000,2600,3,1,1,0,1,1,1,0,1,1,1,0,0,1,1,2,15384.615384615385,2,0.001153846153846154,False,False,False,False,False,False,False,False,False,False,False,False,False,False,True
21000000,1700,2,1,1,0,1,1,1,0,1,1,1,0,0,1,1,2,12352.941176470587,2,0.001176470588235294,False,False,False,False,False,False,False,False,False,False,False,False,False,False,True
22000000,1350,3,1,0,0,1,0,0,0,1,0,1,0,0,1,1,0,16296.296296296296,0,0.0022222222222222222,False,False,False,False,False,True,False,False,False,False,False,False,False,False,False
30000000,2200,2,1,1,0,1,1,1,0,1,1,1,0,0,1,1,2,13636.363636363636,2,0.0009090909090909091,False,False,False,False,False,False,False,False,False,False,False,False,False,False,True
8000000,580,1,1,1,0,0,0,1,0,1,1,1,1,0,1,1,5,13793.103448275862,5,0.0017241379310344827,False,False,False,False,False,False,False,False,False,False,False,False,False,False,True
29000000,1800,3,1,1,0,0,1,0,0,1,1,1,0,0,1,1,2,16111.111111111111,2,0.0016666666666666668,False,False,False,False,False,False,False,False,False,False,False,False,False,False,True
14000000,1100,2,1,1,0,0,1,1,0,1,1,1,0,0,1,1,2,12727.272727272728,2,0.0018181818181818182,False,False,False,False,False,False,False,False,False,False,False,False,False,False,True
75000000,2000,3,1,1,0,1,1,1,0,1,1,1,0,0,1,1,2,37500.0,2,0.0015,False,False,False,False,False,False,False,False,False,False,False,False,False,False,True
17000000,1150,2,1,1,0,0,1,1,1,1,1,1,0,0,1,0,5,14782.608695652174,5,0.0017391304347826088,False,False,False,False,False,True,False,False,False,False,False,False,False,False,False
7500000,650,1,1,1,0,0,1,0,0,1,1,1,1,0,1,1,7,11538.461538461539,7,0.0015384615384615385,False,False,False,False,False,False,False,False,False,False,False,False,False,False,True
16000000,1100,1,1,1,0,1,1,1,0,1,1,1,1,0,1,1,8,14545.454545454546,8,0.0009090909090909091,False,False,False,False,False,False,False,False,False,False,False,False,False,False,True
16000000,1300,2,1,1,0,0,1,0,0,1,1,1,0,0,1,1,2,12307.692307692309,2,0.0015384615384615385,False,False,False,False,False,False,False,False,False,False,False,False,False,False,True
11500000,1050,1,1,1,0,0,1,0,0,1,1,0,0,0,1,1,2,10952.380952380952,2,0.0009523809523809524,False,False,False,False,False,False,False,False,False,False,False,False,False,False,True
9000000,1500,4,0,0,0,0,0,0,0,0,1,0,0,0,0,1,0,6000.0,0,0.0026666666666666666,False,False,False,False,False,False,False,False,False,False,False,False,False,True,False
8900000,1400,4,0,0,0,0,0,0,0,0,1,0,0,0,0,1,0,6357.142857142857,0,0.002857142857142857,False,False,False,False,False,False,False,False,False,False,False,False,False,True,False
4700000,820,3,0,0,0,0,0,0,0,0,1,0,0,0,0,1,0,5731.707317073171,0,0.003658536585365854,False,False,False,False,False,False,False,False,False,False,False,False,False,True,False
2700000,625,2,0,0,0,0,0,0,0,0,1,0,0,0,0,1,0,4320.0,0,0.0032,False,False,False,False,False,False,False,False,False,False,False,False,False,True,False
2400000,525,2,0,0,0,0,0,0,0,0,1,0,0,0,0,1,0,4571.428571428572,0,0.0038095238095238095,False,False,False,False,False,False,False,False,False,False,False,False,False,True,False
7500000,1350,3,0,0,0,0,0,0,0,0,1,0,0,0,0,1,0,5555.555555555556,0,0.0022222222222222222,False,False,False,False,False,False,False,False,False,False,False,False,False,True,False
3500000,750,2,0,0,0,0,0,0,0,0,1,0,0,0,0,1,0,4666.666666666667,0,0.0026666666666666666,False,False,False,False,False,False,False,False,False,False,False,False,False,True,False
4200000,850,3,0,0,0,0,0,0,0,0,1,0,0,0,0,1,0,4941.176470588235,0,0.0035294117647058825,False,False,False,False,False,False,False,False,False,False,False,False,False,True,False
12000000,1100,2,1,1,0,0,0,1,0,1,1,0,0,0,0,1,1,10909.09090909091,1,0.0018181818181818182,False,False,False,False,False,False,False,False,False,False,False,False,False,False,True
12000000,1000,2,1,0,0,0,0,0,0,0,1,1,0,0,1,0,0,12000.0,0,0.002,False,False,False,False,False,True,False,False,False,False,False,False,False,False,False
12500000,900,2,1,0,0,0,0,0,0,1,1,0,0,0,0,0,0,13888.888888888889,0,0.0022222222222222222,False,False,False,False,False,True,False,False,False,False,False,False,False,False,False
12000000,950,2,1,0,0,0,0,0,0,0,1,1,0,0,0,0,0,12631.578947368422,0,0.002105263157894737,False,False,False,False,False,True,False,False,False,False,False,False,False,False,False
6900000,1565,3,1,0,0,0,1,0,0,0,0,0,0,0,1,0,0,4408.945686900958,0,0.0019169329073482429,False,False,False,False,False,True,False,False,False,False,False,False,False,False,False
2300000,450,1,1,0,0,1,0,0,0,0,0,1,0,0,0,1,0,5111.111111111111,0,0.0022222222222222222,False,False,False,False,False,True,False,False,False,False,False,False,False,False,False
4200000,675,3,1,0,0,1,0,0,0,0,0,1,0,0,0,1,0,6222.222222222223,0,0.0044444444444444444,False,False,False,False,False,True,False,False,False,False,False,False,False,False,False
19000000,1400,3,1,0,0,0,0,0,0,0,0,1,0,0,0,0,0,13571.42857142857,0,0.002142857142857143,False,False,False,False,False,True,False,False,False,False,False,False,False,False,False
18000000,1500,3,1,0,0,0,0,0,0,0,1,0,0,0,0,1,0,12000.0,0,0.002,False,False,False,False,False,True,False,False,False,False,False,False,False,False,False
8499000,750,2,1,0,0,0,0,0,0,1,1,0,0,0,0,0,0,11332.0,0,0.0026666666666666666,False,False,False,False,False,True,False,False,False,False,False,False,False,False,False
3200000,750,2,1,0,0,0,0,0,0,0,0,0,0,0,0,0,0,4266.666666666667,0,0.0026666666666666666,False,False,False,False,False,True,False,False,False,False,False,False,False,False,False
40000000,1485,3,1,0,0,0,0,0,0,0,1,0,0,0,0,0,0,26936.026936026938,0,0.00202020202020202,False,False,False,False,False,True,False,False,False,False,False,False,False,False,False
5700000,1125,3,1,0,0,0,0,0,0,0,0,0,0,0,0,1,0,5066.666666666667,0,0.0026666666666666666,False,False,False,False,False,True,False,False,False,False,False,False,False,False,False
32500000,1800,3,1,0,0,1,1,1,0,1,1,0,1,0,1,1,2,18055.555555555555,2,0.0016666666666666668,False,False,False,False,False,True,False,False,False,False,False,False,False,False,False
5000000,810,3,1,0,0,0,0,0,0,1,0,0,0,0,0,1,0,6172.83950617284,0,0.003703703703703704,False,False,False,False,False,False,False,False,False,False,False,False,False,True,False
6200000,900,3,1,0,0,1,0,0,0,0,0,0,0,0,0,1,0,6888.888888888889,0,0.0033333333333333335,False,False,False,False,False,False,False,False,False,False,False,False,False,True,False
5200000,765,3,1,0,0,1,0,0,0,0,0,0,0,0,0,1,0,6797.385620915033,0,0.00392156862745098,False,False,False,False,False,False,False,False,False,False,False,False,False,True,False
41800000,2550,4,1,1,1,1,1,1,1,1,1,1,1,0,1,1,9,16392.156862745098,9,0.001568627450980392,False,False,False,False,False,True,False,False,False,False,False,False,False,False,False
5100000,1125,2,1,0,0,0,0,0,0,0,0,0,0,0,0,0,0,4533.333333333333,0,0.0017777777777777779,False,False,False,False,False,True,False,False,False,False,False,False,False,False,False
5233000,1300,3,1,0,0,0,1,0,0,0,0,0,0,0,1,0,0,4025.3846153846152,0,0.002307692307692308,False,False,False,False,False,True,False,False,False,False,False,False,False,False,False
36000000,2250,3,1,1,1,1,1,1,1,1,1,1,1,0,1,1,10,16000.0,10,0.0013333333333333333,False,False,False,False,False,True,False,False,False,False,False,False,False,False,False
25000000,1560,3,1,0,0,1,1,0,0,1,0,1,0,0,1,1,0,16025.641025641025,0,0.0019230769230769232,False,False,False,False,False,True,False,False,False,False,False,False,False,False,False
9000000,650,1,1,1,0,0,1,1,0,1,1,1,0,0,1,1,2,13846.153846153846,2,0.0015384615384615385,False,False,False,False,False,False,False,False,False,False,False,False,False,False,True
18500000,1700,3,1,1,0,0,1,1,0,1,1,1,0,0,1,1,2,10882.35294117647,2,0.0017647058823529412,False,False,False,False,False,False,False,False,False,False,False,False,False,False,True
2868000,562,2,1,0,0,0,0,0,0,0,0,0,0,0,0,0,0,5103.202846975089,0,0.0035587188612099642,False,False,False,False,False,True,False,False,False,False,False,False,False,False,False
21500000,2100,4,1,0,0,1,1,1,0,1,0,1,1,0,1,1,9,10238.095238095239,9,0.0019047619047619048,False,False,False,False,False,False,False,False,False,False,False,False,True,False,False
21000000,1800,3,1,0,0,1,1,1,0,1,0,1,1,0,1,1,9,11666.666666666666,9,0.0016666666666666668,False,False,False,False,False,False,False,False,False,False,False,False,True,False,False
18000000,1500,3,1,0,0,1,1,1,0,1,0,1,1,0,1,1,9,12000.0,9,0.002,False,False,False,False,False,False,False,False,False,False,False,False,True,False,False
13799999,1500,3,1,0,0,1,1,1,0,1,0,1,1,0,1,1,9,9199.999333333333,9,0.002,False,False,False,False,False,True,False,False,False,False,False,False,False,False,False
16000000,1500,3,1,0,0,1,1,1,1,1,1,1,1,0,1,1,13,10666.666666666666,13,0.002,False,False,False,False,False,False,True,False,False,False,False,False,False,False,False
20000000,2100,4,1,0,0,1,1,1,0,1,0,1,1,0,1,1,9,9523.809523809523,9,0.0019047619047619048,False,False,False,False,False,False,False,False,False,False,False,False,True,False,False
3325000,549,2,1,0,0,0,0,0,0,0,0,0,0,0,0,0,0,6056.466302367941,0,0.0036429872495446266,False,False,False,False,False,True,False,False,False,False,False,False,False,False,False
12500000,900,3,1,0,0,0,0,0,0,1,1,0,0,0,0,0,0,13888.888888888889,0,0.0033333333333333335,False,False,False,False,False,True,False,False,False,False,False,False,False,False,False
8500000,1100,2,1,0,0,0,0,0,0,0,0,1,0,0,1,0,0,7727.272727272727,0,0.0018181818181818182,False,False,False,False,False,True,False,False,False,False,False,False,False,False,False
6300000,750,1,1,0,0,0,0,0,0,0,1,1,0,0,0,0,0,8400.0,0,0.0013333333333333333,False,False,False,False,False,True,False,False,False,False,False,False,False,False,False
12500000,1200,3,1,0,0,0,0,0,0,0,0,0,0,0,0,0,0,10416.666666666666,0,0.0025,False,False,False,False,False,True,False,False,False,False,False,False,False,False,False
8700000,1050,2,1,0,0,0,0,0,0,0,1,1,0,0,0,0,0,8285.714285714286,0,0.0019047619047619048,False,False,False,False,False,True,False,False,False,False,False,False,False,False,False
19900000,1700,2,1,1,0,1,1,1,0,1,1,1,0,0,1,1,2,11705.882352941177,2,0.001176470588235294,False,False,False,False,False,False,False,False,False,False,False,False,False,False,True
15000000,1150,2,1,1,0,0,0,0,0,0,1,0,0,0,0,1,1,13043.478260869566,1,0.0017391304347826088,False,False,False,False,False,False,False,False,False,False,False,False,False,False,True
22000000,1150,2,1,1,0,0,1,1,0,1,1,1,0,0,1,1,2,19130.434782608696,2,0.0017391304347826088,False,False,False,False,False,False,False,False,False,False,False,False,False,False,True
21500000,1700,3,1,1,0,1,1,1,0,1,1,1,0,0,1,1,4,12647.058823529413,4,0.0017647058823529412,False,False,False,False,False,False,False,False,False,False,False,False,False,False,True
21500000,1150,2,1,1,0,0,1,0,0,1,1,1,0,0,1,1,2,18695.652173913044,2,0.0017391304347826088,False,False,False,False,False,False,False,False,False,False,False,False,False,False,True
28000000,1800,3,1,1,0,0,1,0,0,1,1,1,0,0,1,1,2,15555.555555555555,2,0.0016666666666666668,False,False,False,False,False,False,False,False,False,False,False,False,False,False,True
22000000,1300,2,1,1,0,0,1,0,0,0,1,1,0,0,1,1,2,16923.076923076922,2,0.0015384615384615385,False,False,False,False,False,False,False,False,False,False,False,False,False,False,True
5300000,855,3,1,0,0,0,0,0,0,0,0,0,0,0,0,1,0,6198.830409356725,0,0.0035087719298245615,False,False,False,False,False,False,False,False,False,False,False,False,False,True,False
35000000,1953,3,0,0,0,1,1,1,0,1,1,1,1,0,1,1,3,17921.14695340502,3,0.0015360983102918587,False,False,False,False,False,True,False,False,False,False,False,False,False,False,False
19500000,1650,3,1,1,0,0,0,1,0,1,1,1,0,0,1,1,2,11818.181818181818,2,0.0018181818181818182,False,False,False,False,False,False,False,False,False,False,False,False,False,False,True
4200000,750,2,1,0,0,0,0,0,0,0,0,0,0,0,0,0,0,5600.0,0,0.0026666666666666666,False,False,False,False,False,True,False,False,False,False,False,False,False,False,False
5400000,855,3,1,0,0,1,0,0,0,0,0,0,0,0,0,1,0,6315.789473684211,0,0.0035087719298245615,False,False,False,False,False,False,False,False,False,False,False,False,False,True,False
5100000,900,2,1,0,0,0,0,0,0,0,0,0,0,0,0,1,0,5666.666666666667,0,0.0022222222222222222,False,False,False,False,False,True,False,False,False,False,False,False,False,False,False
65000000,1950,3,1,0,0,1,1,1,0,0,0,0,1,0,1,0,2,33333.333333333336,2,0.0015384615384615385,False,False,False,False,False,True,False,False,False,False,False,False,False,False,False
24900000,1900,4,1,0,0,1,1,1,0,1,0,1,1,0,1,1,9,13105.263157894737,9,0.002105263157894737,False,False,False,False,False,True,False,False,False,False,False,False,False,False,False
22500000,1900,4,1,0,0,1,1,1,0,1,1,1,1,0,1,1,9,11842.105263157895,9,0.002105263157894737,False,False,False,False,False,False,False,False,False,True,False,False,False,False,False
20500000,1900,4,1,0,0,1,1,1,0,1,0,1,1,0,1,1,9,10789.473684210527,9,0.002105263157894737,False,False,False,False,False,False,False,True,False,False,False,False,False,False,False
17500000,1900,4,1,0,0,1,1,1,1,1,0,1,1,0,1,1,11,9210.526315789473,11,0.002105263157894737,False,False,False,False,False,False,False,False,False,False,True,False,False,False,False
7200000,500,1,1,0,0,0,0,0,0,0,0,1,0,0,1,1,0,14400.0,0,0.002,False,False,False,False,False,False,False,False,False,False,False,False,False,False,True
14500000,800,2,1,1,0,0,0,0,0,1,0,0,0,0,1,0,0,18125.0,0,0.0025,False,False,False,False,False,True,False,False,False,False,False,False,False,False,False
8000000,1000,2,1,0,0,0,0,0,0,0,0,0,0,0,0,0,0,8000.0,0,0.002,False,False,False,False,False,True,False,False,False,False,False,False,False,False,False
14000000,1500,3,1,1,0,1,1,1,1,1,1,1,1,0,1,1,10,9333.333333333334,10,0.002,False,False,False,False,False,False,True,False,False,False,False,False,False,False,False
7200000,500,1,1,0,0,0,0,0,0,0,0,1,0,0,1,1,0,14400.0,0,0.002,False,False,False,False,False,False,False,False,False,False,False,False,False,False,True
14500000,800,2,1,1,0,0,0,0,0,1,0,0,0,0,1,0,0,18125.0,0,0.0025,False,False,False,False,False,True,False,False,False,False,False,False,False,False,False
8000000,1000,2,1,0,0,0,0,0,0,0,0,0,0,0,0,0,0,8000.0,0,0.002,False,False,False,False,False,True,False,False,False,False,False,False,False,False,False
2200000,450,1,1,1,0,0,0,0,0,1,0,0,0,0,0,0,2,4888.888888888889,2,0.0022222222222222222,False,False,False,False,False,True,False,False,False,False,False,False,False,False,False
14800000,1300,2,1,0,0,0,0,0,0,0,0,1,0,0,0,0,0,11384.615384615385,0,0.0015384615384615385,False,False,False,False,False,True,False,False,False,False,False,False,False,False,False
12000000,900,2,1,0,0,0,0,0,0,0,0,0,0,0,0,0,0,13333.333333333334,0,0.0022222222222222222,False,False,False,False,False,True,False,False,False,False,False,False,False,False,False
4500000,900,2,1,0,0,0,0,0,0,0,0,0,0,0,0,1,0,5000.0,0,0.0022222222222222222,False,False,False,False,False,True,False,False,False,False,False,False,False,False,False
7000000,1600,3,1,0,0,0,0,0,0,0,0,0,0,0,0,0,0,4375.0,0,0.001875,False,False,False,False,False,False,False,False,False,False,False,False,False,False,True
5500000,1000,2,1,0,0,0,0,0,0,0,0,0,0,0,0,0,0,5500.0,0,0.002,False,False,False,False,False,False,False,False,False,False,False,False,False,False,True
20000000,1150,1,1,1,0,0,1,0,0,1,1,1,0,0,0,1,1,17391.304347826088,1,0.0008695652173913044,False,False,False,False,False,False,False,False,False,False,False,False,False,False,True
17500000,1800,3,1,0,0,1,1,1,0,1,0,1,1,0,1,1,9,9722.222222222223,9,0.0016666666666666668,False,False,False,False,False,False,False,False,False,False,False,False,True,False,False
14700000,1500,3,1,1,0,1,1,1,1,1,1,1,1,0,1,1,13,9800.0,13,0.002,False,False,False,False,False,False,False,False,False,False,False,False,True,False,False
15500000,1500,3,1,0,0,1,1,1,0,1,0,1,1,0,1,1,9,10333.333333333334,9,0.002,False,False,False,False,False,True,False,False,False,False,False,False,False,False,False
9000000,950,2,1,0,0,0,0,0,0,0,0,0,0,0,0,0,0,9473.684210526315,0,0.002105263157894737,False,False,False,False,False,True,False,False,False,False,False,False,False,False,False
3000000,450,1,1,0,0,0,0,0,0,0,0,0,0,0,0,0,0,6666.666666666667,0,0.0022222222222222222,False,False,False,False,False,True,False,False,False,False,False,False,False,False,False
11800000,1200,2,1,0,0,0,1,1,0,0,0,1,0,0,1,0,1,9833.333333333334,1,0.0016666666666666668,False,False,False,False,False,True,False,False,False,False,False,False,False,False,False
3600000,650,2,1,0,0,0,0,0,0,0,0,0,0,0,0,1,0,5538.461538461538,0,0.003076923076923077,False,False,False,False,False,True,False,False,False,False,False,False,False,False,False
17000000,1150,3,1,0,0,0,0,0,0,0,0,1,0,0,1,0,1,14782.608695652174,1,0.0026086956521739132,False,False,False,False,False,True,False,False,False,False,False,False,False,False,False
3000000,450,1,1,0,0,0,0,0,0,0,0,0,0,0,0,0,0,6666.666666666667,0,0.0022222222222222222,False,False,False,False,False,True,False,False,False,False,False,False,False,False,False
10500000,900,2,1,0,0,0,0,0,0,0,0,0,0,0,0,0,0,11666.666666666666,0,0.0022222222222222222,False,False,False,False,False,True,False,False,False,False,False,False,False,False,False
5300000,855,3,1,0,0,0,0,0,0,0,0,0,0,0,0,1,0,6198.830409356725,0,0.0035087719298245615,False,False,False,False,False,False,False,False,False,False,False,False,False,True,False
35000000,1953,3,0,0,0,1,1,1,0,1,1,1,1,0,1,1,3,17921.14695340502,3,0.0015360983102918587,False,False,False,False,False,True,False,False,False,False,False,False,False,False,False
5100000,900,2,1,0,0,0,0,0,0,0,0,0,0,0,0,1,0,5666.666666666667,0,0.0022222222222222222,False,False,False,False,False,True,False,False,False,False,False,False,False,False,False
65000000,1950,3,1,0,0,1,1,1,0,0,0,0,1,0,1,0,2,33333.333333333336,2,0.0015384615384615385,False,False,False,False,False,True,False,False,False,False,False,False,False,False,False
12000000,1300,1,1,0,0,0,0,0,0,0,0,1,1,0,0,0,0,9230.76923076923,0,0.0007692307692307692,False,False,False,False,False,True,False,False,False,False,False,False,False,False,False
10000000,900,2,1,0,0,0,0,0,0,0,0,0,0,0,0,0,0,11111.111111111111,0,0.0022222222222222222,False,False,False,False,False,True,False,False,False,False,False,False,False,False,False
20000000,2000,3,1,1,0,0,0,0,1,1,1,0,0,0,1,0,2,10000.0,2,0.0015,False,False,False,False,False,True,False,False,False,False,False,False,False,False,False
27000000,1800,2,1,1,0,1,1,1,0,1,1,1,1,0,1,1,2,15000.0,2,0.0011111111111111111,False,False,False,False,False,False,False,False,False,False,False,False,False,False,True
4200000,800,2,1,0,0,0,0,0,0,0,0,0,0,0,0,1,0,5250.0,0,0.0025,False,False,False,False,False,True,False,False,False,False,False,False,False,False,False
21000000,1900,4,1,0,0,1,1,1,0,1,1,1,1,0,1,1,10,11052.631578947368,10,0.002105263157894737,False,False,False,False,False,False,True,False,False,False,False,False,False,False,False
17500000,1900,4,1,0,0,1,1,1,1,1,0,1,1,0,1,1,11,9210.526315789473,11,0.002105263157894737,False,False,False,False,False,False,False,False,False,False,True,False,False,False,False
11500000,1150,2,1,0,0,1,1,1,0,1,0,1,1,0,1,1,9,10000.0,9,0.0017391304347826088,False,False,False,False,False,False,False,False,False,False,True,False,False,False,False
23000000,2000,4,1,0,0,1,1,1,0,1,0,1,1,0,1,1,9,11500.0,9,0.002,False,False,False,False,False,False,False,False,False,True,False,False,False,False,False
13500000,1500,3,1,0,0,1,1,1,0,1,0,1,1,0,1,1,9,9000.0,9,0.002,False,False,False,False,False,True,False,False,False,False,False,False,False,False,False
12400000,1150,2,1,0,0,1,1,1,0,1,0,1,1,0,1,1,9,10782.608695652174,9,0.0017391304347826088,False,False,False,False,False,False,False,False,False,True,False,False,False,False,False
16500000,1500,3,1,0,0,1,1,1,0,1,0,1,1,0,1,1,9,11000.0,9,0.002,False,False,False,False,False,True,False,False,False,False,False,False,False,False,False
10500000,1150,2,1,0,0,1,1,1,0,1,0,1,1,0,1,1,9,9130.434782608696,9,0.0017391304347826088,False,False,False,False,False,True,False,False,False,False,False,False,False,False,False
17500000,1500,3,1,0,0,1,1,1,0,1,0,1,1,0,1,1,9,11666.666666666666,9,0.002,False,False,False,False,False,False,False,False,True,False,False,False,False,False,False
10500000,1150,2,1,0,0,1,1,1,1,1,1,1,1,0,1,1,13,9130.434782608696,13,0.0017391304347826088,False,False,False,False,False,True,False,False,False,False,False,False,False,False,False
3000000,450,1,1,0,0,0,0,0,0,0,0,0,0,0,0,0,0,6666.666666666667,0,0.0022222222222222222,False,False,False,False,False,True,False,False,False,False,False,False,False,False,False
11800000,1200,2,1,0,0,0,1,1,0,0,0,1,0,0,1,0,1,9833.333333333334,1,0.0016666666666666668,False,False,False,False,False,True,False,False,False,False,False,False,False,False,False
3600000,650,2,1,0,0,0,0,0,0,0,0,0,0,0,0,1,0,5538.461538461538,0,0.003076923076923077,False,False,False,False,False,True,False,False,False,False,False,False,False,False,False
19900000,1700,2,1,1,0,1,1,1,0,1,1,1,0,0,1,1,2,11705.882352941177,2,0.001176470588235294,False,False,False,False,False,False,False,False,False,False,False,False,False,False,True
24900000,1900,4,1,0,0,1,1,1,0,1,0,1,1,0,1,1,9,13105.263157894737,9,0.002105263157894737,False,False,False,False,False,True,False,False,False,False,False,False,False,False,False
14500000,1500,3,1,0,0,1,1,1,0,1,0,1,1,0,1,1,9,9666.666666666666,9,0.002,False,False,False,False,False,True,False,False,False,False,False,False,False,False,False
20500000,1900,4,1,0,0,1,1,1,0,1,0,1,1,0,1,1,9,10789.473684210527,9,0.002105263157894737,False,False,False,False,False,False,False,True,False,False,False,False,False,False,False
11500000,1150,2,1,0,0,1,1,1,0,1,0,1,1,0,1,1,9,10000.0,9,0.0017391304347826088,False,False,False,False,False,False,False,False,False,False,True,False,False,False,False
23000000,2000,4,1,0,0,1,1,1,0,1,0,1,1,0,1,1,9,11500.0,9,0.002,False,False,False,False,False,False,False,False,False,True,False,False,False,False,False
13500000,1500,3,1,0,0,1,1,1,0,1,0,1,1,0,1,1,9,9000.0,9,0.002,False,False,False,False,False,True,False,False,False,False,False,False,False,False,False
12400000,1150,2,1,0,0,1,1,1,0,1,0,1,1,0,1,1,9,10782.608695652174,9,0.0017391304347826088,False,False,False,False,False,False,False,False,False,True,False,False,False,False,False
7200000,500,1,1,0,0,0,0,0,0,0,0,1,0,0,1,1,0,14400.0,0,0.002,False,False,False,False,False,False,False,False,False,False,False,False,False,False,True
14500000,800,2,1,1,0,0,0,0,0,1,0,0,0,0,1,0,0,18125.0,0,0.0025,False,False,False,False,False,True,False,False,False,False,False,False,False,False,False
8000000,1000,2,1,0,0,0,0,0,0,0,0,0,0,0,0,0,0,8000.0,0,0.002,False,False,False,False,False,True,False,False,False,False,False,False,False,False,False
2200000,450,1,1,1,0,0,0,0,0,1,0,0,0,0,0,0,2,4888.888888888889,2,0.0022222222222222222,False,False,False,False,False,True,False,False,False,False,False,False,False,False,False
3325000,549,2,1,0,0,0,0,0,0,0,0,0,0,0,0,0,0,6056.466302367941,0,0.0036429872495446266,False,False,False,False,False,True,False,False,False,False,False,False,False,False,False
12000000,1300,1,1,0,0,0,0,0,0,0,0,1,1,0,0,0,0,9230.76923076923,0,0.0007692307692307692,False,False,False,False,False,True,False,False,False,False,False,False,False,False,False
10000000,900,2,1,0,0,0,0,0,0,0,0,0,0,0,0,0,0,11111.111111111111,0,0.0022222222222222222,False,False,False,False,False,True,False,False,False,False,False,False,False,False,False
20000000,2000,3,1,1,0,0,0,0,1,1,1,0,0,0,1,0,2,10000.0,2,0.0015,False,False,False,False,False,True,False,False,False,False,False,False,False,False,False
22000000,2000,3,1,1,0,0,0,0,1,1,1,0,0,0,1,0,3,11000.0,3,0.0015,False,False,False,False,False,True,False,False,False,False,False,False,False,False,False
7000000,650,1,1,1,0,0,1,1,0,1,1,1,1,0,1,1,8,10769.23076923077,8,0.0015384615384615385,False,False,False,False,False,False,False,False,False,False,False,False,False,False,True
29000000,1800,3,1,1,0,0,1,0,0,0,1,1,0,0,1,1,2,16111.111111111111,2,0.0016666666666666668,False,False,False,False,False,False,False,False,False,False,False,False,False,False,True
7500000,650,1,1,1,0,0,1,1,0,1,1,0,0,0,1,1,2,11538.461538461539,2,0.0015384615384615385,False,False,False,False,False,False,False,False,False,False,False,False,False,False,True
3000000,500,1,1,0,0,0,0,0,0,0,0,0,0,0,0,0,0,6000.0,0,0.002,False,False,False,False,False,True,False,False,False,False,False,False,False,False,False
19500000,1100,2,1,1,0,0,1,1,0,1,1,1,0,0,1,1,1,17727.272727272728,1,0.0018181818181818182,False,False,False,False,False,False,False,False,False,False,False,False,False,False,True
25000000,1800,3,1,1,0,0,1,1,0,1,1,1,0,0,1,1,2,13888.888888888889,2,0.0016666666666666668,False,False,False,False,False,False,False,False,False,False,False,False,False,False,True
26000000,1700,3,1,1,0,0,1,0,0,1,1,1,0,0,1,1,1,15294.117647058823,1,0.0017647058823529412,False,False,False,False,False,False,False,False,False,False,False,False,False,False,True
3400000,675,3,1,0,0,1,0,0,0,0,0,0,0,0,0,1,0,5037.037037037037,0,0.0044444444444444444,False,False,False,False,False,True,False,False,False,False,False,False,False,False,False
12500000,1200,3,1,0,0,1,1,1,0,1,0,0,0,0,1,0,2,10416.666666666666,2,0.0025,False,False,False,False,False,True,False,False,False,False,False,False,False,False,False
9000000,1000,2,1,0,0,1,1,1,0,1,0,0,0,0,1,0,2,9000.0,2,0.002,False,False,False,False,False,True,False,False,False,False,False,False,False,False,False
10000000,1200,3,1,0,0,1,1,1,0,1,0,0,0,0,1,0,2,8333.333333333334,2,0.0025,False,False,False,False,False,True,False,False,False,False,False,False,False,False,False
10000000,1200,3,1,0,0,1,1,1,0,1,0,0,0,0,1,1,2,8333.333333333334,2,0.0025,False,False,False,False,False,True,False,False,False,False,False,False,False,False,False
12500000,1000,2,1,0,0,0,0,0,0,0,0,0,0,0,0,0,0,12500.0,0,0.002,False,False,False,False,False,True,False,False,False,False,False,False,False,False,False
9400000,1000,2,1,0,0,0,0,0,0,0,0,0,0,0,0,0,0,9400.0,0,0.002,False,False,False,False,False,True,False,False,False,False,False,False,False,False,False
16500000,1350,3,1,0,0,0,0,0,0,0,0,0,0,0,0,0,0,12222.222222222223,0,0.0022222222222222222,False,False,False,False,False,True,False,False,False,False,False,False,False,False,False
15000000,1025,2,1,0,0,1,1,0,0,1,1,1,0,0,1,1,1,14634.146341463415,1,0.001951219512195122,False,False,False,False,False,True,False,False,False,False,False,False,False,False,False
18500000,1250,3,1,0,0,0,0,0,0,1,1,0,0,0,0,1,0,14800.0,0,0.0024,False,False,False,False,False,True,False,False,False,False,False,False,False,False,False
10700000,1000,2,1,0,0,0,0,0,0,1,1,0,0,0,0,0,0,10700.0,0,0.002,False,False,False,False,False,True,False,False,False,False,False,False,False,False,False
19500000,900,3,1,0,0,1,0,0,0,1,1,1,0,0,0,1,0,21666.666666666668,0,0.0033333333333333335,False,False,False,False,False,True,False,False,False,False,False,False,False,False,False
16000000,1500,1,1,0,0,0,0,0,0,0,0,1,0,0,1,0,0,10666.666666666666,0,0.0006666666666666666,False,False,False,False,False,True,False,False,False,False,False,False,False,False,False
8000000,650,1,1,0,0,0,0,0,0,0,0,1,0,0,1,1,0,12307.692307692309,0,0.0015384615384615385,False,False,False,False,False,False,False,False,False,False,False,False,False,False,True
16000000,1100,2,1,0,0,0,0,0,0,0,0,1,0,0,1,1,0,14545.454545454546,0,0.0018181818181818182,False,False,False,False,False,False,False,False,False,False,False,False,False,False,True
19000000,1650,3,1,1,0,0,0,0,1,1,1,1,0,0,1,1,3,11515.151515151516,3,0.0018181818181818182,False,False,False,False,False,False,False,False,False,False,False,False,False,False,True
11900000,1100,2,1,0,0,0,0,1,0,1,0,0,0,0,1,0,0,10818.181818181818,0,0.0018181818181818182,False,False,False,False,False,True,False,False,False,False,False,False,False,False,False
11700000,1050,2,1,0,0,0,1,0,0,1,0,1,0,0,1,0,1,11142.857142857143,1,0.0019047619047619048,False,False,False,False,False,True,False,False,False,False,False,False,False,False,False
11000000,1150,2,1,0,0,0,0,0,0,1,0,1,0,0,1,0,1,9565.217391304348,1,0.0017391304347826088,False,False,False,False,False,True,False,False,False,False,False,False,False,False,False
11100000,1050,2,1,0,0,0,0,0,0,1,0,1,0,0,1,0,1,10571.42857142857,1,0.0019047619047619048,False,False,False,False,False,True,False,False,False,False,False,False,False,False,False
11500000,1050,2,1,0,0,0,0,0,0,1,0,0,0,0,1,0,1,10952.380952380952,1,0.0019047619047619048,False,False,False,False,False,True,False,False,False,False,False,False,False,False,False
13799999,1450,3,1,0,0,0,0,0,0,1,0,1,0,0,1,0,0,9517.240689655173,0,0.0020689655172413794,False,False,False,False,False,True,False,False,False,False,False,False,False,False,False
12600000,1450,3,1,0,0,0,0,0,0,1,0,1,0,0,1,0,1,8689.655172413793,1,0.0020689655172413794,False,False,False,False,False,True,False,False,False,False,False,False,False,False,False
11600000,1050,2,1,0,0,0,0,0,0,1,0,1,0,0,1,0,1,11047.619047619048,1,0.0019047619047619048,False,False,False,False,False,True,False,False,False,False,False,False,False,False,False
13600000,1450,3,1,0,0,0,0,0,0,1,0,1,0,0,1,0,0,9379.310344827587,0,0.0020689655172413794,False,False,False,False,False,True,False,False,False,False,False,False,False,False,False
4999000,600,1,1,0,0,0,0,0,0,0,0,1,0,0,0,0,0,8331.666666666666,0,0.0016666666666666668,False,False,False,False,False,True,False,False,False,False,False,False,False,False,False
14500000,1100,2,1,1,0,1,1,1,0,1,1,1,0,0,1,1,2,13181.818181818182,2,0.0018181818181818182,False,False,False,False,False,False,False,False,False,False,False,False,False,False,True
3600000,650,2,1,0,0,1,0,0,0,0,0,1,0,0,0,1,0,5538.461538461538,0,0.003076923076923077,False,False,False,False,False,True,False,False,False,False,False,False,False,False,False
2400000,450,1,1,0,0,1,0,0,0,0,0,1,0,0,0,1,0,5333.333333333333,0,0.0022222222222222222,False,False,False,False,False,True,False,False,False,False,False,False,False,False,False
5500000,900,3,1,0,0,1,0,0,0,0,0,1,0,0,0,1,0,6111.111111111111,0,0.0033333333333333335,False,False,False,False,False,True,False,False,False,False,False,False,False,False,False
9000000,1200,2,1,0,0,1,1,1,0,1,0,1,0,0,1,0,2,7500.0,2,0.0016666666666666668,False,False,False,False,False,True,False,False,False,False,False,False,False,False,False
12000000,1350,3,1,0,0,0,0,0,0,0,0,1,0,0,0,0,1,8888.888888888889,1,0.0022222222222222222,False,False,False,False,False,True,False,False,False,False,False,False,False,False,False
16000000,1963,4,1,0,0,0,1,0,0,0,0,0,0,0,1,0,0,8150.78960774325,0,0.0020376974019358125,False,False,False,False,False,True,False,False,False,False,False,False,False,False,False
11600000,1050,2,1,0,0,0,0,0,0,1,0,1,0,0,1,0,1,11047.619047619048,1,0.0019047619047619048,False,False,False,False,False,True,False,False,False,False,False,False,False,False,False
13600000,1450,3,1,0,0,0,0,0,0,1,0,1,0,0,1,0,0,9379.310344827587,0,0.0020689655172413794,False,False,False,False,False,True,False,False,False,False,False,False,False,False,False
12500000,1100,2,1,0,0,0,0,0,0,0,0,0,0,0,0,0,0,11363.636363636364,0,0.0018181818181818182,False,False,False,False,False,False,False,False,False,False,False,False,False,False,True
9400000,1000,2,1,0,0,0,0,0,0,0,0,0,0,0,0,0,0,9400.0,0,0.002,False,False,False,False,False,True,False,False,False,False,False,False,False,False,False
16500000,1000,2,1,0,0,0,0,0,0,0,0,0,0,0,0,0,0,16500.0,0,0.002,False,False,False,False,False,True,False,False,False,False,False,False,False,False,False
15000000,1350,3,1,0,0,0,0,0,0,0,0,0,0,0,0,0,0,11111.111111111111,0,0.0022222222222222222,False,False,False,False,False,True,False,False,False,False,False,False,False,False,False
18500000,1025,2,1,0,0,0,0,0,0,0,0,0,0,0,0,0,0,18048.780487804877,0,0.001951219512195122,False,False,False,False,False,True,False,False,False,False,False,False,False,False,False
10700000,1250,3,1,0,0,0,0,0,0,0,0,0,0,0,0,0,0,8560.0,0,0.0024,False,False,False,False,False,True,False,False,False,False,False,False,False,False,False
19500000,1000,2,1,0,0,0,0,0,0,0,0,0,0,0,0,0,0,19500.0,0,0.002,False,False,False,False,False,True,False,False,False,False,False,False,False,False,False
16000000,900,3,1,0,0,0,0,0,0,0,0,0,0,0,0,0,0,17777.777777777777,0,0.0033333333333333335,False,False,False,False,False,True,False,False,False,False,False,False,False,False,False
8000000,1500,1,1,0,0,0,0,0,0,0,0,0,0,0,0,0,0,5333.333333333333,0,0.0006666666666666666,False,False,False,False,False,True,False,False,False,False,False,False,False,False,False
16000000,650,1,1,0,0,0,0,0,0,0,0,0,0,0,0,0,0,24615.384615384617,0,0.0015384615384615385,False,False,False,False,False,False,False,False,False,False,False,False,False,False,True
19000000,1100,2,1,0,0,0,0,0,0,0,0,0,0,0,0,0,0,17272.727272727272,0,0.0018181818181818182,False,False,False,False,False,False,False,False,False,False,False,False,False,False,True
3902000,1650,3,1,0,0,0,0,0,0,0,0,0,0,0,0,0,0,2364.848484848485,0,0.0018181818181818182,False,False,False,False,False,False,False,False,False,False,False,False,False,False,True
6800000,1000,3,0,0,0,0,0,0,0,0,0,0,0,0,0,0,0,6800.0,0,0.003,False,False,False,False,False,False,False,False,False,False,False,False,False,True,False
3075000,1400,4,0,0,0,0,0,0,0,0,0,0,0,0,0,0,0,2196.4285714285716,0,0.002857142857142857,False,False,False,False,False,False,False,False,False,False,False,False,False,True,False
2200000,820,3,0,0,0,0,0,0,0,0,0,0,0,0,0,0,0,2682.9268292682927,0,0.003658536585365854,False,False,False,False,False,False,False,False,False,False,False,False,False,True,False
2369000,520,2,0,0,0,0,0,0,0,0,0,0,0,0,0,0,0,4555.7692307692305,0,0.0038461538461538464,False,False,False,False,False,False,False,False,False,False,False,False,False,True,False
4000000,560,2,0,0,0,0,0,0,0,0,0,0,0,0,0,0,0,7142.857142857143,0,0.0035714285714285713,False,False,False,False,False,False,False,False,False,False,False,False,False,True,False
6000000,1025,3,0,0,0,0,0,0,0,0,0,0,0,0,0,0,0,5853.658536585366,0,0.002926829268292683,False,False,False,False,False,False,False,False,False,False,False,False,False,True,False
3000000,1250,4,0,0,0,0,0,0,0,0,0,0,0,0,0,0,0,2400.0,0,0.0032,False,False,False,False,False,False,False,False,False,False,False,False,False,True,False
2700000,800,3,0,0,0,0,0,0,0,0,0,0,0,0,0,0,0,3375.0,0,0.00375,False,False,False,False,False,False,False,False,False,False,False,False,False,True,False
2500000,600,2,0,0,0,0,0,0,0,0,0,0,0,0,0,0,0,4166.666666666667,0,0.0033333333333333335,False,False,False,False,False,False,False,False,False,False,False,False,False,True,False
17500000,650,2,0,0,0,0,0,0,0,0,0,0,0,0,0,0,0,26923.076923076922,0,0.003076923076923077,False,False,False,False,False,True,False,False,False,False,False,False,False,False,False
16800000,1711,3,1,0,0,0,0,0,0,0,0,0,0,0,0,0,0,9818.819403857393,0,0.0017533606078316774,False,False,False,False,False,True,False,False,False,False,False,False,False,False,False
8900000,1650,4,1,0,0,0,0,0,0,0,0,0,0,0,0,0,0,5393.939393939394,0,0.0024242424242424242,False,False,False,False,False,False,False,False,False,False,False,True,False,False,False
5500000,1100,3,1,0,0,0,0,0,0,0,0,0,0,0,0,0,0,5000.0,0,0.0027272727272727275,False,False,False,False,False,True,False,False,False,False,False,False,False,False,False
2700000,1000,2,1,0,0,0,0,0,0,0,0,0,0,0,0,0,0,2700.0,0,0.002,False,False,False,False,False,True,False,False,False,False,False,False,False,False,False
4000000,600,2,1,0,0,0,0,0,0,0,0,0,0,0,0,0,0,6666.666666666667,0,0.0033333333333333335,False,False,False,False,False,True,False,False,False,False,False,False,False,False,False
2500000,900,3,1,0,0,0,0,0,0,0,0,0,0,0,0,0,0,2777.777777777778,0,0.0033333333333333335,False,False,False,False,False,True,False,False,False,False,False,False,False,False,False
4000000,650,2,0,0,0,0,0,0,0,0,0,0,0,0,0,0,0,6153.846153846154,0,0.003076923076923077,False,False,False,False,False,True,False,False,False,False,False,False,False,False,False
2800000,900,3,1,0,0,0,0,0,0,0,0,0,0,0,0,0,0,3111.1111111111113,0,0.0033333333333333335,False,False,False,False,False,True,False,False,False,False,False,False,False,False,False
2800000,630,2,1,0,0,0,0,0,0,0,0,0,0,0,0,0,0,4444.444444444444,0,0.0031746031746031746,False,False,False,False,False,True,False,False,False,False,False,False,False,False,False
2800000,900,2,1,0,0,0,0,0,0,0,0,0,0,0,0,0,0,3111.1111111111113,0,0.0022222222222222222,False,False,False,False,False,True,False,False,False,False,False,False,False,False,False
4000000,600,2,1,0,0,0,0,0,0,0,0,0,0,0,0,0,0,6666.666666666667,0,0.0033333333333333335,False,False,False,False,False,True,False,False,False,False,False,False,False,False,False
4500000,800,3,0,0,0,0,0,0,0,0,0,0,0,0,0,0,0,5625.0,0,0.00375,False,False,False,False,False,True,False,False,False,False,False,False,False,False,False
5600000,810,3,0,0,0,0,0,0,0,0,0,0,0,0,0,0,0,6913.580246913581,0,0.003703703703703704,False,False,False,False,False,True,False,False,False,False,False,False,False,False,False
4399000,900,3,0,0,0,0,0,0,0,0,0,0,0,0,0,0,0,4887.777777777777,0,0.0033333333333333335,False,False,False,False,False,True,False,False,False,False,False,False,False,False,False
4000000,720,3,1,0,0,0,0,0,0,0,0,0,0,0,0,0,0,5555.555555555556,0,0.004166666666666667,False,False,False,False,False,False,False,False,False,False,False,False,False,True,False
2700000,810,3,0,0,0,0,0,0,0,0,0,0,0,0,0,0,0,3333.3333333333335,0,0.003703703703703704,False,False,False,False,False,True,False,False,False,False,False,False,False,False,False
2500000,540,2,0,0,0,0,0,0,0,0,0,0,0,0,0,0,0,4629.62962962963,0,0.003703703703703704,False,False,False,False,False,True,False,False,False,False,False,False,False,False,False
2700000,650,2,0,0,0,0,0,0,0,0,0,0,0,0,0,0,0,4153.846153846154,0,0.003076923076923077,False,False,False,False,False,True,False,False,False,False,False,False,False,False,False
2500000,600,2,1,0,0,0,0,0,0,0,0,0,0,0,0,0,0,4166.666666666667,0,0.0033333333333333335,False,False,False,False,False,True,False,False,False,False,False,False,False,False,False
2500000,540,2,1,0,0,0,0,0,0,0,0,0,0,0,0,0,0,4629.62962962963,0,0.003703703703703704,False,False,False,False,False,True,False,False,False,False,False,False,False,False,False
3600000,500,2,0,0,0,0,0,0,0,0,0,0,0,0,0,0,0,7200.0,0,0.004,False,False,False,False,False,True,False,False,False,False,False,False,False,False,False
6000000,675,2,1,0,0,0,0,0,0,0,0,0,0,0,0,0,0,8888.888888888889,0,0.002962962962962963,False,False,False,False,False,True,False,False,False,False,False,False,False,False,False
6500000,1100,3,0,0,0,0,0,0,0,0,0,0,0,0,0,0,0,5909.090909090909,0,0.0027272727272727275,False,False,False,False,False,True,False,False,False,False,False,False,False,False,False
2500000,1500,3,1,0,0,0,0,0,0,0,0,0,0,0,0,0,0,1666.6666666666667,0,0.002,False,False,False,False,False,True,False,False,False,False,False,False,False,False,False
2600000,540,2,0,0,0,0,0,0,0,0,0,0,0,0,0,0,0,4814.814814814815,0,0.003703703703703704,False,False,False,False,False,True,False,False,False,False,False,False,False,False,False
2000000,540,2,0,0,0,0,0,0,0,0,0,0,0,0,0,0,0,3703.703703703704,0,0.003703703703703704,False,False,False,False,False,True,False,False,False,False,False,False,False,False,False
3600000,700,2,0,0,0,0,0,0,0,0,0,0,0,0,0,0,0,5142.857142857143,0,0.002857142857142857,False,False,False,False,False,False,False,False,False,False,False,False,False,True,False
2000000,720,3,0,0,0,0,0,0,0,0,0,0,0,0,0,0,0,2777.777777777778,0,0.004166666666666667,False,False,False,False,False,False,False,False,False,False,False,False,False,True,False
2900000,550,2,1,0,0,0,0,0,0,0,0,0,0,0,0,0,0,5272.727272727273,0,0.0036363636363636364,False,False,False,False,False,False,False,False,False,False,False,False,False,True,False
21000000,500,2,1,0,0,0,0,0,0,0,0,0,0,0,0,0,0,42000.0,0,0.004,False,False,False,False,False,True,False,False,False,False,False,False,False,False,False
2800000,1800,3,1,0,0,0,0,0,0,0,0,0,0,0,0,0,0,1555.5555555555557,0,0.0016666666666666668,False,False,False,False,False,True,False,False,False,False,False,False,False,False,False
2200000,580,2,0,0,0,0,0,0,0,0,0,0,0,0,0,0,0,3793.103448275862,0,0.0034482758620689655,False,False,False,False,False,True,False,False,False,False,False,False,False,False,False
3200000,650,2,0,0,0,0,0,0,0,0,0,0,0,0,0,0,0,4923.076923076923,0,0.003076923076923077,False,False,False,False,False,True,False,False,False,False,False,False,False,False,False
2500000,850,3,1,0,0,0,0,0,0,0,0,0,0,0,0,0,0,2941.176470588235,0,0.0035294117647058825,False,False,False,False,False,True,False,False,False,False,False,False,False,False,False
3200000,700,2,1,0,0,0,0,0,0,0,0,0,0,0,0,0,0,4571.428571428572,0,0.002857142857142857,False,False,False,False,False,True,False,False,False,False,False,False,False,False,False
2600000,850,3,1,0,0,0,0,0,0,0,0,0,0,0,0,0,0,3058.823529411765,0,0.0035294117647058825,False,False,False,False,False,True,False,False,False,False,False,False,False,False,False
2400000,500,1,1,0,0,0,0,0,0,0,0,0,0,0,0,0,0,4800.0,0,0.002,False,False,False,False,False,False,False,False,False,False,False,False,False,True,False
5000000,650,2,1,0,0,0,0,0,0,0,0,0,0,0,0,0,0,7692.307692307692,0,0.003076923076923077,False,False,False,False,False,True,False,False,False,False,False,False,False,False,False
2000000,760,2,1,0,0,0,0,0,0,0,0,0,0,0,0,0,0,2631.5789473684213,0,0.002631578947368421,False,False,False,False,False,True,False,False,False,False,False,False,False,False,False
16900000,650,2,1,0,0,0,0,0,0,0,0,0,0,0,0,0,0,26000.0,0,0.003076923076923077,False,False,False,False,False,True,False,False,False,False,False,False,False,False,False
15800000,1700,3,1,0,0,0,0,0,0,0,0,0,0,0,0,0,0,9294.117647058823,0,0.0017647058823529412,False,False,False,False,False,False,False,True,False,False,False,False,False,False,False
9500000,1700,3,1,0,0,0,0,0,0,0,0,0,0,0,0,0,0,5588.235294117647,0,0.0017647058823529412,False,False,False,False,False,False,False,True,False,False,False,False,False,False,False
2500000,800,2,1,0,0,0,0,0,0,0,0,0,0,0,0,0,0,3125.0,0,0.0025,False,False,False,False,False,True,False,False,False,False,False,False,False,False,False
2500000,480,2,1,0,0,0,0,0,0,0,0,0,0,0,0,0,0,5208.333333333333,0,0.004166666666666667,False,False,False,False,False,True,False,False,False,False,False,False,False,False,False
17800000,450,1,1,0,0,0,0,0,0,0,0,0,0,0,0,0,0,39555.555555555555,0,0.0022222222222222222,False,False,False,False,False,True,False,False,False,False,False,False,False,False,False
2400000,1650,3,1,0,0,0,0,0,0,0,0,0,0,0,0,0,0,1454.5454545454545,0,0.0018181818181818182,False,False,False,False,False,False,False,False,True,False,False,False,False,False,False
4500000,650,2,1,0,0,0,0,0,0,0,0,0,0,0,0,0,0,6923.076923076923,0,0.003076923076923077,False,False,False,False,False,True,False,False,False,False,False,False,False,False,False
2400000,900,3,1,0,0,0,0,0,0,0,0,0,0,0,0,0,0,2666.6666666666665,0,0.0033333333333333335,False,False,False,False,False,True,False,False,False,False,False,False,False,False,False
2400000,650,2,1,0,0,0,0,0,0,0,0,0,0,0,0,0,0,3692.3076923076924,0,0.003076923076923077,False,False,False,False,False,True,False,False,False,False,False,False,False,False,False
5600000,650,2,1,0,0,0,0,0,0,0,0,0,0,0,0,0,0,8615.384615384615,0,0.003076923076923077,False,False,False,False,False,True,False,False,False,False,False,False,False,False,False
2450000,900,3,1,0,0,0,0,0,0,0,0,0,0,0,0,0,0,2722.222222222222,0,0.0033333333333333335,False,False,False,False,False,True,False,False,False,False,False,False,False,False,False
3175000,450,1,1,0,0,0,0,0,0,0,0,0,0,0,0,0,0,7055.555555555556,0,0.0022222222222222222,False,False,False,False,False,True,False,False,False,False,False,False,False,False,False
3300000,600,2,1,0,0,0,0,0,0,0,0,0,0,0,0,0,0,5500.0,0,0.0033333333333333335,False,False,False,False,False,True,False,False,False,False,False,False,False,False,False
3200000,650,2,1,0,0,0,0,0,0,0,0,0,0,0,0,0,0,4923.076923076923,0,0.003076923076923077,False,False,False,False,False,True,False,False,False,False,False,False,False,False,False
2500000,650,2,1,0,0,0,0,0,0,0,0,0,0,0,0,0,0,3846.153846153846,0,0.003076923076923077,False,False,False,False,False,True,False,False,False,False,False,False,False,False,False
17800000,650,2,1,0,0,0,0,0,0,0,0,0,0,0,0,0,0,27384.615384615383,0,0.003076923076923077,False,False,False,False,False,True,False,False,False,False,False,False,False,False,False
2400000,1650,3,1,0,0,0,0,0,0,0,0,0,0,0,0,0,0,1454.5454545454545,0,0.0018181818181818182,False,False,False,False,False,False,False,False,True,False,False,False,False,False,False
4500000,650,2,1,0,0,0,0,0,0,0,0,0,0,0,0,0,0,6923.076923076923,0,0.003076923076923077,False,False,False,False,False,True,False,False,False,False,False,False,False,False,False
2400000,900,3,1,0,0,0,0,0,0,0,0,0,0,0,0,0,0,2666.6666666666665,0,0.0033333333333333335,False,False,False,False,False,True,False,False,False,False,False,False,False,False,False
25000000,650,2,1,0,0,0,0,0,0,0,0,0,0,0,0,0,0,38461.53846153846,0,0.003076923076923077,False,False,False,False,False,True,False,False,False,False,False,False,False,False,False
13000000,1800,3,1,0,0,0,0,0,0,0,0,0,0,0,0,0,0,7222.222222222223,0,0.0016666666666666668,False,False,False,False,False,True,False,False,False,False,False,False,False,False,False
20000000,1150,3,1,0,0,0,0,0,0,0,0,0,0,0,0,0,0,17391.304347826088,0,0.0026086956521739132,False,False,False,False,False,True,False,False,False,False,False,False,False,False,False
4500000,1450,2,1,0,0,0,0,0,0,0,0,0,0,0,0,0,0,3103.448275862069,0,0.001379310344827586,False,False,False,False,False,True,False,False,False,False,False,False,False,False,False
20000000,810,3,0,0,0,0,0,0,0,0,0,0,0,0,0,0,0,24691.35802469136,0,0.003703703703703704,False,False,False,False,False,True,False,False,False,False,False,False,False,False,False
3000000,1400,3,1,0,0,0,0,0,0,0,0,0,0,0,0,0,0,2142.8571428571427,0,0.002142857142857143,False,False,False,False,False,True,False,False,False,False,False,False,False,False,False
29800000,585,2,1,0,0,0,0,0,0,0,0,0,0,0,0,0,0,50940.17094017094,0,0.003418803418803419,False,False,False,False,False,True,False,False,False,False,False,False,False,False,False
2500000,2800,3,1,0,0,0,0,0,0,0,0,0,0,0,0,0,0,892.8571428571429,0,0.0010714285714285715,False,False,False,False,False,True,False,False,False,False,False,False,False,False,False
42500000,480,2,1,0,0,0,0,0,0,0,0,0,0,0,0,0,0,88541.66666666667,0,0.004166666666666667,False,False,False,False,False,True,False,False,False,False,False,False,False,False,False
22000000,2100,4,1,0,0,0,0,0,0,0,0,0,0,0,0,0,0,10476.190476190477,0,0.0019047619047619048,False,False,False,False,False,True,False,False,False,False,False,False,False,False,False
21000000,1550,3,1,0,0,0,0,0,0,0,0,0,0,0,0,0,0,13548.387096774193,0,0.001935483870967742,False,False,False,False,False,False,False,False,False,False,False,False,False,False,False
2600000,2700,2,1,0,0,0,0,0,0,0,0,0,0,0,0,0,0,962.9629629629629,0,0.0007407407407407407,False,False,False,False,False,True,False,False,False,False,False,False,False,False,False
3700000,700,2,1,0,0,0,0,0,0,0,0,0,0,0,0,0,0,5285.714285714285,0,0.002857142857142857,False,False,False,False,False,True,False,False,False,False,False,False,False,False,False
3800000,810,2,0,0,0,0,0,0,0,0,0,0,0,0,0,0,0,4691.358024691358,0,0.0024691358024691358,False,False,False,False,False,True,False,False,False,False,False,False,False,False,False
2400000,720,3,0,0,0,0,0,0,0,0,0,0,0,0,0,0,0,3333.3333333333335,0,0.004166666666666667,False,False,False,False,False,False,False,False,False,False,False,False,False,True,False
2400000,650,2,1,0,0,0,0,0,0,0,0,0,0,0,0,0,0,3692.3076923076924,0,0.003076923076923077,False,False,False,False,False,True,False,False,False,False,False,False,False,False,False
4300000,650,2,1,0,0,0,0,0,0,0,0,0,0,0,0,0,0,6615.384615384615,0,0.003076923076923077,False,False,False,False,False,True,False,False,False,False,False,False,False,False,False
2400000,900,2,1,0,0,0,0,0,0,0,0,0,0,0,0,0,0,2666.6666666666665,0,0.0022222222222222222,False,False,False,False,False,True,False,False,False,False,False,False,False,False,False
5200000,650,2,1,0,0,0,0,0,0,0,0,0,0,0,0,0,0,8000.0,0,0.003076923076923077,False,False,False,False,False,True,False,False,False,False,False,False,False,False,False
20000000,900,3,1,0,0,0,0,0,0,0,0,0,0,0,0,0,0,22222.222222222223,0,0.0033333333333333335,False,False,False,False,False,True,False,False,False,False,False,False,False,False,False
15500000,1400,3,1,0,0,0,0,0,0,0,0,0,0,0,0,0,0,11071.42857142857,0,0.002142857142857143,False,False,False,False,False,True,False,False,False,False,False,False,False,False,False
2400000,1699,3,1,0,0,0,0,0,0,0,0,0,0,0,0,0,0,1412.5956444967628,0,0.0017657445556209534,False,False,False,False,False,False,False,True,False,False,False,False,False,False,False
2400000,650,2,1,0,0,0,0,0,0,0,0,0,0,0,0,0,0,3692.3076923076924,0,0.003076923076923077,False,False,False,False,False,True,False,False,False,False,False,False,False,False,False
16500000,650,2,1,0,0,0,0,0,0,0,0,0,0,0,0,0,0,25384.615384615383,0,0.003076923076923077,False,False,False,False,False,True,False,False,False,False,False,False,False,False,False
6000000,1550,3,1,0,0,0,0,0,0,0,0,0,0,0,0,0,0,3870.967741935484,0,0.001935483870967742,False,False,False,False,False,True,False,False,False,False,False,False,False,False,False
24900000,1100,3,1,0,0,0,0,0,0,0,0,0,0,0,0,0,0,22636.363636363636,0,0.0027272727272727275,False,False,False,False,False,True,False,False,False,False,False,False,False,False,False
13500000,2500,4,1,0,0,0,0,0,0,0,0,0,0,0,0,0,0,5400.0,0,0.0016,False,False,False,False,False,True,False,False,False,False,False,False,False,False,False
10000000,1050,3,1,0,0,0,0,0,0,0,0,0,0,0,0,0,0,9523.809523809523,0,0.002857142857142857,False,False,False,False,False,True,False,False,False,False,False,False,False,False,False
12600000,1321,2,1,0,0,0,0,0,0,0,0,0,0,0,0,0,0,9538.228614685844,0,0.001514004542013626,False,False,False,False,False,True,False,False,False,False,False,False,False,False,False
5800000,1599,3,1,0,0,0,0,0,0,0,0,0,0,0,0,0,0,3627.2670419011883,0,0.001876172607879925,False,False,False,False,False,True,False,False,False,False,False,False,False,False,False
5700000,900,3,1,0,0,0,0,0,0,0,0,0,0,0,0,0,0,6333.333333333333,0,0.0033333333333333335,False,False,False,False,False,True,False,False,False,False,False,False,False,False,False
2100000,900,3,1,0,0,0,0,0,0,0,0,0,0,0,0,0,0,2333.3333333333335,0,0.0033333333333333335,False,False,False,False,False,True,False,False,False,False,False,False,False,False,False
4400000,400,1,1,0,0,0,0,0,0,0,0,0,0,0,0,0,0,11000.0,0,0.0025,False,False,False,False,False,True,False,False,False,False,False,False,False,False,False
4500000,900,3,0,0,0,0,0,0,0,0,0,0,0,0,0,0,0,5000.0,0,0.0033333333333333335,False,False,False,False,False,True,False,False,False,False,False,False,False,False,False
2200000,900,3,1,0,0,0,0,0,0,0,0,0,0,0,0,0,0,2444.4444444444443,0,0.0033333333333333335,False,False,False,False,False,True,False,False,False,False,False,False,False,False,False
3600000,990,3,0,0,0,0,0,0,0,0,0,0,0,0,0,0,0,3636.3636363636365,0,0.0030303030303030303,False,False,False,False,False,True,False,False,False,False,False,False,False,False,False
3500000,990,3,0,0,0,0,0,0,0,0,0,0,0,0,0,0,0,3535.3535353535353,0,0.0030303030303030303,False,False,False,False,False,True,False,False,False,False,False,False,False,False,False
3900000,900,3,0,0,0,0,0,0,0,0,0,0,0,0,0,0,0,4333.333333333333,0,0.0033333333333333335,False,False,False,False,False,True,False,False,False,False,False,False,False,False,False
2800000,1050,3,0,0,0,0,0,0,0,0,0,0,0,0,0,0,0,2666.6666666666665,0,0.002857142857142857,False,False,False,False,False,True,False,False,False,False,False,False,False,False,False
2720000,680,2,0,0,0,0,0,0,0,0,0,0,0,0,0,0,0,4000.0,0,0.0029411764705882353,False,False,False,False,False,True,False,False,False,False,False,False,False,False,False
2750000,650,2,0,0,0,0,0,0,0,0,0,0,0,0,0,0,0,4230.7692307692305,0,0.003076923076923077,False,False,False,False,False,True,False,False,False,False,False,False,False,False,False
2600000,650,2,0,0,0,0,0,0,0,0,0,0,0,0,0,0,0,4000.0,0,0.003076923076923077,False,False,False,False,False,True,False,False,False,False,False,False,False,False,False
2500000,620,2,1,0,0,0,0,0,0,0,0,0,0,0,0,0,0,4032.2580645161293,0,0.0032258064516129032,False,False,False,False,False,True,False,False,False,False,False,False,False,False,False
3000000,650,2,1,0,0,0,0,0,0,0,0,0,0,0,0,0,0,4615.384615384615,0,0.003076923076923077,False,False,False,False,False,True,False,False,False,False,False,False,False,False,False
2800000,850,3,1,0,0,0,0,0,0,0,0,0,0,0,0,0,0,3294.1176470588234,0,0.0035294117647058825,False,False,False,False,False,True,False,False,False,False,False,False,False,False,False
2400000,700,2,1,0,0,0,0,0,0,0,0,0,0,0,0,0,0,3428.5714285714284,0,0.002857142857142857,False,False,False,False,False,True,False,False,False,False,False,False,False,False,False
2500000,650,2,1,0,0,0,0,0,0,0,0,0,0,0,0,0,0,3846.153846153846,0,0.003076923076923077,False,False,False,False,False,True,False,False,False,False,False,False,False,False,False
4000000,700,2,1,0,0,0,0,0,0,0,0,0,0,0,0,0,0,5714.285714285715,0,0.002857142857142857,False,False,False,False,False,True,False,False,False,False,False,False,False,False,False
2500000,1000,3,1,0,0,0,0,0,0,0,0,0,0,0,0,0,0,2500.0,0,0.003,False,False,False,False,False,True,False,False,False,False,False,False,False,False,False
2500000,480,2,1,0,0,0,0,0,0,0,0,0,0,0,0,0,0,5208.333333333333,0,0.004166666666666667,False,False,False,False,False,True,False,False,False,False,False,False,False,False,False
3800000,650,2,1,0,0,0,0,0,0,0,0,0,0,0,0,0,0,5846.153846153846,0,0.003076923076923077,False,False,False,False,False,True,False,False,False,False,False,False,False,False,False
2700000,550,2,1,0,0,0,0,0,0,0,0,0,0,0,0,0,0,4909.090909090909,0,0.0036363636363636364,False,False,False,False,False,True,False,False,False,False,False,False,False,False,False
3600000,500,2,1,0,0,0,0,0,0,0,0,0,0,0,0,0,0,7200.0,0,0.004,False,False,False,False,False,True,False,False,False,False,False,False,False,False,False
2800000,750,3,1,0,0,0,0,0,0,0,0,0,0,0,0,0,0,3733.3333333333335,0,0.004,False,False,False,False,False,True,False,False,False,False,False,False,False,False,False
2800000,600,2,1,0,0,0,0,0,0,0,0,0,0,0,0,0,0,4666.666666666667,0,0.0033333333333333335,False,False,False,False,False,False,False,False,False,False,False,False,False,True,False
2650000,600,2,1,0,0,0,0,0,0,0,0,0,0,0,0,0,0,4416.666666666667,0,0.0033333333333333335,False,False,False,False,False,False,False,False,False,False,False,False,False,True,False
3200000,630,2,0,0,0,0,0,0,0,0,0,0,0,0,0,0,0,5079.3650793650795,0,0.0031746031746031746,False,False,False,False,False,False,False,False,False,False,False,False,False,True,False
2350000,990,3,0,0,0,0,0,0,0,0,0,0,0,0,0,0,0,2373.7373737373737,0,0.0030303030303030303,False,False,False,False,False,False,False,False,False,False,False,False,False,True,False
2500000,600,2,0,0,0,0,0,0,0,0,0,0,0,0,0,0,0,4166.666666666667,0,0.0033333333333333335,False,False,False,False,False,False,False,False,False,False,False,False,False,True,False
2300000,560,2,0,0,0,0,0,0,0,0,0,0,0,0,0,0,0,4107.142857142857,0,0.0035714285714285713,False,False,False,False,False,False,False,False,False,False,False,False,False,True,False
3499000,560,2,0,0,0,0,0,0,0,0,0,0,0,0,0,0,0,6248.214285714285,0,0.0035714285714285713,False,False,False,False,False,False,False,False,False,False,False,False,False,True,False
3650000,630,2,0,0,0,0,0,0,0,0,0,0,0,0,0,0,0,5793.650793650793,0,0.0031746031746031746,False,False,False,False,False,True,False,False,False,False,False,False,False,False,False
2700000,990,3,0,0,0,0,0,0,0,0,0,0,0,0,0,0,0,2727.2727272727275,0,0.0030303030303030303,False,False,False,False,False,True,False,False,False,False,False,False,False,False,False
2600000,600,2,0,0,0,0,0,0,0,0,0,0,0,0,0,0,0,4333.333333333333,0,0.0033333333333333335,False,False,False,False,False,True,False,False,False,False,False,False,False,False,False
2750000,600,2,0,0,0,0,0,0,0,0,0,0,0,0,0,0,0,4583.333333333333,0,0.0033333333333333335,False,False,False,False,False,True,False,False,False,False,False,False,False,False,False
15900000,620,2,0,0,0,0,0,0,0,0,0,0,0,0,0,0,0,25645.16129032258,0,0.0032258064516129032,False,False,False,False,False,True,False,False,False,False,False,False,False,False,False
22000000,1858,3,1,0,0,0,0,0,0,0,0,0,0,0,0,0,0,11840.688912809472,0,0.0016146393972012918,False,False,False,False,False,False,False,False,False,False,False,False,True,False,False
4100000,2350,4,1,0,0,0,0,0,0,0,0,0,0,0,0,0,0,1744.6808510638298,0,0.001702127659574468,False,False,False,False,False,False,True,False,False,False,False,False,False,False,False
3600000,990,3,0,0,0,0,0,0,0,0,0,0,0,0,0,0,0,3636.3636363636365,0,0.0030303030303030303,False,False,False,False,False,True,False,False,False,False,False,False,False,False,False
2000000,990,3,0,0,0,0,0,0,0,0,0,0,0,0,0,0,0,2020.20202020202,0,0.0030303030303030303,False,False,False,False,False,True,False,False,False,False,False,False,False,False,False
2200000,700,2,0,0,0,0,0,0,0,0,0,0,0,0,0,0,0,3142.8571428571427,0,0.002857142857142857,False,False,False,False,False,False,False,False,False,False,False,False,False,True,False
2200000,650,2,0,0,0,0,0,0,0,0,0,0,0,0,0,0,0,3384.6153846153848,0,0.003076923076923077,False,False,False,False,False,True,False,False,False,False,False,False,False,False,False
2200000,650,2,0,0,0,0,0,0,0,0,0,0,0,0,0,0,0,3384.6153846153848,0,0.003076923076923077,False,False,False,False,False,True,False,False,False,False,False,False,False,False,False
10000000,650,2,0,0,0,0,0,0,0,0,0,0,0,0,0,0,0,15384.615384615385,0,0.003076923076923077,False,False,False,False,False,True,False,False,False,False,False,False,False,False,False
12600000,1321,2,1,0,0,0,0,0,0,0,0,0,0,0,0,0,0,9538.228614685844,0,0.001514004542013626,False,False,False,False,False,True,False,False,False,False,False,False,False,False,False
2700000,1599,3,1,0,0,0,0,0,0,0,0,0,0,0,0,0,0,1688.5553470919324,0,0.001876172607879925,False,False,False,False,False,True,False,False,False,False,False,False,False,False,False
3600000,500,2,1,0,0,0,0,0,0,0,0,0,0,0,0,0,0,7200.0,0,0.004,False,False,False,False,False,True,False,False,False,False,False,False,False,False,False
2200000,750,3,1,0,0,0,0,0,0,0,0,0,0,0,0,0,0,2933.3333333333335,0,0.004,False,False,False,False,False,True,False,False,False,False,False,False,False,False,False
3000000,500,2,1,0,0,0,0,0,0,0,0,0,0,0,0,0,0,6000.0,0,0.004,False,False,False,False,False,True,False,False,False,False,False,False,False,False,False
3000000,900,3,1,0,0,0,0,0,0,0,0,0,0,0,0,0,0,3333.3333333333335,0,0.0033333333333333335,False,False,False,False,False,True,False,False,False,False,False,False,False,False,False
2800000,850,3,1,0,0,0,0,0,0,0,0,0,0,0,0,0,0,3294.1176470588234,0,0.0035294117647058825,False,False,False,False,False,True,False,False,False,False,False,False,False,False,False
2400000,700,2,1,0,0,0,0,0,0,0,0,0,0,0,0,0,0,3428.5714285714284,0,0.002857142857142857,False,False,False,False,False,True,False,False,False,False,False,False,False,False,False
2600000,650,2,1,0,0,0,0,0,0,0,0,0,0,0,0,0,0,4000.0,0,0.003076923076923077,False,False,False,False,False,True,False,False,False,False,False,False,False,False,False
2500000,700,2,1,0,0,0,0,0,0,0,0,0,0,0,0,0,0,3571.4285714285716,0,0.002857142857142857,False,False,False,False,False,True,False,False,False,False,False,False,False,False,False
5000000,480,2,1,0,0,0,0,0,0,0,0,0,0,0,0,0,0,10416.666666666666,0,0.004166666666666667,False,False,False,False,False,True,False,False,False,False,False,False,False,False,False
2500000,750,3,1,0,0,0,0,0,0,0,0,0,0,0,0,0,0,3333.3333333333335,0,0.004,False,False,False,False,False,True,False,False,False,False,False,False,False,False,False
2600000,650,2,1,0,0,0,0,0,0,0,0,0,0,0,0,0,0,4000.0,0,0.003076923076923077,False,False,False,False,False,True,False,False,False,False,False,False,False,False,False
2500000,620,2,1,0,0,0,0,0,0,0,0,0,0,0,0,0,0,4032.2580645161293,0,0.0032258064516129032,False,False,False,False,False,True,False,False,False,False,False,False,False,False,False
3000000,650,2,1,0,0,0,0,0,0,0,0,0,0,0,0,0,0,4615.384615384615,0,0.003076923076923077,False,False,False,False,False,True,False,False,False,False,False,False,False,False,False
2800000,850,3,1,0,0,0,0,0,0,0,0,0,0,0,0,0,0,3294.1176470588234,0,0.0035294117647058825,False,False,False,False,False,True,False,False,False,False,False,False,False,False,False
2400000,700,2,1,0,0,0,0,0,0,0,0,0,0,0,0,0,0,3428.5714285714284,0,0.002857142857142857,False,False,False,False,False,True,False,False,False,False,False,False,False,False,False
2100000,650,2,1,0,0,0,0,0,0,0,0,0,0,0,0,0,0,3230.769230769231,0,0.003076923076923077,False,False,False,False,False,True,False,False,False,False,False,False,False,False,False
4400000,400,1,1,0,0,0,0,0,0,0,0,0,0,0,0,0,0,11000.0,0,0.0025,False,False,False,False,False,True,False,False,False,False,False,False,False,False,False
4500000,900,3,0,0,0,0,0,0,0,0,0,0,0,0,0,0,0,5000.0,0,0.0033333333333333335,False,False,False,False,False,True,False,False,False,False,False,False,False,False,False
2200000,900,3,1,0,0,0,0,0,0,0,0,0,0,0,0,0,0,2444.4444444444443,0,0.0033333333333333335,False,False,False,False,False,True,False,False,False,False,False,False,False,False,False
2200000,450,2,1,0,0,0,0,0,0,0,0,0,0,0,0,0,0,4888.888888888889,0,0.0044444444444444444,False,False,False,False,False,True,False,False,False,False,False,False,False,False,False
3600000,450,2,1,0,0,0,0,0,0,0,0,0,0,0,0,0,0,8000.0,0,0.0044444444444444444,False,False,False,False,False,True,False,False,False,False,False,False,False,False,False
21000000,720,3,0,0,0,0,0,0,0,0,0,0,0,0,0,0,0,29166.666666666668,0,0.004166666666666667,False,False,False,False,False,False,False,False,False,False,False,False,False,True,False
19500000,1400,3,1,0,0,0,0,0,0,0,0,0,0,0,0,0,0,13928.57142857143,0,0.002142857142857143,False,False,False,False,False,True,False,False,False,False,False,False,False,False,False
15500000,2150,4,1,0,0,0,0,0,0,0,0,0,0,0,0,0,0,7209.302325581395,0,0.0018604651162790699,False,False,False,False,False,False,False,False,False,True,False,False,False,False,False
17200000,1750,3,1,0,0,0,0,0,0,0,0,0,0,0,0,0,0,9828.57142857143,0,0.0017142857142857142,False,False,False,False,False,False,True,False,False,False,False,False,False,False,False
15200000,1750,3,1,0,0,0,0,0,0,0,0,0,0,0,0,0,0,8685.714285714286,0,0.0017142857142857142,False,False,False,False,False,False,False,False,False,False,False,False,True,False,False
12700000,1750,3,1,0,0,0,0,0,0,0,0,0,0,0,0,0,0,7257.142857142857,0,0.0017142857142857142,False,False,False,False,False,True,False,False,False,False,False,False,False,False,False
12500000,1350,2,1,0,0,0,0,0,0,0,0,0,0,0,0,0,0,9259.25925925926,0,0.0014814814814814814,False,False,False,False,False,False,False,False,False,False,False,False,True,False,False
17200000,1250,2,1,0,0,0,0,0,0,0,0,0,0,0,0,0,0,13760.0,0,0.0016,False,False,False,False,False,False,False,False,False,True,False,False,False,False,False
19200000,1750,3,1,0,0,0,0,0,0,0,0,0,0,0,0,0,0,10971.42857142857,0,0.0017142857142857142,False,False,False,False,False,False,False,False,False,False,True,False,False,False,False
23500000,1950,3,1,0,0,0,0,0,0,0,0,0,0,0,0,0,0,12051.28205128205,0,0.0015384615384615385,False,False,False,False,False,False,False,False,False,False,True,False,False,False,False
16800000,2350,4,1,0,0,0,0,0,0,0,0,0,0,0,0,0,0,7148.936170212766,0,0.001702127659574468,False,False,False,False,False,False,False,False,False,False,False,False,True,False,False
19800000,1700,3,1,0,0,0,0,0,0,0,0,0,0,0,0,0,0,11647.058823529413,0,0.0017647058823529412,False,False,False,False,False,False,False,True,False,False,False,False,False,False,False
17200000,2250,4,1,0,0,0,0,0,0,0,0,0,0,0,0,0,0,7644.444444444444,0,0.0017777777777777779,False,False,False,False,False,False,False,False,False,False,False,True,False,False,False
15000000,1850,3,1,0,0,0,0,0,0,0,0,0,0,0,0,0,0,8108.108108108108,0,0.0016216216216216215,False,False,False,False,False,False,False,False,False,False,False,True,False,False,False
6500000,1200,2,1,0,0,0,0,0,0,0,0,0,0,0,0,0,0,5416.666666666667,0,0.0016666666666666668,False,False,False,False,False,True,False,False,False,False,False,False,False,False,False
5500000,1080,3,1,0,0,0,0,0,0,0,0,0,0,0,0,0,0,5092.592592592592,0,0.002777777777777778,False,False,False,False,False,False,False,False,False,False,False,False,False,True,False
4500000,900,3,1,0,0,0,0,0,0,0,0,0,0,0,0,0,0,5000.0,0,0.0033333333333333335,False,False,False,False,False,True,False,False,False,False,False,False,False,False,False
2800000,900,3,1,0,0,0,0,0,0,0,0,0,0,0,0,0,0,3111.1111111111113,0,0.0033333333333333335,False,False,False,False,False,True,False,False,False,False,False,False,False,False,False
2600000,590,2,0,0,0,0,0,0,0,0,0,0,0,0,0,0,0,4406.779661016949,0,0.003389830508474576,False,True,False,False,False,False,False,False,False,False,False,False,False,False,False
4300000,465,2,0,0,0,0,0,0,0,0,0,0,0,0,0,0,0,9247.31182795699,0,0.004301075268817204,False,False,False,False,False,False,False,False,False,False,False,False,False,True,False
6800000,810,3,0,0,0,0,0,0,0,0,0,0,0,0,0,0,0,8395.061728395061,0,0.003703703703703704,False,True,False,False,False,False,False,False,False,False,False,False,False,False,False
17500000,800,2,1,0,0,0,0,0,0,0,0,0,0,0,0,0,0,21875.0,0,0.0025,False,False,False,False,False,True,False,False,False,False,False,False,False,False,False
13700000,2000,4,0,0,0,0,0,0,0,0,0,0,0,0,0,0,0,6850.0,0,0.002,False,False,False,False,False,True,False,False,False,False,False,False,False,False,False
18000000,2000,3,0,0,0,0,0,0,0,0,0,0,0,0,0,0,0,9000.0,0,0.0015,False,False,False,False,False,True,False,False,False,False,False,False,False,False,False
18000000,1500,3,1,0,0,0,0,0,0,0,0,0,0,0,0,0,0,12000.0,0,0.002,False,False,False,False,False,False,False,False,False,False,False,False,False,False,False
4000000,1500,3,1,0,0,0,0,0,0,0,0,0,0,0,0,0,0,2666.6666666666665,0,0.002,False,False,False,False,False,False,False,False,False,False,False,False,False,False,False
4000000,720,3,1,0,0,0,0,0,0,0,0,0,0,0,0,0,0,5555.555555555556,0,0.004166666666666667,False,False,False,False,False,True,False,False,False,False,False,False,False,False,False
4000000,720,3,1,0,0,0,0,0,0,0,0,0,0,0,0,0,0,5555.555555555556,0,0.004166666666666667,False,False,False,False,False,True,False,False,False,False,False,False,False,False,False
4000000,720,3,1,0,0,0,0,0,0,0,0,0,0,0,0,0,0,5555.555555555556,0,0.004166666666666667,False,False,False,False,False,True,False,False,False,False,False,False,False,False,False
4000000,720,3,1,0,0,0,0,0,0,0,0,0,0,0,0,0,0,5555.555555555556,0,0.004166666666666667,False,False,False,False,False,True,False,False,False,False,False,False,False,False,False
4000000,720,3,1,0,0,0,0,0,0,0,0,0,0,0,0,0,0,5555.555555555556,0,0.004166666666666667,False,False,False,False,False,True,False,False,False,False,False,False,False,False,False
4000000,720,3,1,0,0,0,0,0,0,0,0,0,0,0,0,0,0,5555.555555555556,0,0.004166666666666667,False,False,False,False,False,True,False,False,False,False,False,False,False,False,False
4000000,720,3,1,0,0,0,0,0,0,0,0,0,0,0,0,0,0,5555.555555555556,0,0.004166666666666667,False,False,False,False,False,True,False,False,False,False,False,False,False,False,False
3000000,720,3,1,0,0,0,0,0,0,0,0,0,0,0,0,0,0,4166.666666666667,0,0.004166666666666667,False,False,False,False,False,True,False,False,False,False,False,False,False,False,False
3150000,720,3,1,0,0,0,0,0,0,0,0,0,0,0,0,0,0,4375.0,0,0.004166666666666667,False,False,False,False,False,True,False,False,False,False,False,False,False,False,False
2500000,720,3,1,0,0,0,0,0,0,0,0,0,0,0,0,0,0,3472.222222222222,0,0.004166666666666667,False,False,False,False,False,True,False,False,False,False,False,False,False,False,False
4500000,540,2,1,0,0,0,0,0,0,0,0,0,0,0,0,0,0,8333.333333333334,0,0.003703703703703704,False,False,False,False,False,False,False,False,False,False,False,False,False,True,False
3500000,900,3,1,0,0,0,0,0,0,0,0,0,0,0,0,0,0,3888.8888888888887,0,0.0033333333333333335,False,False,False,False,False,False,False,False,False,False,False,False,False,True,False
2500000,720,3,1,0,0,0,0,0,0,0,0,0,0,0,0,0,0,3472.222222222222,0,0.004166666666666667,False,False,False,False,False,True,False,False,False,False,False,False,False,False,False
2500000,495,2,1,0,0,0,0,0,0,0,0,0,0,0,0,0,0,5050.50505050505,0,0.00404040404040404,False,False,False,False,False,False,False,False,False,False,False,False,False,True,False
4000000,540,2,1,0,0,0,0,0,0,0,0,0,0,0,0,0,0,7407.407407407408,0,0.003703703703703704,False,False,False,False,False,True,False,False,False,False,False,False,False,False,False
4000000,900,3,1,0,0,0,0,0,0,0,0,0,0,0,0,0,0,4444.444444444444,0,0.0033333333333333335,False,False,False,False,False,False,False,False,False,False,False,False,False,True,False
14000000,720,3,1,0,0,0,0,0,0,0,0,0,0,0,0,0,0,19444.444444444445,0,0.004166666666666667,False,False,False,False,False,True,False,False,False,False,False,False,False,False,False
12000000,2000,3,0,0,0,0,0,0,0,0,0,0,0,0,0,0,0,6000.0,0,0.0015,False,False,False,False,False,True,False,False,False,False,False,False,False,False,False
14200000,1600,3,1,0,0,0,0,0,0,0,0,0,0,0,0,0,0,8875.0,0,0.001875,False,False,False,False,False,False,False,False,False,False,True,False,False,False,False
14600000,2000,3,0,0,0,0,0,0,0,0,0,0,0,0,0,0,0,7300.0,0,0.0015,False,False,False,False,False,True,False,False,False,False,False,False,False,False,False
33500000,2000,3,0,0,0,0,0,0,0,0,0,0,0,0,0,0,0,16750.0,0,0.0015,False,False,False,False,False,True,False,False,False,False,False,False,False,False,False
28000000,2800,4,1,0,0,0,0,0,0,0,0,0,0,0,0,0,0,10000.0,0,0.0014285714285714286,False,False,False,False,False,False,False,False,False,False,True,False,False,False,False
11000000,2870,4,1,0,0,0,0,0,0,0,0,0,0,0,0,0,0,3832.752613240418,0,0.0013937282229965157,False,False,False,False,False,False,False,False,True,False,False,False,False,False,False
4400000,1250,2,1,0,0,0,0,0,0,0,0,0,0,0,0,0,0,3520.0,0,0.0016,False,False,False,False,False,True,False,False,False,False,False,False,False,False,False
10800000,1300,3,1,0,0,0,0,0,0,0,0,0,0,0,0,0,0,8307.692307692309,0,0.002307692307692308,False,False,False,False,False,True,False,False,False,False,False,False,False,False,False
4000000,1200,2,1,0,0,0,0,0,0,0,0,0,0,0,0,0,0,3333.3333333333335,0,0.0016666666666666668,False,False,False,False,False,True,False,False,False,False,False,False,False,False,False
4000000,516,1,1,0,0,0,0,0,0,0,0,0,0,0,0,0,0,7751.937984496124,0,0.001937984496124031,False,False,False,False,False,True,False,False,False,False,False,False,False,False,False
4300000,516,1,1,0,0,0,0,0,0,0,0,0,0,0,0,0,0,8333.333333333334,0,0.001937984496124031,False,False,False,False,False,True,False,False,False,False,False,False,False,False,False
4100000,516,1,1,0,0,0,0,0,0,0,0,0,0,0,0,0,0,7945.736434108527,0,0.001937984496124031,False,False,False,False,False,True,False,False,False,False,False,False,False,False,False
4000000,550,1,1,0,0,0,0,0,0,0,0,0,0,0,0,0,0,7272.727272727273,0,0.0018181818181818182,False,False,False,False,False,True,False,False,False,False,False,False,False,False,False
11500000,550,1,1,0,0,0,0,0,0,0,0,0,0,0,0,0,0,20909.090909090908,0,0.0018181818181818182,False,False,False,False,False,True,False,False,False,False,False,False,False,False,False
4300000,1600,3,1,0,0,0,0,0,0,0,0,0,0,0,0,0,0,2687.5,0,0.001875,False,False,False,False,False,False,False,False,False,False,True,False,False,False,False
14500000,516,1,1,0,0,0,0,0,0,0,0,0,0,0,0,0,0,28100.77519379845,0,0.001937984496124031,False,False,False,False,False,True,False,False,False,False,False,False,False,False,False
35000000,1100,3,1,0,0,0,0,0,0,0,0,0,0,0,0,0,0,31818.18181818182,0,0.0027272727272727275,False,False,False,False,False,True,False,False,False,False,False,False,False,False,False
32000000,2200,4,1,0,0,0,0,0,0,0,0,0,0,0,0,0,0,14545.454545454546,0,0.0018181818181818182,False,False,False,False,False,False,False,False,False,False,False,False,False,False,True
20000000,2700,4,1,0,0,0,0,0,0,0,0,0,0,0,0,0,0,7407.407407407408,0,0.0014814814814814814,False,False,False,False,False,False,False,False,False,False,False,False,False,False,True
20000000,1800,2,1,0,0,0,0,0,0,0,0,0,0,0,0,0,0,11111.111111111111,0,0.0011111111111111111,False,False,False,False,False,False,False,False,False,False,False,False,False,False,True
3600000,1450,3,1,0,0,0,0,0,0,0,0,0,0,0,0,0,0,2482.7586206896553,0,0.0020689655172413794,False,False,False,False,False,False,False,False,False,False,False,False,False,False,True
11500000,550,1,1,0,0,0,0,0,0,0,0,0,0,0,0,0,0,20909.090909090908,0,0.0018181818181818182,False,False,False,False,False,True,False,False,False,False,False,False,False,False,False
11500000,1600,3,1,0,0,0,0,0,0,0,0,0,0,0,0,0,0,7187.5,0,0.001875,False,False,False,False,False,False,False,False,False,False,True,False,False,False,False
19000000,1600,3,1,0,0,0,0,0,0,0,0,0,0,0,0,0,0,11875.0,0,0.001875,False,False,False,False,False,False,False,False,False,False,True,False,False,False,False
3700000,1800,3,1,0,0,0,0,0,0,0,0,0,0,0,0,0,0,2055.5555555555557,0,0.0016666666666666668,False,False,False,False,False,True,False,False,False,False,False,False,False,False,False
4000000,580,1,1,0,0,0,0,0,0,0,0,0,0,0,0,0,0,6896.551724137931,0,0.0017241379310344827,False,False,False,False,False,True,False,False,False,False,False,False,False,False,False
29000000,580,1,1,0,0,0,0,0,0,0,0,0,0,0,0,0,0,50000.0,0,0.0017241379310344827,False,False,False,False,False,True,False,False,False,False,False,False,False,False,False
5000000,1200,3,1,0,0,0,0,0,0,0,0,0,0,0,0,0,0,4166.666666666667,0,0.0025,False,False,False,False,False,True,False,False,False,False,False,False,False,False,False
34000000,530,1,1,0,0,0,0,0,0,0,0,0,0,0,0,0,0,64150.943396226416,0,0.0018867924528301887,False,False,False,False,False,True,False,False,False,False,False,False,False,False,False
15900000,1800,4,1,0,0,0,0,0,0,0,0,0,0,0,0,0,0,8833.333333333334,0,0.0022222222222222222,False,False,False,False,False,True,False,False,False,False,False,False,False,False,False
13500000,1850,3,1,0,0,0,0,0,0,0,0,0,0,0,0,0,0,7297.2972972972975,0,0.0016216216216216215,False,False,False,False,False,False,False,False,True,False,False,False,False,False,False
11700000,1800,3,1,0,0,0,0,0,0,0,0,0,0,0,0,0,0,6500.0,0,0.0016666666666666668,False,False,False,False,False,True,False,False,False,False,False,False,False,False,False
15200000,1300,2,1,0,0,0,0,0,0,0,0,0,0,0,0,0,0,11692.307692307691,0,0.0015384615384615385,False,False,False,False,False,False,False,False,False,False,True,False,False,False,False
3600000,1800,3,1,0,0,0,0,0,0,0,0,0,0,0,0,0,0,2000.0,0,0.0016666666666666668,False,False,False,False,False,False,True,False,False,False,False,False,False,False,False
4400000,520,1,1,0,0,0,0,0,0,0,0,0,0,0,0,0,0,8461.538461538461,0,0.0019230769230769232,False,False,False,False,False,True,False,False,False,False,False,False,False,False,False
4000000,520,1,1,0,0,0,0,0,0,0,0,0,0,0,0,0,0,7692.307692307692,0,0.0019230769230769232,False,False,False,False,False,True,False,False,False,False,False,False,False,False,False
5100000,562,1,1,0,0,0,0,0,0,0,0,0,0,0,0,0,0,9074.733096085409,0,0.0017793594306049821,False,False,False,False,False,True,False,False,False,False,False,False,False,False,False
5000000,580,1,1,0,0,0,0,0,0,0,0,0,0,0,0,0,0,8620.689655172413,0,0.0017241379310344827,False,False,False,False,False,True,False,False,False,False,False,False,False,False,False
4100000,516,1,1,0,0,0,0,0,0,0,0,0,0,0,0,0,0,7945.736434108527,0,0.001937984496124031,False,False,False,False,False,True,False,False,False,False,False,False,False,False,False
9900000,516,1,1,0,0,0,0,0,0,0,0,0,0,0,0,0,0,19186.04651162791,0,0.001937984496124031,False,False,False,False,False,True,False,False,False,False,False,False,False,False,False
24500000,1400,2,1,0,0,0,0,0,0,0,0,0,0,0,0,0,0,17500.0,0,0.0014285714285714286,False,False,False,False,False,True,False,False,False,False,False,False,False,False,False
2250000,2000,3,1,0,0,0,0,0,0,0,0,0,0,0,0,0,0,1125.0,0,0.0015,False,False,False,False,False,True,False,False,False,False,False,False,False,False,False
6500000,540,1,0,0,0,0,0,0,0,0,0,0,0,0,0,0,0,12037.037037037036,0,0.001851851851851852,False,False,False,False,False,False,False,False,False,False,False,False,False,True,False
3800000,750,2,1,0,0,0,0,0,0,0,0,0,0,0,0,0,0,5066.666666666667,0,0.0026666666666666666,False,False,False,False,False,True,False,False,False,False,False,False,False,False,False
3900000,550,1,1,0,0,0,0,0,0,0,0,0,0,0,0,0,0,7090.909090909091,0,0.0018181818181818182,False,False,False,False,False,True,False,False,False,False,False,False,False,False,False
3900000,594,1,1,0,0,0,0,0,0,0,0,0,0,0,0,0,0,6565.656565656565,0,0.0016835016835016834,False,False,False,False,False,True,False,False,False,False,False,False,False,False,False
4300000,520,1,1,0,0,0,0,0,0,0,0,0,0,0,0,0,0,8269.23076923077,0,0.0019230769230769232,False,False,False,False,False,True,False,False,False,False,False,False,False,False,False
5000000,516,1,1,0,0,0,0,0,0,0,0,0,0,0,0,0,0,9689.922480620155,0,0.001937984496124031,False,False,False,False,False,True,False,False,False,False,False,False,False,False,False
4600000,550,1,1,0,0,0,0,0,0,0,0,0,0,0,0,0,0,8363.636363636364,0,0.0018181818181818182,False,False,False,False,False,True,False,False,False,False,False,False,False,False,False
3750000,565,1,1,0,0,0,0,0,0,0,0,0,0,0,0,0,0,6637.168141592921,0,0.0017699115044247787,False,False,False,False,False,True,False,False,False,False,False,False,False,False,False
13500000,550,1,1,0,0,0,0,0,0,0,0,0,0,0,0,0,0,24545.454545454544,0,0.0018181818181818182,False,False,False,False,False,True,False,False,False,False,False,False,False,False,False
13000000,1800,3,1,0,0,0,0,0,0,0,0,0,0,0,0,0,0,7222.222222222223,0,0.0016666666666666668,False,False,False,False,False,True,False,False,False,False,False,False,False,False,False
20000000,1800,3,1,0,0,0,0,0,0,0,0,0,0,0,0,0,0,11111.111111111111,0,0.0016666666666666668,False,False,False,False,False,True,False,False,False,False,False,False,False,False,False
4000000,1250,3,1,0,0,0,0,0,0,0,0,0,0,0,0,0,0,3200.0,0,0.0024,False,False,False,False,False,True,False,False,False,False,False,False,False,False,False
8700000,750,1,1,0,0,0,0,0,0,0,0,0,0,0,0,0,0,11600.0,0,0.0013333333333333333,False,False,False,False,False,True,False,False,False,False,False,False,False,False,False
3500000,700,2,1,0,0,0,0,0,0,0,0,0,0,0,0,0,0,5000.0,0,0.002857142857142857,False,False,False,False,False,True,False,False,False,False,False,False,False,False,False
32500000,516,1,1,0,0,0,0,0,0,0,0,0,0,0,0,0,0,62984.49612403101,0,0.001937984496124031,False,False,False,False,False,True,False,False,False,False,False,False,False,False,False
8500000,2800,4,1,0,0,0,0,0,0,0,0,0,0,0,0,0,0,3035.714285714286,0,0.0014285714285714286,False,False,False,False,False,False,False,True,False,False,False,False,False,False,False
38400000,1000,2,1,0,0,0,0,0,0,0,0,0,0,0,0,0,0,38400.0,0,0.002,False,False,False,False,False,True,False,False,False,False,False,False,False,False,False
2800000,1450,3,1,0,0,0,0,0,0,0,0,0,0,0,0,0,0,1931.0344827586207,0,0.0020689655172413794,False,False,False,False,False,True,False,False,False,False,False,False,False,False,False
15500000,550,2,1,0,0,0,0,0,0,0,0,0,0,0,0,0,0,28181.81818181818,0,0.0036363636363636364,False,False,False,False,False,True,False,False,False,False,False,False,False,False,False
11000000,1680,3,1,0,0,0,0,0,0,0,0,0,0,0,0,0,0,6547.619047619048,0,0.0017857142857142857,False,False,False,False,False,True,False,False,False,False,False,False,False,False,False
8500000,1300,2,1,0,0,0,0,0,0,0,0,0,0,0,0,0,0,6538.461538461538,0,0.0015384615384615385,False,False,False,False,False,True,False,False,False,False,False,False,False,False,False
7500000,700,2,1,0,0,0,0,0,0,0,0,0,0,0,0,0,0,10714.285714285714,0,0.002857142857142857,False,False,False,False,False,True,False,False,False,False,False,False,False,False,False
19500000,600,1,1,0,0,0,0,0,0,0,0,0,0,0,0,0,0,32500.0,0,0.0016666666666666668,False,False,False,False,False,True,False,False,False,False,False,False,False,False,False
2500000,1400,2,1,0,0,0,0,0,0,0,0,0,0,0,0,0,0,1785.7142857142858,0,0.0014285714285714286,False,False,False,False,False,True,False,False,False,False,False,False,False,False,False
2549000,585,2,1,0,0,0,0,0,0,0,0,0,0,0,0,0,0,4357.264957264957,0,0.003418803418803419,False,False,False,False,False,True,False,False,False,False,False,False,False,False,False
2399000,620,2,1,0,0,0,0,0,0,0,0,0,0,0,0,0,0,3869.3548387096776,0,0.0032258064516129032,False,False,False,False,False,True,False,False,False,False,False,False,False,False,False
15000000,540,2,1,0,0,0,0,0,0,0,0,0,0,0,0,0,0,27777.777777777777,0,0.003703703703703704,False,False,False,False,False,True,False,False,False,False,False,False,False,False,False
7000000,1100,3,1,0,0,0,0,0,0,0,0,0,0,0,0,0,0,6363.636363636364,0,0.0027272727272727275,False,False,False,False,False,True,False,False,False,False,False,False,False,False,False
15800000,550,1,1,0,0,0,0,0,0,0,0,0,0,0,0,0,0,28727.272727272728,0,0.0018181818181818182,False,False,False,False,False,True,False,False,False,False,False,False,False,False,False
16000000,1800,3,1,0,0,0,0,0,0,0,0,0,0,0,0,0,0,8888.888888888889,0,0.0016666666666666668,False,False,False,False,False,False,False,False,False,False,False,False,True,False,False
18500000,2050,4,1,0,0,0,0,0,0,0,0,0,0,0,0,0,0,9024.390243902439,0,0.001951219512195122,False,False,False,False,False,True,False,False,False,False,False,False,False,False,False
14200000,2200,4,1,0,0,0,0,0,0,0,0,0,0,0,0,0,0,6454.545454545455,0,0.0018181818181818182,False,False,False,False,False,True,False,False,False,False,False,False,False,False,False
13500000,1900,4,1,0,0,0,0,0,0,0,0,0,0,0,0,0,0,7105.263157894737,0,0.002105263157894737,False,False,False,False,False,False,True,False,False,False,False,False,False,False,False
13000000,1700,3,1,0,0,0,0,0,0,0,0,0,0,0,0,0,0,7647.058823529412,0,0.0017647058823529412,False,False,False,False,False,False,True,False,False,False,False,False,False,False,False
3700000,1900,3,0,0,0,0,0,0,0,0,0,0,0,0,0,0,0,1947.3684210526317,0,0.0015789473684210526,False,False,False,False,False,True,False,False,False,False,False,False,False,False,False
6500000,510,1,1,0,0,0,0,0,0,0,0,0,0,0,0,0,0,12745.098039215687,0,0.00196078431372549,False,False,False,False,False,True,False,False,False,False,False,False,False,False,False
13400000,900,3,1,0,0,0,0,0,0,0,0,0,0,0,0,0,0,14888.888888888889,0,0.0033333333333333335,False,False,False,False,False,True,False,False,False,False,False,False,False,False,False
17600000,1500,3,1,0,0,0,0,0,0,0,0,0,0,0,0,0,0,11733.333333333334,0,0.002,False,False,False,False,False,True,False,False,False,False,False,False,False,False,False
23500000,1800,3,1,0,0,0,0,0,0,0,0,0,0,0,0,0,0,13055.555555555555,0,0.0016666666666666668,False,False,False,False,False,False,False,False,False,False,False,False,True,False,False
11900000,2300,4,1,0,0,0,0,0,0,0,0,0,0,0,0,0,0,5173.913043478261,0,0.0017391304347826088,False,False,False,False,False,False,False,False,False,True,False,False,False,False,False
14000000,1250,2,1,0,0,0,0,0,0,0,0,0,0,0,0,0,0,11200.0,0,0.0016,False,False,False,False,False,False,False,False,False,False,True,False,False,False,False
8700000,1800,3,1,0,0,0,0,0,0,0,0,0,0,0,0,0,0,4833.333333333333,0,0.0016666666666666668,False,False,False,False,False,True,False,False,False,False,False,False,False,False,False
4200000,1350,3,1,0,0,0,0,0,0,0,0,0,0,0,0,0,0,3111.1111111111113,0,0.0022222222222222222,False,False,True,False,False,False,False,False,False,False,False,False,False,False,False
3599000,516,1,1,0,0,0,0,0,0,0,0,0,0,0,0,0,0,6974.806201550387,0,0.001937984496124031,False,False,False,False,False,True,False,False,False,False,False,False,False,False,False
14500000,516,1,1,0,0,0,0,0,0,0,0,0,0,0,0,0,0,28100.77519379845,0,0.001937984496124031,False,False,False,False,False,True,False,False,False,False,False,False,False,False,False
14000000,1700,3,1,0,0,0,0,0,0,0,0,0,0,0,0,0,0,8235.29411764706,0,0.0017647058823529412,False,False,False,False,False,False,True,False,False,False,False,False,False,False,False
15500000,1750,3,1,0,0,0,0,0,0,0,0,0,0,0,0,0,0,8857.142857142857,0,0.0017142857142857142,False,False,False,False,False,False,False,False,False,True,False,False,False,False,False
28500000,1750,3,1,0,0,0,0,0,0,0,0,0,0,0,0,0,0,16285.714285714286,0,0.0017142857142857142,False,False,False,False,False,False,False,False,False,False,False,True,False,False,False
12100000,3500,5,1,0,0,0,0,0,0,0,0,0,0,0,0,0,0,3457.1428571428573,0,0.0014285714285714286,False,False,False,False,False,False,False,False,False,True,False,False,False,False,False
14500000,1300,2,1,0,0,0,0,0,0,0,0,0,0,0,0,0,0,11153.846153846154,0,0.0015384615384615385,False,False,False,False,False,False,False,False,False,False,True,False,False,False,False
4300000,1700,3,1,0,0,0,0,0,0,0,0,0,0,0,0,0,0,2529.4117647058824,0,0.0017647058823529412,False,False,False,False,False,False,True,False,False,False,False,False,False,False,False
9500000,1250,3,1,0,0,0,0,0,0,0,0,0,0,0,0,0,0,7600.0,0,0.0024,False,False,False,False,False,True,False,False,False,False,False,False,False,False,False
240000000,850,1,1,0,0,0,0,0,0,0,0,0,0,0,0,0,0,282352.9411764706,0,0.001176470588235294,False,False,False,False,False,True,False,False,False,False,False,False,False,False,False
2400000,400,1,1,0,0,0,0,0,0,0,0,0,0,0,0,0,0,6000.0,0,0.0025,False,False,False,False,False,True,False,False,False,False,False,False,False,False,False
4000000,585,2,1,0,0,0,0,0,0,0,0,0,0,0,0,0,0,6837.606837606838,0,0.003418803418803419,False,False,False,False,False,True,False,False,False,False,False,False,False,False,False
11000000,990,3,1,0,0,0,0,0,0,0,0,0,0,0,0,0,0,11111.111111111111,0,0.0030303030303030303,False,False,False,False,False,True,False,False,False,False,False,False,False,False,False
3400000,1400,3,1,0,0,0,0,0,0,0,0,0,0,0,0,0,0,2428.5714285714284,0,0.002142857142857143,False,False,False,False,False,True,False,False,False,False,False,False,False,False,False
11000000,720,3,1,0,0,0,0,0,0,0,0,0,0,0,0,0,0,15277.777777777777,0,0.004166666666666667,False,False,False,False,False,True,False,False,False,False,False,False,False,False,False
15800000,1440,3,0,0,0,0,0,0,0,0,0,0,0,0,0,0,0,10972.222222222223,0,0.0020833333333333333,False,False,False,False,False,True,False,False,False,False,False,False,False,False,False
12500000,1700,3,1,0,0,0,0,0,0,0,0,0,0,0,0,0,0,7352.941176470588,0,0.0017647058823529412,False,False,False,False,False,False,True,False,False,False,False,False,False,False,False
16000000,1600,3,1,0,0,0,0,0,0,0,0,0,0,0,0,0,0,10000.0,0,0.001875,False,False,False,False,False,False,False,False,False,False,True,False,False,False,False
17500000,1650,3,1,0,0,0,0,0,0,0,0,0,0,0,0,0,0,10606.060606060606,0,0.0018181818181818182,False,False,False,False,False,True,False,False,False,False,False,False,False,False,False
2500000,1850,3,1,0,0,0,0,0,0,0,0,0,0,0,0,0,0,1351.3513513513512,0,0.0016216216216216215,False,False,False,False,False,False,False,False,False,False,False,False,True,False,False
4500000,585,2,1,0,0,0,0,0,0,0,0,0,0,0,0,0,0,7692.307692307692,0,0.003418803418803419,False,False,False,False,False,True,False,False,False,False,False,False,False,False,False
15000000,1080,3,1,0,0,0,0,0,0,0,0,0,0,0,0,0,0,13888.888888888889,0,0.002777777777777778,False,False,False,False,False,True,False,False,False,False,False,False,False,False,False
6000000,900,3,1,0,0,0,0,0,0,0,0,0,0,0,0,0,0,6666.666666666667,0,0.0033333333333333335,False,False,False,False,False,True,False,False,False,False,False,False,False,False,False
3950000,1350,3,1,0,0,0,0,0,0,0,0,0,0,0,0,0,0,2925.925925925926,0,0.0022222222222222222,False,False,False,False,False,True,False,False,False,False,False,False,False,False,False
3500000,516,1,1,0,0,0,0,0,0,0,0,0,0,0,0,0,0,6782.945736434109,0,0.001937984496124031,False,False,False,False,False,True,False,False,False,False,False,False,False,False,False
13000000,700,2,0,0,0,0,0,0,0,0,0,0,0,0,0,0,0,18571.428571428572,0,0.002857142857142857,False,False,False,False,False,True,False,False,False,False,False,False,False,False,False
24500000,1658,3,1,0,0,0,0,0,0,0,0,0,0,0,0,0,0,14776.839565741857,0,0.0018094089264173703,False,False,False,False,False,False,False,False,False,True,False,False,False,False,False
3100000,2450,4,1,0,0,0,0,0,0,0,0,0,0,0,0,0,0,1265.3061224489795,0,0.0016326530612244899,False,False,False,False,False,False,False,False,True,False,False,False,False,False,False
140000000,765,2,1,0,0,0,0,0,0,0,0,0,0,0,0,0,0,183006.53594771243,0,0.00261437908496732,False,False,False,False,False,True,False,False,False,False,False,False,False,False,False
11000000,1953,3,0,0,0,0,0,0,0,0,0,0,0,0,0,0,0,5632.360471070148,0,0.0015360983102918587,False,False,False,False,False,True,False,False,False,False,False,False,False,False,False
45000000,1350,4,0,0,0,0,0,0,0,0,0,0,0,0,0,0,0,33333.333333333336,0,0.002962962962962963,False,False,False,False,False,True,False,False,False,False,False,False,False,False,False
37500000,4500,5,1,0,0,0,0,0,0,0,0,0,0,0,0,0,0,8333.333333333334,0,0.0011111111111111111,False,False,False,False,False,True,False,False,False,False,False,False,False,False,False
9200000,3500,4,1,0,0,0,0,0,0,0,0,0,0,0,0,0,0,2628.5714285714284,0,0.001142857142857143,False,False,False,False,False,True,False,False,False,False,False,False,False,False,False
24500000,1100,2,1,0,0,0,0,0,0,0,0,0,0,0,0,0,0,22272.727272727272,0,0.0018181818181818182,False,False,False,False,False,True,False,False,False,False,False,False,False,False,False
12500000,2600,4,1,0,0,0,0,0,0,0,0,0,0,0,0,0,0,4807.692307692308,0,0.0015384615384615385,False,False,False,False,False,False,False,False,False,False,False,False,True,False,False
233400000,1050,3,1,0,0,0,0,0,0,0,0,0,0,0,0,0,0,222285.7142857143,0,0.002857142857142857,False,False,False,False,False,True,False,False,False,False,False,False,False,False,False
188000000,2250,3,0,0,0,0,0,0,0,0,0,0,0,0,0,0,0,83555.55555555556,0,0.0013333333333333333,False,False,False,False,False,True,False,False,False,False,False,False,False,False,False
112800000,4000,4,0,0,0,0,0,0,0,0,0,0,0,0,0,0,0,28200.0,0,0.001,False,False,False,False,False,True,False,False,False,False,False,False,False,False,False
2300000,2311,3,0,0,0,0,0,0,0,0,0,0,0,0,0,0,0,995.24015577672,0,0.0012981393336218088,False,False,False,False,False,True,False,False,False,False,False,False,False,False,False
15500000,495,2,1,0,0,0,0,0,0,0,0,0,0,0,0,0,0,31313.131313131315,0,0.00404040404040404,False,False,False,False,False,True,False,False,False,False,False,False,False,False,False
19000000,1500,2,1,0,0,0,0,0,0,0,0,0,0,0,0,0,0,12666.666666666666,0,0.0013333333333333333,False,False,False,False,False,False,False,False,False,False,False,False,False,False,True
9000000,2250,4,1,0,0,0,0,0,0,0,0,0,0,0,0,0,0,4000.0,0,0.0017777777777777779,False,False,False,False,False,True,False,False,False,False,False,False,False,False,False
10500000,1050,2,1,0,0,0,0,0,0,0,0,0,0,0,0,0,0,10000.0,0,0.0019047619047619048,False,False,False,False,False,True,False,False,False,False,False,False,False,False,False
62500000,1100,2,1,0,0,0,0,0,0,0,0,0,0,0,0,0,0,56818.181818181816,0,0.0018181818181818182,False,False,False,False,False,True,False,False,False,False,False,False,False,False,False
5100000,3250,4,1,0,0,0,0,0,0,0,0,0,0,0,0,0,0,1569.2307692307693,0,0.0012307692307692308,False,False,False,False,False,True,False,False,False,False,False,False,False,False,False
14800000,750,2,1,0,0,0,0,0,0,0,0,0,0,0,0,0,0,19733.333333333332,0,0.0026666666666666666,False,False,False,False,False,True,False,False,False,False,False,False,False,False,False
15800000,1800,3,1,0,0,0,0,0,0,0,0,0,0,0,0,0,0,8777.777777777777,0,0.0016666666666666668,False,False,False,False,False,False,False,False,False,False,False,False,True,False,False
17500000,1800,3,1,0,0,0,0,0,0,0,0,0,0,0,0,0,0,9722.222222222223,0,0.0016666666666666668,False,False,False,False,False,False,False,False,False,False,False,False,True,False,False
14500000,2200,4,1,0,0,0,0,0,0,0,0,0,0,0,0,0,0,6590.909090909091,0,0.0018181818181818182,False,False,False,False,False,True,False,False,False,False,False,False,False,False,False
19000000,1800,3,1,0,0,0,0,0,0,0,0,0,0,0,0,0,0,10555.555555555555,0,0.0016666666666666668,False,False,False,False,False,True,False,False,False,False,False,False,False,False,False
14900000,1800,3,1,0,0,0,0,0,0,0,0,0,0,0,0,0,0,8277.777777777777,0,0.0016666666666666668,False,False,False,False,False,False,False,True,False,False,False,False,False,False,False
14500000,1800,3,1,0,0,0,0,0,0,0,0,0,0,0,0,0,0,8055.555555555556,0,0.0016666666666666668,False,False,False,False,False,True,False,False,False,False,False,False,False,False,False
20000000,1800,3,1,0,0,0,0,0,0,0,0,0,0,0,0,0,0,11111.111111111111,0,0.0016666666666666668,False,False,False,False,False,True,False,False,False,False,False,False,False,False,False
16500000,2200,3,1,0,0,0,0,0,0,0,0,0,0,0,0,0,0,7500.0,0,0.0013636363636363637,False,False,False,False,False,False,False,False,False,True,False,False,False,False,False
18500000,1850,3,1,0,0,0,0,0,0,0,0,0,0,0,0,0,0,10000.0,0,0.0016216216216216215,False,False,False,False,False,True,False,False,False,False,False,False,False,False,False
16200000,1850,3,1,0,0,0,0,0,0,0,0,0,0,0,0,0,0,8756.756756756757,0,0.0016216216216216215,False,False,False,False,False,False,False,False,True,False,False,False,False,False,False
12500000,1700,3,1,0,0,0,0,0,0,0,0,0,0,0,0,0,0,7352.941176470588,0,0.0017647058823529412,False,False,False,False,False,False,False,False,False,False,False,False,True,False,False
4800000,1800,3,1,0,0,0,0,0,0,0,0,0,0,0,0,0,0,2666.6666666666665,0,0.0016666666666666668,False,False,False,False,False,True,False,False,False,False,False,False,False,False,False
13799999,600,1,1,0,0,0,0,0,0,0,0,0,0,0,0,0,0,22999.998333333333,0,0.0016666666666666668,False,False,False,False,False,False,False,True,False,False,False,False,False,False,False
14800000,1750,3,1,0,0,0,0,0,0,0,0,0,0,0,0,0,0,8457.142857142857,0,0.0017142857142857142,False,False,False,False,False,False,True,False,False,False,False,False,False,False,False
21000000,1800,3,1,0,0,0,0,0,0,0,0,0,0,0,0,0,0,11666.666666666666,0,0.0016666666666666668,False,False,False,False,False,False,False,False,False,False,False,True,False,False,False
15100000,2200,3,1,0,0,0,0,0,0,0,0,0,0,0,0,0,0,6863.636363636364,0,0.0013636363636363637,False,False,False,False,False,False,True,False,False,False,False,False,False,False,False
18000000,1800,3,1,0,0,0,0,0,0,0,0,0,0,0,0,0,0,10000.0,0,0.0016666666666666668,False,False,False,False,False,False,True,False,False,False,False,False,False,False,False
19200000,1850,3,1,0,0,0,0,0,0,0,0,0,0,0,0,0,0,10378.378378378378,0,0.0016216216216216215,False,False,False,False,False,False,False,False,False,False,True,False,False,False,False
21000000,2300,4,1,0,0,0,0,0,0,0,0,0,0,0,0,0,0,9130.434782608696,0,0.0017391304347826088,False,False,False,False,False,False,False,True,False,False,False,False,False,False,False
15000000,2300,4,1,0,0,0,0,0,0,0,0,0,0,0,0,0,0,6521.739130434783,0,0.0017391304347826088,False,False,False,False,False,False,False,True,False,False,False,False,False,False,False
19200000,1800,3,1,0,0,0,0,0,0,0,0,0,0,0,0,0,0,10666.666666666666,0,0.0016666666666666668,False,False,False,False,False,False,False,True,False,False,False,False,False,False,False
18800000,1800,3,1,0,0,0,0,0,0,0,0,0,0,0,0,0,0,10444.444444444445,0,0.0016666666666666668,False,False,False,False,False,True,False,False,False,False,False,False,False,False,False
12500000,2200,4,1,0,0,0,0,0,0,0,0,0,0,0,0,0,0,5681.818181818182,0,0.0018181818181818182,False,False,False,False,False,False,False,False,False,True,False,False,False,False,False
15800000,1800,3,1,0,0,0,0,0,0,0,0,0,0,0,0,0,0,8777.777777777777,0,0.0016666666666666668,False,False,False,False,False,True,False,False,False,False,False,False,False,False,False
12500000,1800,3,1,0,0,0,0,0,0,0,0,0,0,0,0,0,0,6944.444444444444,0,0.0016666666666666668,False,False,False,False,False,False,False,False,True,False,False,False,False,False,False
19500000,1750,3,1,0,0,0,0,0,0,0,0,0,0,0,0,0,0,11142.857142857143,0,0.0017142857142857142,False,False,False,False,False,True,False,False,False,False,False,False,False,False,False
14700000,2300,4,1,0,0,0,0,0,0,0,0,0,0,0,0,0,0,6391.304347826087,0,0.0017391304347826088,False,False,False,False,False,False,False,False,False,True,False,False,False,False,False
18500000,2100,4,1,0,0,0,0,0,0,0,0,0,0,0,0,0,0,8809.52380952381,0,0.0019047619047619048,False,False,False,False,False,False,False,False,False,False,False,True,False,False,False
18500000,1900,3,1,0,0,0,0,0,0,0,0,0,0,0,0,0,0,9736.842105263158,0,0.0015789473684210526,False,False,False,False,False,False,False,False,False,False,True,False,False,False,False
16000000,2200,4,1,0,0,0,0,0,0,0,0,0,0,0,0,0,0,7272.727272727273,0,0.0018181818181818182,False,False,False,False,False,True,False,False,False,False,False,False,False,False,False
15800000,1850,3,1,0,0,0,0,0,0,0,0,0,0,0,0,0,0,8540.54054054054,0,0.0016216216216216215,False,False,False,False,False,False,False,False,False,False,False,False,True,False,False
7800000,1800,3,1,0,0,0,0,0,0,0,0,0,0,0,0,0,0,4333.333333333333,0,0.0016666666666666668,False,False,False,False,False,False,False,False,False,False,False,False,True,False,False
16500000,1000,2,1,0,0,0,0,0,0,0,0,0,0,0,0,0,0,16500.0,0,0.002,False,False,False,False,False,False,False,False,False,False,False,False,True,False,False
14000000,1800,3,1,0,0,0,0,0,0,0,0,0,0,0,0,0,0,7777.777777777777,0,0.0016666666666666668,False,False,False,False,False,False,False,False,False,False,False,True,False,False,False
16500000,1850,3,1,0,0,0,0,0,0,0,0,0,0,0,0,0,0,8918.918918918918,0,0.0016216216216216215,False,False,False,False,False,False,True,False,False,False,False,False,False,False,False
13500000,1850,3,1,0,0,0,0,0,0,0,0,0,0,0,0,0,0,7297.2972972972975,0,0.0016216216216216215,False,False,False,False,False,False,False,False,False,True,False,False,False,False,False
15400000,1800,3,1,0,0,0,0,0,0,0,0,0,0,0,0,0,0,8555.555555555555,0,0.0016666666666666668,False,False,False,False,False,True,False,False,False,False,False,False,False,False,False
20900000,2200,4,1,0,0,0,0,0,0,0,0,0,0,0,0,0,0,9500.0,0,0.0018181818181818182,False,False,False,False,False,True,False,False,False,False,False,False,False,False,False
15500000,2200,4,1,0,0,0,0,0,0,0,0,0,0,0,0,0,0,7045.454545454545,0,0.0018181818181818182,False,False,False,False,False,False,False,False,False,True,False,False,False,False,False
17800000,1800,3,1,0,0,0,0,0,0,0,0,0,0,0,0,0,0,9888.888888888889,0,0.0016666666666666668,False,False,False,False,False,True,False,False,False,False,False,False,False,False,False
22799999,1900,3,1,0,0,0,0,0,0,0,0,0,0,0,0,0,0,11999.99947368421,0,0.0015789473684210526,False,False,False,False,False,False,False,False,False,False,False,True,False,False,False
18000000,2200,4,1,0,0,0,0,0,0,0,0,0,0,0,0,0,0,8181.818181818182,0,0.0018181818181818182,False,False,False,False,False,False,False,False,False,True,False,False,False,False,False
20000000,1900,3,1,0,0,0,0,0,0,0,0,0,0,0,0,0,0,10526.315789473685,0,0.0015789473684210526,False,False,False,False,False,True,False,False,False,False,False,False,False,False,False
14800000,1900,3,1,0,0,0,0,0,0,0,0,0,0,0,0,0,0,7789.473684210527,0,0.0015789473684210526,False,False,False,False,False,False,True,False,False,False,False,False,False,False,False
15400000,1800,3,1,0,0,0,0,0,0,0,0,0,0,0,0,0,0,8555.555555555555,0,0.0016666666666666668,False,False,False,False,False,False,False,False,False,False,False,True,False,False,False
20000000,1800,3,1,0,0,0,0,0,0,0,0,0,0,0,0,0,0,11111.111111111111,0,0.0016666666666666668,False,False,False,False,False,False,False,False,True,False,False,False,False,False,False
17000000,2200,4,1,0,0,0,0,0,0,0,0,0,0,0,0,0,0,7727.272727272727,0,0.0018181818181818182,False,False,False,False,False,True,False,False,False,False,False,False,False,False,False
13500000,1900,4,1,0,0,0,0,0,0,0,0,0,0,0,0,0,0,7105.263157894737,0,0.002105263157894737,False,False,False,False,False,False,False,True,False,False,False,False,False,False,False
15800000,1800,3,1,0,0,0,0,0,0,0,0,0,0,0,0,0,0,8777.777777777777,0,0.0016666666666666668,False,False,False,False,False,True,False,False,False,False,False,False,False,False,False
15500000,1800,3,1,0,0,0,0,0,0,0,0,0,0,0,0,0,0,8611.111111111111,0,0.0016666666666666668,False,False,False,False,False,False,False,False,False,False,True,False,False,False,False
16000000,1850,3,1,0,0,0,0,0,0,0,0,0,0,0,0,0,0,8648.648648648648,0,0.0016216216216216215,False,False,False,False,False,False,False,False,False,False,True,False,False,False,False
15500000,1800,3,1,0,0,0,0,0,0,0,0,0,0,0,0,0,0,8611.111111111111,0,0.0016666666666666668,False,False,False,False,False,True,False,False,False,False,False,False,False,False,False
13500000,1850,3,1,0,0,0,0,0,0,0,0,0,0,0,0,0,0,7297.2972972972975,0,0.0016216216216216215,False,False,False,False,False,False,False,False,False,False,False,True,False,False,False
13799999,1950,4,1,0,0,0,0,0,0,0,0,0,0,0,0,0,0,7076.922564102564,0,0.0020512820512820513,False,False,False,False,False,True,False,False,False,False,False,False,False,False,False
14500000,1750,3,1,0,0,0,0,0,0,0,0,0,0,0,0,0,0,8285.714285714286,0,0.0017142857142857142,False,False,False,False,False,False,True,False,False,False,False,False,False,False,False
13799999,1800,3,1,0,0,0,0,0,0,0,0,0,0,0,0,0,0,7666.666111111111,0,0.0016666666666666668,False,False,False,False,False,False,True,False,False,False,False,False,False,False,False
14500000,1750,3,1,0,0,0,0,0,0,0,0,0,0,0,0,0,0,8285.714285714286,0,0.0017142857142857142,False,False,False,False,False,False,True,False,False,False,False,False,False,False,False
20500000,1800,3,1,0,0,0,0,0,0,0,0,0,0,0,0,0,0,11388.888888888889,0,0.0016666666666666668,False,False,False,False,False,False,True,False,False,False,False,False,False,False,False
12300000,2000,3,1,0,0,0,0,0,0,0,0,0,0,0,0,0,0,6150.0,0,0.0015,False,False,False,False,False,False,False,True,False,False,False,False,False,False,False
10800000,1800,3,1,0,0,0,0,0,0,0,0,0,0,0,0,0,0,6000.0,0,0.0016666666666666668,False,False,False,False,False,False,False,False,False,False,False,True,False,False,False
14500000,1200,2,1,0,0,0,0,0,0,0,0,0,0,0,0,0,0,12083.333333333334,0,0.0016666666666666668,False,False,False,False,False,False,False,False,False,False,True,False,False,False,False
13799999,1600,3,1,0,0,0,0,0,0,0,0,0,0,0,0,0,0,8624.999375,0,0.001875,False,False,False,False,False,True,False,False,False,False,False,False,False,False,False
20000000,1850,3,1,0,0,0,0,0,0,0,0,0,0,0,0,0,0,10810.81081081081,0,0.0016216216216216215,False,False,False,False,False,True,False,False,False,False,False,False,False,False,False
16500000,2300,4,1,0,0,0,0,0,0,0,0,0,0,0,0,0,0,7173.913043478261,0,0.0017391304347826088,False,False,False,False,False,True,False,False,False,False,False,False,False,False,False
15000000,1850,3,1,0,0,0,0,0,0,0,0,0,0,0,0,0,0,8108.108108108108,0,0.0016216216216216215,False,False,False,False,False,False,True,False,False,False,False,False,False,False,False
12500000,1800,3,1,0,0,0,0,0,0,0,0,0,0,0,0,0,0,6944.444444444444,0,0.0016666666666666668,False,False,False,False,False,True,False,False,False,False,False,False,False,False,False
14800000,1800,3,1,0,0,0,0,0,0,0,0,0,0,0,0,0,0,8222.222222222223,0,0.0016666666666666668,False,False,False,False,False,False,True,False,False,False,False,False,False,False,False
15000000,1750,3,1,0,0,0,0,0,0,0,0,0,0,0,0,0,0,8571.42857142857,0,0.0017142857142857142,False,False,False,False,False,True,False,False,False,False,False,False,False,False,False
15500000,1800,3,1,0,0,0,0,0,0,0,0,0,0,0,0,0,0,8611.111111111111,0,0.0016666666666666668,False,False,False,False,False,False,False,False,False,False,True,False,False,False,False
13000000,1850,3,1,0,0,0,0,0,0,0,0,0,0,0,0,0,0,7027.027027027027,0,0.0016216216216216215,False,False,False,False,False,False,True,False,False,False,False,False,False,False,False
16500000,1800,3,1,0,0,0,0,0,0,0,0,0,0,0,0,0,0,9166.666666666666,0,0.0016666666666666668,False,False,False,False,False,False,False,False,False,False,False,False,True,False,False
13500000,1850,3,1,0,0,0,0,0,0,0,0,0,0,0,0,0,0,7297.2972972972975,0,0.0016216216216216215,False,False,False,False,False,True,False,False,False,False,False,False,False,False,False
19000000,1750,3,1,0,0,0,0,0,0,0,0,0,0,0,0,0,0,10857.142857142857,0,0.0017142857142857142,False,False,False,False,False,True,False,False,False,False,False,False,False,False,False
16200000,1850,4,1,0,0,0,0,0,0,0,0,0,0,0,0,0,0,8756.756756756757,0,0.002162162162162162,False,False,False,False,False,True,False,False,False,False,False,False,False,False,False
13000000,1800,3,1,0,0,0,0,0,0,0,0,0,0,0,0,0,0,7222.222222222223,0,0.0016666666666666668,False,False,False,False,False,True,False,False,False,False,False,False,False,False,False
17500000,1800,3,1,0,0,0,0,0,0,0,0,0,0,0,0,0,0,9722.222222222223,0,0.0016666666666666668,False,False,False,False,False,False,False,False,False,False,False,False,True,False,False
14500000,1850,3,1,0,0,0,0,0,0,0,0,0,0,0,0,0,0,7837.8378378378375,0,0.0016216216216216215,False,False,False,False,False,True,False,False,False,False,False,False,False,False,False
10500000,1800,3,1,0,0,0,0,0,0,0,0,0,0,0,0,0,0,5833.333333333333,0,0.0016666666666666668,False,False,False,False,False,False,False,False,False,False,False,False,True,False,False
15500000,1800,2,1,0,0,0,0,0,0,0,0,0,0,0,0,0,0,8611.111111111111,0,0.0011111111111111111,False,False,False,False,False,False,True,False,False,False,False,False,False,False,False
14500000,1800,3,1,0,0,0,0,0,0,0,0,0,0,0,0,0,0,8055.555555555556,0,0.0016666666666666668,False,False,False,False,False,False,False,False,True,False,False,False,False,False,False
9000000,1800,3,1,0,0,0,0,0,0,0,0,0,0,0,0,0,0,5000.0,0,0.0016666666666666668,False,False,False,False,False,True,False,False,False,False,False,False,False,False,False
12800000,1200,2,1,0,0,0,0,0,0,0,0,0,0,0,0,0,0,10666.666666666666,0,0.0016666666666666668,False,False,False,False,False,False,False,False,False,False,True,False,False,False,False
12000000,1800,3,1,0,0,0,0,0,0,0,0,0,0,0,0,0,0,6666.666666666667,0,0.0016666666666666668,False,False,False,False,False,False,False,True,False,False,False,False,False,False,False
17000000,1200,2,1,0,0,0,0,0,0,0,0,0,0,0,0,0,0,14166.666666666666,0,0.0016666666666666668,False,False,False,False,False,False,False,False,False,False,False,True,False,False,False
13500000,2300,4,1,0,0,0,0,0,0,0,0,0,0,0,0,0,0,5869.565217391304,0,0.0017391304347826088,False,False,False,False,False,True,False,False,False,False,False,False,False,False,False
17300000,1750,3,1,0,0,0,0,0,0,0,0,0,0,0,0,0,0,9885.714285714286,0,0.0017142857142857142,False,False,False,False,False,False,False,False,False,False,False,False,True,False,False
17000000,2300,3,1,0,0,0,0,0,0,0,0,0,0,0,0,0,0,7391.304347826087,0,0.0013043478260869566,False,False,False,False,False,True,False,False,False,False,False,False,False,False,False
13500000,2300,3,1,0,0,0,0,0,0,0,0,0,0,0,0,0,0,5869.565217391304,0,0.0013043478260869566,False,False,False,False,False,True,False,False,False,False,False,False,False,False,False
22200000,1750,3,1,0,0,0,0,0,0,0,0,0,0,0,0,0,0,12685.714285714286,0,0.0017142857142857142,False,False,False,False,False,False,True,False,False,False,False,False,False,False,False
4000000,1300,3,1,0,0,0,0,0,0,0,0,0,0,0,0,0,0,3076.923076923077,0,0.002307692307692308,False,False,False,False,False,True,False,False,False,False,False,False,False,False,False
3900000,620,1,1,0,0,0,0,0,0,0,0,0,0,0,0,0,0,6290.322580645161,0,0.0016129032258064516,False,False,False,False,False,True,False,False,False,False,False,False,False,False,False
4800000,550,1,1,0,0,0,0,0,0,0,0,0,0,0,0,0,0,8727.272727272728,0,0.0018181818181818182,False,False,False,False,False,True,False,False,False,False,False,False,False,False,False
4000000,580,1,1,0,0,0,0,0,0,0,0,0,0,0,0,0,0,6896.551724137931,0,0.0017241379310344827,False,False,False,False,False,True,False,False,False,False,False,False,False,False,False
4700000,550,1,1,0,0,0,0,0,0,0,0,0,0,0,0,0,0,8545.454545454546,0,0.0018181818181818182,False,False,False,False,False,True,False,False,False,False,False,False,False,False,False
4000000,560,1,1,0,0,0,0,0,0,0,0,0,0,0,0,0,0,7142.857142857143,0,0.0017857142857142857,False,False,False,False,False,True,False,False,False,False,False,False,False,False,False
4700000,550,1,1,0,0,0,0,0,0,0,0,0,0,0,0,0,0,8545.454545454546,0,0.0018181818181818182,False,False,False,False,False,True,False,False,False,False,False,False,False,False,False
3700000,521,1,1,0,0,0,0,0,0,0,0,0,0,0,0,0,0,7101.72744721689,0,0.0019193857965451055,False,False,False,False,False,True,False,False,False,False,False,False,False,False,False
4000000,521,1,1,0,0,0,0,0,0,0,0,0,0,0,0,0,0,7677.543186180423,0,0.0019193857965451055,False,False,False,False,False,True,False,False,False,False,False,False,False,False,False
4300000,530,1,1,0,0,0,0,0,0,0,0,0,0,0,0,0,0,8113.207547169812,0,0.0018867924528301887,False,False,False,False,False,True,False,False,False,False,False,False,False,False,False
14000000,570,1,1,0,0,0,0,0,0,0,0,0,0,0,0,0,0,24561.40350877193,0,0.0017543859649122807,False,False,False,False,False,True,False,False,False,False,False,False,False,False,False
10000000,1400,3,1,0,0,0,0,0,0,0,0,0,0,0,0,0,0,7142.857142857143,0,0.002142857142857143,False,False,False,False,False,True,False,False,False,False,False,False,False,False,False
55000000,950,2,1,0,0,0,0,0,0,0,0,0,0,0,0,0,0,57894.73684210526,0,0.002105263157894737,False,False,False,False,False,True,False,False,False,False,False,False,False,False,False
37500000,3250,4,1,0,0,0,0,0,0,0,0,0,0,0,0,0,0,11538.461538461539,0,0.0012307692307692308,False,False,False,False,False,True,False,False,False,False,False,False,False,False,False
18000000,2800,3,1,0,0,0,0,0,0,0,0,0,0,0,0,0,0,6428.571428571428,0,0.0010714285714285715,False,False,False,False,False,True,False,False,False,False,False,False,False,False,False
18000000,1100,2,0,0,0,0,0,0,0,0,0,0,0,0,0,0,0,16363.636363636364,0,0.0018181818181818182,False,False,False,False,False,True,False,False,False,False,False,False,False,False,False
15000000,1500,3,1,0,0,0,0,0,0,0,0,0,0,0,0,0,0,10000.0,0,0.002,False,False,False,False,False,True,False,False,False,False,False,False,False,False,False
15500000,1600,3,1,0,0,0,0,0,0,0,0,0,0,0,0,0,0,9687.5,0,0.001875,False,False,False,False,False,False,False,False,False,True,False,False,False,False,False
16500000,1300,3,1,0,0,0,0,0,0,0,0,0,0,0,0,0,0,12692.307692307691,0,0.002307692307692308,False,False,False,False,False,True,False,False,False,False,False,False,False,False,False
35000000,1435,3,1,0,0,0,0,0,0,0,0,0,0,0,0,0,0,24390.243902439026,0,0.0020905923344947735,False,False,False,False,False,True,False,False,False,False,False,False,False,False,False
3700000,1801,3,1,0,0,0,0,0,0,0,0,0,0,0,0,0,0,2054.414214325375,0,0.001665741254858412,False,False,False,False,False,True,False,False,False,False,False,False,False,False,False
3700000,516,1,1,0,0,0,0,0,0,0,0,0,0,0,0,0,0,7170.542635658915,0,0.001937984496124031,False,False,False,False,False,True,False,False,False,False,False,False,False,False,False
3900000,520,1,1,0,0,0,0,0,0,0,0,0,0,0,0,0,0,7500.0,0,0.0019230769230769232,False,False,False,False,False,True,False,False,False,False,False,False,False,False,False
4700000,516,1,1,0,0,0,0,0,0,0,0,0,0,0,0,0,0,9108.527131782947,0,0.001937984496124031,False,False,False,False,False,True,False,False,False,False,False,False,False,False,False
4000000,520,1,1,0,0,0,0,0,0,0,0,0,0,0,0,0,0,7692.307692307692,0,0.0019230769230769232,False,False,False,False,False,True,False,False,False,False,False,False,False,False,False
4300000,520,1,1,0,0,0,0,0,0,0,0,0,0,0,0,0,0,8269.23076923077,0,0.0019230769230769232,False,False,False,False,False,True,False,False,False,False,False,False,False,False,False
2775000,520,1,1,0,0,0,0,0,0,0,0,0,0,0,0,0,0,5336.538461538462,0,0.0019230769230769232,False,False,False,False,False,True,False,False,False,False,False,False,False,False,False
52500000,750,2,0,0,0,0,0,0,0,0,0,0,0,0,0,0,0,70000.0,0,0.0026666666666666666,False,False,False,False,False,True,False,False,False,False,False,False,False,False,False
4000000,3250,4,1,0,0,0,0,0,0,0,0,0,0,0,0,0,0,1230.7692307692307,0,0.0012307692307692308,False,False,False,False,False,True,False,False,False,False,False,False,False,False,False
3660000,520,1,1,0,0,0,0,0,0,0,0,0,0,0,0,0,0,7038.461538461538,0,0.0019230769230769232,False,False,False,False,False,True,False,False,False,False,False,False,False,False,False
3800000,1017,3,0,0,0,0,0,0,0,0,0,0,0,0,0,0,0,3736.479842674533,0,0.0029498525073746312,False,True,False,False,False,False,False,False,False,False,False,False,False,False,False
2800000,900,3,0,0,0,0,0,0,0,0,0,0,0,0,0,0,0,3111.1111111111113,0,0.0033333333333333335,False,True,False,False,False,False,False,False,False,False,False,False,False,False,False
2600000,675,2,0,0,0,0,0,0,0,0,0,0,0,0,0,0,0,3851.8518518518517,0,0.002962962962962963,False,True,False,False,False,False,False,False,False,False,False,False,False,False,False
10000000,630,2,0,0,0,0,0,0,0,0,0,0,0,0,0,0,0,15873.015873015873,0,0.0031746031746031746,False,True,False,False,False,False,False,False,False,False,False,False,False,False,False
4100000,1000,2,1,0,0,0,0,0,0,0,0,0,0,0,0,0,0,4100.0,0,0.002,False,False,False,False,False,True,False,False,False,False,False,False,False,False,False
8000000,520,1,1,0,0,0,0,0,0,0,0,0,0,0,0,0,0,15384.615384615385,0,0.0019230769230769232,False,False,False,False,False,True,False,False,False,False,False,False,False,False,False
5500000,1337,3,0,0,0,0,0,0,0,0,0,0,0,0,0,0,0,4113.687359760658,0,0.002243829468960359,False,False,False,False,False,True,False,False,False,False,False,False,False,False,False
11000000,750,3,0,0,0,0,0,0,0,0,0,0,0,0,0,0,0,14666.666666666666,0,0.004,False,False,False,False,False,True,False,False,False,False,False,False,False,False,False
5800000,1080,3,1,0,0,0,0,0,0,0,0,0,0,0,0,0,0,5370.37037037037,0,0.002777777777777778,False,False,False,False,False,True,False,False,False,False,False,False,False,False,False
4300000,518,2,1,0,0,0,0,0,0,0,0,0,0,0,0,0,0,8301.1583011583,0,0.003861003861003861,False,False,False,False,False,True,False,False,False,False,False,False,False,False,False
4700000,520,1,1,0,0,0,0,0,0,0,0,0,0,0,0,0,0,9038.461538461539,0,0.0019230769230769232,False,False,False,False,False,True,False,False,False,False,False,False,False,False,False
7500000,520,1,1,0,0,0,0,0,0,0,0,0,0,0,0,0,0,14423.076923076924,0,0.0019230769230769232,False,False,False,False,False,True,False,False,False,False,False,False,False,False,False
6700000,1381,3,0,0,0,0,0,0,0,0,0,0,0,0,0,0,0,4851.556842867487,0,0.002172338884866039,False,False,False,False,False,True,False,False,False,False,False,False,False,False,False
22500000,1200,3,1,0,0,0,0,0,0,0,0,0,0,0,0,0,0,18750.0,0,0.0025,False,False,False,False,False,False,False,False,False,False,False,False,False,False,True
3400000,1250,3,1,0,0,0,0,0,0,0,0,0,0,0,0,0,0,2720.0,0,0.0024,False,False,False,False,False,True,False,False,False,False,False,False,False,False,False
3400000,520,1,1,0,0,0,0,0,0,0,0,0,0,0,0,0,0,6538.461538461538,0,0.0019230769230769232,False,False,False,False,False,True,False,False,False,False,False,False,False,False,False
30000000,520,1,1,0,0,0,0,0,0,0,0,0,0,0,0,0,0,57692.307692307695,0,0.0019230769230769232,False,False,False,False,False,True,False,False,False,False,False,False,False,False,False
5500000,2799,3,1,0,0,0,0,0,0,0,0,0,0,0,0,0,0,1964.9874955341193,0,0.0010718113612004287,False,False,False,False,False,True,False,False,False,False,False,False,False,False,False
4000000,750,3,1,0,0,0,0,0,0,0,0,0,0,0,0,0,0,5333.333333333333,0,0.004,False,False,False,False,False,True,False,False,False,False,False,False,False,False,False
4300000,516,1,1,0,0,0,0,0,0,0,0,0,0,0,0,0,0,8333.333333333334,0,0.001937984496124031,False,False,False,False,False,True,False,False,False,False,False,False,False,False,False
4000000,516,1,1,0,0,0,0,0,0,0,0,0,0,0,0,0,0,7751.937984496124,0,0.001937984496124031,False,False,False,False,False,True,False,False,False,False,False,False,False,False,False
4700000,516,1,1,0,0,0,0,0,0,0,0,0,0,0,0,0,0,9108.527131782947,0,0.001937984496124031,False,False,False,False,False,True,False,False,False,False,False,False,False,False,False
4000000,516,1,1,0,0,0,0,0,0,0,0,0,0,0,0,0,0,7751.937984496124,0,0.001937984496124031,False,False,False,False,False,True,False,False,False,False,False,False,False,False,False
4000000,516,1,1,0,0,0,0,0,0,0,0,0,0,0,0,0,0,7751.937984496124,0,0.001937984496124031,False,False,False,False,False,True,False,False,False,False,False,False,False,False,False
240000000,516,1,1,0,0,0,0,0,0,0,0,0,0,0,0,0,0,465116.27906976745,0,0.001937984496124031,False,False,False,False,False,True,False,False,False,False,False,False,False,False,False
5500000,1850,3,1,0,0,0,0,0,0,0,0,0,0,0,0,0,0,2972.972972972973,0,0.0016216216216216215,False,False,False,False,False,True,False,False,False,False,False,False,False,False,False
13000000,600,1,1,0,0,0,0,0,0,0,0,0,0,0,0,0,0,21666.666666666668,0,0.0016666666666666668,False,False,False,False,False,False,False,False,False,False,False,False,False,False,True
3300000,900,2,0,0,0,0,0,0,0,0,0,0,0,0,0,0,0,3666.6666666666665,0,0.0022222222222222222,False,False,False,False,False,True,False,False,False,False,False,False,False,False,False
5000000,460,1,1,0,0,0,0,0,0,0,0,0,0,0,0,0,0,10869.565217391304,0,0.002173913043478261,False,False,False,False,False,True,False,False,False,False,False,False,False,False,False
4500000,420,2,1,0,0,0,0,0,0,0,0,0,0,0,0,0,0,10714.285714285714,0,0.004761904761904762,False,False,False,False,False,True,False,False,False,False,False,False,False,False,False
14200000,800,2,1,0,0,0,0,0,0,0,0,0,0,0,0,0,0,17750.0,0,0.0025,False,False,False,False,False,True,False,False,False,False,False,False,False,False,False
8000000,950,2,0,0,0,0,0,0,0,0,0,0,0,0,0,0,0,8421.052631578947,0,0.002105263157894737,False,False,False,False,False,True,False,False,False,False,False,False,False,False,False
12200000,650,1,1,0,0,0,0,0,0,0,0,0,0,0,0,0,0,18769.23076923077,0,0.0015384615384615385,False,False,False,False,False,False,False,False,False,False,False,False,False,False,True
13000000,1250,2,1,0,0,0,0,0,0,0,0,0,0,0,0,0,0,10400.0,0,0.0016,False,False,False,False,False,True,False,False,False,False,False,False,False,False,False
34500000,1650,2,1,0,0,0,0,0,0,0,0,0,0,0,0,0,0,20909.090909090908,0,0.0012121212121212121,False,False,False,False,False,False,False,False,False,True,False,False,False,False,False
12800000,2600,4,1,0,0,0,0,0,0,0,0,0,0,0,0,0,0,4923.076923076923,0,0.0015384615384615385,False,False,False,False,False,True,False,False,False,False,False,False,False,False,False
5200000,1843,3,0,0,0,0,0,0,0,0,0,0,0,0,0,0,0,2821.486706456864,0,0.0016277807921866521,False,False,False,False,False,True,False,False,False,False,False,False,False,False,False
11500000,516,1,1,0,0,0,0,0,0,0,0,0,0,0,0,0,0,22286.821705426355,0,0.001937984496124031,False,False,False,False,False,True,False,False,False,False,False,False,False,False,False
24500000,1300,2,1,0,0,0,0,0,0,0,0,0,0,0,0,0,0,18846.153846153848,0,0.0015384615384615385,False,False,False,False,False,True,False,False,False,False,False,False,False,False,False
22000000,2200,4,1,0,0,0,0,0,0,0,0,0,0,0,0,0,0,10000.0,0,0.0018181818181818182,False,False,False,False,False,True,False,False,False,False,False,False,False,False,False
61500000,883,2,1,0,0,0,0,0,0,0,0,0,0,0,0,0,0,69648.9241223103,0,0.0022650056625141564,False,False,False,False,False,False,False,False,False,False,False,False,False,False,True
12000000,3450,4,1,0,0,0,0,0,0,0,0,0,0,0,0,0,0,3478.2608695652175,0,0.0011594202898550724,False,False,False,False,False,True,False,False,False,False,False,False,False,False,False
4500000,900,2,1,0,0,0,0,0,0,0,0,0,0,0,0,0,0,5000.0,0,0.0022222222222222222,False,False,False,False,False,True,False,False,False,False,False,False,False,False,False
4200000,650,2,0,0,0,0,0,0,0,0,0,0,0,0,0,0,0,6461.538461538462,0,0.003076923076923077,False,False,False,False,False,True,False,False,False,False,False,False,False,False,False
21000000,516,1,1,0,0,0,0,0,0,0,0,0,0,0,0,0,0,40697.67441860465,0,0.001937984496124031,False,False,False,False,False,True,False,False,False,False,False,False,False,False,False
35000000,1250,3,1,0,0,0,0,0,0,0,0,0,0,0,0,0,0,28000.0,0,0.0024,False,False,False,False,False,True,False,False,False,False,False,False,False,False,False
17000000,1855,3,1,0,0,0,0,0,0,0,0,0,0,0,0,0,0,9164.420485175202,0,0.0016172506738544475,False,False,False,False,False,True,False,False,False,False,False,False,False,False,False
16000000,2025,4,1,0,0,0,0,0,0,0,0,0,0,0,0,0,0,7901.234567901234,0,0.0019753086419753087,False,False,False,False,False,True,False,False,False,False,False,False,False,False,False
15000000,1350,3,1,0,0,0,0,0,0,0,0,0,0,0,0,0,0,11111.111111111111,0,0.0022222222222222222,False,False,False,False,False,True,False,False,False,False,False,False,False,False,False
14000000,1500,3,1,0,0,0,0,0,0,0,0,0,0,0,0,0,0,9333.333333333334,0,0.002,False,False,False,False,False,False,False,False,False,True,False,False,False,False,False
62500000,1500,3,1,0,0,0,0,0,0,0,0,0,0,0,0,0,0,41666.666666666664,0,0.002,False,False,False,False,False,True,False,False,False,False,False,False,False,False,False
4500000,3300,4,1,0,0,0,0,0,0,0,0,0,0,0,0,0,0,1363.6363636363637,0,0.0012121212121212121,False,False,False,False,False,True,False,False,False,False,False,False,False,False,False
42500000,516,1,1,0,0,0,0,0,0,0,0,0,0,0,0,0,0,82364.34108527131,0,0.001937984496124031,False,False,False,False,False,True,False,False,False,False,False,False,False,False,False
17000000,1450,3,1,0,0,0,0,0,0,0,0,0,0,0,0,0,0,11724.137931034482,0,0.0020689655172413794,False,False,False,False,False,True,False,False,False,False,False,False,False,False,False
2500000,1500,2,1,0,0,0,0,0,0,0,0,0,0,0,0,0,0,1666.6666666666667,0,0.0013333333333333333,False,False,False,False,False,True,False,False,False,False,False,False,False,False,False
14200000,600,1,0,0,0,0,0,0,0,0,0,0,0,0,0,0,0,23666.666666666668,0,0.0016666666666666668,False,False,False,False,False,True,False,False,False,False,False,False,False,False,False
3500000,1758,3,1,0,0,0,0,0,0,0,0,0,0,0,0,0,0,1990.8987485779294,0,0.0017064846416382253,False,False,False,False,False,False,False,False,True,False,False,False,False,False,False
110000000,516,1,1,0,0,0,0,0,0,0,0,0,0,0,0,0,0,213178.29457364342,0,0.001937984496124031,False,False,False,False,False,True,False,False,False,False,False,False,False,False,False
42500000,2402,3,1,0,0,0,0,0,0,0,0,0,0,0,0,0,0,17693.58867610325,0,0.0012489592006661116,False,False,False,False,False,True,False,False,False,False,False,False,False,False,False
12800000,2850,4,1,0,0,0,0,0,0,0,0,0,0,0,0,0,0,4491.228070175439,0,0.0014035087719298245,False,False,False,False,False,True,False,False,False,False,False,False,False,False,False
16000000,1843,3,0,0,0,0,0,0,0,0,0,0,0,0,0,0,0,8681.497558328812,0,0.0016277807921866521,False,False,False,False,False,True,False,False,False,False,False,False,False,False,False
11500000,2400,4,1,0,0,0,0,0,0,0,0,0,0,0,0,0,0,4791.666666666667,0,0.0016666666666666668,False,False,False,False,False,True,False,False,False,False,False,False,False,False,False
21000000,1250,2,1,0,0,0,0,0,0,0,0,0,0,0,0,0,0,16800.0,0,0.0016,False,False,False,False,False,True,False,False,False,False,False,False,False,False,False
45000000,1350,3,1,0,0,0,0,0,0,0,0,0,0,0,0,0,0,33333.333333333336,0,0.0022222222222222222,False,False,False,False,False,True,False,False,False,False,False,False,False,False,False
11200000,2800,4,1,0,0,0,0,0,0,0,0,0,0,0,0,0,0,4000.0,0,0.0014285714285714286,False,False,False,False,False,True,False,False,False,False,False,False,False,False,False
3400000,1300,3,1,0,0,0,0,0,0,0,0,0,0,0,0,0,0,2615.3846153846152,0,0.002307692307692308,False,False,False,False,False,True,False,False,False,False,False,False,False,False,False
13899999,516,1,1,0,0,0,0,0,0,0,0,0,0,0,0,0,0,26937.982558139534,0,0.001937984496124031,False,False,False,False,False,True,False,False,False,False,False,False,False,False,False
13799999,1035,3,1,0,0,0,0,0,0,0,0,0,0,0,0,0,0,13333.332367149758,0,0.002898550724637681,False,False,False,False,False,True,False,False,False,False,False,False,False,False,False
8600000,1582,3,1,0,0,0,0,0,0,0,0,0,0,0,0,0,0,5436.156763590392,0,0.0018963337547408343,False,False,False,False,False,False,False,False,False,False,True,False,False,False,False
3500000,1200,2,1,0,0,0,0,0,0,0,0,0,0,0,0,0,0,2916.6666666666665,0,0.0016666666666666668,False,False,False,False,False,False,False,False,True,False,False,False,False,False,False
19800000,668,2,0,0,0,0,0,0,0,0,0,0,0,0,0,0,0,29640.71856287425,0,0.0029940119760479044,False,False,False,False,False,True,False,False,False,False,False,False,False,False,False
18500000,1500,3,1,0,0,0,0,0,0,0,0,0,0,0,0,0,0,12333.333333333334,0,0.002,False,False,False,False,False,True,False,False,False,False,False,False,False,False,False
17500000,1350,3,1,0,0,0,0,0,0,0,0,0,0,0,0,0,0,12962.962962962964,0,0.0022222222222222222,False,False,False,False,False,True,False,False,False,False,False,False,False,False,False
22500000,1800,3,1,0,0,0,0,0,0,0,0,0,0,0,0,0,0,12500.0,0,0.0016666666666666668,False,False,False,False,False,False,False,False,True,False,False,False,False,False,False
24800000,2400,4,1,0,0,0,0,0,0,0,0,0,0,0,0,0,0,10333.333333333334,0,0.0016666666666666668,False,False,False,False,False,False,False,False,False,True,False,False,False,False,False
6700000,2500,4,1,0,0,0,0,0,0,0,0,0,0,0,0,0,0,2680.0,0,0.0016,False,False,False,False,False,False,False,False,False,True,False,False,False,False,False
5000000,700,1,1,0,0,0,0,0,0,0,0,0,0,0,0,0,0,7142.857142857143,0,0.0014285714285714286,False,False,False,False,False,True,False,False,False,False,False,False,False,False,False
40000000,1000,3,1,0,0,0,0,0,0,0,0,0,0,0,0,0,0,40000.0,0,0.003,False,False,False,False,False,True,False,False,False,False,False,False,False,False,False
4500000,2150,5,0,0,0,0,0,0,0,0,0,0,0,0,0,0,0,2093.0232558139537,0,0.002325581395348837,False,False,False,False,False,True,False,False,False,False,False,False,False,False,False
32799999,630,1,1,0,0,0,0,0,0,0,0,0,0,0,0,0,0,52063.490476190476,0,0.0015873015873015873,False,False,False,False,False,True,False,False,False,False,False,False,False,False,False
17500000,1900,3,1,0,0,0,0,0,0,0,0,0,0,0,0,0,0,9210.526315789473,0,0.0015789473684210526,False,False,False,False,False,True,False,False,False,False,False,False,False,False,False
40000000,1700,3,1,0,0,0,0,0,0,0,0,0,0,0,0,0,0,23529.41176470588,0,0.0017647058823529412,False,False,False,False,False,True,False,False,False,False,False,False,False,False,False
30000000,2700,4,0,0,0,0,0,0,0,0,0,0,0,0,0,0,0,11111.111111111111,0,0.0014814814814814814,False,False,False,False,False,True,False,False,False,False,False,False,False,False,False
37000000,2400,4,0,0,0,0,0,0,0,0,0,0,0,0,0,0,0,15416.666666666666,0,0.0016666666666666668,False,False,False,False,False,True,False,False,False,False,False,False,False,False,False
9960000,750,1,1,0,0,0,0,0,0,0,0,0,0,0,0,0,0,13280.0,0,0.0013333333333333333,False,False,False,False,False,True,False,False,False,False,False,False,False,False,False
16900000,1245,2,0,0,0,0,0,0,0,0,0,0,0,0,0,0,0,13574.29718875502,0,0.001606425702811245,False,False,False,False,False,True,False,False,False,False,False,False,False,False,False
17000000,1700,3,1,0,0,0,0,0,0,0,0,0,0,0,0,0,0,10000.0,0,0.0017647058823529412,False,False,False,False,False,False,False,False,False,False,False,True,False,False,False
8500000,1900,3,1,0,0,0,0,0,0,0,0,0,0,0,0,0,0,4473.684210526316,0,0.0015789473684210526,False,False,False,False,False,True,False,False,False,False,False,False,False,False,False
16000000,1350,3,0,0,0,0,0,0,0,0,0,0,0,0,0,0,0,11851.851851851852,0,0.0022222222222222222,False,False,False,False,False,True,False,False,False,False,False,False,False,False,False
4000000,1800,3,1,0,0,0,0,0,0,0,0,0,0,0,0,0,0,2222.222222222222,0,0.0016666666666666668,False,False,False,False,False,True,False,False,False,False,False,False,False,False,False
24500000,516,1,1,0,0,0,0,0,0,0,0,0,0,0,0,0,0,47480.62015503876,0,0.001937984496124031,False,False,False,False,False,True,False,False,False,False,False,False,False,False,False
13500000,2200,4,1,0,0,0,0,0,0,0,0,0,0,0,0,0,0,6136.363636363636,0,0.0018181818181818182,False,False,False,False,False,True,False,False,False,False,False,False,False,False,False
3600000,1650,3,1,0,0,0,0,0,0,0,0,0,0,0,0,0,0,2181.818181818182,0,0.0018181818181818182,False,False,False,False,False,True,False,False,False,False,False,False,False,False,False
4000000,516,1,1,0,0,0,0,0,0,0,0,0,0,0,0,0,0,7751.937984496124,0,0.001937984496124031,False,False,False,False,False,True,False,False,False,False,False,False,False,False,False
15000000,516,1,1,0,0,0,0,0,0,0,0,0,0,0,0,0,0,29069.767441860466,0,0.001937984496124031,False,False,False,False,False,True,False,False,False,False,False,False,False,False,False
15000000,1000,2,1,0,0,0,0,0,0,0,0,0,0,0,0,0,0,15000.0,0,0.002,False,False,False,False,False,True,False,False,False,False,False,False,False,False,False
13700000,1050,3,0,0,0,0,0,0,0,0,0,0,0,0,0,0,0,13047.619047619048,0,0.002857142857142857,False,False,False,False,False,True,False,False,False,False,False,False,False,False,False
19000000,975,2,1,0,0,0,0,0,0,0,0,0,0,0,0,0,0,19487.17948717949,0,0.0020512820512820513,False,False,False,False,False,True,False,False,False,False,False,False,False,False,False
13500000,1500,2,1,0,0,0,0,0,0,0,0,0,0,0,0,0,0,9000.0,0,0.0013333333333333333,False,False,False,False,False,True,False,False,False,False,False,False,False,False,False
10400000,1100,2,1,0,0,0,0,0,0,0,0,0,0,0,0,0,0,9454.545454545454,0,0.0018181818181818182,False,False,False,False,False,True,False,False,False,False,False,False,False,False,False
3600000,1050,2,1,0,0,0,0,0,0,0,0,0,0,0,0,0,0,3428.5714285714284,0,0.0019047619047619048,False,False,False,False,False,True,False,False,False,False,False,False,False,False,False
4500000,950,3,0,0,0,0,0,0,0,0,0,0,0,0,0,0,0,4736.8421052631575,0,0.003157894736842105,False,True,False,False,False,False,False,False,False,False,False,False,False,False,False
6500000,1050,3,0,0,0,0,0,0,0,0,0,0,0,0,0,0,0,6190.476190476191,0,0.002857142857142857,False,True,False,False,False,False,False,False,False,False,False,False,False,False,False
3300000,1250,4,0,0,0,0,0,0,0,0,0,0,0,0,0,0,0,2640.0,0,0.0032,False,True,False,False,False,False,False,False,False,False,False,False,False,False,False
3000000,850,3,0,0,0,0,0,0,0,0,0,0,0,0,0,0,0,3529.4117647058824,0,0.0035294117647058825,False,True,False,False,False,False,False,False,False,False,False,False,False,False,False
2400000,750,3,0,0,0,0,0,0,0,0,0,0,0,0,0,0,0,3200.0,0,0.004,False,True,False,False,False,False,False,False,False,False,False,False,False,False,False
2000000,600,2,0,0,0,0,0,0,0,0,0,0,0,0,0,0,0,3333.3333333333335,0,0.0033333333333333335,False,True,False,False,False,False,False,False,False,False,False,False,False,False,False
13000000,550,2,0,0,0,0,0,0,0,0,0,0,0,0,0,0,0,23636.363636363636,0,0.0036363636363636364,False,True,False,False,False,False,False,False,False,False,False,False,False,False,False
14200000,1300,3,1,0,0,0,0,0,0,0,0,0,0,0,0,0,0,10923.076923076924,0,0.002307692307692308,False,False,False,False,False,True,False,False,False,False,False,False,False,False,False
6500000,1150,2,1,0,0,0,0,0,0,0,0,0,0,0,0,0,0,5652.173913043478,0,0.0017391304347826088,False,False,False,False,False,True,False,False,False,False,False,False,False,False,False
12500000,1000,2,1,0,0,0,0,0,0,0,0,0,0,0,0,0,0,12500.0,0,0.002,False,False,False,False,False,True,False,False,False,False,False,False,False,False,False
16000000,1100,3,1,0,0,0,0,0,0,0,0,0,0,0,0,0,0,14545.454545454546,0,0.0027272727272727275,False,False,False,False,False,True,False,False,False,False,False,False,False,False,False
18500000,1800,3,0,0,0,0,0,0,0,0,0,0,0,0,0,0,0,10277.777777777777,0,0.0016666666666666668,False,False,False,False,False,True,False,False,False,False,False,False,False,False,False
4799000,1000,2,1,0,0,0,0,0,0,0,0,0,0,0,0,0,0,4799.0,0,0.002,False,False,False,False,False,True,False,False,False,False,False,False,False,False,False
5199000,900,3,0,0,0,0,0,0,0,0,0,0,0,0,0,0,0,5776.666666666667,0,0.0033333333333333335,False,False,False,False,False,False,False,False,False,False,False,False,False,True,False
3599000,920,3,0,0,0,0,0,0,0,0,0,0,0,0,0,0,0,3911.9565217391305,0,0.003260869565217391,False,False,False,False,False,False,False,False,False,False,False,False,False,True,False
4199000,675,3,0,0,0,0,0,0,0,0,0,0,0,0,0,0,0,6220.740740740741,0,0.0044444444444444444,False,False,False,False,False,False,False,False,False,False,False,False,False,True,False
27000000,810,3,0,0,0,0,0,0,0,0,0,0,0,0,0,0,0,33333.333333333336,0,0.003703703703703704,False,False,False,False,False,False,False,False,False,False,False,False,False,True,False
15800000,1700,3,1,0,0,0,0,0,0,0,0,0,0,0,0,0,0,9294.117647058823,0,0.0017647058823529412,False,False,False,False,False,True,False,False,False,False,False,False,False,False,False
16500000,1700,3,1,0,0,0,0,0,0,0,0,0,0,0,0,0,0,9705.882352941177,0,0.0017647058823529412,False,False,False,False,False,False,False,False,False,False,True,False,False,False,False
10500000,1650,3,1,0,0,0,0,0,0,0,0,0,0,0,0,0,0,6363.636363636364,0,0.0018181818181818182,False,False,False,False,False,False,False,False,True,False,False,False,False,False,False
11000000,1200,3,1,0,0,0,0,0,0,0,0,0,0,0,0,0,0,9166.666666666666,0,0.0025,False,False,False,False,False,True,False,False,False,False,False,False,False,False,False
19500000,1200,3,1,0,0,0,0,0,0,0,0,0,0,0,0,0,0,16250.0,0,0.0025,False,False,False,False,False,True,False,False,False,False,False,False,False,False,False
13899999,1800,3,1,0,0,0,0,0,0,0,0,0,0,0,0,0,0,7722.221666666666,0,0.0016666666666666668,False,False,False,False,False,True,False,False,False,False,False,False,False,False,False
35000000,1700,3,1,0,0,0,0,0,0,0,0,0,0,0,0,0,0,20588.235294117647,0,0.0017647058823529412,False,False,False,False,False,True,False,False,False,False,False,False,False,False,False
15600000,2400,4,1,0,0,0,0,0,0,0,0,0,0,0,0,0,0,6500.0,0,0.0016666666666666668,False,False,False,False,False,False,False,False,True,False,False,False,False,False,False
22000000,2400,4,1,0,0,0,0,0,0,0,0,0,0,0,0,0,0,9166.666666666666,0,0.0016666666666666668,False,False,False,False,False,True,False,False,False,False,False,False,False,False,False
3700000,2400,4,1,0,0,0,0,0,0,0,0,0,0,0,0,0,0,1541.6666666666667,0,0.0016666666666666668,False,False,False,False,False,False,True,False,False,False,False,False,False,False,False
18000000,1625,3,1,0,0,0,0,0,0,0,0,0,0,0,0,0,0,11076.923076923076,0,0.0018461538461538461,False,False,False,False,False,True,False,False,False,False,False,False,False,False,False
10000000,1204,2,1,0,0,0,0,0,0,0,0,0,0,0,0,0,0,8305.647840531561,0,0.0016611295681063123,False,False,False,False,False,True,False,False,False,False,False,False,False,False,False
13000000,1245,2,0,0,0,0,0,0,0,0,0,0,0,0,0,0,0,10441.767068273093,0,0.001606425702811245,False,False,False,False,False,True,False,False,False,False,False,False,False,False,False
3400000,950,2,1,0,0,0,0,0,0,0,0,0,0,0,0,0,0,3578.9473684210525,0,0.002105263157894737,False,False,False,False,False,True,False,False,False,False,False,False,False,False,False
2250000,700,3,0,0,0,0,0,0,0,0,0,0,0,0,0,0,0,3214.285714285714,0,0.004285714285714286,False,False,False,False,False,False,False,False,False,False,False,False,False,True,False
3300000,500,2,0,0,0,0,0,0,0,0,0,0,0,0,0,0,0,6600.0,0,0.004,False,False,False,False,False,False,False,False,False,False,False,False,False,True,False
4500000,700,2,0,0,0,0,0,0,0,0,0,0,0,0,0,0,0,6428.571428571428,0,0.002857142857142857,False,False,False,False,False,False,False,False,False,False,False,False,False,True,False
4000000,800,3,0,0,0,0,0,0,0,0,0,0,0,0,0,0,0,5000.0,0,0.00375,False,False,False,False,False,False,False,False,False,False,False,False,False,True,False
2800000,750,3,0,0,0,0,0,0,0,0,0,0,0,0,0,0,0,3733.3333333333335,0,0.004,False,False,False,False,False,False,False,False,False,False,False,False,False,True,False
2600000,600,2,0,0,0,0,0,0,0,0,0,0,0,0,0,0,0,4333.333333333333,0,0.0033333333333333335,False,False,False,False,False,False,False,False,False,False,False,False,False,True,False
3875000,550,2,0,0,0,0,0,0,0,0,0,0,0,0,0,0,0,7045.454545454545,0,0.0036363636363636364,False,False,False,False,False,False,False,False,False,False,False,False,False,True,False
30000000,1000,3,0,0,0,0,0,0,0,0,0,0,0,0,0,0,0,30000.0,0,0.003,False,False,False,False,False,True,False,False,False,False,False,False,False,False,False
13000000,1200,3,1,0,0,0,0,0,0,0,0,0,0,0,0,0,0,10833.333333333334,0,0.0025,False,False,False,False,False,True,False,False,False,False,False,False,False,False,False
19000000,1000,3,1,0,0,0,0,0,0,0,0,0,0,0,0,0,0,19000.0,0,0.003,False,False,False,False,False,False,False,False,False,False,False,True,False,False,False
24000000,2250,3,1,0,0,0,0,0,0,0,0,0,0,0,0,0,0,10666.666666666666,0,0.0013333333333333333,False,False,False,False,False,False,False,False,True,False,False,False,False,False,False
13000000,2800,4,1,0,0,0,0,0,0,0,0,0,0,0,0,0,0,4642.857142857143,0,0.0014285714285714286,False,False,False,False,False,False,False,False,False,True,False,False,False,False,False
15500000,1300,3,1,0,0,0,0,0,0,0,0,0,0,0,0,0,0,11923.076923076924,0,0.002307692307692308,False,False,False,False,False,False,False,False,False,True,False,False,False,False,False
23500000,2200,4,1,0,0,0,0,0,0,0,0,0,0,0,0,0,0,10681.818181818182,0,0.0018181818181818182,False,False,False,False,False,False,False,True,False,False,False,False,False,False,False
12500000,1900,3,1,0,0,0,0,0,0,0,0,0,0,0,0,0,0,6578.9473684210525,0,0.0015789473684210526,False,False,False,False,False,False,True,False,False,False,False,False,False,False,False
16500000,1843,3,0,0,0,0,0,0,0,0,0,0,0,0,0,0,0,8952.794357026587,0,0.0016277807921866521,False,False,False,False,False,True,False,False,False,False,False,False,False,False,False
30000000,1800,3,0,0,0,0,0,0,0,0,0,0,0,0,0,0,0,16666.666666666668,0,0.0016666666666666668,False,False,False,False,False,True,False,False,False,False,False,False,False,False,False
2300000,1450,3,1,0,0,0,0,0,0,0,0,0,0,0,0,0,0,1586.2068965517242,0,0.0020689655172413794,False,False,False,False,False,True,False,False,False,False,False,False,False,False,False
255000000,450,2,1,0,0,0,0,0,0,0,0,0,0,0,0,0,0,566666.6666666666,0,0.0044444444444444444,False,False,False,False,False,True,False,False,False,False,False,False,False,False,False
5975000,1850,3,1,0,0,0,0,0,0,0,0,0,0,0,0,0,0,3229.7297297297296,0,0.0016216216216216215,False,False,False,False,False,True,False,False,False,False,False,False,False,False,False
14000000,640,2,0,0,0,0,0,0,0,0,0,0,0,0,0,0,0,21875.0,0,0.003125,False,False,False,False,False,True,False,False,False,False,False,False,False,False,False
42500000,1450,3,1,0,0,0,0,0,0,0,0,0,0,0,0,0,0,29310.344827586207,0,0.0020689655172413794,False,False,False,False,False,True,False,False,False,False,False,False,False,False,False
6900000,1500,3,1,0,0,0,0,0,0,0,0,0,0,0,0,0,0,4600.0,0,0.002,False,False,False,False,False,True,False,False,False,False,False,False,False,False,False
11800000,850,1,1,0,0,0,0,0,0,0,0,0,0,0,0,0,0,13882.35294117647,0,0.001176470588235294,False,False,False,False,False,True,False,False,False,False,False,False,False,False,False
16500000,1200,2,1,0,0,0,0,0,0,0,0,0,0,0,0,0,0,13750.0,0,0.0016666666666666668,False,False,False,False,False,False,False,False,False,False,False,True,False,False,False
7500000,1350,3,1,0,0,0,0,0,0,0,0,0,0,0,0,0,0,5555.555555555556,0,0.0022222222222222222,False,False,False,False,False,True,False,False,False,False,False,False,False,False,False
30000000,1000,2,1,0,0,0,0,0,0,0,0,0,0,0,0,0,0,30000.0,0,0.002,False,False,False,False,False,True,False,False,False,False,False,False,False,False,False
8800000,2400,4,1,0,0,0,0,0,0,0,0,0,0,0,0,0,0,3666.6666666666665,0,0.0016666666666666668,False,False,False,False,False,False,False,False,False,False,True,False,False,False,False
35500000,950,2,1,0,0,0,0,0,0,0,0,0,0,0,0,0,0,37368.42105263158,0,0.002105263157894737,False,False,False,False,False,True,False,False,False,False,False,False,False,False,False
5000000,3200,4,0,0,0,0,0,0,0,0,0,0,0,0,0,0,0,1562.5,0,0.00125,False,False,False,False,False,False,False,False,False,True,False,False,False,False,False
4500000,1000,3,0,0,0,0,0,0,0,0,0,0,0,0,0,0,0,4500.0,0,0.003,False,False,False,False,False,False,False,False,False,False,False,False,False,True,False
2100000,900,3,0,0,0,0,0,0,0,0,0,0,0,0,0,0,0,2333.3333333333335,0,0.0033333333333333335,False,False,False,False,False,False,False,False,False,False,False,False,False,True,False
2000000,500,2,0,0,0,0,0,0,0,0,0,0,0,0,0,0,0,4000.0,0,0.004,False,False,False,False,False,False,False,False,False,False,False,False,False,True,False
6000000,520,2,0,0,0,0,0,0,0,0,0,0,0,0,0,0,0,11538.461538461539,0,0.0038461538461538464,False,False,False,False,False,False,False,False,False,False,False,False,False,True,False
2200000,1050,3,0,0,0,0,0,0,0,0,0,0,0,0,0,0,0,2095.2380952380954,0,0.002857142857142857,False,False,False,False,False,False,False,False,False,False,False,False,False,True,False
6500000,510,2,0,0,0,0,0,0,0,0,0,0,0,0,0,0,0,12745.098039215687,0,0.00392156862745098,False,False,False,False,False,False,False,False,False,False,False,False,False,True,False
3500000,1100,3,0,0,0,0,0,0,0,0,0,0,0,0,0,0,0,3181.818181818182,0,0.0027272727272727275,False,False,False,False,False,False,False,False,False,False,False,False,False,True,False
3100000,800,3,0,0,0,0,0,0,0,0,0,0,0,0,0,0,0,3875.0,0,0.00375,False,False,False,False,False,False,False,False,False,False,False,False,False,True,False
2800000,750,3,0,0,0,0,0,0,0,0,0,0,0,0,0,0,0,3733.3333333333335,0,0.004,False,False,False,False,False,False,False,False,False,False,False,False,False,True,False
16500000,600,2,0,0,0,0,0,0,0,0,0,0,0,0,0,0,0,27500.0,0,0.0033333333333333335,False,False,False,False,False,False,False,False,False,False,False,False,False,True,False
13899999,1150,3,1,0,0,0,0,0,0,0,0,0,0,0,0,0,0,12086.955652173912,0,0.0026086956521739132,False,False,False,False,False,True,False,False,False,False,False,False,False,False,False
9000000,1250,2,1,0,0,0,0,0,0,0,0,0,0,0,0,0,0,7200.0,0,0.0016,False,False,False,False,False,True,False,False,False,False,False,False,False,False,False
8900000,1500,4,0,0,0,0,0,0,0,0,0,0,0,0,0,0,0,5933.333333333333,0,0.0026666666666666666,False,False,False,False,False,False,False,False,False,False,False,False,False,True,False
4700000,1400,4,0,0,0,0,0,0,0,0,0,0,0,0,0,0,0,3357.1428571428573,0,0.002857142857142857,False,False,False,False,False,False,False,False,False,False,False,False,False,True,False
2700000,820,3,0,0,0,0,0,0,0,0,0,0,0,0,0,0,0,3292.682926829268,0,0.003658536585365854,False,False,False,False,False,False,False,False,False,False,False,False,False,True,False
2400000,625,2,0,0,0,0,0,0,0,0,0,0,0,0,0,0,0,3840.0,0,0.0032,False,False,False,False,False,False,False,False,False,False,False,False,False,True,False
7500000,525,2,0,0,0,0,0,0,0,0,0,0,0,0,0,0,0,14285.714285714286,0,0.0038095238095238095,False,False,False,False,False,False,False,False,False,False,False,False,False,True,False
3500000,1350,3,0,0,0,0,0,0,0,0,0,0,0,0,0,0,0,2592.5925925925926,0,0.0022222222222222222,False,False,False,False,False,False,False,False,False,False,False,False,False,True,False
4200000,750,2,0,0,0,0,0,0,0,0,0,0,0,0,0,0,0,5600.0,0,0.0026666666666666666,False,False,False,False,False,False,False,False,False,False,False,False,False,True,False
10000000,850,3,0,0,0,0,0,0,0,0,0,0,0,0,0,0,0,11764.70588235294,0,0.0035294117647058825,False,False,False,False,False,False,False,False,False,False,False,False,False,True,False
10800000,900,2,1,0,0,0,0,0,0,0,0,0,0,0,0,0,0,12000.0,0,0.0022222222222222222,False,False,False,False,False,True,False,False,False,False,False,False,False,False,False
3600000,1300,4,0,0,0,0,0,0,0,0,0,0,0,0,0,0,0,2769.230769230769,0,0.003076923076923077,False,False,False,False,False,True,False,False,False,False,False,False,False,False,False
9000000,900,3,0,0,0,0,0,0,0,0,0,0,0,0,0,0,0,10000.0,0,0.0033333333333333335,False,False,False,False,False,True,False,False,False,False,False,False,False,False,False
8700000,1100,4,0,0,0,0,0,0,0,0,0,0,0,0,0,0,0,7909.090909090909,0,0.0036363636363636364,False,False,False,False,False,True,False,False,False,False,False,False,False,False,False
4000000,1100,3,0,0,0,0,0,0,0,0,0,0,0,0,0,0,0,3636.3636363636365,0,0.0027272727272727275,False,False,False,False,False,True,False,False,False,False,False,False,False,False,False
13000000,700,2,0,0,0,0,0,0,0,0,0,0,0,0,0,0,0,18571.428571428572,0,0.002857142857142857,False,False,False,False,False,True,False,False,False,False,False,False,False,False,False
9500000,1400,4,0,0,0,0,0,0,0,0,0,0,0,0,0,0,0,6785.714285714285,0,0.002857142857142857,False,False,False,False,False,True,False,False,False,False,False,False,False,False,False
2600000,1200,4,0,0,0,0,0,0,0,0,0,0,0,0,0,0,0,2166.6666666666665,0,0.0033333333333333335,False,False,False,False,False,True,False,False,False,False,False,False,False,False,False
2300000,500,2,0,0,0,0,0,0,0,0,0,0,0,0,0,0,0,4600.0,0,0.004,False,False,False,False,False,True,False,False,False,False,False,False,False,False,False
17000000,500,1,0,0,0,0,0,0,0,0,0,0,0,0,0,0,0,34000.0,0,0.002,False,False,False,False,False,True,False,False,False,False,False,False,False,False,False
5000000,1550,4,0,0,0,0,0,0,0,0,0,0,0,0,0,0,0,3225.8064516129034,0,0.0025806451612903226,False,False,False,False,False,True,False,False,False,False,False,False,False,False,False
3800000,1200,3,0,0,0,0,0,0,0,0,0,0,0,0,0,0,0,3166.6666666666665,0,0.0025,False,False,False,False,False,True,False,False,False,False,False,False,False,False,False
3400000,650,2,0,0,0,0,0,0,0,0,0,0,0,0,0,0,0,5230.7692307692305,0,0.003076923076923077,False,False,False,False,False,True,False,False,False,False,False,False,False,False,False
15500000,600,2,0,0,0,0,0,0,0,0,0,0,0,0,0,0,0,25833.333333333332,0,0.0033333333333333335,False,False,False,False,False,True,False,False,False,False,False,False,False,False,False
18500000,1700,3,1,0,0,0,0,0,0,0,0,0,0,0,0,0,0,10882.35294117647,0,0.0017647058823529412,False,False,False,False,False,False,False,False,False,False,False,True,False,False,False
9000000,1600,4,1,0,0,0,0,0,0,0,0,0,0,0,0,0,0,5625.0,0,0.0025,False,False,False,False,False,True,False,False,False,False,False,False,False,False,False
15500000,850,2,1,0,0,0,0,0,0,0,0,0,0,0,0,0,0,18235.29411764706,0,0.002352941176470588,False,False,False,False,False,True,False,False,False,False,False,False,False,False,False
33500000,1600,3,1,0,0,0,0,0,0,0,0,0,0,0,0,0,0,20937.5,0,0.001875,False,False,False,False,False,False,False,False,True,False,False,False,False,False,False
5000000,2590,3,1,0,0,0,0,0,0,0,0,0,0,0,0,0,0,1930.5019305019305,0,0.0011583011583011582,False,False,False,False,False,True,False,False,False,False,False,False,False,False,False
4000000,1000,3,0,0,0,0,0,0,0,0,0,0,0,0,0,0,0,4000.0,0,0.003,False,True,False,False,False,False,False,False,False,False,False,False,False,False,False
2000000,900,3,0,0,0,0,0,0,0,0,0,0,0,0,0,0,0,2222.222222222222,0,0.0033333333333333335,False,True,False,False,False,False,False,False,False,False,False,False,False,False,False
3000000,500,1,0,0,0,0,0,0,0,0,0,0,0,0,0,0,0,6000.0,0,0.002,False,True,False,False,False,False,False,False,False,False,False,False,False,False,False
2600000,750,2,0,0,0,0,0,0,0,0,0,0,0,0,0,0,0,3466.6666666666665,0,0.0026666666666666666,False,True,False,False,False,False,False,False,False,False,False,False,False,False,False
3500000,650,2,0,0,0,0,0,0,0,0,0,0,0,0,0,0,0,5384.615384615385,0,0.003076923076923077,False,True,False,False,False,False,False,False,False,False,False,False,False,False,False
2500000,850,3,0,0,0,0,0,0,0,0,0,0,0,0,0,0,0,2941.176470588235,0,0.0035294117647058825,False,True,False,False,False,False,False,False,False,False,False,False,False,False,False
34500000,600,2,0,0,0,0,0,0,0,0,0,0,0,0,0,0,0,57500.0,0,0.0033333333333333335,False,True,False,False,False,False,False,False,False,False,False,False,False,False,False
35500000,1650,3,0,0,0,0,0,0,0,0,0,0,0,0,0,0,0,21515.151515151516,0,0.0018181818181818182,False,False,False,False,False,True,False,False,False,False,False,False,False,False,False
22500000,3600,4,0,0,0,0,0,0,0,0,0,0,0,0,0,0,0,6250.0,0,0.0011111111111111111,False,False,False,False,False,True,False,False,False,False,False,False,False,False,False
4000000,1400,3,0,0,0,0,0,0,0,0,0,0,0,0,0,0,0,2857.1428571428573,0,0.002142857142857143,False,False,False,False,False,True,False,False,False,False,False,False,False,False,False
12000000,820,2,1,0,0,0,0,0,0,0,0,0,0,0,0,0,0,14634.146341463415,0,0.0024390243902439024,False,False,False,False,False,True,False,False,False,False,False,False,False,False,False
51000000,1114,3,1,0,0,0,0,0,0,0,0,0,0,0,0,0,0,45780.969479353684,0,0.0026929982046678637,False,False,False,False,False,True,False,False,False,False,False,False,False,False,False
15400000,2300,4,1,0,0,0,0,0,0,0,0,0,0,0,0,0,0,6695.652173913043,0,0.0017391304347826088,False,False,False,False,False,True,False,False,False,False,False,False,False,False,False
4000000,1250,3,1,0,0,0,0,0,0,0,0,0,0,0,0,0,0,3200.0,0,0.0024,False,False,False,False,False,True,False,False,False,False,False,False,False,False,False
3800000,820,2,0,0,0,0,0,0,0,0,0,0,0,0,0,0,0,4634.1463414634145,0,0.0024390243902439024,False,False,False,False,False,True,False,False,False,False,False,False,False,False,False
84100000,950,3,0,0,0,0,0,0,0,0,0,0,0,0,0,0,0,88526.31578947368,0,0.003157894736842105,False,False,False,False,False,True,False,False,False,False,False,False,False,False,False
174500000,1821,3,0,0,0,0,0,0,0,0,0,0,0,0,0,0,0,95826.4689730917,0,0.0016474464579901153,False,False,False,False,False,True,False,False,False,False,False,False,False,False,False
12000000,2741,4,0,0,0,0,0,0,0,0,0,0,0,0,0,0,0,4377.964246625319,0,0.001459321415541773,False,False,False,False,False,True,False,False,False,False,False,False,False,False,False
9000000,600,2,0,0,0,0,0,0,0,0,0,0,0,0,0,0,0,15000.0,0,0.0033333333333333335,False,False,False,False,False,True,False,False,False,False,False,False,False,False,False
29900000,900,2,0,0,0,0,0,0,0,0,0,0,0,0,0,0,0,33222.22222222222,0,0.0022222222222222222,False,False,False,False,False,False,False,False,False,False,False,False,False,False,True
14600000,2800,4,1,0,0,0,0,0,0,0,0,0,0,0,0,0,0,5214.285714285715,0,0.0014285714285714286,False,False,False,False,False,True,False,False,False,False,False,False,False,False,False
35000000,1650,3,1,0,0,0,0,0,0,0,0,0,0,0,0,0,0,21212.121212121212,0,0.0018181818181818182,False,False,False,False,False,False,False,False,False,False,False,True,False,False,False
9800000,2530,3,0,0,0,0,0,0,0,0,0,0,0,0,0,0,0,3873.517786561265,0,0.0011857707509881424,False,False,False,False,False,True,False,False,False,False,False,False,False,False,False
8300000,1845,3,1,0,0,0,0,0,0,0,0,0,0,0,0,0,0,4498.6449864498645,0,0.0016260162601626016,False,False,False,False,False,True,False,False,False,False,False,False,False,False,False
17500000,1930,3,1,0,0,0,0,0,0,0,0,0,0,0,0,0,0,9067.357512953367,0,0.0015544041450777201,False,False,False,False,False,True,False,False,False,False,False,False,False,False,False
8500000,1800,3,0,0,0,0,0,0,0,0,0,0,0,0,0,0,0,4722.222222222223,0,0.0016666666666666668,False,False,False,False,False,True,False,False,False,False,False,False,False,False,False
14500000,900,2,1,0,0,0,0,0,0,0,0,0,0,0,0,0,0,16111.111111111111,0,0.0022222222222222222,False,False,False,False,False,True,False,False,False,False,False,False,False,False,False
13500000,1550,3,1,0,0,0,0,0,0,0,0,0,0,0,0,0,0,8709.677419354839,0,0.001935483870967742,False,False,False,False,False,True,False,False,False,False,False,False,False,False,False
26000000,1600,3,1,0,0,0,0,0,0,0,0,0,0,0,0,0,0,16250.0,0,0.001875,False,False,False,False,False,True,False,False,False,False,False,False,False,False,False
2000000,1800,3,1,0,0,0,0,0,0,0,0,0,0,0,0,0,0,1111.111111111111,0,0.0016666666666666668,False,False,False,False,False,False,False,False,False,False,False,False,False,False,True
4800000,1350,2,0,0,0,0,0,0,0,0,0,0,0,0,0,0,0,3555.5555555555557,0,0.0014814814814814814,False,True,False,False,False,False,False,False,False,False,False,False,False,False,False
4200000,990,3,1,0,0,0,0,0,0,0,0,0,0,0,0,0,0,4242.424242424242,0,0.0030303030303030303,False,False,False,False,False,True,False,False,False,False,False,False,False,False,False
18800000,945,3,1,0,0,0,0,0,0,0,0,0,0,0,0,0,0,19894.179894179895,0,0.0031746031746031746,False,False,False,False,False,True,False,False,False,False,False,False,False,False,False
3200000,600,3,1,0,0,0,0,0,0,0,0,0,0,0,0,0,0,5333.333333333333,0,0.005,False,False,False,False,False,False,False,False,False,False,False,False,False,False,True
6200000,620,2,0,0,0,0,0,0,0,0,0,0,0,0,0,0,0,10000.0,0,0.0032258064516129032,False,False,False,False,False,True,False,False,False,False,False,False,False,False,False
13000000,850,2,1,0,0,0,0,0,0,0,0,0,0,0,0,0,0,15294.117647058823,0,0.002352941176470588,False,False,False,False,False,True,False,False,False,False,False,False,False,False,False
25500000,1300,3,1,0,0,0,0,0,0,0,0,0,0,0,0,0,0,19615.384615384617,0,0.002307692307692308,False,False,False,False,False,True,False,False,False,False,False,False,False,False,False
5500000,1700,3,1,0,0,0,0,0,0,0,0,0,0,0,0,0,0,3235.294117647059,0,0.0017647058823529412,False,False,False,False,False,True,False,False,False,False,False,False,False,False,False
2450000,800,2,1,0,0,0,0,0,0,0,0,0,0,0,0,0,0,3062.5,0,0.0025,False,False,False,False,False,True,False,False,False,False,False,False,False,False,False
2000000,990,3,1,0,0,0,0,0,0,0,0,0,0,0,0,0,0,2020.20202020202,0,0.0030303030303030303,False,False,False,False,False,True,False,False,False,False,False,False,False,False,False
3000000,675,2,0,0,0,0,0,0,0,0,0,0,0,0,0,0,0,4444.444444444444,0,0.002962962962962963,False,False,False,False,False,True,False,False,False,False,False,False,False,False,False
6800000,900,2,0,0,0,0,0,0,0,0,0,0,0,0,0,0,0,7555.555555555556,0,0.0022222222222222222,False,False,False,False,False,True,False,False,False,False,False,False,False,False,False
5000000,972,3,1,0,0,0,0,0,0,0,0,0,0,0,0,0,0,5144.0329218107,0,0.0030864197530864196,False,False,False,False,False,True,False,False,False,False,False,False,False,False,False
4000000,1000,3,0,0,0,0,0,0,0,0,0,0,0,0,0,0,0,4000.0,0,0.003,False,True,False,False,False,False,False,False,False,False,False,False,False,False,False
2000000,900,3,0,0,0,0,0,0,0,0,0,0,0,0,0,0,0,2222.222222222222,0,0.0033333333333333335,False,True,False,False,False,False,False,False,False,False,False,False,False,False,False
3000000,500,1,0,0,0,0,0,0,0,0,0,0,0,0,0,0,0,6000.0,0,0.002,False,True,False,False,False,False,False,False,False,False,False,False,False,False,False
2600000,750,2,0,0,0,0,0,0,0,0,0,0,0,0,0,0,0,3466.6666666666665,0,0.0026666666666666666,False,True,False,False,False,False,False,False,False,False,False,False,False,False,False
3500000,650,2,0,0,0,0,0,0,0,0,0,0,0,0,0,0,0,5384.615384615385,0,0.003076923076923077,False,True,False,False,False,False,False,False,False,False,False,False,False,False,False
2500000,850,3,0,0,0,0,0,0,0,0,0,0,0,0,0,0,0,2941.176470588235,0,0.0035294117647058825,False,True,False,False,False,False,False,False,False,False,False,False,False,False,False
10500000,600,2,0,0,0,0,0,0,0,0,0,0,0,0,0,0,0,17500.0,0,0.0033333333333333335,False,True,False,False,False,False,False,False,False,False,False,False,False,False,False
14500000,1150,3,1,0,0,0,0,0,0,0,0,0,0,0,0,0,0,12608.695652173914,0,0.0026086956521739132,False,False,False,False,False,True,False,False,False,False,False,False,False,False,False
24000000,1869,3,1,0,0,0,0,0,0,0,0,0,0,0,0,0,0,12841.091492776886,0,0.0016051364365971107,False,False,False,False,False,False,False,False,False,False,False,False,True,False,False
19500000,2798,4,1,0,0,0,0,0,0,0,0,0,0,0,0,0,0,6969.263759828449,0,0.0014295925661186562,False,False,False,False,False,False,False,False,False,False,False,False,True,False,False
23000000,2369,4,1,0,0,0,0,0,0,0,0,0,0,0,0,0,0,9708.73786407767,0,0.0016884761502743773,False,False,False,False,False,False,False,False,False,False,False,False,True,False,False
7500000,2600,4,1,0,0,0,0,0,0,0,0,0,0,0,0,0,0,2884.6153846153848,0,0.0015384615384615385,False,False,False,False,False,False,False,False,False,False,False,False,True,False,False
150000000,900,2,1,0,0,0,0,0,0,0,0,0,0,0,0,0,0,166666.66666666666,0,0.0022222222222222222,False,False,False,False,False,True,False,False,False,False,False,False,False,False,False
7500000,1100,2,1,0,0,0,0,0,0,0,0,0,0,0,0,0,0,6818.181818181818,0,0.0018181818181818182,False,False,False,False,False,True,False,False,False,False,False,False,False,False,False
21000000,900,3,1,0,0,0,0,0,0,0,0,0,0,0,0,0,0,23333.333333333332,0,0.0033333333333333335,False,False,False,False,False,True,False,False,False,False,False,False,False,False,False
4500000,1800,3,1,0,0,0,0,0,0,0,0,0,0,0,0,0,0,2500.0,0,0.0016666666666666668,False,False,False,False,False,True,False,False,False,False,False,False,False,False,False
21000000,495,2,1,0,0,0,0,0,0,0,0,0,0,0,0,0,0,42424.242424242424,0,0.00404040404040404,False,False,False,False,False,True,False,False,False,False,False,False,False,False,False
50000000,1400,3,1,0,0,0,0,0,0,0,0,0,0,0,0,0,0,35714.28571428572,0,0.002142857142857143,False,False,False,False,False,True,False,False,False,False,False,False,False,False,False
7500000,1400,4,1,0,0,0,0,0,0,0,0,0,0,0,0,0,0,5357.142857142857,0,0.002857142857142857,False,False,False,False,False,True,False,False,False,False,False,False,False,False,False
12500000,900,3,1,0,0,0,0,0,0,0,0,0,0,0,0,0,0,13888.888888888889,0,0.0033333333333333335,False,False,False,False,False,True,False,False,False,False,False,False,False,False,False
22500000,1450,3,1,0,0,0,0,0,0,0,0,0,0,0,0,0,0,15517.241379310344,0,0.0020689655172413794,False,False,False,False,False,True,False,False,False,False,False,False,False,False,False
19000000,900,3,1,0,0,0,0,0,0,0,0,0,0,0,0,0,0,21111.11111111111,0,0.0033333333333333335,False,False,False,False,False,True,False,False,False,False,False,False,False,False,False
42500000,1200,3,1,0,0,0,0,0,0,0,0,0,0,0,0,0,0,35416.666666666664,0,0.0025,False,False,False,False,False,True,False,False,False,False,False,False,False,False,False
15500000,2900,4,1,0,0,0,0,0,0,0,0,0,0,0,0,0,0,5344.827586206897,0,0.001379310344827586,False,False,False,False,False,True,False,False,False,False,False,False,False,False,False
13500000,1000,2,1,0,0,0,0,0,0,0,0,0,0,0,0,0,0,13500.0,0,0.002,False,False,False,False,False,True,False,False,False,False,False,False,False,False,False
13000000,1000,2,1,0,0,0,0,0,0,0,0,0,0,0,0,0,0,13000.0,0,0.002,False,False,False,False,False,True,False,False,False,False,False,False,False,False,False
10500000,1150,2,1,0,0,0,0,0,0,0,0,0,0,0,0,0,0,9130.434782608696,0,0.0017391304347826088,False,False,False,False,False,True,False,False,False,False,False,False,False,False,False
15500000,1150,2,1,0,0,0,0,0,0,0,0,0,0,0,0,0,0,13478.260869565218,0,0.0017391304347826088,False,False,False,False,False,True,False,False,False,False,False,False,False,False,False
16000000,1400,3,1,0,0,0,0,0,0,0,0,0,0,0,0,0,0,11428.57142857143,0,0.002142857142857143,False,False,False,False,False,True,False,False,False,False,False,False,False,False,False
25000000,2000,3,1,0,0,0,0,0,0,0,0,0,0,0,0,0,0,12500.0,0,0.0015,False,False,False,False,False,True,False,False,False,False,False,False,False,False,False
10800000,3600,4,1,0,0,0,0,0,0,0,0,0,0,0,0,0,0,3000.0,0,0.0011111111111111111,False,False,False,False,False,True,False,False,False,False,False,False,False,False,False
14600000,1333,2,1,0,0,0,0,0,0,0,0,0,0,0,0,0,0,10952.738184546137,0,0.0015003750937734434,False,False,False,False,False,True,False,False,False,False,False,False,False,False,False
17000000,1894,3,1,0,0,0,0,0,0,0,0,0,0,0,0,0,0,8975.71277719113,0,0.0015839493136219642,False,False,False,False,False,False,False,False,False,True,False,False,False,False,False
14800000,1904,3,1,0,0,0,0,0,0,0,0,0,0,0,0,0,0,7773.109243697479,0,0.0015756302521008404,False,False,False,False,False,True,False,False,False,False,False,False,False,False,False
50000000,1894,3,1,0,0,0,0,0,0,0,0,0,0,0,0,0,0,26399.155227032734,0,0.0015839493136219642,False,False,False,False,False,False,False,False,False,False,False,True,False,False,False
50000000,4430,5,1,0,0,0,0,0,0,0,0,0,0,0,0,0,0,11286.681715575622,0,0.001128668171557562,False,False,False,False,False,True,False,False,False,False,False,False,False,False,False
16000000,4430,5,1,0,0,0,0,0,0,0,0,0,0,0,0,0,0,3611.7381489841987,0,0.001128668171557562,False,False,False,False,False,True,False,False,False,False,False,False,False,False,False
20000000,2000,3,1,0,0,0,0,0,0,0,0,0,0,0,0,0,0,10000.0,0,0.0015,False,False,False,False,False,True,False,False,False,False,False,False,False,False,False
16000000,2400,3,1,0,0,0,0,0,0,0,0,0,0,0,0,0,0,6666.666666666667,0,0.00125,False,False,False,False,False,True,False,False,False,False,False,False,False,False,False
15500000,2400,3,1,0,0,0,0,0,0,0,0,0,0,0,0,0,0,6458.333333333333,0,0.00125,False,False,False,False,False,True,False,False,False,False,False,False,False,False,False
15500000,1500,3,1,0,0,0,0,0,0,0,0,0,0,0,0,0,0,10333.333333333334,0,0.002,False,False,False,False,False,True,False,False,False,False,False,False,False,False,False
11800000,1850,3,1,0,0,0,0,0,0,0,0,0,0,0,0,0,0,6378.378378378378,0,0.0016216216216216215,False,False,False,False,False,True,False,False,False,False,False,False,False,False,False
14700000,1200,2,1,0,0,0,0,0,0,0,0,0,0,0,0,0,0,12250.0,0,0.0016666666666666668,False,False,False,False,False,True,False,False,False,False,False,False,False,False,False
17500000,1800,3,1,0,0,0,0,0,0,0,0,0,0,0,0,0,0,9722.222222222223,0,0.0016666666666666668,False,False,False,False,False,True,False,False,False,False,False,False,False,False,False
11800000,1950,3,1,0,0,0,0,0,0,0,0,0,0,0,0,0,0,6051.282051282052,0,0.0015384615384615385,False,False,False,False,False,True,False,False,False,False,False,False,False,False,False
15500000,1200,2,1,0,0,0,0,0,0,0,0,0,0,0,0,0,0,12916.666666666666,0,0.0016666666666666668,False,False,False,False,False,True,False,False,False,False,False,False,False,False,False
23500000,1400,3,1,0,0,0,0,0,0,0,0,0,0,0,0,0,0,16785.714285714286,0,0.002142857142857143,False,False,False,False,False,True,False,False,False,False,False,False,False,False,False
23500000,2600,4,1,0,0,0,0,0,0,0,0,0,0,0,0,0,0,9038.461538461539,0,0.0015384615384615385,False,False,False,False,False,True,False,False,False,False,False,False,False,False,False
45000000,2600,4,1,0,0,0,0,0,0,0,0,0,0,0,0,0,0,17307.69230769231,0,0.0015384615384615385,False,False,False,False,False,True,False,False,False,False,False,False,False,False,False
13000000,4430,5,1,0,0,0,0,0,0,0,0,0,0,0,0,0,0,2934.5372460496615,0,0.001128668171557562,False,False,False,False,False,True,False,False,False,False,False,False,False,False,False
13899999,1420,2,1,0,0,0,0,0,0,0,0,0,0,0,0,0,0,9788.731690140845,0,0.0014084507042253522,False,False,False,False,False,True,False,False,False,False,False,False,False,False,False
10800000,1906,3,1,0,0,0,0,0,0,0,0,0,0,0,0,0,0,5666.316894018888,0,0.0015739769150052466,False,False,False,False,False,True,False,False,False,False,False,False,False,False,False
14600000,1333,2,1,0,0,0,0,0,0,0,0,0,0,0,0,0,0,10952.738184546137,0,0.0015003750937734434,False,False,False,False,False,True,False,False,False,False,False,False,False,False,False
17000000,1894,3,1,0,0,0,0,0,0,0,0,0,0,0,0,0,0,8975.71277719113,0,0.0015839493136219642,False,False,False,False,False,False,False,False,False,True,False,False,False,False,False
14800000,1904,3,1,0,0,0,0,0,0,0,0,0,0,0,0,0,0,7773.109243697479,0,0.0015756302521008404,False,False,False,False,False,True,False,False,False,False,False,False,False,False,False
19000000,1894,3,1,0,0,0,0,0,0,0,0,0,0,0,0,0,0,10031.67898627244,0,0.0015839493136219642,False,False,False,False,False,False,False,False,False,False,False,True,False,False,False
15800000,2200,4,1,0,0,0,0,0,0,0,0,0,0,0,0,0,0,7181.818181818182,0,0.0018181818181818182,False,False,False,False,False,False,False,False,False,True,False,False,False,False,False
16500000,1886,3,1,0,0,0,0,0,0,0,0,0,0,0,0,0,0,8748.674443266173,0,0.0015906680805938495,False,False,False,False,False,False,False,False,False,False,False,True,False,False,False
16500000,2350,4,0,0,0,0,0,0,0,0,0,0,0,0,0,0,0,7021.276595744681,0,0.001702127659574468,False,False,False,False,False,True,False,False,False,False,False,False,False,False,False
16500000,1800,3,0,0,0,0,0,0,0,0,0,0,0,0,0,0,0,9166.666666666666,0,0.0016666666666666668,False,False,False,False,False,True,False,False,False,False,False,False,False,False,False
60000000,1200,2,1,0,0,0,0,0,0,0,0,0,0,0,0,0,0,50000.0,0,0.0016666666666666668,False,False,False,False,False,True,False,False,False,False,False,False,False,False,False
25000000,2202,4,1,0,0,0,0,0,0,0,0,0,0,0,0,0,0,11353.315168029065,0,0.0018165304268846503,False,False,False,False,False,True,False,False,False,False,False,False,False,False,False
6000000,1501,2,1,0,0,0,0,0,0,0,0,0,0,0,0,0,0,3997.3351099267156,0,0.0013324450366422385,False,False,False,False,False,True,False,False,False,False,False,False,False,False,False
9500000,1000,2,1,0,0,0,0,0,0,0,0,0,0,0,0,0,0,9500.0,0,0.002,False,False,False,False,False,True,False,False,False,False,False,False,False,False,False
16000000,1100,2,1,0,0,0,0,0,0,0,0,0,0,0,0,0,0,14545.454545454546,0,0.0018181818181818182,False,False,False,False,True,False,False,False,False,False,False,False,False,False,False
2000000,1100,2,1,0,0,0,0,0,0,0,0,0,0,0,0,0,0,1818.1818181818182,0,0.0018181818181818182,False,False,False,False,False,True,False,False,False,False,False,False,False,False,False
65000000,620,2,1,0,0,0,0,0,0,0,0,0,0,0,0,0,0,104838.70967741935,0,0.0032258064516129032,False,False,False,False,False,True,False,False,False,False,False,False,False,False,False
6000000,1854,3,1,0,0,0,0,0,0,0,0,0,0,0,0,0,0,3236.2459546925566,0,0.0016181229773462784,False,False,False,False,True,False,False,False,False,False,False,False,False,False,False
6000000,1000,2,1,0,0,0,0,0,0,0,0,0,0,0,0,0,0,6000.0,0,0.002,False,False,False,False,False,True,False,False,False,False,False,False,False,False,False
65000000,1000,2,1,0,0,0,0,0,0,0,0,0,0,0,0,0,0,65000.0,0,0.002,False,False,False,False,False,True,False,False,False,False,False,False,False,False,False
55000000,1854,3,1,0,0,0,0,0,0,0,0,0,0,0,0,0,0,29665.587918015102,0,0.0016181229773462784,False,False,False,False,True,False,False,False,False,False,False,False,False,False,False
9500000,426,2,1,0,0,0,0,0,0,0,0,0,0,0,0,0,0,22300.469483568075,0,0.004694835680751174,False,False,False,False,True,False,False,False,False,False,False,False,False,False,False
17000000,1000,3,1,0,0,0,0,0,0,0,0,0,0,0,0,0,0,17000.0,0,0.003,False,False,False,False,False,True,False,False,False,False,False,False,False,False,False
35000000,2200,4,1,0,0,0,0,0,0,0,0,0,0,0,0,0,0,15909.09090909091,0,0.0018181818181818182,False,False,False,False,False,True,False,False,False,False,False,False,False,False,False
55000000,2500,4,1,0,0,0,0,0,0,0,0,0,0,0,0,0,0,22000.0,0,0.0016,False,False,False,False,True,False,False,False,False,False,False,False,False,False,False
45000000,4503,5,1,0,0,0,0,0,0,0,0,0,0,0,0,0,0,9993.33777481679,0,0.0011103708638685321,False,False,False,False,True,False,False,False,False,False,False,False,False,False,False
35000000,400,2,1,0,0,0,0,0,0,0,0,0,0,0,0,0,0,87500.0,0,0.005,False,False,False,False,True,False,False,False,False,False,False,False,False,False,False
90000000,2500,4,1,0,0,0,0,0,0,0,0,0,0,0,0,0,0,36000.0,0,0.0016,False,False,False,False,True,False,False,False,False,False,False,False,False,False,False
65000000,2700,5,1,0,0,0,0,0,0,0,0,0,0,0,0,0,0,24074.074074074073,0,0.001851851851851852,False,False,False,False,True,False,False,False,False,False,False,False,False,False,False
12500000,1872,3,1,0,0,0,0,0,0,0,0,0,0,0,0,0,0,6677.350427350428,0,0.0016025641025641025,False,False,False,False,True,False,False,False,False,False,False,False,False,False,False
7500000,990,2,1,0,0,0,0,0,0,0,0,0,0,0,0,0,0,7575.757575757576,0,0.00202020202020202,False,False,False,False,False,True,False,False,False,False,False,False,False,False,False
13000000,1504,2,1,0,0,0,0,0,0,0,0,0,0,0,0,0,0,8643.617021276596,0,0.0013297872340425532,False,False,False,False,False,True,False,False,False,False,False,False,False,False,False
2300000,2520,2,1,0,0,0,0,0,0,0,0,0,0,0,0,0,0,912.6984126984127,0,0.0007936507936507937,False,False,False,False,False,True,False,False,False,False,False,False,False,False,False
3200000,900,2,1,0,0,0,0,0,0,0,0,0,0,0,0,0,0,3555.5555555555557,0,0.0022222222222222222,False,False,False,False,False,True,False,False,False,False,False,False,False,False,False
2200000,1350,2,1,0,0,0,0,0,0,0,0,0,0,0,0,0,0,1629.6296296296296,0,0.0014814814814814814,False,False,False,False,True,False,False,False,False,False,False,False,False,False,False
40000000,405,2,1,0,0,0,0,0,0,0,0,0,0,0,0,0,0,98765.43209876544,0,0.0049382716049382715,False,False,False,False,False,True,False,False,False,False,False,False,False,False,False
2100000,1530,2,1,0,0,0,0,0,0,0,0,0,0,0,0,0,0,1372.549019607843,0,0.00130718954248366,False,False,False,False,True,False,False,False,False,False,False,False,False,False,False
8800000,2448,2,1,0,0,0,0,0,0,0,0,0,0,0,0,0,0,3594.7712418300653,0,0.0008169934640522876,False,False,False,False,False,True,False,False,False,False,False,False,False,False,False
170000000,900,2,1,0,0,0,0,0,0,0,0,0,0,0,0,0,0,188888.88888888888,0,0.0022222222222222222,False,False,False,False,False,True,False,False,False,False,False,False,False,False,False
7000000,2000,6,1,0,0,0,0,0,0,0,0,0,0,0,0,0,0,3500.0,0,0.003,False,False,False,False,False,True,False,False,False,False,False,False,False,False,False
80000000,900,2,1,0,0,0,0,0,0,0,0,0,0,0,0,0,0,88888.88888888889,0,0.0022222222222222222,False,False,False,False,True,False,False,False,False,False,False,False,False,False,False
20000000,400,2,1,0,0,0,0,0,0,0,0,0,0,0,0,0,0,50000.0,0,0.005,False,False,False,False,False,True,False,False,False,False,False,False,False,False,False
30000000,2850,2,1,0,0,0,0,0,0,0,0,0,0,0,0,0,0,10526.315789473685,0,0.0007017543859649122,False,False,False,False,False,True,False,False,False,False,False,False,False,False,False
10000000,2500,2,1,0,0,0,0,0,0,0,0,0,0,0,0,0,0,4000.0,0,0.0008,False,False,False,False,True,False,False,False,False,False,False,False,False,False,False
22400000,1500,2,1,0,0,0,0,0,0,0,0,0,0,0,0,0,0,14933.333333333334,0,0.0013333333333333333,False,False,False,False,True,False,False,False,False,False,False,False,False,False,False
200000000,2580,4,1,0,0,0,0,0,0,0,0,0,0,0,0,0,0,77519.37984496124,0,0.0015503875968992248,False,False,False,False,False,True,False,False,False,False,False,False,False,False,False
3500000,990,3,1,0,0,0,0,0,0,0,0,0,0,0,0,0,0,3535.3535353535353,0,0.0030303030303030303,False,False,False,False,False,True,False,False,False,False,False,False,False,False,False
14900000,720,2,1,0,0,0,0,0,0,0,0,0,0,0,0,0,0,20694.444444444445,0,0.002777777777777778,False,False,False,False,False,True,False,False,False,False,False,False,False,False,False
21100000,1550,3,1,0,0,0,0,0,0,0,0,0,0,0,0,0,0,13612.90322580645,0,0.001935483870967742,False,False,False,False,False,True,False,False,False,False,False,False,False,False,False
17500000,1550,3,1,0,0,0,0,0,0,0,0,0,0,0,0,0,0,11290.322580645161,0,0.001935483870967742,False,False,False,False,False,False,False,False,False,False,False,False,False,False,False
19500000,1150,3,1,0,0,0,0,0,0,0,0,0,0,0,0,0,0,16956.521739130436,0,0.0026086956521739132,False,False,False,False,False,False,False,False,False,False,False,False,False,False,False
20500000,1350,3,1,0,0,0,0,0,0,0,0,0,0,0,0,0,0,15185.185185185184,0,0.0022222222222222222,False,False,False,False,False,False,False,False,False,False,False,False,False,False,False
14000000,1550,3,1,0,0,0,0,0,0,0,0,0,0,0,0,0,0,9032.258064516129,0,0.001935483870967742,False,False,False,False,False,False,False,False,False,False,False,False,False,False,False
19900000,1150,3,1,0,0,0,0,0,0,0,0,0,0,0,0,0,0,17304.347826086956,0,0.0026086956521739132,False,False,False,False,False,False,False,False,False,False,False,False,False,False,False
14700000,1250,2,1,0,0,0,0,0,0,0,0,0,0,0,0,0,0,11760.0,0,0.0016,False,False,False,False,False,True,False,False,False,False,False,False,False,False,False
19000000,1150,2,1,0,0,0,0,0,0,0,0,0,0,0,0,0,0,16521.739130434784,0,0.0017391304347826088,False,False,False,False,False,False,False,False,False,False,False,False,False,False,False
19000000,1400,3,1,0,0,0,0,0,0,0,0,0,0,0,0,0,0,13571.42857142857,0,0.002142857142857143,False,False,False,False,False,False,False,False,False,False,False,False,False,False,False
16500000,1350,3,1,0,0,0,0,0,0,0,0,0,0,0,0,0,0,12222.222222222223,0,0.0022222222222222222,False,False,False,False,False,False,False,False,False,False,False,False,False,False,False
18500000,1300,3,1,0,0,0,0,0,0,0,0,0,0,0,0,0,0,14230.76923076923,0,0.002307692307692308,False,False,False,False,False,False,False,False,False,False,False,False,False,False,False
9000000,1350,3,1,0,0,0,0,0,0,0,0,0,0,0,0,0,0,6666.666666666667,0,0.0022222222222222222,False,False,False,False,False,False,False,False,False,False,False,False,False,False,False
20500000,750,2,1,0,0,0,0,0,0,0,0,0,0,0,0,0,0,27333.333333333332,0,0.0026666666666666666,False,False,False,False,False,True,False,False,False,False,False,False,False,False,False
24500000,1450,3,1,0,0,0,0,0,0,0,0,0,0,0,0,0,0,16896.55172413793,0,0.0020689655172413794,False,False,False,False,False,False,False,False,False,False,False,False,False,False,False
20099999,1550,4,1,0,0,0,0,0,0,0,0,0,0,0,0,0,0,12967.741290322581,0,0.0025806451612903226,False,False,False,False,False,False,False,False,False,False,False,False,False,False,False
19000000,1450,3,1,0,0,0,0,0,0,0,0,0,0,0,0,0,0,13103.448275862069,0,0.0020689655172413794,False,False,False,False,False,False,False,False,False,False,False,False,False,False,False
16200000,1350,3,1,0,0,0,0,0,0,0,0,0,0,0,0,0,0,12000.0,0,0.0022222222222222222,False,False,False,False,False,False,False,False,False,False,False,False,False,False,False
55000000,1200,3,1,0,0,0,0,0,0,0,0,0,0,0,0,0,0,45833.333333333336,0,0.0025,False,False,False,False,False,False,False,False,False,False,False,False,False,False,False
15000000,2150,4,1,0,0,0,0,0,0,0,0,0,0,0,0,0,0,6976.7441860465115,0,0.0018604651162790699,False,False,False,False,False,True,False,False,False,False,False,False,False,False,False
24200000,1100,2,1,0,0,0,0,0,0,0,0,0,0,0,0,0,0,22000.0,0,0.0018181818181818182,False,False,False,False,False,False,False,False,False,False,False,False,False,False,False
22500000,1550,3,1,0,0,0,0,0,0,0,0,0,0,0,0,0,0,14516.129032258064,0,0.001935483870967742,False,False,False,False,False,False,False,False,False,False,False,False,False,False,False
18000000,2100,3,1,0,0,0,0,0,0,0,0,0,0,0,0,0,0,8571.42857142857,0,0.0014285714285714286,False,False,False,False,False,True,False,False,False,False,False,False,False,False,False
15200000,1350,3,1,0,0,0,0,0,0,0,0,0,0,0,0,0,0,11259.25925925926,0,0.0022222222222222222,False,False,False,False,False,False,False,False,False,False,False,False,False,False,False
24000000,1200,2,1,0,0,0,0,0,0,0,0,0,0,0,0,0,0,20000.0,0,0.0016666666666666668,False,False,False,False,False,False,False,False,False,False,False,False,False,False,False
15000000,1650,4,1,0,0,0,0,0,0,0,0,0,0,0,0,0,0,9090.90909090909,0,0.0024242424242424242,False,False,False,False,False,False,False,False,False,False,False,False,False,False,False
16500000,1200,2,1,0,0,0,0,0,0,0,0,0,0,0,0,0,0,13750.0,0,0.0016666666666666668,False,False,False,False,False,False,False,False,False,False,False,False,False,False,False
3200000,1150,2,1,0,0,0,0,0,0,0,0,0,0,0,0,0,0,2782.608695652174,0,0.0017391304347826088,False,False,False,False,False,False,False,False,False,False,False,False,False,False,False
16200000,450,2,1,0,0,0,0,0,0,0,0,0,0,0,0,0,0,36000.0,0,0.0044444444444444444,False,False,False,False,False,True,False,False,False,False,False,False,False,False,False
14000000,1300,3,1,0,0,0,0,0,0,0,0,0,0,0,0,0,0,10769.23076923077,0,0.002307692307692308,False,False,False,False,False,False,False,False,False,False,False,False,False,False,False
9000000,1200,2,1,0,0,0,0,0,0,0,0,0,0,0,0,0,0,7500.0,0,0.0016666666666666668,False,False,False,False,False,False,False,False,False,False,False,False,False,False,False
15000000,1150,2,1,0,0,0,0,0,0,0,0,0,0,0,0,0,0,13043.478260869566,0,0.0017391304347826088,False,False,False,False,False,True,False,False,False,False,False,False,False,False,False
10500000,1250,2,1,0,0,0,0,0,0,0,0,0,0,0,0,0,0,8400.0,0,0.0016,False,False,False,False,False,False,False,False,False,False,False,False,False,False,False
24500000,750,2,1,0,0,0,0,0,0,0,0,0,0,0,0,0,0,32666.666666666668,0,0.0026666666666666666,False,False,False,False,False,True,False,False,False,False,False,False,False,False,False
14000000,1850,3,1,0,0,0,0,0,0,0,0,0,0,0,0,0,0,7567.5675675675675,0,0.0016216216216216215,False,False,False,False,False,False,False,False,False,False,False,False,False,False,False
10500000,1150,3,1,0,0,0,0,0,0,0,0,0,0,0,0,0,0,9130.434782608696,0,0.0026086956521739132,False,False,False,False,False,False,False,False,False,False,False,False,False,False,False
9000000,950,2,1,0,0,0,0,0,0,0,0,0,0,0,0,0,0,9473.684210526315,0,0.002105263157894737,False,False,False,False,False,False,False,False,False,False,False,False,False,False,True
10500000,756,2,1,0,0,0,0,0,0,0,0,0,0,0,0,0,0,13888.888888888889,0,0.0026455026455026454,False,False,False,False,False,True,False,False,False,False,False,False,False,False,False
12000000,756,2,1,0,0,0,0,0,0,0,0,0,0,0,0,0,0,15873.015873015873,0,0.0026455026455026454,False,False,False,False,False,True,False,False,False,False,False,False,False,False,False
12000000,1125,3,1,0,0,0,0,0,0,0,0,0,0,0,0,0,0,10666.666666666666,0,0.0026666666666666666,False,False,False,False,False,True,False,False,False,False,False,False,False,False,False
13000000,1200,4,1,0,0,0,0,0,0,0,0,0,0,0,0,0,0,10833.333333333334,0,0.0033333333333333335,False,False,False,False,False,True,False,False,False,False,False,False,False,False,False
13000000,1125,3,1,0,0,0,0,0,0,0,0,0,0,0,0,0,0,11555.555555555555,0,0.0026666666666666666,False,False,False,False,False,True,False,False,False,False,False,False,False,False,False
23000000,1125,3,1,0,0,0,0,0,0,0,0,0,0,0,0,0,0,20444.444444444445,0,0.0026666666666666666,False,False,False,False,False,True,False,False,False,False,False,False,False,False,False
12500000,1800,3,1,0,0,0,0,0,0,0,0,0,0,0,0,0,0,6944.444444444444,0,0.0016666666666666668,False,False,False,False,False,True,False,False,False,False,False,False,False,False,False
23000000,1125,3,1,0,0,0,0,0,0,0,0,0,0,0,0,0,0,20444.444444444445,0,0.0026666666666666666,False,False,False,False,False,True,False,False,False,False,False,False,False,False,False
24000000,2430,4,1,0,0,0,0,0,0,0,0,0,0,0,0,0,0,9876.543209876543,0,0.0016460905349794238,False,False,False,False,False,True,False,False,False,False,False,False,False,False,False
12000000,1800,3,1,0,0,0,0,0,0,0,0,0,0,0,0,0,0,6666.666666666667,0,0.0016666666666666668,False,False,False,False,False,True,False,False,False,False,False,False,False,False,False
13000000,1125,3,1,0,0,0,0,0,0,0,0,0,0,0,0,0,0,11555.555555555555,0,0.0026666666666666666,False,False,False,False,False,True,False,False,False,False,False,False,False,False,False
22000000,1115,3,1,0,0,0,0,0,0,0,0,0,0,0,0,0,0,19730.941704035875,0,0.0026905829596412557,False,False,False,False,False,True,False,False,False,False,False,False,False,False,False
9200000,1800,3,1,0,0,0,0,0,0,0,0,0,0,0,0,0,0,5111.111111111111,0,0.0016666666666666668,False,False,False,False,False,True,False,False,False,False,False,False,False,False,False
12500000,1075,3,1,0,0,0,0,0,0,0,0,0,0,0,0,0,0,11627.906976744185,0,0.0027906976744186047,False,False,False,False,False,True,False,False,False,False,False,False,False,False,False
12500000,1300,3,1,0,0,0,0,0,0,0,0,0,0,0,0,0,0,9615.384615384615,0,0.002307692307692308,False,False,False,False,False,True,False,False,False,False,False,False,False,False,False
15500000,1100,3,1,0,0,0,0,0,0,0,0,0,0,0,0,0,0,14090.90909090909,0,0.0027272727272727275,False,False,False,False,False,True,False,False,False,False,False,False,False,False,False
170000000,1387,2,1,0,0,0,0,0,0,0,0,0,0,0,0,0,0,122566.69069935112,0,0.0014419610670511895,False,False,False,False,False,True,False,False,False,False,False,False,False,False,False
7500000,1530,2,1,0,0,0,0,0,0,0,0,0,0,0,0,0,0,4901.9607843137255,0,0.00130718954248366,False,False,False,False,False,True,False,False,False,False,False,False,False,False,False
45000000,850,2,1,0,0,0,0,0,0,0,0,0,0,0,0,0,0,52941.17647058824,0,0.002352941176470588,False,False,False,False,False,True,False,False,False,False,False,False,False,False,False
2100000,1500,5,1,0,0,0,0,0,0,0,0,0,0,0,0,0,0,1400.0,0,0.0033333333333333335,False,False,False,False,False,True,False,False,False,False,False,False,False,False,False
55000000,900,2,1,0,0,0,0,0,0,0,0,0,0,0,0,0,0,61111.11111111111,0,0.0022222222222222222,False,False,False,False,False,True,False,False,False,False,False,False,False,False,False
55000000,422,2,1,0,0,0,0,0,0,0,0,0,0,0,0,0,0,130331.75355450237,0,0.004739336492890996,False,False,False,False,False,True,False,False,False,False,False,False,False,False,False
7500000,4506,5,1,0,0,0,0,0,0,0,0,0,0,0,0,0,0,1664.4474034620505,0,0.0011096316023080338,False,False,False,False,False,True,False,False,False,False,False,False,False,False,False
3200000,1500,3,1,0,0,0,0,0,0,0,0,0,0,0,0,0,0,2133.3333333333335,0,0.002,False,False,False,False,False,True,False,False,False,False,False,False,False,False,False
100000000,2000,4,1,0,0,0,0,0,0,0,0,0,0,0,0,0,0,50000.0,0,0.002,False,False,False,False,False,True,False,False,False,False,False,False,False,False,False
70000000,3015,8,1,0,0,0,0,0,0,0,0,0,0,0,0,0,0,23217.247097844112,0,0.0026533996683250414,False,False,False,False,False,True,False,False,False,False,False,False,False,False,False
35000000,1620,2,1,0,0,0,0,0,0,0,0,0,0,0,0,0,0,21604.938271604937,0,0.0012345679012345679,False,False,False,False,True,False,False,False,False,False,False,False,False,False,False
70000000,2500,4,1,0,0,0,0,0,0,0,0,0,0,0,0,0,0,28000.0,0,0.0016,False,False,False,False,False,True,False,False,False,False,False,False,False,False,False
3500000,400,2,1,0,0,0,0,0,0,0,0,0,0,0,0,0,0,8750.0,0,0.005,False,False,False,False,False,True,False,False,False,False,False,False,False,False,False
3200000,420,2,1,0,0,0,0,0,0,0,0,0,0,0,0,0,0,7619.047619047619,0,0.004761904761904762,False,False,False,False,False,True,False,False,False,False,False,False,False,False,False
2200000,505,2,1,0,0,0,0,0,0,0,0,0,0,0,0,0,0,4356.435643564357,0,0.0039603960396039604,False,False,False,False,False,True,False,False,False,False,False,False,False,False,False
60000000,1700,2,1,0,0,0,0,0,0,0,0,0,0,0,0,0,0,35294.117647058825,0,0.001176470588235294,False,False,False,False,False,True,False,False,False,False,False,False,False,False,False
40000000,2200,4,1,0,0,0,0,0,0,0,0,0,0,0,0,0,0,18181.81818181818,0,0.0018181818181818182,False,False,False,False,False,True,False,False,False,False,False,False,False,False,False
35000000,1800,3,1,0,0,0,0,0,0,0,0,0,0,0,0,0,0,19444.444444444445,0,0.0016666666666666668,False,False,False,False,False,True,False,False,False,False,False,False,False,False,False
3500000,2500,4,1,0,0,0,0,0,0,0,0,0,0,0,0,0,0,1400.0,0,0.0016,False,False,False,False,False,True,False,False,False,False,False,False,False,False,False
2000000,440,2,1,0,0,0,0,0,0,0,0,0,0,0,0,0,0,4545.454545454545,0,0.004545454545454545,False,False,False,False,False,True,False,False,False,False,False,False,False,False,False
60000000,1200,2,1,0,0,0,0,0,0,0,0,0,0,0,0,0,0,50000.0,0,0.0016666666666666668,False,False,False,False,False,True,False,False,False,False,False,False,False,False,False
20000000,1503,2,1,0,0,0,0,0,0,0,0,0,0,0,0,0,0,13306.71989354624,0,0.0013306719893546241,False,False,False,False,False,True,False,False,False,False,False,False,False,False,False
200000000,1800,3,1,0,0,0,0,0,0,0,0,0,0,0,0,0,0,111111.11111111111,0,0.0016666666666666668,False,False,False,False,False,True,False,False,False,False,False,False,False,False,False
100000000,1300,2,1,0,0,0,0,0,0,0,0,0,0,0,0,0,0,76923.07692307692,0,0.0015384615384615385,False,False,False,False,False,True,False,False,False,False,False,False,False,False,False
2600000,500,2,1,0,0,0,0,0,0,0,0,0,0,0,0,0,0,5200.0,0,0.004,False,False,False,False,False,True,False,False,False,False,False,False,False,False,False
60000000,1100,2,1,0,0,0,0,0,0,0,0,0,0,0,0,0,0,54545.454545454544,0,0.0018181818181818182,False,False,False,False,False,True,False,False,False,False,False,False,False,False,False
20000000,2000,2,1,0,0,0,0,0,0,0,0,0,0,0,0,0,0,10000.0,0,0.001,False,False,False,False,False,True,False,False,False,False,False,False,False,False,False
65000000,1000,2,1,0,0,0,0,0,0,0,0,0,0,0,0,0,0,65000.0,0,0.002,False,False,False,False,False,True,False,False,False,False,False,False,False,False,False
18000000,3123,4,1,0,0,0,0,0,0,0,0,0,0,0,0,0,0,5763.688760806916,0,0.001280819724623759,False,False,False,False,False,True,False,False,False,False,False,False,False,False,False
10700000,1200,2,1,0,0,0,0,0,0,0,0,0,0,0,0,0,0,8916.666666666666,0,0.0016666666666666668,False,False,False,False,False,True,False,False,False,False,False,False,False,False,False
35000000,1550,3,1,0,0,0,0,0,0,0,0,0,0,0,0,0,0,22580.645161290322,0,0.001935483870967742,False,False,False,False,False,True,False,False,False,False,False,False,False,False,False
7000000,2500,2,1,0,0,0,0,0,0,0,0,0,0,0,0,0,0,2800.0,0,0.0008,False,False,False,False,True,False,False,False,False,False,False,False,False,False,False
7500000,1700,2,1,0,0,0,0,0,0,0,0,0,0,0,0,0,0,4411.764705882353,0,0.001176470588235294,False,False,False,True,False,False,False,False,False,False,False,False,False,False,False
9500000,1200,2,1,0,0,0,0,0,0,0,0,0,0,0,0,0,0,7916.666666666667,0,0.0016666666666666668,False,False,False,False,True,False,False,False,False,False,False,False,False,False,False
9000000,1100,3,1,0,0,0,0,0,0,0,0,0,0,0,0,0,0,8181.818181818182,0,0.0027272727272727275,False,False,False,False,True,False,False,False,False,False,False,False,False,False,False
16000000,400,2,1,0,0,0,0,0,0,0,0,0,0,0,0,0,0,40000.0,0,0.005,False,False,False,False,True,False,False,False,False,False,False,False,False,False,False
2200000,1100,2,1,0,0,0,0,0,0,0,0,0,0,0,0,0,0,2000.0,0,0.0018181818181818182,False,False,False,False,False,True,False,False,False,False,False,False,False,False,False
2200000,2322,2,1,0,0,0,0,0,0,0,0,0,0,0,0,0,0,947.4590869939707,0,0.0008613264427217916,False,False,False,False,False,True,False,False,False,False,False,False,False,False,False
9000000,2322,2,1,0,0,0,0,0,0,0,0,0,0,0,0,0,0,3875.968992248062,0,0.0008613264427217916,False,False,False,False,True,False,False,False,False,False,False,False,False,False,False
35000000,2250,5,1,0,0,0,0,0,0,0,0,0,0,0,0,0,0,15555.555555555555,0,0.0022222222222222222,False,False,False,False,True,False,False,False,False,False,False,False,False,False,False
70000000,2500,4,1,0,0,0,0,0,0,0,0,0,0,0,0,0,0,28000.0,0,0.0016,False,False,False,False,True,False,False,False,False,False,False,False,False,False,False
3000000,1503,2,1,0,0,0,0,0,0,0,0,0,0,0,0,0,0,1996.007984031936,0,0.0013306719893546241,False,False,False,False,True,False,False,False,False,False,False,False,False,False,False
3000000,1206,2,1,0,0,0,0,0,0,0,0,0,0,0,0,0,0,2487.5621890547263,0,0.001658374792703151,False,False,False,False,True,False,False,False,False,False,False,False,False,False,False
6000000,2500,2,1,0,0,0,0,0,0,0,0,0,0,0,0,0,0,2400.0,0,0.0008,False,False,False,False,False,True,False,False,False,False,False,False,False,False,False
16000000,400,2,1,0,0,0,0,0,0,0,0,0,0,0,0,0,0,40000.0,0,0.005,False,False,False,False,False,True,False,False,False,False,False,False,False,False,False
11000000,1450,3,1,0,0,0,0,0,0,0,0,0,0,0,0,0,0,7586.206896551724,0,0.0020689655172413794,False,False,False,False,False,True,False,False,False,False,False,False,False,False,False
180000000,900,3,1,0,0,0,0,0,0,0,0,0,0,0,0,0,0,200000.0,0,0.0033333333333333335,False,False,False,False,False,True,False,False,False,False,False,False,False,False,False
6000000,2106,4,1,0,0,0,0,0,0,0,0,0,0,0,0,0,0,2849.002849002849,0,0.001899335232668566,False,False,False,False,False,True,False,False,False,False,False,False,False,False,False
2200000,1006,2,1,0,0,0,0,0,0,0,0,0,0,0,0,0,0,2186.878727634195,0,0.0019880715705765406,False,False,False,False,False,True,False,False,False,False,False,False,False,False,False
2000000,2322,2,1,0,0,0,0,0,0,0,0,0,0,0,0,0,0,861.3264427217915,0,0.0008613264427217916,False,False,False,False,True,False,False,False,False,False,False,False,False,False,False
16500000,1040,2,1,0,0,0,0,0,0,0,0,0,0,0,0,0,0,15865.384615384615,0,0.0019230769230769232,False,False,False,False,True,False,False,False,False,False,False,False,False,False,False
20000000,1300,3,1,0,0,0,0,0,0,0,0,0,0,0,0,0,0,15384.615384615385,0,0.002307692307692308,False,False,False,False,False,False,False,False,False,False,False,False,False,False,False
16000000,2000,3,1,0,0,0,0,0,0,0,0,0,0,0,0,0,0,8000.0,0,0.0015,False,False,False,False,False,False,False,False,False,False,False,False,False,False,True
20500000,1125,3,1,0,0,0,0,0,0,0,0,0,0,0,0,0,0,18222.222222222223,0,0.0026666666666666666,False,False,False,False,False,True,False,False,False,False,False,False,False,False,False
25000000,1800,3,1,0,0,0,0,0,0,0,0,0,0,0,0,0,0,13888.888888888889,0,0.0016666666666666668,False,False,False,False,False,True,False,False,False,False,False,False,False,False,False
4000000,1440,3,1,0,0,0,0,0,0,0,0,0,0,0,0,0,0,2777.777777777778,0,0.0020833333333333333,False,False,False,False,False,True,False,False,False,False,False,False,False,False,False
7000000,810,2,1,0,0,0,0,0,0,0,0,0,0,0,0,0,0,8641.975308641975,0,0.0024691358024691358,False,False,False,False,False,True,False,False,False,False,False,False,False,False,False
10000000,1125,3,1,0,0,0,0,0,0,0,0,0,0,0,0,0,0,8888.888888888889,0,0.0026666666666666666,False,False,False,False,False,True,False,False,False,False,False,False,False,False,False
15500000,1175,3,1,0,0,0,0,0,0,0,0,0,0,0,0,0,0,13191.489361702128,0,0.002553191489361702,False,False,False,False,False,True,False,False,False,False,False,False,False,False,False
8500000,1150,3,1,0,0,0,0,0,0,0,0,0,0,0,0,0,0,7391.304347826087,0,0.0026086956521739132,False,False,False,False,False,True,False,False,False,False,False,False,False,False,False
26500000,720,2,1,0,0,0,0,0,0,0,0,0,0,0,0,0,0,36805.555555555555,0,0.002777777777777778,False,False,False,False,False,True,False,False,False,False,False,False,False,False,False
18000000,1850,3,1,0,0,0,0,0,0,0,0,0,0,0,0,0,0,9729.72972972973,0,0.0016216216216216215,False,False,False,False,False,True,False,False,False,False,False,False,False,False,False
3011000,1650,3,1,0,0,0,0,0,0,0,0,0,0,0,0,0,0,1824.8484848484848,0,0.0018181818181818182,False,False,False,False,False,True,False,False,False,False,False,False,False,False,False
2251000,495,2,1,0,0,0,0,0,0,0,0,0,0,0,0,0,0,4547.474747474747,0,0.00404040404040404,False,False,False,False,True,False,False,False,False,False,False,False,False,False,False
4800000,459,2,1,0,0,0,0,0,0,0,0,0,0,0,0,0,0,10457.51633986928,0,0.004357298474945534,False,False,False,False,True,False,False,False,False,False,False,False,False,False,False
6000000,945,3,1,0,0,0,0,0,0,0,0,0,0,0,0,0,0,6349.206349206349,0,0.0031746031746031746,False,False,False,False,False,True,False,False,False,False,False,False,False,False,False
4511000,918,3,1,0,0,0,0,0,0,0,0,0,0,0,0,0,0,4913.943355119825,0,0.0032679738562091504,False,False,False,False,True,False,False,False,False,False,False,False,False,False,False
2500000,945,2,1,0,0,0,0,0,0,0,0,0,0,0,0,0,0,2645.5026455026455,0,0.0021164021164021165,False,False,False,False,True,False,False,False,False,False,False,False,False,False,False
4200000,504,2,1,0,0,0,0,0,0,0,0,0,0,0,0,0,0,8333.333333333334,0,0.003968253968253968,False,False,False,False,True,False,False,False,False,False,False,False,False,False,False
2551000,765,3,1,0,0,0,0,0,0,0,0,0,0,0,0,0,0,3334.640522875817,0,0.00392156862745098,False,False,False,False,False,True,False,False,False,False,False,False,False,False,False
2751000,459,2,1,0,0,0,0,0,0,0,0,0,0,0,0,0,0,5993.464052287582,0,0.004357298474945534,False,False,False,False,False,True,False,False,False,False,False,False,False,False,False
4011000,540,2,1,0,0,0,0,0,0,0,0,0,0,0,0,0,0,7427.777777777777,0,0.003703703703703704,False,False,False,False,False,True,False,False,False,False,False,False,False,False,False
2591000,800,3,1,0,0,0,0,0,0,0,0,0,0,0,0,0,0,3238.75,0,0.00375,False,False,False,False,False,True,False,False,False,False,False,False,False,False,False
3500000,600,2,1,0,0,0,0,0,0,0,0,0,0,0,0,0,0,5833.333333333333,0,0.0033333333333333335,False,False,False,False,False,True,False,False,False,False,False,False,False,False,False
2411000,720,3,1,0,0,0,0,0,0,0,0,0,0,0,0,0,0,3348.6111111111113,0,0.004166666666666667,False,False,False,False,False,True,False,False,False,False,False,False,False,False,False
2475000,520,2,1,0,0,0,0,0,0,0,0,0,0,0,0,0,0,4759.615384615385,0,0.0038461538461538464,False,False,False,False,False,True,False,False,False,False,False,False,False,False,False
4200000,600,2,1,0,0,0,0,0,0,0,0,0,0,0,0,0,0,7000.0,0,0.0033333333333333335,False,False,False,False,False,True,False,False,False,False,False,False,False,False,False
5100000,765,3,1,0,0,0,0,0,0,0,0,0,0,0,0,0,0,6666.666666666667,0,0.00392156862745098,False,False,False,False,False,True,False,False,False,False,False,False,False,False,False
4800000,900,3,1,0,0,0,0,0,0,0,0,0,0,0,0,0,0,5333.333333333333,0,0.0033333333333333335,False,False,False,False,True,False,False,False,False,False,False,False,False,False,False
5311000,810,3,1,0,0,0,0,0,0,0,0,0,0,0,0,0,0,6556.79012345679,0,0.003703703703703704,False,False,False,False,False,True,False,False,False,False,False,False,False,False,False
2050000,990,3,1,0,0,0,0,0,0,0,0,0,0,0,0,0,0,2070.7070707070707,0,0.0030303030303030303,False,False,False,False,True,False,False,False,False,False,False,False,False,False,False
2251000,495,2,1,0,0,0,0,0,0,0,0,0,0,0,0,0,0,4547.474747474747,0,0.00404040404040404,False,False,False,False,False,True,False,False,False,False,False,False,False,False,False
2200000,530,2,1,0,0,0,0,0,0,0,0,0,0,0,0,0,0,4150.943396226415,0,0.0037735849056603774,False,False,False,False,False,True,False,False,False,False,False,False,False,False,False
3565000,580,2,1,0,0,0,0,0,0,0,0,0,0,0,0,0,0,6146.551724137931,0,0.0034482758620689655,False,False,False,False,False,True,False,False,False,False,False,False,False,False,False
4759000,780,3,1,0,0,0,0,0,0,0,0,0,0,0,0,0,0,6101.282051282052,0,0.0038461538461538464,False,False,False,False,False,True,False,False,False,False,False,False,False,False,False
3211000,909,3,1,0,0,0,0,0,0,0,0,0,0,0,0,0,0,3532.4532453245324,0,0.0033003300330033004,False,False,False,False,True,False,False,False,False,False,False,False,False,False,False
3500000,675,2,1,0,0,0,0,0,0,0,0,0,0,0,0,0,0,5185.185185185185,0,0.002962962962962963,False,False,False,False,True,False,False,False,False,False,False,False,False,False,False
2621000,790,3,1,0,0,0,0,0,0,0,0,0,0,0,0,0,0,3317.721518987342,0,0.0037974683544303796,False,False,False,False,False,True,False,False,False,False,False,False,False,False,False
4151000,600,2,1,0,0,0,0,0,0,0,0,0,0,0,0,0,0,6918.333333333333,0,0.0033333333333333335,False,False,False,False,False,True,False,False,False,False,False,False,False,False,False
4800000,810,3,1,0,0,0,0,0,0,0,0,0,0,0,0,0,0,5925.925925925926,0,0.003703703703703704,False,False,False,False,False,True,False,False,False,False,False,False,False,False,False
2591000,954,3,1,0,0,0,0,0,0,0,0,0,0,0,0,0,0,2715.9329140461214,0,0.0031446540880503146,False,False,False,False,True,False,False,False,False,False,False,False,False,False,False
3500000,600,2,1,0,0,0,0,0,0,0,0,0,0,0,0,0,0,5833.333333333333,0,0.0033333333333333335,False,False,False,False,False,True,False,False,False,False,False,False,False,False,False
2411000,720,3,1,0,0,0,0,0,0,0,0,0,0,0,0,0,0,3348.6111111111113,0,0.004166666666666667,False,False,False,False,False,True,False,False,False,False,False,False,False,False,False
2475000,520,2,1,0,0,0,0,0,0,0,0,0,0,0,0,0,0,4759.615384615385,0,0.0038461538461538464,False,False,False,False,False,True,False,False,False,False,False,False,False,False,False
4200000,600,2,1,0,0,0,0,0,0,0,0,0,0,0,0,0,0,7000.0,0,0.0033333333333333335,False,False,False,False,False,True,False,False,False,False,False,False,False,False,False
5100000,765,3,1,0,0,0,0,0,0,0,0,0,0,0,0,0,0,6666.666666666667,0,0.00392156862745098,False,False,False,False,False,True,False,False,False,False,False,False,False,False,False
4800000,900,3,1,0,0,0,0,0,0,0,0,0,0,0,0,0,0,5333.333333333333,0,0.0033333333333333335,False,False,False,False,True,False,False,False,False,False,False,False,False,False,False
5311000,810,3,1,0,0,0,0,0,0,0,0,0,0,0,0,0,0,6556.79012345679,0,0.003703703703703704,False,False,False,False,False,True,False,False,False,False,False,False,False,False,False
2050000,990,3,1,0,0,0,0,0,0,0,0,0,0,0,0,0,0,2070.7070707070707,0,0.0030303030303030303,False,False,False,False,True,False,False,False,False,False,False,False,False,False,False
2251000,495,2,1,0,0,0,0,0,0,0,0,0,0,0,0,0,0,4547.474747474747,0,0.00404040404040404,False,False,False,False,False,True,False,False,False,False,False,False,False,False,False
2200000,530,2,1,0,0,0,0,0,0,0,0,0,0,0,0,0,0,4150.943396226415,0,0.0037735849056603774,False,False,False,False,False,True,False,False,False,False,False,False,False,False,False
3565000,580,2,1,0,0,0,0,0,0,0,0,0,0,0,0,0,0,6146.551724137931,0,0.0034482758620689655,False,False,False,False,False,True,False,False,False,False,False,False,False,False,False
4759000,780,3,1,0,0,0,0,0,0,0,0,0,0,0,0,0,0,6101.282051282052,0,0.0038461538461538464,False,False,False,False,False,True,False,False,False,False,False,False,False,False,False
3211000,909,3,1,0,0,0,0,0,0,0,0,0,0,0,0,0,0,3532.4532453245324,0,0.0033003300330033004,False,False,False,False,True,False,False,False,False,False,False,False,False,False,False
3500000,675,2,1,0,0,0,0,0,0,0,0,0,0,0,0,0,0,5185.185185185185,0,0.002962962962962963,False,False,False,False,True,False,False,False,False,False,False,False,False,False,False
52500000,1200,2,1,0,0,0,0,0,0,0,0,0,0,0,0,0,0,43750.0,0,0.0016666666666666668,False,False,False,False,False,True,False,False,False,False,False,False,False,False,False
2000000,4500,5,1,0,0,0,0,0,0,0,0,0,0,0,0,0,0,444.44444444444446,0,0.0011111111111111111,False,False,False,False,False,True,False,False,False,False,False,False,False,False,False
3500000,3000,2,1,0,0,0,0,0,0,0,0,0,0,0,0,0,0,1166.6666666666667,0,0.0006666666666666666,False,False,False,False,False,True,False,False,False,False,False,False,False,False,False
6500000,2500,2,1,0,0,0,0,0,0,0,0,0,0,0,0,0,0,2600.0,0,0.0008,False,False,False,False,True,False,False,False,False,False,False,False,False,False,False
6000000,1800,2,1,0,0,0,0,0,0,0,0,0,0,0,0,0,0,3333.3333333333335,0,0.0011111111111111111,False,False,False,False,True,False,False,False,False,False,False,False,False,False,False
2000000,1000,2,1,0,0,0,0,0,0,0,0,0,0,0,0,0,0,2000.0,0,0.002,False,False,False,False,False,True,False,False,False,False,False,False,False,False,False
35000000,556,2,1,0,0,0,0,0,0,0,0,0,0,0,0,0,0,62949.640287769784,0,0.0035971223021582736,False,False,False,False,False,True,False,False,False,False,False,False,False,False,False
2000000,1500,1,1,0,0,0,0,0,0,0,0,0,0,0,0,0,0,1333.3333333333333,0,0.0006666666666666666,False,False,False,False,False,True,False,False,False,False,False,False,False,False,False
2000000,400,2,1,0,0,0,0,0,0,0,0,0,0,0,0,0,0,5000.0,0,0.005,False,False,False,False,True,False,False,False,False,False,False,False,False,False,False
3500000,1350,2,1,0,0,0,0,0,0,0,0,0,0,0,0,0,0,2592.5925925925926,0,0.0014814814814814814,False,False,False,False,True,False,False,False,False,False,False,False,False,False,False
8000000,2700,6,1,0,0,0,0,0,0,0,0,0,0,0,0,0,0,2962.962962962963,0,0.0022222222222222222,False,False,False,False,False,True,False,False,False,False,False,False,False,False,False
65000000,500,2,1,0,0,0,0,0,0,0,0,0,0,0,0,0,0,130000.0,0,0.004,False,False,False,False,False,True,False,False,False,False,False,False,False,False,False
52500000,1800,3,1,0,0,0,0,0,0,0,0,0,0,0,0,0,0,29166.666666666668,0,0.0016666666666666668,False,False,False,False,False,True,False,False,False,False,False,False,False,False,False
55000000,4502,5,1,0,0,0,0,0,0,0,0,0,0,0,0,0,0,12216.792536650377,0,0.0011106175033318525,False,False,False,False,False,True,False,False,False,False,False,False,False,False,False
3500000,4501,5,1,0,0,0,0,0,0,0,0,0,0,0,0,0,0,777.6049766718507,0,0.001110864252388358,False,False,False,False,False,True,False,False,False,False,False,False,False,False,False
35000000,1000,2,1,0,0,0,0,0,0,0,0,0,0,0,0,0,0,35000.0,0,0.002,False,False,False,False,False,True,False,False,False,False,False,False,False,False,False
2000000,505,2,1,0,0,0,0,0,0,0,0,0,0,0,0,0,0,3960.3960396039606,0,0.0039603960396039604,False,False,False,False,False,True,False,False,False,False,False,False,False,False,False
65000000,3000,2,1,0,0,0,0,0,0,0,0,0,0,0,0,0,0,21666.666666666668,0,0.0006666666666666666,False,False,False,False,False,True,False,False,False,False,False,False,False,False,False
3500000,1854,3,1,0,0,0,0,0,0,0,0,0,0,0,0,0,0,1887.8101402373247,0,0.0016181229773462784,False,False,False,False,False,True,False,False,False,False,False,False,False,False,False
6500000,2500,2,1,0,0,0,0,0,0,0,0,0,0,0,0,0,0,2600.0,0,0.0008,False,False,False,False,True,False,False,False,False,False,False,False,False,False,False
6000000,1800,2,1,0,0,0,0,0,0,0,0,0,0,0,0,0,0,3333.3333333333335,0,0.0011111111111111111,False,False,False,False,True,False,False,False,False,False,False,False,False,False,False
30000000,1000,2,1,0,0,0,0,0,0,0,0,0,0,0,0,0,0,30000.0,0,0.002,False,False,False,False,False,True,False,False,False,False,False,False,False,False,False
2000000,2700,2,1,0,0,0,0,0,0,0,0,0,0,0,0,0,0,740.7407407407408,0,0.0007407407407407407,False,False,False,False,False,True,False,False,False,False,False,False,False,False,False
2300000,1160,2,1,0,0,0,0,0,0,0,0,0,0,0,0,0,0,1982.7586206896551,0,0.0017241379310344827,False,False,False,False,False,True,False,False,False,False,False,False,False,False,False
15000000,1400,2,1,0,0,0,0,0,0,0,0,0,0,0,0,0,0,10714.285714285714,0,0.0014285714285714286,False,False,False,False,False,True,False,False,False,False,False,False,False,False,False
16000000,1980,4,1,0,0,0,0,0,0,0,0,0,0,0,0,0,0,8080.80808080808,0,0.00202020202020202,False,False,False,False,False,True,False,False,False,False,False,False,False,False,False
7500000,645,2,1,0,0,0,0,0,0,0,0,0,0,0,0,0,0,11627.906976744185,0,0.0031007751937984496,False,False,False,False,False,True,False,False,False,False,False,False,False,False,False
220000000,1200,2,1,0,0,0,0,0,0,0,0,0,0,0,0,0,0,183333.33333333334,0,0.0016666666666666668,False,False,False,False,True,False,False,False,False,False,False,False,False,False,False
13000000,2322,2,1,0,0,0,0,0,0,0,0,0,0,0,0,0,0,5598.621877691645,0,0.0008613264427217916,False,False,False,False,False,True,False,False,False,False,False,False,False,False,False
30000000,2754,4,1,0,0,0,0,0,0,0,0,0,0,0,0,0,0,10893.246187363835,0,0.0014524328249818446,False,False,False,False,False,True,False,False,False,False,False,False,False,False,False
5000000,2700,2,1,0,0,0,0,0,0,0,0,0,0,0,0,0,0,1851.851851851852,0,0.0007407407407407407,False,False,False,False,False,True,False,False,False,False,False,False,False,False,False
18500000,500,1,1,0,0,0,0,0,0,0,0,0,0,0,0,0,0,37000.0,0,0.002,False,False,False,False,False,True,False,False,False,False,False,False,False,False,False
16700000,1800,3,1,0,0,0,0,0,0,0,0,0,0,0,0,0,0,9277.777777777777,0,0.0016666666666666668,False,False,False,False,False,True,False,False,False,False,False,False,False,False,False
19400000,1800,3,1,0,0,0,0,0,0,0,0,0,0,0,0,0,0,10777.777777777777,0,0.0016666666666666668,False,False,False,False,False,True,False,False,False,False,False,False,False,False,False
12000000,1800,3,1,0,0,0,0,0,0,0,0,0,0,0,0,0,0,6666.666666666667,0,0.0016666666666666668,False,False,False,False,False,True,False,False,False,False,False,False,False,False,False
26500000,1200,2,1,0,0,0,0,0,0,0,0,0,0,0,0,0,0,22083.333333333332,0,0.0016666666666666668,False,False,False,False,False,True,False,False,False,False,False,False,False,False,False
25000000,1950,3,1,0,0,0,0,0,0,0,0,0,0,0,0,0,0,12820.51282051282,0,0.0015384615384615385,False,False,False,False,False,True,False,False,False,False,False,False,False,False,False
26000000,1950,3,1,0,0,0,0,0,0,0,0,0,0,0,0,0,0,13333.333333333334,0,0.0015384615384615385,False,False,False,False,False,True,False,False,False,False,False,False,False,False,False
27200000,1950,3,1,0,0,0,0,0,0,0,0,0,0,0,0,0,0,13948.71794871795,0,0.0015384615384615385,False,False,False,False,False,True,False,False,False,False,False,False,False,False,False
35500000,2450,3,1,0,0,0,0,0,0,0,0,0,0,0,0,0,0,14489.795918367347,0,0.0012244897959183673,False,False,False,False,False,True,False,False,False,False,False,False,False,False,False
38000000,2450,3,1,0,0,0,0,0,0,0,0,0,0,0,0,0,0,15510.204081632653,0,0.0012244897959183673,False,False,False,False,False,True,False,False,False,False,False,False,False,False,False
36500000,2450,3,1,0,0,0,0,0,0,0,0,0,0,0,0,0,0,14897.959183673469,0,0.0012244897959183673,False,False,False,False,False,True,False,False,False,False,False,False,False,False,False
27500000,2450,3,1,0,0,0,0,0,0,0,0,0,0,0,0,0,0,11224.489795918367,0,0.0012244897959183673,False,False,False,False,False,True,False,False,False,False,False,False,False,False,False
28500000,2450,3,1,0,0,0,0,0,0,0,0,0,0,0,0,0,0,11632.65306122449,0,0.0012244897959183673,False,False,False,False,False,True,False,False,False,False,False,False,False,False,False
16700000,2450,3,1,0,0,0,0,0,0,0,0,0,0,0,0,0,0,6816.326530612245,0,0.0012244897959183673,False,False,False,False,False,True,False,False,False,False,False,False,False,False,False
19400000,1800,3,1,0,0,0,0,0,0,0,0,0,0,0,0,0,0,10777.777777777777,0,0.0016666666666666668,False,False,False,False,False,True,False,False,False,False,False,False,False,False,False
12000000,1800,3,1,0,0,0,0,0,0,0,0,0,0,0,0,0,0,6666.666666666667,0,0.0016666666666666668,False,False,False,False,False,True,False,False,False,False,False,False,False,False,False
220000000,1200,2,1,0,0,0,0,0,0,0,0,0,0,0,0,0,0,183333.33333333334,0,0.0016666666666666668,False,False,False,False,False,True,False,False,False,False,False,False,False,False,False
12500000,2322,2,1,0,0,0,0,0,0,0,0,0,0,0,0,0,0,5383.290267011197,0,0.0008613264427217916,False,False,False,False,False,True,False,False,False,False,False,False,False,False,False
14000000,1957,3,1,0,0,0,0,0,0,0,0,0,0,0,0,0,0,7153.806847215125,0,0.0015329586101175269,False,False,False,False,False,True,False,False,False,False,False,False,False,False,False
16500000,1888,3,1,0,0,0,0,0,0,0,0,0,0,0,0,0,0,8739.406779661016,0,0.0015889830508474577,False,False,False,False,False,True,False,False,False,False,False,False,False,False,False
20000000,1800,3,1,0,0,0,0,0,0,0,0,0,0,0,0,0,0,11111.111111111111,0,0.0016666666666666668,False,False,False,False,False,True,False,False,False,False,False,False,False,False,False
15200000,2200,4,1,0,0,0,0,0,0,0,0,0,0,0,0,0,0,6909.090909090909,0,0.0018181818181818182,False,False,False,False,False,True,False,False,False,False,False,False,False,False,False
21000000,1700,3,1,0,0,0,0,0,0,0,0,0,0,0,0,0,0,12352.941176470587,0,0.0017647058823529412,False,False,False,False,False,True,False,False,False,False,False,False,False,False,False
13500000,2200,4,1,0,0,0,0,0,0,0,0,0,0,0,0,0,0,6136.363636363636,0,0.0018181818181818182,False,False,False,False,False,True,False,False,False,False,False,False,False,False,False
16399999,1050,3,1,0,0,0,0,0,0,0,0,0,0,0,0,0,0,15619.046666666667,0,0.002857142857142857,False,False,False,False,False,True,False,False,False,False,False,False,False,False,False
17800000,1000,3,1,0,0,0,0,0,0,0,0,0,0,0,0,0,0,17800.0,0,0.003,False,False,False,False,False,True,False,False,False,False,False,False,False,False,False
17800000,1255,3,1,0,0,0,0,0,0,0,0,0,0,0,0,0,0,14183.266932270917,0,0.002390438247011952,False,False,False,False,False,True,False,False,False,False,False,False,False,False,False
19500000,1999,3,1,0,0,0,0,0,0,0,0,0,0,0,0,0,0,9754.877438719359,0,0.0015007503751875938,False,False,False,False,False,True,False,False,False,False,False,False,False,False,False
17800000,2500,4,1,0,0,0,0,0,0,0,0,0,0,0,0,0,0,7120.0,0,0.0016,False,False,False,False,False,True,False,False,False,False,False,False,False,False,False
15000000,1100,3,1,0,0,0,0,0,0,0,0,0,0,0,0,0,0,13636.363636363636,0,0.0027272727272727275,False,False,False,False,False,True,False,False,False,False,False,False,False,False,False
17000000,1200,3,1,0,0,0,0,0,0,0,0,0,0,0,0,0,0,14166.666666666666,0,0.0025,False,False,False,False,False,True,False,False,False,False,False,False,False,False,False
17000000,1440,3,1,0,0,0,0,0,0,0,0,0,0,0,0,0,0,11805.555555555555,0,0.0020833333333333333,False,False,False,False,False,True,False,False,False,False,False,False,False,False,False
21800000,1500,3,1,0,0,0,0,0,0,0,0,0,0,0,0,0,0,14533.333333333334,0,0.002,False,False,False,False,False,True,False,False,False,False,False,False,False,False,False
17800000,2400,4,1,0,0,0,0,0,0,0,0,0,0,0,0,0,0,7416.666666666667,0,0.0016666666666666668,False,False,False,False,False,True,False,False,False,False,False,False,False,False,False
17800000,1255,3,1,0,0,0,0,0,0,0,0,0,0,0,0,0,0,14183.266932270917,0,0.002390438247011952,False,False,False,False,False,True,False,False,False,False,False,False,False,False,False
19500000,1999,3,1,0,0,0,0,0,0,0,0,0,0,0,0,0,0,9754.877438719359,0,0.0015007503751875938,False,False,False,False,False,True,False,False,False,False,False,False,False,False,False
17800000,2500,4,1,0,0,0,0,0,0,0,0,0,0,0,0,0,0,7120.0,0,0.0016,False,False,False,False,False,True,False,False,False,False,False,False,False,False,False
15000000,1100,3,1,0,0,0,0,0,0,0,0,0,0,0,0,0,0,13636.363636363636,0,0.0027272727272727275,False,False,False,False,False,True,False,False,False,False,False,False,False,False,False
17000000,1200,3,1,0,0,0,0,0,0,0,0,0,0,0,0,0,0,14166.666666666666,0,0.0025,False,False,False,False,False,True,False,False,False,False,False,False,False,False,False
17000000,1440,3,1,0,0,0,0,0,0,0,0,0,0,0,0,0,0,11805.555555555555,0,0.0020833333333333333,False,False,False,False,False,True,False,False,False,False,False,False,False,False,False
21800000,1500,3,1,0,0,0,0,0,0,0,0,0,0,0,0,0,0,14533.333333333334,0,0.002,False,False,False,False,False,True,False,False,False,False,False,False,False,False,False
23800000,2400,4,1,0,0,0,0,0,0,0,0,0,0,0,0,0,0,9916.666666666666,0,0.0016666666666666668,False,False,False,False,False,True,False,False,False,False,False,False,False,False,False
15200000,2350,4,1,0,0,0,0,0,0,0,0,0,0,0,0,0,0,6468.085106382979,0,0.001702127659574468,False,False,False,False,False,True,False,False,False,False,False,False,False,False,False
22500000,1600,3,1,0,0,0,0,0,0,0,0,0,0,0,0,0,0,14062.5,0,0.001875,False,False,False,False,False,True,False,False,False,False,False,False,False,False,False
15500000,2300,4,1,0,0,0,0,0,0,0,0,0,0,0,0,0,0,6739.130434782609,0,0.0017391304347826088,False,False,False,False,False,True,False,False,False,False,False,False,False,False,False
16000000,2555,3,1,0,0,0,0,0,0,0,0,0,0,0,0,0,0,6262.230919765167,0,0.0011741682974559687,False,False,False,False,False,True,False,False,False,False,False,False,False,False,False
22300000,1850,3,1,0,0,0,0,0,0,0,0,0,0,0,0,0,0,12054.054054054053,0,0.0016216216216216215,False,False,False,False,False,True,False,False,False,False,False,False,False,False,False
13400000,2666,4,1,0,0,0,0,0,0,0,0,0,0,0,0,0,0,5026.256564141036,0,0.0015003750937734434,False,False,False,False,False,True,False,False,False,False,False,False,False,False,False
17000000,2380,3,1,0,0,0,0,0,0,0,0,0,0,0,0,0,0,7142.857142857143,0,0.0012605042016806723,False,False,False,False,False,True,False,False,False,False,False,False,False,False,False
22500000,2305,3,1,0,0,0,0,0,0,0,0,0,0,0,0,0,0,9761.388286334057,0,0.0013015184381778742,False,False,False,False,False,True,False,False,False,False,False,False,False,False,False
15500000,3240,4,1,0,0,0,0,0,0,0,0,0,0,0,0,0,0,4783.950617283951,0,0.0012345679012345679,False,False,False,False,False,True,False,False,False,False,False,False,False,False,False
22500000,2450,3,1,0,0,0,0,0,0,0,0,0,0,0,0,0,0,9183.673469387755,0,0.0012244897959183673,False,False,False,False,False,True,False,False,False,False,False,False,False,False,False
17500000,2070,3,1,0,0,0,0,0,0,0,0,0,0,0,0,0,0,8454.106280193237,0,0.0014492753623188406,False,False,False,False,False,True,False,False,False,False,False,False,False,False,False
50000000,2645,3,1,0,0,0,0,0,0,0,0,0,0,0,0,0,0,18903.59168241966,0,0.0011342155009451795,False,False,False,False,False,True,False,False,False,False,False,False,False,False,False
16500000,400,2,1,0,0,0,0,0,0,0,0,0,0,0,0,0,0,41250.0,0,0.005,False,False,False,False,False,True,False,False,False,False,False,False,False,False,False
13500000,1550,3,1,0,0,0,0,0,0,0,0,0,0,0,0,0,0,8709.677419354839,0,0.001935483870967742,False,False,False,False,False,False,False,False,False,True,False,False,False,False,False
91800000,1200,2,1,0,0,0,0,0,0,0,0,0,0,0,0,0,0,76500.0,0,0.0016666666666666668,False,False,False,False,False,False,False,False,False,False,True,False,False,False,False
5600000,1680,3,0,0,0,0,0,0,0,0,0,0,0,0,0,0,0,3333.3333333333335,0,0.0017857142857142857,False,False,False,False,False,True,False,False,False,False,False,False,False,False,False
16500000,850,3,1,0,0,0,0,0,0,0,0,0,0,0,0,0,0,19411.764705882353,0,0.0035294117647058825,False,False,False,False,False,True,False,False,False,False,False,False,False,False,False
80000000,2500,4,1,0,0,0,0,0,0,0,0,0,0,0,0,0,0,32000.0,0,0.0016,False,False,False,False,False,True,False,False,False,False,False,False,False,False,False
13000000,1400,3,1,0,0,0,0,0,0,0,0,0,0,0,0,0,0,9285.714285714286,0,0.002142857142857143,False,False,False,False,False,True,False,False,False,False,False,False,False,False,False
12000000,1250,3,1,0,0,0,0,0,0,0,0,0,0,0,0,0,0,9600.0,0,0.0024,False,False,False,False,False,True,False,False,False,False,False,False,False,False,False
8500000,1450,2,1,0,0,0,0,0,0,0,0,0,0,0,0,0,0,5862.068965517241,0,0.001379310344827586,False,False,False,False,False,True,False,False,False,False,False,False,False,False,False
13400000,900,2,1,0,0,0,0,0,0,0,0,0,0,0,0,0,0,14888.888888888889,0,0.0022222222222222222,False,False,False,False,False,True,False,False,False,False,False,False,False,False,False
12500000,1251,3,1,0,0,0,0,0,0,0,0,0,0,0,0,0,0,9992.006394884093,0,0.002398081534772182,False,False,False,False,False,True,False,False,False,False,False,False,False,False,False
9000000,1000,2,1,0,0,0,0,0,0,0,0,0,0,0,0,0,0,9000.0,0,0.002,False,False,False,False,False,True,False,False,False,False,False,False,False,False,False
7500000,952,2,1,0,0,0,0,0,0,0,0,0,0,0,0,0,0,7878.151260504202,0,0.0021008403361344537,False,False,False,False,False,True,False,False,False,False,False,False,False,False,False
11000000,1106,2,1,0,0,0,0,0,0,0,0,0,0,0,0,0,0,9945.750452079566,0,0.0018083182640144665,False,False,False,False,False,True,False,False,False,False,False,False,False,False,False
2500000,1350,3,1,0,0,0,0,0,0,0,0,0,0,0,0,0,0,1851.851851851852,0,0.0022222222222222222,False,False,False,False,False,True,False,False,False,False,False,False,False,False,False
9500000,600,1,0,0,0,0,0,0,0,0,0,0,0,0,0,0,0,15833.333333333334,0,0.0016666666666666668,False,False,False,False,False,True,False,False,False,False,False,False,False,False,False
10700000,1400,3,1,0,0,0,0,0,0,0,0,0,0,0,0,0,0,7642.857142857143,0,0.002142857142857143,False,False,False,False,False,True,False,False,False,False,False,False,False,False,False
8500000,1550,3,1,0,0,0,0,0,0,0,0,0,0,0,0,0,0,5483.870967741936,0,0.001935483870967742,False,False,False,False,False,True,False,False,False,False,False,False,False,False,False
19000000,900,2,1,0,0,0,0,0,0,0,0,0,0,0,0,0,0,21111.11111111111,0,0.0022222222222222222,False,False,False,False,False,True,False,False,False,False,False,False,False,False,False
18800000,2100,4,0,0,0,0,0,0,0,0,0,0,0,0,0,0,0,8952.380952380952,0,0.0019047619047619048,False,False,False,False,False,False,False,False,False,True,False,False,False,False,False
7000000,1615,3,1,0,0,0,0,0,0,0,0,0,0,0,0,0,0,4334.3653250774,0,0.0018575851393188853,False,False,False,False,False,False,False,False,False,False,False,False,False,False,True
12000000,1125,3,1,0,0,0,0,0,0,0,0,0,0,0,0,0,0,10666.666666666666,0,0.0026666666666666666,False,False,False,False,False,True,False,False,False,False,False,False,False,False,False
47000000,1300,3,1,0,0,0,0,0,0,0,0,0,0,0,0,0,0,36153.846153846156,0,0.002307692307692308,False,False,False,False,False,True,False,False,False,False,False,False,False,False,False
17500000,2475,4,1,0,0,0,0,0,0,0,0,0,0,0,0,0,0,7070.707070707071,0,0.0016161616161616162,False,False,False,False,False,True,False,False,False,False,False,False,False,False,False
11500000,1194,3,1,0,0,0,0,0,0,0,0,0,0,0,0,0,0,9631.490787269682,0,0.002512562814070352,False,False,False,False,False,True,False,False,False,False,False,False,False,False,False
24000000,1100,3,1,0,0,0,0,0,0,0,0,0,0,0,0,0,0,21818.18181818182,0,0.0027272727272727275,False,False,False,False,False,True,False,False,False,False,False,False,False,False,False
2000000,1650,3,1,0,0,0,0,0,0,0,0,0,0,0,0,0,0,1212.121212121212,0,0.0018181818181818182,False,False,False,True,False,False,False,False,False,False,False,False,False,False,False
32500000,675,2,1,0,0,0,0,0,0,0,0,0,0,0,0,0,0,48148.148148148146,0,0.002962962962962963,False,False,False,False,False,True,False,False,False,False,False,False,False,False,False
50000000,1097,4,1,0,0,0,0,0,0,0,0,0,0,0,0,0,0,45578.851412944394,0,0.0036463081130355514,False,False,False,False,False,True,False,False,False,False,False,False,False,False,False
14200000,2790,4,1,0,0,0,0,0,0,0,0,0,0,0,0,0,0,5089.605734767025,0,0.0014336917562724014,False,False,False,False,False,True,False,False,False,False,False,False,False,False,False
5350000,1150,2,1,0,0,0,0,0,0,0,0,0,0,0,0,0,0,4652.173913043478,0,0.0017391304347826088,False,False,False,False,False,True,False,False,False,False,False,False,False,False,False
14200000,1905,3,1,0,0,0,0,0,0,0,0,0,0,0,0,0,0,7454.068241469817,0,0.0015748031496062992,False,False,False,False,False,True,False,False,False,False,False,False,False,False,False
50000000,1150,2,1,0,0,0,0,0,0,0,0,0,0,0,0,0,0,43478.260869565216,0,0.0017391304347826088,False,False,False,False,False,True,False,False,False,False,False,False,False,False,False
16000000,2790,4,1,0,0,0,0,0,0,0,0,0,0,0,0,0,0,5734.767025089605,0,0.0014336917562724014,False,False,False,False,False,True,False,False,False,False,False,False,False,False,False
17000000,1200,4,1,0,0,0,0,0,0,0,0,0,0,0,0,0,0,14166.666666666666,0,0.0033333333333333335,False,False,False,False,False,True,False,False,False,False,False,False,False,False,False
19000000,1650,3,1,0,0,0,0,0,0,0,0,0,0,0,0,0,0,11515.151515151516,0,0.0018181818181818182,False,False,False,False,False,True,False,False,False,False,False,False,False,False,False
15000000,1420,3,1,0,0,0,0,0,0,0,0,0,0,0,0,0,0,10563.38028169014,0,0.002112676056338028,False,False,False,False,False,True,False,False,False,False,False,False,False,False,False
3200000,1050,2,1,0,0,0,0,0,0,0,0,0,0,0,0,0,0,3047.6190476190477,0,0.0019047619047619048,False,False,False,False,False,True,False,False,False,False,False,False,False,False,False
4200000,540,2,1,0,0,0,0,0,0,0,0,0,0,0,0,0,0,7777.777777777777,0,0.003703703703703704,False,False,False,False,False,True,False,False,False,False,False,False,False,False,False
4800000,720,3,1,0,0,0,0,0,0,0,0,0,0,0,0,0,0,6666.666666666667,0,0.004166666666666667,False,False,False,False,False,True,False,False,False,False,False,False,False,False,False
5211000,954,3,1,0,0,0,0,0,0,0,0,0,0,0,0,0,0,5462.264150943396,0,0.0031446540880503146,False,False,False,False,False,True,False,False,False,False,False,False,False,False,False
3500000,855,3,1,0,0,0,0,0,0,0,0,0,0,0,0,0,0,4093.5672514619882,0,0.0035087719298245615,False,False,False,False,True,False,False,False,False,False,False,False,False,False,False
3200000,630,2,1,0,0,0,0,0,0,0,0,0,0,0,0,0,0,5079.3650793650795,0,0.0031746031746031746,False,False,False,False,False,True,False,False,False,False,False,False,False,False,False
6336000,540,2,1,0,0,0,0,0,0,0,0,0,0,0,0,0,0,11733.333333333334,0,0.003703703703703704,False,False,False,False,False,True,False,False,False,False,False,False,False,False,False
3500000,1180,4,1,0,0,0,0,0,0,0,0,0,0,0,0,0,0,2966.101694915254,0,0.003389830508474576,False,False,False,False,False,True,False,False,False,False,False,False,False,False,False
5500000,675,3,1,0,0,0,0,0,0,0,0,0,0,0,0,0,0,8148.148148148148,0,0.0044444444444444444,False,False,False,False,False,True,False,False,False,False,False,False,False,False,False
3254999,990,3,1,0,0,0,0,0,0,0,0,0,0,0,0,0,0,3287.8777777777777,0,0.0030303030303030303,False,False,False,False,False,True,False,False,False,False,False,False,False,False,False
2700000,725,2,1,0,0,0,0,0,0,0,0,0,0,0,0,0,0,3724.137931034483,0,0.002758620689655172,False,False,False,False,False,True,False,False,False,False,False,False,False,False,False
2611000,580,2,1,0,0,0,0,0,0,0,0,0,0,0,0,0,0,4501.724137931034,0,0.0034482758620689655,False,False,False,False,False,True,False,False,False,False,False,False,False,False,False
4731000,477,2,1,0,0,0,0,0,0,0,0,0,0,0,0,0,0,9918.238993710691,0,0.0041928721174004195,False,False,False,False,False,True,False,False,False,False,False,False,False,False,False
3551000,909,3,1,0,0,0,0,0,0,0,0,0,0,0,0,0,0,3906.4906490649064,0,0.0033003300330033004,False,False,False,False,False,True,False,False,False,False,False,False,False,False,False
5411000,720,3,1,0,0,0,0,0,0,0,0,0,0,0,0,0,0,7515.277777777777,0,0.004166666666666667,False,False,False,False,False,True,False,False,False,False,False,False,False,False,False
2901000,900,3,1,0,0,0,0,0,0,0,0,0,0,0,0,0,0,3223.3333333333335,0,0.0033333333333333335,False,False,False,False,False,True,False,False,False,False,False,False,False,False,False
20500000,700,3,1,0,0,0,0,0,0,0,0,0,0,0,0,0,0,29285.714285714286,0,0.004285714285714286,False,False,False,False,False,True,False,False,False,False,False,False,False,False,False
220000000,2350,4,1,0,0,0,0,0,0,0,0,0,0,0,0,0,0,93617.02127659574,0,0.001702127659574468,False,False,False,False,False,True,False,False,False,False,False,False,False,False,False
62500000,2322,2,1,0,0,0,0,0,0,0,0,0,0,0,0,0,0,26916.451335055986,0,0.0008613264427217916,False,False,False,False,False,True,False,False,False,False,False,False,False,False,False
25000000,1827,3,1,0,0,0,0,0,0,0,0,0,0,0,0,0,0,13683.634373289546,0,0.0016420361247947454,False,False,False,False,False,True,False,False,False,False,False,False,False,False,False
8500000,3600,4,1,0,0,0,0,0,0,0,0,0,0,0,0,0,0,2361.1111111111113,0,0.0011111111111111111,False,False,False,False,False,False,False,False,False,False,False,False,False,False,False
4500000,900,2,1,0,0,0,0,0,0,0,0,0,0,0,0,0,0,5000.0,0,0.0022222222222222222,False,False,False,False,False,True,False,False,False,False,False,False,False,False,False
2000000,4500,5,1,0,0,0,0,0,0,0,0,0,0,0,0,0,0,444.44444444444446,0,0.0011111111111111111,False,False,False,False,False,True,False,False,False,False,False,False,False,False,False
2000000,1401,2,1,0,0,0,0,0,0,0,0,0,0,0,0,0,0,1427.5517487508923,0,0.0014275517487508922,False,False,False,False,False,True,False,False,False,False,False,False,False,False,False
25000000,1300,2,1,0,0,0,0,0,0,0,0,0,0,0,0,0,0,19230.76923076923,0,0.0015384615384615385,False,False,False,False,False,True,False,False,False,False,False,False,False,False,False
17500000,2000,3,1,0,0,0,0,0,0,0,0,0,0,0,0,0,0,8750.0,0,0.0015,False,False,False,False,False,False,False,False,False,False,False,False,False,False,True
20000000,1800,3,1,0,0,0,0,0,0,0,0,0,0,0,0,0,0,11111.111111111111,0,0.0016666666666666668,False,False,False,False,False,False,False,False,False,False,False,False,False,False,True
7500000,1800,2,1,0,0,0,0,0,0,0,0,0,0,0,0,0,0,4166.666666666667,0,0.0011111111111111111,False,False,False,False,False,False,False,False,False,False,False,False,False,False,True
30000000,1200,2,1,0,0,0,0,0,0,0,0,0,0,0,0,0,0,25000.0,0,0.0016666666666666668,False,False,False,False,False,True,False,False,False,False,False,False,False,False,False
6800000,2500,4,1,0,0,0,0,0,0,0,0,0,0,0,0,0,0,2720.0,0,0.0016,False,False,False,False,False,True,False,False,False,False,False,False,False,False,False
35000000,850,2,1,0,0,0,0,0,0,0,0,0,0,0,0,0,0,41176.470588235294,0,0.002352941176470588,False,False,False,False,False,True,False,False,False,False,False,False,False,False,False
90000000,2500,4,1,0,0,0,0,0,0,0,0,0,0,0,0,0,0,36000.0,0,0.0016,False,False,False,False,False,True,False,False,False,False,False,False,False,False,False
200000000,2250,2,1,0,0,0,0,0,0,0,0,0,0,0,0,0,0,88888.88888888889,0,0.0008888888888888889,False,False,False,False,True,False,False,False,False,False,False,False,False,False,False
9500000,1510,2,1,0,0,0,0,0,0,0,0,0,0,0,0,0,0,6291.390728476821,0,0.0013245033112582781,False,False,False,False,False,True,False,False,False,False,False,False,False,False,False
35000000,1103,2,1,0,0,0,0,0,0,0,0,0,0,0,0,0,0,31731.640979147778,0,0.001813236627379873,False,False,False,False,False,True,False,False,False,False,False,False,False,False,False
28500000,2500,4,1,0,0,0,0,0,0,0,0,0,0,0,0,0,0,11400.0,0,0.0016,False,False,False,False,False,True,False,False,False,False,False,False,False,False,False
200000000,2400,4,1,0,0,0,0,0,0,0,0,0,0,0,0,0,0,83333.33333333333,0,0.0016666666666666668,False,False,False,False,False,False,False,False,False,True,False,False,False,False,False
14500000,1510,2,1,0,0,0,0,0,0,0,0,0,0,0,0,0,0,9602.649006622516,0,0.0013245033112582781,False,False,False,False,False,True,False,False,False,False,False,False,False,False,False
19500000,1750,3,1,0,0,0,0,0,0,0,0,0,0,0,0,0,0,11142.857142857143,0,0.0017142857142857142,False,False,False,False,False,True,False,False,False,False,False,False,False,False,False
17000000,2600,4,1,0,0,0,0,0,0,0,0,0,0,0,0,0,0,6538.461538461538,0,0.0015384615384615385,False,False,False,False,False,True,False,False,False,False,False,False,False,False,False
68000000,2100,3,1,0,0,0,0,0,0,0,0,0,0,0,0,0,0,32380.95238095238,0,0.0014285714285714286,False,False,False,False,False,True,False,False,False,False,False,False,False,False,False
3621000,400,2,1,0,0,0,0,0,0,0,0,0,0,0,0,0,0,9052.5,0,0.005,False,False,False,False,False,True,False,False,False,False,False,False,False,False,False
21000000,407,2,1,0,0,0,0,0,0,0,0,0,0,0,0,0,0,51597.0515970516,0,0.004914004914004914,False,False,False,False,False,True,False,False,False,False,False,False,False,False,False
17500000,1950,4,1,0,0,0,0,0,0,0,0,0,0,0,0,0,0,8974.358974358975,0,0.0020512820512820513,False,False,False,False,False,True,False,False,False,False,False,False,False,False,False
15600000,1650,3,1,0,0,0,0,0,0,0,0,0,0,0,0,0,0,9454.545454545454,0,0.0018181818181818182,False,False,False,False,False,False,False,False,False,False,False,False,True,False,False
15500000,1400,3,1,0,0,0,0,0,0,0,0,0,0,0,0,0,0,11071.42857142857,0,0.002142857142857143,False,False,False,False,False,False,False,False,False,False,False,False,True,False,False
31500000,1600,3,1,0,0,0,0,0,0,0,0,0,0,0,0,0,0,19687.5,0,0.001875,False,False,False,False,False,True,False,False,False,False,False,False,False,False,False
40000000,4521,4,0,0,0,0,0,0,0,0,0,0,0,0,0,0,0,8847.600088476001,0,0.0008847600088476001,False,False,False,False,False,True,False,False,False,False,False,False,False,False,False
35000000,2000,2,1,0,0,0,0,0,0,0,0,0,0,0,0,0,0,17500.0,0,0.001,False,False,False,False,False,True,False,False,False,False,False,False,False,False,False
49500000,1450,3,1,0,0,0,0,0,0,0,0,0,0,0,0,0,0,34137.93103448276,0,0.0020689655172413794,False,False,False,False,False,True,False,False,False,False,False,False,False,False,False
90000000,1650,5,1,0,0,0,0,0,0,0,0,0,0,0,0,0,0,54545.454545454544,0,0.0030303030303030303,False,False,False,False,False,True,False,False,False,False,False,False,False,False,False
12500000,2250,5,1,0,0,0,0,0,0,0,0,0,0,0,0,0,0,5555.555555555556,0,0.0022222222222222222,False,False,False,False,False,True,False,False,False,False,False,False,False,False,False
19000000,1100,3,1,0,0,0,0,0,0,0,0,0,0,0,0,0,0,17272.727272727272,0,0.0027272727272727275,False,False,False,False,False,True,False,False,False,False,False,False,False,False,False
8500000,1500,2,1,0,0,0,0,0,0,0,0,0,0,0,0,0,0,5666.666666666667,0,0.0013333333333333333,False,False,False,False,False,False,False,False,False,False,False,False,False,False,True
23800000,1002,2,1,0,0,0,0,0,0,0,0,0,0,0,0,0,0,23752.49500998004,0,0.001996007984031936,False,False,False,False,False,True,False,False,False,False,False,False,False,False,False
17000000,3006,4,1,0,0,0,0,0,0,0,0,0,0,0,0,0,0,5655.355954757152,0,0.0013306719893546241,False,False,False,False,False,True,False,False,False,False,False,False,False,False,False
5000000,1500,3,1,0,0,0,0,0,0,0,0,0,0,0,0,0,0,3333.3333333333335,0,0.002,False,False,False,False,False,True,False,False,False,False,False,False,False,False,False
225400000,1250,2,1,0,0,0,0,0,0,0,0,0,0,0,0,0,0,180320.0,0,0.0016,False,False,False,False,False,True,False,False,False,False,False,False,False,False,False
7200000,450,2,1,0,0,0,0,0,0,0,0,0,0,0,0,0,0,16000.0,0,0.0044444444444444444,False,False,False,False,False,True,False,False,False,False,False,False,False,False,False
12000000,1200,3,1,0,0,0,0,0,0,0,0,0,0,0,0,0,0,10000.0,0,0.0025,False,False,False,False,False,True,False,False,False,False,False,False,False,False,False
15900000,1201,2,1,0,0,0,0,0,0,0,0,0,0,0,0,0,0,13238.967527060782,0,0.0016652789342214821,False,False,False,False,False,True,False,False,False,False,False,False,False,False,False
14000000,2537,3,1,0,0,0,0,0,0,0,0,0,0,0,0,0,0,5518.328734726055,0,0.0011824990145841545,False,False,False,False,False,False,False,False,True,False,False,False,False,False,False
15000000,1500,3,1,0,0,0,0,0,0,0,0,0,0,0,0,0,0,10000.0,0,0.002,False,False,False,False,False,False,False,True,False,False,False,False,False,False,False
23000000,1600,3,1,0,0,0,0,0,0,0,0,0,0,0,0,0,0,14375.0,0,0.001875,False,False,False,False,False,True,False,False,False,False,False,False,False,False,False
45000000,2000,4,1,0,0,0,0,0,0,0,0,0,0,0,0,0,0,22500.0,0,0.002,False,False,False,False,False,False,False,False,False,True,False,False,False,False,False
60000000,2600,2,1,0,0,0,0,0,0,0,0,0,0,0,0,0,0,23076.923076923078,0,0.0007692307692307692,False,False,False,False,False,True,False,False,False,False,False,False,False,False,False
100000000,440,2,1,0,0,0,0,0,0,0,0,0,0,0,0,0,0,227272.72727272726,0,0.004545454545454545,False,False,False,False,False,True,False,False,False,False,False,False,False,False,False
40000000,1620,4,1,0,0,0,0,0,0,0,0,0,0,0,0,0,0,24691.35802469136,0,0.0024691358024691358,False,False,False,False,False,True,False,False,False,False,False,False,False,False,False
45000000,2200,3,1,0,0,0,0,0,0,0,0,0,0,0,0,0,0,20454.545454545456,0,0.0013636363636363637,False,False,False,False,False,True,False,False,False,False,False,False,False,False,False
52500000,2600,3,1,0,0,0,0,0,0,0,0,0,0,0,0,0,0,20192.30769230769,0,0.001153846153846154,False,False,False,False,False,True,False,False,False,False,False,False,False,False,False
9500000,2700,4,1,0,0,0,0,0,0,0,0,0,0,0,0,0,0,3518.5185185185187,0,0.0014814814814814814,False,False,False,False,False,True,False,False,False,False,False,False,False,False,False
14200000,900,2,1,0,0,0,0,0,0,0,0,0,0,0,0,0,0,15777.777777777777,0,0.0022222222222222222,False,False,False,False,False,True,False,False,False,False,False,False,False,False,False
10000000,1100,3,1,0,0,0,0,0,0,0,0,0,0,0,0,0,0,9090.90909090909,0,0.0027272727272727275,False,False,False,False,False,True,False,False,False,False,False,False,False,False,False
9500000,1100,4,1,0,0,0,0,0,0,0,0,0,0,0,0,0,0,8636.363636363636,0,0.0036363636363636364,False,False,False,False,False,True,False,False,False,False,False,False,False,False,False
13500000,800,2,1,0,0,0,0,0,0,0,0,0,0,0,0,0,0,16875.0,0,0.0025,False,False,False,False,False,True,False,False,False,False,False,False,False,False,False
4000000,1100,3,1,0,0,0,0,0,0,0,0,0,0,0,0,0,0,3636.3636363636365,0,0.0027272727272727275,False,False,False,False,False,True,False,False,False,False,False,False,False,False,False
2200000,1850,3,1,0,0,0,0,0,0,0,0,0,0,0,0,0,0,1189.1891891891892,0,0.0016216216216216215,False,False,False,False,False,True,False,False,False,False,False,False,False,False,False
5100000,1200,3,1,0,0,0,0,0,0,0,0,0,0,0,0,0,0,4250.0,0,0.0025,False,True,False,False,False,False,False,False,False,False,False,False,False,False,False
4000000,918,3,1,0,0,0,0,0,0,0,0,0,0,0,0,0,0,4357.298474945534,0,0.0032679738562091504,False,False,False,False,False,True,False,False,False,False,False,False,False,False,False
2800000,900,2,1,0,0,0,0,0,0,0,0,0,0,0,0,0,0,3111.1111111111113,0,0.0022222222222222222,False,False,False,False,False,True,False,False,False,False,False,False,False,False,False
4511000,495,2,1,0,0,0,0,0,0,0,0,0,0,0,0,0,0,9113.131313131313,0,0.00404040404040404,False,False,False,False,False,True,False,False,False,False,False,False,False,False,False
3421000,850,3,1,0,0,0,0,0,0,0,0,0,0,0,0,0,0,4024.705882352941,0,0.0035294117647058825,False,False,False,False,False,True,False,False,False,False,False,False,False,False,False
7500000,720,3,1,0,0,0,0,0,0,0,0,0,0,0,0,0,0,10416.666666666666,0,0.004166666666666667,False,False,False,False,False,True,False,False,False,False,False,False,False,False,False
4300000,1260,4,1,0,0,0,0,0,0,0,0,0,0,0,0,0,0,3412.6984126984125,0,0.0031746031746031746,False,False,False,False,True,False,False,False,False,False,False,False,False,False,False
4800000,550,1,1,0,0,0,0,0,0,0,0,0,0,0,0,0,0,8727.272727272728,0,0.0018181818181818182,False,False,False,False,False,True,False,False,False,False,False,False,False,False,False
5000000,1125,2,1,0,0,0,0,0,0,0,0,0,0,0,0,0,0,4444.444444444444,0,0.0017777777777777779,False,False,False,False,False,False,False,False,False,False,False,False,False,True,False
2500000,950,3,0,0,0,0,0,0,0,0,0,0,0,0,0,0,0,2631.5789473684213,0,0.003157894736842105,False,False,False,False,False,False,False,False,False,False,False,False,False,True,False
4000000,560,2,0,0,0,0,0,0,0,0,0,0,0,0,0,0,0,7142.857142857143,0,0.0035714285714285713,False,False,False,False,False,False,False,False,False,False,False,False,False,True,False
5200000,810,3,0,0,0,0,0,0,0,0,0,0,0,0,0,0,0,6419.753086419753,0,0.003703703703703704,False,False,False,False,False,False,False,False,False,False,False,False,False,True,False
8500000,550,1,1,0,0,0,0,0,0,0,0,0,0,0,0,0,0,15454.545454545454,0,0.0018181818181818182,False,False,False,False,False,True,False,False,False,False,False,False,False,False,False
10000000,950,2,1,0,0,0,0,0,0,0,0,0,0,0,0,0,0,10526.315789473685,0,0.002105263157894737,False,False,False,False,False,True,False,False,False,False,False,False,False,False,False
6850000,1100,3,1,0,0,0,0,0,0,0,0,0,0,0,0,0,0,6227.272727272727,0,0.0027272727272727275,False,False,False,False,False,True,False,False,False,False,False,False,False,False,False
15800000,850,3,1,0,0,0,0,0,0,0,0,0,0,0,0,0,0,18588.235294117647,0,0.0035294117647058825,False,False,False,False,False,True,False,False,False,False,False,False,False,False,False
8000000,1800,5,1,0,0,0,0,0,0,0,0,0,0,0,0,0,0,4444.444444444444,0,0.002777777777777778,False,False,False,False,False,True,False,False,False,False,False,False,False,False,False
8000000,900,2,1,0,0,0,0,0,0,0,0,0,0,0,0,0,0,8888.888888888889,0,0.0022222222222222222,False,False,False,False,False,True,False,False,False,False,False,False,False,False,False
7200000,900,2,1,0,0,0,0,0,0,0,0,0,0,0,0,0,0,8000.0,0,0.0022222222222222222,False,False,False,False,False,True,False,False,False,False,False,False,False,False,False
2300000,550,1,1,0,0,0,0,0,0,0,0,0,0,0,0,0,0,4181.818181818182,0,0.0018181818181818182,False,False,False,False,False,False,False,False,False,False,False,False,False,False,True
6500000,1200,4,1,0,0,0,0,0,0,0,0,0,0,0,0,0,0,5416.666666666667,0,0.0033333333333333335,False,False,False,False,False,True,False,False,False,False,False,False,False,False,False
60000000,1200,2,0,0,0,0,0,0,0,0,0,0,0,0,0,0,0,50000.0,0,0.0016666666666666668,False,False,False,False,False,True,False,False,False,False,False,False,False,False,False
2200000,401,2,1,0,0,0,0,0,0,0,0,0,0,0,0,0,0,5486.284289276808,0,0.004987531172069825,False,False,False,False,False,True,False,False,False,False,False,False,False,False,False
3100000,507,2,1,0,0,0,0,0,0,0,0,0,0,0,0,0,0,6114.39842209073,0,0.0039447731755424065,False,False,False,False,False,True,False,False,False,False,False,False,False,False,False
3300000,800,3,1,0,0,0,0,0,0,0,0,0,0,0,0,0,0,4125.0,0,0.00375,False,False,False,False,False,True,False,False,False,False,False,False,False,False,False
2199000,890,3,1,0,0,0,0,0,0,0,0,0,0,0,0,0,0,2470.7865168539324,0,0.0033707865168539327,False,False,False,False,False,True,False,False,False,False,False,False,False,False,False
2400000,500,2,1,0,0,0,0,0,0,0,0,0,0,0,0,0,0,4800.0,0,0.004,False,False,False,False,False,True,False,False,False,False,False,False,False,False,False
3700000,1103,2,1,0,0,0,0,0,0,0,0,0,0,0,0,0,0,3354.4877606527652,0,0.001813236627379873,False,False,False,False,False,True,False,False,False,False,False,False,False,False,False
2699000,1160,3,1,0,0,0,0,0,0,0,0,0,0,0,0,0,0,2326.7241379310344,0,0.002586206896551724,False,False,False,False,False,True,False,False,False,False,False,False,False,False,False
100000000,500,2,1,0,0,0,0,0,0,0,0,0,0,0,0,0,0,200000.0,0,0.004,False,False,False,False,False,True,False,False,False,False,False,False,False,False,False
18000000,1500,5,1,0,0,0,0,0,0,0,0,0,0,0,0,0,0,12000.0,0,0.0033333333333333335,False,False,False,False,False,True,False,False,False,False,False,False,False,False,False
16800000,2200,4,1,0,0,0,0,0,0,0,0,0,0,0,0,0,0,7636.363636363636,0,0.0018181818181818182,False,False,False,False,False,True,False,False,False,False,False,False,False,False,False
2530000,1996,3,1,0,0,0,0,0,0,0,0,0,0,0,0,0,0,1267.5350701402806,0,0.001503006012024048,False,False,False,False,False,True,False,False,False,False,False,False,False,False,False
2200000,730,2,1,0,0,0,0,0,0,0,0,0,0,0,0,0,0,3013.698630136986,0,0.0027397260273972603,False,False,False,False,False,True,False,False,False,False,False,False,False,False,False
9500000,450,1,1,0,0,0,0,0,0,0,0,0,0,0,0,0,0,21111.11111111111,0,0.0022222222222222222,False,False,False,False,False,True,False,False,False,False,False,False,False,False,False
7000000,900,2,1,0,0,0,0,0,0,0,0,0,0,0,0,0,0,7777.777777777777,0,0.0022222222222222222,False,False,False,False,False,True,False,False,False,False,False,False,False,False,False
4500000,1125,3,1,0,0,0,0,0,0,0,0,0,0,0,0,0,0,4000.0,0,0.0026666666666666666,False,False,False,False,False,True,False,False,False,False,False,False,False,False,False
27500000,811,2,1,0,0,0,0,0,0,0,0,0,0,0,0,0,0,33908.754623921086,0,0.002466091245376079,False,False,False,False,False,True,False,False,False,False,False,False,False,False,False
5000000,2500,4,1,0,0,0,0,0,0,0,0,0,0,0,0,0,0,2000.0,0,0.0016,False,False,False,False,False,True,False,False,False,False,False,False,False,False,False
11000000,1350,3,1,0,0,0,0,0,0,0,0,0,0,0,0,0,0,8148.148148148148,0,0.0022222222222222222,False,False,False,False,False,True,False,False,False,False,False,False,False,False,False
14000000,800,2,1,0,0,0,0,0,0,0,0,0,0,0,0,0,0,17500.0,0,0.0025,False,False,False,False,False,True,False,False,False,False,False,False,False,False,False
4000000,1300,3,1,0,0,0,0,0,0,0,0,0,0,0,0,0,0,3076.923076923077,0,0.002307692307692308,False,False,False,False,False,True,False,False,False,False,False,False,False,False,False
4000000,1000,4,1,0,0,0,0,0,0,0,0,0,0,0,0,0,0,4000.0,0,0.004,False,False,False,False,False,True,False,False,False,False,False,False,False,False,False
4000000,1000,4,1,0,0,0,0,0,0,0,0,0,0,0,0,0,0,4000.0,0,0.004,False,False,False,False,False,True,False,False,False,False,False,False,False,False,False
5000000,1007,4,1,0,0,0,0,0,0,0,0,0,0,0,0,0,0,4965.243296921549,0,0.003972194637537239,False,False,False,False,False,True,False,False,False,False,False,False,False,False,False
120000000,954,2,1,0,0,0,0,0,0,0,0,0,0,0,0,0,0,125786.16352201258,0,0.0020964360587002098,False,False,False,False,False,True,False,False,False,False,False,False,False,False,False
8000000,1260,1,1,0,0,0,0,0,0,0,0,0,0,0,0,0,0,6349.206349206349,0,0.0007936507936507937,False,False,False,False,False,True,False,False,False,False,False,False,False,False,False
16000000,560,1,1,0,0,0,0,0,0,0,0,0,0,0,0,0,0,28571.428571428572,0,0.0017857142857142857,False,False,False,False,False,True,False,False,False,False,False,False,False,False,False
17000000,1800,3,1,0,0,0,0,0,0,0,0,0,0,0,0,0,0,9444.444444444445,0,0.0016666666666666668,False,False,False,False,False,True,False,False,False,False,False,False,False,False,False
15500000,1700,3,1,0,0,0,0,0,0,0,0,0,0,0,0,0,0,9117.64705882353,0,0.0017647058823529412,False,False,False,False,False,True,False,False,False,False,False,False,False,False,False
16500000,1650,3,1,0,0,0,0,0,0,0,0,0,0,0,0,0,0,10000.0,0,0.0018181818181818182,False,False,False,False,False,True,False,False,False,False,False,False,False,False,False
20000000,1750,3,1,0,0,0,0,0,0,0,0,0,0,0,0,0,0,11428.57142857143,0,0.0017142857142857142,False,False,False,False,False,True,False,False,False,False,False,False,False,False,False
7500000,2000,4,1,0,0,0,0,0,0,0,0,0,0,0,0,0,0,3750.0,0,0.002,False,False,False,False,False,False,False,False,False,False,False,False,True,False,False
6400000,1875,3,1,0,0,0,0,0,0,0,0,0,0,0,0,0,0,3413.3333333333335,0,0.0016,False,False,False,False,False,True,False,False,False,False,False,False,False,False,False
8200000,1650,3,1,0,0,0,0,0,0,0,0,0,0,0,0,0,0,4969.69696969697,0,0.0018181818181818182,False,False,False,False,False,True,False,False,False,False,False,False,False,False,False
6600000,1835,3,1,0,0,0,0,0,0,0,0,0,0,0,0,0,0,3596.7302452316076,0,0.0016348773841961854,False,False,False,False,False,True,False,False,False,False,False,False,False,False,False
9000000,1585,3,1,0,0,0,0,0,0,0,0,0,0,0,0,0,0,5678.233438485804,0,0.0018927444794952682,False,False,False,False,False,True,False,False,False,False,False,False,False,False,False
17000000,1160,2,1,0,0,0,0,0,0,0,0,0,0,0,0,0,0,14655.172413793103,0,0.0017241379310344827,False,False,False,False,False,True,False,False,False,False,False,False,False,False,False
2499000,2150,3,1,0,0,0,0,0,0,0,0,0,0,0,0,0,0,1162.3255813953488,0,0.0013953488372093023,False,False,False,False,False,True,False,False,False,False,False,False,False,False,False
2300000,435,2,0,0,0,0,0,0,0,0,0,0,0,0,0,0,0,5287.35632183908,0,0.004597701149425287,False,True,False,False,False,False,False,False,False,False,False,False,False,False,False
2600000,410,2,0,0,0,0,0,0,0,0,0,0,0,0,0,0,0,6341.463414634146,0,0.004878048780487805,False,True,False,False,False,False,False,False,False,False,False,False,False,False,False
15000000,450,2,0,0,0,0,0,0,0,0,0,0,0,0,0,0,0,33333.333333333336,0,0.0044444444444444444,False,True,False,False,False,False,False,False,False,False,False,False,False,False,False
85000000,3240,4,1,0,0,0,0,0,0,0,0,0,0,0,0,0,0,26234.567901234568,0,0.0012345679012345679,False,False,False,False,False,True,False,False,False,False,False,False,False,False,False
25000000,2550,3,1,0,0,0,0,0,0,0,0,0,0,0,0,0,0,9803.921568627451,0,0.001176470588235294,False,False,False,False,False,True,False,False,False,False,False,False,False,False,False
25000000,1700,3,1,0,0,0,0,0,0,0,0,0,0,0,0,0,0,14705.882352941177,0,0.0017647058823529412,False,False,False,False,False,True,False,False,False,False,False,False,False,False,False
75000000,1700,2,1,0,0,0,0,0,0,0,0,0,0,0,0,0,0,44117.64705882353,0,0.001176470588235294,False,False,False,False,False,True,False,False,False,False,False,False,False,False,False
4600000,1800,2,1,0,0,0,0,0,0,0,0,0,0,0,0,0,0,2555.5555555555557,0,0.0011111111111111111,False,False,False,False,False,True,False,False,False,False,False,False,False,False,False
22500000,1333,2,1,0,0,0,0,0,0,0,0,0,0,0,0,0,0,16879.219804951237,0,0.0015003750937734434,False,False,False,False,False,True,False,False,False,False,False,False,False,False,False
11800000,2000,3,1,0,0,0,0,0,0,0,0,0,0,0,0,0,0,5900.0,0,0.0015,False,False,False,False,False,False,False,False,True,False,False,False,False,False,False
19000000,900,2,1,0,0,0,0,0,0,0,0,0,0,0,0,0,0,21111.11111111111,0,0.0022222222222222222,False,False,False,False,False,False,False,False,False,True,False,False,False,False,False
17000000,1600,3,1,0,0,0,0,0,0,0,0,0,0,0,0,0,0,10625.0,0,0.001875,False,False,False,False,False,False,False,False,False,False,True,False,False,False,False
18500000,1650,3,1,0,0,0,0,0,0,0,0,0,0,0,0,0,0,11212.121212121212,0,0.0018181818181818182,False,False,False,False,False,False,False,False,False,True,False,False,False,False,False
13000000,2000,4,1,0,0,0,0,0,0,0,0,0,0,0,0,0,0,6500.0,0,0.002,False,False,False,False,False,False,False,False,False,True,False,False,False,False,False
15200000,1350,3,1,0,0,0,0,0,0,0,0,0,0,0,0,0,0,11259.25925925926,0,0.0022222222222222222,False,False,False,False,False,True,False,False,False,False,False,False,False,False,False
20000000,1500,3,1,0,0,0,0,0,0,0,0,0,0,0,0,0,0,13333.333333333334,0,0.002,False,False,False,False,False,False,False,True,False,False,False,False,False,False,False
22000000,2160,4,1,0,0,0,0,0,0,0,0,0,0,0,0,0,0,10185.185185185184,0,0.001851851851851852,False,False,False,False,False,True,False,False,False,False,False,False,False,False,False
16200000,2000,4,1,0,0,0,0,0,0,0,0,0,0,0,0,0,0,8100.0,0,0.002,False,False,False,False,False,True,False,False,False,False,False,False,False,False,False
16900000,1500,3,1,0,0,0,0,0,0,0,0,0,0,0,0,0,0,11266.666666666666,0,0.002,False,False,False,False,False,False,False,True,False,False,False,False,False,False,False
15800000,1550,3,1,0,0,0,0,0,0,0,0,0,0,0,0,0,0,10193.548387096775,0,0.001935483870967742,False,False,False,False,False,False,True,False,False,False,False,False,False,False,False
17000000,1550,3,1,0,0,0,0,0,0,0,0,0,0,0,0,0,0,10967.741935483871,0,0.001935483870967742,False,False,False,False,False,False,False,False,False,False,True,False,False,False,False
12000000,1900,3,1,0,0,0,0,0,0,0,0,0,0,0,0,0,0,6315.789473684211,0,0.0015789473684210526,False,False,False,False,False,False,False,False,False,False,True,False,False,False,False
53500000,1350,3,1,0,0,0,0,0,0,0,0,0,0,0,0,0,0,39629.62962962963,0,0.0022222222222222222,False,False,False,False,False,False,False,False,True,False,False,False,False,False,False
8200000,1800,2,1,0,0,0,0,0,0,0,0,0,0,0,0,0,0,4555.555555555556,0,0.0011111111111111111,False,False,False,False,False,True,False,False,False,False,False,False,False,False,False
22000000,800,1,1,0,0,0,0,0,0,0,0,0,0,0,0,0,0,27500.0,0,0.00125,False,False,False,False,False,False,False,False,False,False,False,False,False,False,True
19000000,1650,2,1,0,0,0,0,0,0,0,0,0,0,0,0,0,0,11515.151515151516,0,0.0012121212121212121,False,False,False,False,False,False,False,False,False,False,False,False,False,False,True
50000000,1800,3,1,0,0,0,0,0,0,0,0,0,0,0,0,0,0,27777.777777777777,0,0.0016666666666666668,False,False,False,False,False,False,False,False,False,False,False,False,False,False,True
25000000,3000,4,1,0,0,0,0,0,0,0,0,0,0,0,0,0,0,8333.333333333334,0,0.0013333333333333333,False,False,False,False,False,False,False,False,False,False,False,False,False,False,True
18500000,2600,4,1,0,0,0,0,0,0,0,0,0,0,0,0,0,0,7115.384615384615,0,0.0015384615384615385,False,False,False,False,False,True,False,False,False,False,False,False,False,False,False
32500000,1800,3,1,0,0,0,0,0,0,0,0,0,0,0,0,0,0,18055.555555555555,0,0.0016666666666666668,False,False,False,False,False,False,False,False,False,False,False,False,False,False,True
5000000,1450,4,0,0,0,0,0,0,0,0,0,0,0,0,0,0,0,3448.2758620689656,0,0.002758620689655172,False,False,False,False,False,False,False,False,False,False,False,False,False,False,True
25000000,3000,4,1,0,0,0,0,0,0,0,0,0,0,0,0,0,0,8333.333333333334,0,0.0013333333333333333,False,False,False,False,False,True,False,False,False,False,False,False,False,False,False
27500000,2970,3,1,0,0,0,0,0,0,0,0,0,0,0,0,0,0,9259.25925925926,0,0.00101010101010101,False,False,False,False,False,True,False,False,False,False,False,False,False,False,False
35000000,2000,4,1,0,0,0,0,0,0,0,0,0,0,0,0,0,0,17500.0,0,0.002,False,False,False,False,False,True,False,False,False,False,False,False,False,False,False
87500000,630,2,1,0,0,0,0,0,0,0,0,0,0,0,0,0,0,138888.88888888888,0,0.0031746031746031746,False,False,False,False,False,True,False,False,False,False,False,False,False,False,False
3900000,2500,3,1,0,0,0,0,0,0,0,0,0,0,0,0,0,0,1560.0,0,0.0012,False,False,False,False,False,True,False,False,False,False,False,False,False,False,False
18000000,900,3,1,0,0,0,0,0,0,0,0,0,0,0,0,0,0,20000.0,0,0.0033333333333333335,False,False,False,False,False,False,False,False,False,False,False,False,False,True,False
8500000,2200,4,0,0,0,0,0,0,0,0,0,0,0,0,0,0,0,3863.6363636363635,0,0.0018181818181818182,False,False,False,False,False,True,False,False,False,False,False,False,False,False,False
30000000,1150,3,0,0,0,0,0,0,0,0,0,0,0,0,0,0,0,26086.956521739132,0,0.0026086956521739132,False,False,False,False,False,True,False,False,False,False,False,False,False,False,False
2300000,3500,5,0,0,0,0,0,0,0,0,0,0,0,0,0,0,0,657.1428571428571,0,0.0014285714285714286,False,False,False,False,False,True,False,False,False,False,False,False,False,False,False
5300000,400,1,0,0,0,0,0,0,0,0,0,0,0,0,0,0,0,13250.0,0,0.0025,False,False,False,False,False,True,False,False,False,False,False,False,False,False,False
4000000,850,3,0,0,0,0,0,0,0,0,0,0,0,0,0,0,0,4705.882352941177,0,0.0035294117647058825,False,False,False,False,False,True,False,False,False,False,False,False,False,False,False
160000000,600,2,0,0,0,0,0,0,0,0,0,0,0,0,0,0,0,266666.6666666667,0,0.0033333333333333335,False,False,False,False,False,True,False,False,False,False,False,False,False,False,False
160000000,1400,3,1,0,0,0,0,0,0,0,0,0,0,0,0,0,0,114285.71428571429,0,0.002142857142857143,False,False,False,False,False,True,False,False,False,False,False,False,False,False,False
125000000,1400,3,1,0,0,0,0,0,0,0,0,0,0,0,0,0,0,89285.71428571429,0,0.002142857142857143,False,False,False,False,False,True,False,False,False,False,False,False,False,False,False
4550000,4000,1,1,0,0,0,0,0,0,0,0,0,0,0,0,0,0,1137.5,0,0.00025,False,False,False,False,False,True,False,False,False,False,False,False,False,False,False
9500000,1300,3,1,0,0,0,0,0,0,0,0,0,0,0,0,0,0,7307.692307692308,0,0.002307692307692308,False,False,False,False,False,True,False,False,False,False,False,False,False,False,False
47000000,1490,3,1,0,0,0,0,0,0,0,0,0,0,0,0,0,0,31543.624161073825,0,0.0020134228187919465,False,False,False,False,False,True,False,False,False,False,False,False,False,False,False
3600000,1980,4,1,0,0,0,0,0,0,0,0,0,0,0,0,0,0,1818.1818181818182,0,0.00202020202020202,False,False,False,False,False,True,False,False,False,False,False,False,False,False,False
2900000,1300,3,1,0,0,0,0,0,0,0,0,0,0,0,0,0,0,2230.769230769231,0,0.002307692307692308,False,False,False,False,False,True,False,False,False,False,False,False,False,False,False
5450000,1264,2,1,0,0,0,0,0,0,0,0,0,0,0,0,0,0,4311.708860759493,0,0.0015822784810126582,False,False,False,False,False,True,False,False,False,False,False,False,False,False,False
6450000,1845,3,1,0,0,0,0,0,0,0,0,0,0,0,0,0,0,3495.9349593495936,0,0.0016260162601626016,False,False,False,False,False,True,False,False,False,False,False,False,False,False,False
19000000,2395,4,1,0,0,0,0,0,0,0,0,0,0,0,0,0,0,7933.194154488518,0,0.0016701461377870565,False,False,False,False,False,True,False,False,False,False,False,False,False,False,False
29500000,2200,4,1,0,0,0,0,0,0,0,0,0,0,0,0,0,0,13409.09090909091,0,0.0018181818181818182,False,False,False,False,False,True,False,False,False,False,False,False,False,False,False
9500000,400,2,1,0,0,0,0,0,0,0,0,0,0,0,0,0,0,23750.0,0,0.005,False,False,False,False,False,True,False,False,False,False,False,False,False,False,False
22500000,850,1,1,0,0,0,0,0,0,0,0,0,0,0,0,0,0,26470.58823529412,0,0.001176470588235294,False,False,False,False,False,True,False,False,False,False,False,False,False,False,False
18500000,1440,3,1,0,0,0,0,0,0,0,0,0,0,0,0,0,0,12847.222222222223,0,0.0020833333333333333,False,False,False,False,False,True,False,False,False,False,False,False,False,False,False
13700000,1900,4,1,0,0,0,0,0,0,0,0,0,0,0,0,0,0,7210.526315789473,0,0.002105263157894737,False,False,False,False,False,True,False,False,False,False,False,False,False,False,False
9200000,1550,3,1,0,0,0,0,0,0,0,0,0,0,0,0,0,0,5935.4838709677415,0,0.001935483870967742,False,False,False,False,False,True,False,False,False,False,False,False,False,False,False
9000000,1751,3,1,0,0,0,0,0,0,0,0,0,0,0,0,0,0,5139.920045688178,0,0.0017133066818960593,False,False,False,False,False,True,False,False,False,False,False,False,False,False,False
13000000,1732,3,1,0,0,0,0,0,0,0,0,0,0,0,0,0,0,7505.773672055428,0,0.0017321016166281756,False,False,False,False,False,True,False,False,False,False,False,False,False,False,False
14600000,2725,4,1,0,0,0,0,0,0,0,0,0,0,0,0,0,0,5357.798165137615,0,0.0014678899082568807,False,False,False,False,False,True,False,False,False,False,False,False,False,False,False
8900000,2639,4,1,0,0,0,0,0,0,0,0,0,0,0,0,0,0,3372.489579386131,0,0.0015157256536566881,False,False,False,False,False,True,False,False,False,False,False,False,False,False,False
6800000,1825,3,1,0,0,0,0,0,0,0,0,0,0,0,0,0,0,3726.027397260274,0,0.0016438356164383563,False,False,False,False,False,True,False,False,False,False,False,False,False,False,False
3000000,1076,3,1,0,0,0,0,0,0,0,0,0,0,0,0,0,0,2788.104089219331,0,0.0027881040892193307,False,False,False,False,False,True,False,False,False,False,False,False,False,False,False
2381000,1000,3,1,0,0,0,0,0,0,0,0,0,0,0,0,0,0,2381.0,0,0.003,False,False,False,True,False,False,False,False,False,False,False,False,False,False,False
2520000,800,2,1,0,0,0,0,0,0,0,0,0,0,0,0,0,0,3150.0,0,0.0025,False,False,False,True,False,False,False,False,False,False,False,False,False,False,False
2277000,800,2,1,0,0,0,0,0,0,0,0,0,0,0,0,0,0,2846.25,0,0.0025,False,False,False,True,False,False,False,False,False,False,False,False,False,False,False
2144000,800,2,1,0,0,0,0,0,0,0,0,0,0,0,0,0,0,2680.0,0,0.0025,False,False,False,True,False,False,False,False,False,False,False,False,False,False,False
3000000,800,2,1,0,0,0,0,0,0,0,0,0,0,0,0,0,0,3750.0,0,0.0025,False,False,False,True,False,False,False,False,False,False,False,False,False,False,False
5000000,550,2,1,0,0,0,0,0,0,0,0,0,0,0,0,0,0,9090.90909090909,0,0.0036363636363636364,False,False,False,False,False,False,False,False,False,False,False,False,False,True,False
3500000,900,3,1,0,0,0,0,0,0,0,0,0,0,0,0,0,0,3888.8888888888887,0,0.0033333333333333335,False,False,False,False,False,False,False,False,False,False,False,False,False,True,False
6500000,675,3,1,0,0,0,0,0,0,0,0,0,0,0,0,0,0,9629.62962962963,0,0.0044444444444444444,False,False,False,False,False,False,False,False,False,False,False,False,False,True,False
27000000,1125,4,1,0,0,0,0,0,0,0,0,0,0,0,0,0,0,24000.0,0,0.0035555555555555557,False,False,False,False,False,True,False,False,False,False,False,False,False,False,False
16000000,1400,2,1,0,0,0,0,0,0,0,0,0,0,0,0,0,0,11428.57142857143,0,0.0014285714285714286,False,False,False,False,False,False,False,False,False,False,False,False,False,False,True
220000000,1800,2,1,0,0,0,0,0,0,0,0,0,0,0,0,0,0,122222.22222222222,0,0.0011111111111111111,False,False,False,False,False,True,False,False,False,False,False,False,False,False,False
18900000,1100,2,1,0,0,0,0,0,0,0,0,0,0,0,0,0,0,17181.81818181818,0,0.0018181818181818182,False,False,False,False,False,True,False,False,False,False,False,False,False,False,False
19700000,532,2,1,0,0,0,0,0,0,0,0,0,0,0,0,0,0,37030.075187969924,0,0.0037593984962406013,False,False,False,False,False,True,False,False,False,False,False,False,False,False,False
2500000,1400,2,1,0,0,0,0,0,0,0,0,0,0,0,0,0,0,1785.7142857142858,0,0.0014285714285714286,False,False,False,False,False,True,False,False,False,False,False,False,False,False,False
220000000,585,2,1,0,0,0,0,0,0,0,0,0,0,0,0,0,0,376068.37606837606,0,0.003418803418803419,False,False,False,False,False,True,False,False,False,False,False,False,False,False,False
89000000,1100,2,1,0,0,0,0,0,0,0,0,0,0,0,0,0,0,80909.09090909091,0,0.0018181818181818182,False,False,False,False,False,True,False,False,False,False,False,False,False,False,False
2700000,2075,3,1,0,0,0,0,0,0,0,0,0,0,0,0,0,0,1301.2048192771085,0,0.0014457831325301205,False,False,False,False,False,True,False,False,False,False,False,False,False,False,False
34000000,1931,3,1,0,0,0,0,0,0,0,0,0,0,0,0,0,0,17607.457276022786,0,0.0015535991714137752,False,False,False,False,False,True,False,False,False,False,False,False,False,False,False
13899999,3715,4,1,0,0,0,0,0,0,0,0,0,0,0,0,0,0,3741.5878869448184,0,0.0010767160161507402,False,False,False,False,False,True,False,False,False,False,False,False,False,False,False
14200000,1256,2,1,0,0,0,0,0,0,0,0,0,0,0,0,0,0,11305.732484076432,0,0.0015923566878980893,False,False,False,False,False,True,False,False,False,False,False,False,False,False,False
32000000,1150,2,1,0,0,0,0,0,0,0,0,0,0,0,0,0,0,27826.08695652174,0,0.0017391304347826088,False,False,False,False,False,True,False,False,False,False,False,False,False,False,False
60000000,632,3,1,0,0,0,0,0,0,0,0,0,0,0,0,0,0,94936.70886075949,0,0.004746835443037975,False,False,False,False,False,True,False,False,False,False,False,False,False,False,False
32500000,1500,3,1,0,0,0,0,0,0,0,0,0,0,0,0,0,0,21666.666666666668,0,0.002,False,False,False,False,False,False,False,False,False,False,False,False,False,False,True
17000000,3000,4,1,0,0,0,0,0,0,0,0,0,0,0,0,0,0,5666.666666666667,0,0.0013333333333333333,False,False,False,False,False,False,False,False,False,False,False,False,False,False,True
20000000,1300,3,1,0,0,0,0,0,0,0,0,0,0,0,0,0,0,15384.615384615385,0,0.002307692307692308,False,False,False,False,False,False,False,False,False,False,False,False,False,False,True
28000000,1200,3,1,0,0,0,0,0,0,0,0,0,0,0,0,0,0,23333.333333333332,0,0.0025,False,False,False,False,False,False,False,False,False,False,False,False,False,False,True
27200000,1400,3,1,0,0,0,0,0,0,0,0,0,0,0,0,0,0,19428.571428571428,0,0.002142857142857143,False,False,False,False,False,False,False,False,False,False,False,False,False,False,True
27000000,2000,4,1,0,0,0,0,0,0,0,0,0,0,0,0,0,0,13500.0,0,0.002,False,False,False,False,False,False,False,False,False,False,False,False,False,False,True
18500000,1400,3,1,0,0,0,0,0,0,0,0,0,0,0,0,0,0,13214.285714285714,0,0.002142857142857143,False,False,False,False,False,False,False,False,False,False,False,False,False,False,True
19500000,1200,2,1,0,0,0,0,0,0,0,0,0,0,0,0,0,0,16250.0,0,0.0016666666666666668,False,False,False,False,False,False,False,False,False,False,False,False,False,False,True
18500000,1050,2,1,0,0,0,0,0,0,0,0,0,0,0,0,0,0,17619.04761904762,0,0.0019047619047619048,False,False,False,False,False,False,False,False,False,False,False,False,False,False,True
35000000,1200,2,1,0,0,0,0,0,0,0,0,0,0,0,0,0,0,29166.666666666668,0,0.0016666666666666668,False,False,False,False,False,False,False,False,False,False,False,False,False,False,True
14000000,1800,4,1,0,0,0,0,0,0,0,0,0,0,0,0,0,0,7777.777777777777,0,0.0022222222222222222,False,False,False,False,False,False,False,False,False,False,False,False,False,False,True
26000000,900,2,1,0,0,0,0,0,0,0,0,0,0,0,0,0,0,28888.88888888889,0,0.0022222222222222222,False,False,False,False,False,False,False,False,False,False,False,False,False,False,True
27000000,1400,3,1,0,0,0,0,0,0,0,0,0,0,0,0,0,0,19285.714285714286,0,0.002142857142857143,False,False,False,False,False,False,False,False,False,False,False,False,False,False,True
20000000,1400,3,1,0,0,0,0,0,0,0,0,0,0,0,0,0,0,14285.714285714286,0,0.002142857142857143,False,False,False,False,False,False,False,False,False,False,False,False,False,False,True
18500000,1600,4,1,0,0,0,0,0,0,0,0,0,0,0,0,0,0,11562.5,0,0.0025,False,False,False,False,False,False,False,False,False,False,False,False,False,False,True
29500000,1400,3,1,0,0,0,0,0,0,0,0,0,0,0,0,0,0,21071.428571428572,0,0.002142857142857143,False,False,False,False,False,False,False,False,False,False,False,False,False,False,True
27500000,1400,3,1,0,0,0,0,0,0,0,0,0,0,0,0,0,0,19642.85714285714,0,0.002142857142857143,False,False,False,False,False,False,False,False,False,False,False,False,False,False,True
26500000,1400,3,1,0,0,0,0,0,0,0,0,0,0,0,0,0,0,18928.571428571428,0,0.002142857142857143,False,False,False,False,False,False,False,False,False,False,False,False,False,False,True
24000000,1600,4,1,0,0,0,0,0,0,0,0,0,0,0,0,0,0,15000.0,0,0.0025,False,False,False,False,False,False,False,False,False,False,False,False,False,False,True
26000000,1400,3,1,0,0,0,0,0,0,0,0,0,0,0,0,0,0,18571.428571428572,0,0.002142857142857143,False,False,False,False,False,False,False,False,False,False,False,False,False,False,True
62000000,1400,3,1,0,0,0,0,0,0,0,0,0,0,0,0,0,0,44285.71428571428,0,0.002142857142857143,False,False,False,False,False,False,False,False,False,False,False,False,False,False,True
27000000,1400,3,1,0,0,0,0,0,0,0,0,0,0,0,0,0,0,19285.714285714286,0,0.002142857142857143,False,False,False,False,False,False,False,False,False,False,False,False,False,False,True
70000000,4500,5,1,0,0,0,0,0,0,0,0,0,0,0,0,0,0,15555.555555555555,0,0.0011111111111111111,False,False,False,False,False,False,False,False,False,False,False,False,False,False,True
30000000,3000,5,1,0,0,0,0,0,0,0,0,0,0,0,0,0,0,10000.0,0,0.0016666666666666668,False,False,False,False,False,False,False,False,False,False,False,False,False,False,True
31300000,2000,6,1,0,0,0,0,0,0,0,0,0,0,0,0,0,0,15650.0,0,0.003,False,False,False,False,False,False,False,False,False,False,False,False,False,False,True
34000000,650,3,1,0,0,0,0,0,0,0,0,0,0,0,0,0,0,52307.692307692305,0,0.004615384615384616,False,False,False,False,False,False,False,False,False,False,False,False,False,False,True
24000000,2000,6,1,0,0,0,0,0,0,0,0,0,0,0,0,0,0,12000.0,0,0.003,False,False,False,False,False,False,False,False,False,False,False,False,False,False,True
26000000,1400,3,1,0,0,0,0,0,0,0,0,0,0,0,0,0,0,18571.428571428572,0,0.002142857142857143,False,False,False,False,False,False,False,False,False,False,False,False,False,False,True
30000000,1400,3,1,0,0,0,0,0,0,0,0,0,0,0,0,0,0,21428.571428571428,0,0.002142857142857143,False,False,False,False,False,False,False,False,False,False,False,False,False,False,True
26000000,2000,6,1,0,0,0,0,0,0,0,0,0,0,0,0,0,0,13000.0,0,0.003,False,False,False,False,False,False,False,False,False,False,False,False,False,False,True
36000000,1400,3,1,0,0,0,0,0,0,0,0,0,0,0,0,0,0,25714.285714285714,0,0.002142857142857143,False,False,False,False,False,False,False,False,False,False,False,False,False,False,True
27000000,1600,4,1,0,0,0,0,0,0,0,0,0,0,0,0,0,0,16875.0,0,0.0025,False,False,False,False,False,False,False,False,False,False,False,False,False,False,True
20000000,1400,3,1,0,0,0,0,0,0,0,0,0,0,0,0,0,0,14285.714285714286,0,0.002142857142857143,False,False,False,False,False,False,False,False,False,False,False,False,False,False,True
27000000,1600,4,1,0,0,0,0,0,0,0,0,0,0,0,0,0,0,16875.0,0,0.0025,False,False,False,False,False,False,False,False,False,False,False,False,False,False,True
24000000,1400,3,1,0,0,0,0,0,0,0,0,0,0,0,0,0,0,17142.85714285714,0,0.002142857142857143,False,False,False,False,False,False,False,False,False,False,False,False,False,False,True
40000000,1400,3,1,0,0,0,0,0,0,0,0,0,0,0,0,0,0,28571.428571428572,0,0.002142857142857143,False,False,False,False,False,False,False,False,False,False,False,False,False,False,True
45000000,2000,4,1,0,0,0,0,0,0,0,0,0,0,0,0,0,0,22500.0,0,0.002,False,False,False,False,False,False,False,False,False,False,False,False,False,False,True
22000000,2700,7,1,0,0,0,0,0,0,0,0,0,0,0,0,0,0,8148.148148148148,0,0.0025925925925925925,False,False,False,False,False,False,False,False,False,False,False,False,False,False,True
32500000,1400,3,1,0,0,0,0,0,0,0,0,0,0,0,0,0,0,23214.285714285714,0,0.002142857142857143,False,False,False,False,False,False,False,False,False,False,False,False,False,False,True
28000000,1500,4,1,0,0,0,0,0,0,0,0,0,0,0,0,0,0,18666.666666666668,0,0.0026666666666666666,False,False,False,False,False,False,False,False,False,False,False,False,False,False,True
27000000,1600,4,1,0,0,0,0,0,0,0,0,0,0,0,0,0,0,16875.0,0,0.0025,False,False,False,False,False,False,False,False,False,False,False,False,False,False,True
13000000,1800,5,1,0,0,0,0,0,0,0,0,0,0,0,0,0,0,7222.222222222223,0,0.002777777777777778,False,False,False,False,False,False,False,False,False,False,False,False,False,False,True
18000000,900,2,1,0,0,0,0,0,0,0,0,0,0,0,0,0,0,20000.0,0,0.0022222222222222222,False,False,False,False,False,False,False,False,False,False,False,False,False,False,True
23000000,1100,2,1,0,0,0,0,0,0,0,0,0,0,0,0,0,0,20909.090909090908,0,0.0018181818181818182,False,False,False,False,False,False,False,False,False,False,False,False,False,False,True
22500000,1400,3,1,0,0,0,0,0,0,0,0,0,0,0,0,0,0,16071.42857142857,0,0.002142857142857143,False,False,False,False,False,False,False,False,False,False,False,False,False,False,True
38000000,1400,3,1,0,0,0,0,0,0,0,0,0,0,0,0,0,0,27142.85714285714,0,0.002142857142857143,False,False,False,False,False,False,False,False,False,False,False,False,False,False,True
12500000,2000,5,1,0,0,0,0,0,0,0,0,0,0,0,0,0,0,6250.0,0,0.0025,False,False,False,False,False,False,False,False,False,False,False,False,False,False,True
25000000,1400,3,1,0,0,0,0,0,0,0,0,0,0,0,0,0,0,17857.14285714286,0,0.002142857142857143,False,False,False,False,False,False,False,False,False,False,False,False,False,False,True
11000000,1400,3,1,0,0,0,0,0,0,0,0,0,0,0,0,0,0,7857.142857142857,0,0.002142857142857143,False,False,False,False,False,False,False,False,False,False,False,False,False,False,True
31000000,1050,2,1,0,0,0,0,0,0,0,0,0,0,0,0,0,0,29523.809523809523,0,0.0019047619047619048,False,False,False,False,False,False,False,False,False,False,False,False,False,False,True
25000000,1800,3,1,0,0,0,0,0,0,0,0,0,0,0,0,0,0,13888.888888888889,0,0.0016666666666666668,False,False,False,False,False,False,False,False,False,False,False,False,False,False,True
32500000,1800,4,1,0,0,0,0,0,0,0,0,0,0,0,0,0,0,18055.555555555555,0,0.0022222222222222222,False,False,False,False,False,False,False,False,False,False,False,False,False,False,True
28000000,1500,4,1,0,0,0,0,0,0,0,0,0,0,0,0,0,0,18666.666666666668,0,0.0026666666666666666,False,False,False,False,False,False,False,False,False,False,False,False,False,False,True
27000000,1600,4,1,0,0,0,0,0,0,0,0,0,0,0,0,0,0,16875.0,0,0.0025,False,False,False,False,False,False,False,False,False,False,False,False,False,False,True
13000000,1800,5,1,0,0,0,0,0,0,0,0,0,0,0,0,0,0,7222.222222222223,0,0.002777777777777778,False,False,False,False,False,False,False,False,False,False,False,False,False,False,True
18000000,900,2,1,0,0,0,0,0,0,0,0,0,0,0,0,0,0,20000.0,0,0.0022222222222222222,False,False,False,False,False,False,False,False,False,False,False,False,False,False,True
23000000,1100,2,1,0,0,0,0,0,0,0,0,0,0,0,0,0,0,20909.090909090908,0,0.0018181818181818182,False,False,False,False,False,False,False,False,False,False,False,False,False,False,True
22500000,1400,3,1,0,0,0,0,0,0,0,0,0,0,0,0,0,0,16071.42857142857,0,0.002142857142857143,False,False,False,False,False,False,False,False,False,False,False,False,False,False,True
38000000,1400,3,1,0,0,0,0,0,0,0,0,0,0,0,0,0,0,27142.85714285714,0,0.002142857142857143,False,False,False,False,False,False,False,False,False,False,False,False,False,False,True
15300000,2000,5,1,0,0,0,0,0,0,0,0,0,0,0,0,0,0,7650.0,0,0.0025,False,False,False,False,False,False,False,False,False,False,False,False,False,False,True
7500000,1050,2,1,0,0,0,0,0,0,0,0,0,0,0,0,0,0,7142.857142857143,0,0.0019047619047619048,False,False,False,False,False,False,False,False,False,False,False,False,False,False,True
34000000,450,1,1,0,0,0,0,0,0,0,0,0,0,0,0,0,0,75555.55555555556,0,0.0022222222222222222,False,False,False,False,False,False,False,False,False,False,False,False,False,False,True
28000000,2400,6,1,0,0,0,0,0,0,0,0,0,0,0,0,0,0,11666.666666666666,0,0.0025,False,False,False,False,False,False,False,False,False,False,False,False,False,False,True
65000000,1400,3,1,0,0,0,0,0,0,0,0,0,0,0,0,0,0,46428.57142857143,0,0.002142857142857143,False,False,False,False,False,False,False,False,False,False,False,False,False,False,True
13500000,3200,7,1,0,0,0,0,0,0,0,0,0,0,0,0,0,0,4218.75,0,0.0021875,False,False,False,False,False,False,False,False,False,False,False,False,False,False,True
17600000,1050,2,1,0,0,0,0,0,0,0,0,0,0,0,0,0,0,16761.904761904763,0,0.0019047619047619048,False,False,False,False,False,False,False,False,False,False,False,False,False,False,True
21000000,1200,2,1,0,0,0,0,0,0,0,0,0,0,0,0,0,0,17500.0,0,0.0016666666666666668,False,False,False,False,False,False,False,False,False,False,False,False,False,False,True
31000000,1200,2,1,0,0,0,0,0,0,0,0,0,0,0,0,0,0,25833.333333333332,0,0.0016666666666666668,False,False,False,False,False,False,False,False,False,False,False,False,False,False,True
12500000,1800,3,1,0,0,0,0,0,0,0,0,0,0,0,0,0,0,6944.444444444444,0,0.0016666666666666668,False,False,False,False,False,False,False,False,False,False,False,False,False,False,True
25000000,1400,3,1,0,0,0,0,0,0,0,0,0,0,0,0,0,0,17857.14285714286,0,0.002142857142857143,False,False,False,False,False,False,False,False,False,False,False,False,False,False,True
11000000,1400,3,1,0,0,0,0,0,0,0,0,0,0,0,0,0,0,7857.142857142857,0,0.002142857142857143,False,False,False,False,False,False,False,False,False,False,False,False,False,False,True
65000000,1050,2,1,0,0,0,0,0,0,0,0,0,0,0,0,0,0,61904.76190476191,0,0.0019047619047619048,False,False,False,False,False,False,False,False,False,False,False,False,False,False,True
13500000,3200,7,1,0,0,0,0,0,0,0,0,0,0,0,0,0,0,4218.75,0,0.0021875,False,False,False,False,False,False,False,False,False,False,False,False,False,False,True
17600000,1050,2,1,0,0,0,0,0,0,0,0,0,0,0,0,0,0,16761.904761904763,0,0.0019047619047619048,False,False,False,False,False,False,False,False,False,False,False,False,False,False,True
21000000,1200,2,1,0,0,0,0,0,0,0,0,0,0,0,0,0,0,17500.0,0,0.0016666666666666668,False,False,False,False,False,False,False,False,False,False,False,False,False,False,True
31000000,1200,2,1,0,0,0,0,0,0,0,0,0,0,0,0,0,0,25833.333333333332,0,0.0016666666666666668,False,False,False,False,False,False,False,False,False,False,False,False,False,False,True
12500000,1800,3,1,0,0,0,0,0,0,0,0,0,0,0,0,0,0,6944.444444444444,0,0.0016666666666666668,False,False,False,False,False,False,False,False,False,False,False,False,False,False,True
25000000,1400,3,1,0,0,0,0,0,0,0,0,0,0,0,0,0,0,17857.14285714286,0,0.002142857142857143,False,False,False,False,False,False,False,False,False,False,False,False,False,False,True
11000000,1400,3,1,0,0,0,0,0,0,0,0,0,0,0,0,0,0,7857.142857142857,0,0.002142857142857143,False,False,False,False,False,False,False,False,False,False,False,False,False,False,True
140000000,1050,2,1,0,0,0,0,0,0,0,0,0,0,0,0,0,0,133333.33333333334,0,0.0019047619047619048,False,False,False,False,False,False,False,False,False,False,False,False,False,False,True
50000000,3500,8,1,0,0,0,0,0,0,0,0,0,0,0,0,0,0,14285.714285714286,0,0.002285714285714286,False,False,False,False,False,True,False,False,False,False,False,False,False,False,False
50000000,4000,7,1,0,0,0,0,0,0,0,0,0,0,0,0,0,0,12500.0,0,0.00175,False,False,False,False,False,False,False,False,False,False,False,False,False,False,True
13000000,3000,5,1,0,0,0,0,0,0,0,0,0,0,0,0,0,0,4333.333333333333,0,0.0016666666666666668,False,False,False,False,False,False,False,False,False,False,False,False,False,False,True
22500000,900,2,1,0,0,0,0,0,0,0,0,0,0,0,0,0,0,25000.0,0,0.0022222222222222222,False,False,False,False,False,False,False,False,False,False,False,False,False,False,True
7500000,1400,3,1,0,0,0,0,0,0,0,0,0,0,0,0,0,0,5357.142857142857,0,0.002142857142857143,False,False,False,False,False,False,False,False,False,False,False,False,False,False,True
34000000,450,1,1,0,0,0,0,0,0,0,0,0,0,0,0,0,0,75555.55555555556,0,0.0022222222222222222,False,False,False,False,False,False,False,False,False,False,False,False,False,False,True
28000000,2400,6,1,0,0,0,0,0,0,0,0,0,0,0,0,0,0,11666.666666666666,0,0.0025,False,False,False,False,False,False,False,False,False,False,False,False,False,False,True
13500000,1400,3,1,0,0,0,0,0,0,0,0,0,0,0,0,0,0,9642.857142857143,0,0.002142857142857143,False,False,False,False,False,False,False,False,False,False,False,False,False,False,True
17600000,1050,2,1,0,0,0,0,0,0,0,0,0,0,0,0,0,0,16761.904761904763,0,0.0019047619047619048,False,False,False,False,False,False,False,False,False,False,False,False,False,False,True
21000000,1200,2,1,0,0,0,0,0,0,0,0,0,0,0,0,0,0,17500.0,0,0.0016666666666666668,False,False,False,False,False,False,False,False,False,False,False,False,False,False,True
31000000,1200,2,1,0,0,0,0,0,0,0,0,0,0,0,0,0,0,25833.333333333332,0,0.0016666666666666668,False,False,False,False,False,False,False,False,False,False,False,False,False,False,True
26000000,1800,3,1,0,0,0,0,0,0,0,0,0,0,0,0,0,0,14444.444444444445,0,0.0016666666666666668,False,False,False,False,False,False,False,False,False,False,False,False,False,False,True
12500000,2300,4,1,0,0,0,0,0,0,0,0,0,0,0,0,0,0,5434.782608695652,0,0.0017391304347826088,False,False,False,False,False,True,False,False,False,False,False,False,False,False,False
16500000,1800,3,1,0,0,0,0,0,0,0,0,0,0,0,0,0,0,9166.666666666666,0,0.0016666666666666668,False,False,False,False,False,False,False,False,True,False,False,False,False,False,False
2400000,1250,3,1,0,0,0,0,0,0,0,0,0,0,0,0,0,0,1920.0,0,0.0024,False,False,False,False,False,True,False,False,False,False,False,False,False,False,False
3800000,1420,3,1,0,0,0,0,0,0,0,0,0,0,0,0,0,0,2676.056338028169,0,0.002112676056338028,False,False,False,False,False,True,False,False,False,False,False,False,False,False,False
8700000,450,2,1,0,0,0,0,0,0,0,0,0,0,0,0,0,0,19333.333333333332,0,0.0044444444444444444,False,False,False,False,False,True,False,False,False,False,False,False,False,False,False
8300000,1050,2,1,0,0,0,0,0,0,0,0,0,0,0,0,0,0,7904.761904761905,0,0.0019047619047619048,False,False,False,False,False,True,False,False,False,False,False,False,False,False,False
15000000,700,2,1,0,0,0,0,0,0,0,0,0,0,0,0,0,0,21428.571428571428,0,0.002857142857142857,False,False,False,False,False,True,False,False,False,False,False,False,False,False,False
11500000,1800,3,1,0,0,0,0,0,0,0,0,0,0,0,0,0,0,6388.888888888889,0,0.0016666666666666668,False,False,False,False,False,True,False,False,False,False,False,False,False,False,False
11500000,1150,2,1,0,0,0,0,0,0,0,0,0,0,0,0,0,0,10000.0,0,0.0017391304347826088,False,False,False,False,False,False,False,False,False,False,False,False,False,False,True
11500000,1150,2,1,0,0,0,0,0,0,0,0,0,0,0,0,0,0,10000.0,0,0.0017391304347826088,False,False,False,False,False,False,False,False,False,False,False,False,False,False,True
11500000,1150,2,1,0,0,0,0,0,0,0,0,0,0,0,0,0,0,10000.0,0,0.0017391304347826088,False,False,False,False,False,False,False,False,False,False,False,False,False,False,True
20000000,1150,2,1,0,0,0,0,0,0,0,0,0,0,0,0,0,0,17391.304347826088,0,0.0017391304347826088,False,False,False,False,False,False,False,False,False,False,False,False,False,False,True
16800000,1600,3,1,0,0,0,0,0,0,0,0,0,0,0,0,0,0,10500.0,0,0.001875,False,False,False,False,False,False,False,False,False,False,False,False,False,False,True
20000000,1800,3,1,0,0,0,0,0,0,0,0,0,0,0,0,0,0,11111.111111111111,0,0.0016666666666666668,False,False,False,False,False,True,False,False,False,False,False,False,False,False,False
20000000,1600,3,1,0,0,0,0,0,0,0,0,0,0,0,0,0,0,12500.0,0,0.001875,False,False,False,False,False,False,False,False,False,False,False,False,False,False,True
20000000,1600,3,1,0,0,0,0,0,0,0,0,0,0,0,0,0,0,12500.0,0,0.001875,False,False,False,False,False,False,False,False,False,False,False,False,False,False,True
20200000,1600,3,1,0,0,0,0,0,0,0,0,0,0,0,0,0,0,12625.0,0,0.001875,False,False,False,False,False,False,False,False,False,False,False,False,False,False,True
12500000,1600,3,1,0,0,0,0,0,0,0,0,0,0,0,0,0,0,7812.5,0,0.001875,False,False,False,False,False,False,False,False,False,False,False,False,False,False,True
12700000,1800,3,1,0,0,0,0,0,0,0,0,0,0,0,0,0,0,7055.555555555556,0,0.0016666666666666668,False,False,False,False,False,False,False,False,True,False,False,False,False,False,False
26000000,1200,2,1,0,0,0,0,0,0,0,0,0,0,0,0,0,0,21666.666666666668,0,0.0016666666666666668,False,False,False,False,False,True,False,False,False,False,False,False,False,False,False
17500000,2300,4,1,0,0,0,0,0,0,0,0,0,0,0,0,0,0,7608.695652173913,0,0.0017391304347826088,False,False,False,False,False,True,False,False,False,False,False,False,False,False,False
20000000,1550,3,1,0,0,0,0,0,0,0,0,0,0,0,0,0,0,12903.225806451614,0,0.001935483870967742,False,False,False,False,False,False,False,False,True,False,False,False,False,False,False
22500000,1800,3,1,0,0,0,0,0,0,0,0,0,0,0,0,0,0,12500.0,0,0.0016666666666666668,False,False,False,False,False,False,False,True,False,False,False,False,False,False,False
20000000,2195,4,1,0,0,0,0,0,0,0,0,0,0,0,0,0,0,9111.617312072893,0,0.0018223234624145787,False,False,False,False,False,False,False,True,False,False,False,False,False,False,False
12600000,1850,3,1,0,0,0,0,0,0,0,0,0,0,0,0,0,0,6810.810810810811,0,0.0016216216216216215,False,False,False,False,False,True,False,False,False,False,False,False,False,False,False
22500000,1800,3,1,0,0,0,0,0,0,0,0,0,0,0,0,0,0,12500.0,0,0.0016666666666666668,False,False,False,False,False,False,False,False,True,False,False,False,False,False,False
12000000,2195,4,1,0,0,0,0,0,0,0,0,0,0,0,0,0,0,5466.970387243736,0,0.0018223234624145787,False,False,False,False,False,False,False,True,False,False,False,False,False,False,False
15100000,1150,2,1,0,0,0,0,0,0,0,0,0,0,0,0,0,0,13130.434782608696,0,0.0017391304347826088,False,False,False,False,False,True,False,False,False,False,False,False,False,False,False
12500000,1550,3,1,0,0,0,0,0,0,0,0,0,0,0,0,0,0,8064.5161290322585,0,0.001935483870967742,False,False,False,False,False,True,False,False,False,False,False,False,False,False,False
26000000,1240,2,1,0,0,0,0,0,0,0,0,0,0,0,0,0,0,20967.74193548387,0,0.0016129032258064516,False,False,False,False,False,True,False,False,False,False,False,False,False,False,False
20000000,2300,4,1,0,0,0,0,0,0,0,0,0,0,0,0,0,0,8695.652173913044,0,0.0017391304347826088,False,False,False,False,False,True,False,False,False,False,False,False,False,False,False
12600000,1850,3,1,0,0,0,0,0,0,0,0,0,0,0,0,0,0,6810.810810810811,0,0.0016216216216216215,False,False,False,False,False,True,False,False,False,False,False,False,False,False,False
16500000,1800,3,1,0,0,0,0,0,0,0,0,0,0,0,0,0,0,9166.666666666666,0,0.0016666666666666668,False,False,False,False,False,False,False,False,True,False,False,False,False,False,False
18500000,1750,3,1,0,0,0,0,0,0,0,0,0,0,0,0,0,0,10571.42857142857,0,0.0017142857142857142,False,False,False,False,False,True,False,False,False,False,False,False,False,False,False
16800000,2200,4,1,0,0,0,0,0,0,0,0,0,0,0,0,0,0,7636.363636363636,0,0.0018181818181818182,False,False,False,False,False,True,False,False,False,False,False,False,False,False,False
18500000,1700,3,1,0,0,0,0,0,0,0,0,0,0,0,0,0,0,10882.35294117647,0,0.0017647058823529412,False,False,False,False,False,False,False,False,True,False,False,False,False,False,False
15200000,1900,3,1,0,0,0,0,0,0,0,0,0,0,0,0,0,0,8000.0,0,0.0015789473684210526,False,False,False,False,False,True,False,False,False,False,False,False,False,False,False
18500000,1650,3,1,0,0,0,0,0,0,0,0,0,0,0,0,0,0,11212.121212121212,0,0.0018181818181818182,False,False,False,False,False,False,False,False,True,False,False,False,False,False,False
15200000,1900,3,1,0,0,0,0,0,0,0,0,0,0,0,0,0,0,8000.0,0,0.0015789473684210526,False,False,False,False,False,True,False,False,False,False,False,False,False,False,False
16500000,1650,3,1,0,0,0,0,0,0,0,0,0,0,0,0,0,0,10000.0,0,0.0018181818181818182,False,False,False,False,False,False,False,False,True,False,False,False,False,False,False
18500000,1750,3,1,0,0,0,0,0,0,0,0,0,0,0,0,0,0,10571.42857142857,0,0.0017142857142857142,False,False,False,False,False,True,False,False,False,False,False,False,False,False,False
14500000,2200,4,1,0,0,0,0,0,0,0,0,0,0,0,0,0,0,6590.909090909091,0,0.0018181818181818182,False,False,False,False,False,True,False,False,False,False,False,False,False,False,False
25500000,1550,3,1,0,0,0,0,0,0,0,0,0,0,0,0,0,0,16451.612903225807,0,0.001935483870967742,False,False,False,False,False,True,False,False,False,False,False,False,False,False,False
17200000,2100,4,1,0,0,0,0,0,0,0,0,0,0,0,0,0,0,8190.476190476191,0,0.0019047619047619048,False,False,False,False,False,True,False,False,False,False,False,False,False,False,False
14500000,1700,3,1,0,0,0,0,0,0,0,0,0,0,0,0,0,0,8529.411764705883,0,0.0017647058823529412,False,False,False,False,False,True,False,False,False,False,False,False,False,False,False
14500000,1550,3,1,0,0,0,0,0,0,0,0,0,0,0,0,0,0,9354.838709677419,0,0.001935483870967742,False,False,False,False,False,True,False,False,False,False,False,False,False,False,False
25500000,1550,3,1,0,0,0,0,0,0,0,0,0,0,0,0,0,0,16451.612903225807,0,0.001935483870967742,False,False,False,False,False,True,False,False,False,False,False,False,False,False,False
17200000,2100,4,1,0,0,0,0,0,0,0,0,0,0,0,0,0,0,8190.476190476191,0,0.0019047619047619048,False,False,False,False,False,True,False,False,False,False,False,False,False,False,False
14100000,1700,3,1,0,0,0,0,0,0,0,0,0,0,0,0,0,0,8294.117647058823,0,0.0017647058823529412,False,False,False,False,False,True,False,False,False,False,False,False,False,False,False
14500000,1500,3,1,0,0,0,0,0,0,0,0,0,0,0,0,0,0,9666.666666666666,0,0.002,False,False,False,False,False,True,False,False,False,False,False,False,False,False,False
18500000,1550,3,1,0,0,0,0,0,0,0,0,0,0,0,0,0,0,11935.483870967742,0,0.001935483870967742,False,False,False,False,False,True,False,False,False,False,False,False,False,False,False
15200000,1900,3,1,0,0,0,0,0,0,0,0,0,0,0,0,0,0,8000.0,0,0.0015789473684210526,False,False,False,False,False,True,False,False,False,False,False,False,False,False,False
18200000,1650,3,1,0,0,0,0,0,0,0,0,0,0,0,0,0,0,11030.30303030303,0,0.0018181818181818182,False,False,False,False,False,False,False,False,True,False,False,False,False,False,False
16800000,1850,3,1,0,0,0,0,0,0,0,0,0,0,0,0,0,0,9081.081081081082,0,0.0016216216216216215,False,False,False,False,False,True,False,False,False,False,False,False,False,False,False
65000000,1750,3,1,0,0,0,0,0,0,0,0,0,0,0,0,0,0,37142.857142857145,0,0.0017142857142857142,False,False,False,False,False,True,False,False,False,False,False,False,False,False,False
16200000,1400,3,1,0,0,0,0,0,0,0,0,0,0,0,0,0,0,11571.42857142857,0,0.002142857142857143,False,False,False,False,False,False,False,True,False,False,False,False,False,False,False
18200000,1750,3,1,0,0,0,0,0,0,0,0,0,0,0,0,0,0,10400.0,0,0.0017142857142857142,False,False,False,False,False,True,False,False,False,False,False,False,False,False,False
15200000,1850,3,1,0,0,0,0,0,0,0,0,0,0,0,0,0,0,8216.216216216217,0,0.0016216216216216215,False,False,False,False,False,True,False,False,False,False,False,False,False,False,False
5800000,1650,3,1,0,0,0,0,0,0,0,0,0,0,0,0,0,0,3515.151515151515,0,0.0018181818181818182,False,False,False,False,False,False,False,False,True,False,False,False,False,False,False
13500000,500,1,1,0,0,0,0,0,0,0,0,0,0,0,0,0,0,27000.0,0,0.002,False,False,False,False,False,True,False,False,False,False,False,False,False,False,False
15000000,1470,3,1,0,0,0,0,0,0,0,0,0,0,0,0,0,0,10204.081632653062,0,0.0020408163265306124,False,False,False,False,False,True,False,False,False,False,False,False,False,False,False
25000000,1674,2,1,0,0,0,0,0,0,0,0,0,0,0,0,0,0,14934.289127837515,0,0.0011947431302270011,False,False,False,False,False,True,False,False,False,False,False,False,False,False,False
40000000,1800,3,1,0,0,0,0,0,0,0,0,0,0,0,0,0,0,22222.222222222223,0,0.0016666666666666668,False,False,False,False,False,True,False,False,False,False,False,False,False,False,False
2700000,1800,2,1,0,0,0,0,0,0,0,0,0,0,0,0,0,0,1500.0,0,0.0011111111111111111,False,False,False,False,False,True,False,False,False,False,False,False,False,False,False
11000000,450,2,1,0,0,0,0,0,0,0,0,0,0,0,0,0,0,24444.444444444445,0,0.0044444444444444444,False,False,False,False,False,True,False,False,False,False,False,False,False,False,False
11000000,1044,2,1,0,0,0,0,0,0,0,0,0,0,0,0,0,0,10536.39846743295,0,0.0019157088122605363,False,False,False,False,True,False,False,False,False,False,False,False,False,False,False
2000000,1044,2,1,0,0,0,0,0,0,0,0,0,0,0,0,0,0,1915.7088122605364,0,0.0019157088122605363,False,False,False,False,False,True,False,False,False,False,False,False,False,False,False
17500000,401,2,1,0,0,0,0,0,0,0,0,0,0,0,0,0,0,43640.897755610975,0,0.004987531172069825,False,False,False,False,True,False,False,False,False,False,False,False,False,False,False
5000000,1401,3,1,0,0,0,0,0,0,0,0,0,0,0,0,0,0,3568.8793718772304,0,0.0021413276231263384,False,False,False,False,False,True,False,False,False,False,False,False,False,False,False
2000000,1002,2,1,0,0,0,0,0,0,0,0,0,0,0,0,0,0,1996.007984031936,0,0.001996007984031936,False,False,False,False,False,True,False,False,False,False,False,False,False,False,False
11000000,401,2,1,0,0,0,0,0,0,0,0,0,0,0,0,0,0,27431.42144638404,0,0.004987531172069825,False,False,False,False,False,True,False,False,False,False,False,False,False,False,False
3000000,1044,2,1,0,0,0,0,0,0,0,0,0,0,0,0,0,0,2873.5632183908046,0,0.0019157088122605363,False,False,False,False,False,True,False,False,False,False,False,False,False,False,False
2500000,1000,2,1,0,0,0,0,0,0,0,0,0,0,0,0,0,0,2500.0,0,0.002,False,False,False,False,True,False,False,False,False,False,False,False,False,False,False
4799000,1429,3,1,0,0,0,0,0,0,0,0,0,0,0,0,0,0,3358.292512246326,0,0.002099370188943317,False,False,False,False,False,True,False,False,False,False,False,False,False,False,False
18000000,900,3,1,0,0,0,0,0,0,0,0,0,0,0,0,0,0,20000.0,0,0.0033333333333333335,False,False,False,False,False,True,False,False,False,False,False,False,False,False,False
4220000,1400,3,1,0,0,0,0,0,0,0,0,0,0,0,0,0,0,3014.285714285714,0,0.002142857142857143,False,False,False,False,False,True,False,False,False,False,False,False,False,False,False
17100000,1429,3,1,0,0,0,0,0,0,0,0,0,0,0,0,0,0,11966.410076976907,0,0.002099370188943317,False,False,False,False,False,True,False,False,False,False,False,False,False,False,False
4800000,2000,4,1,0,0,0,0,0,0,0,0,0,0,0,0,0,0,2400.0,0,0.002,False,False,False,False,False,True,False,False,False,False,False,False,False,False,False
4500000,900,2,1,0,0,0,0,0,0,0,0,0,0,0,0,0,0,5000.0,0,0.0022222222222222222,False,False,False,False,False,True,False,False,False,False,False,False,False,False,False
8900000,890,2,1,0,0,0,0,0,0,0,0,0,0,0,0,0,0,10000.0,0,0.0022471910112359553,False,False,False,False,False,True,False,False,False,False,False,False,False,False,False
3015000,1800,3,1,0,0,0,0,0,0,0,0,0,0,0,0,0,0,1675.0,0,0.0016666666666666668,False,False,False,False,False,True,False,False,False,False,False,False,False,False,False
3060000,1000,3,1,0,0,0,0,0,0,0,0,0,0,0,0,0,0,3060.0,0,0.003,False,False,False,True,False,False,False,False,False,False,False,False,False,False,False
2560000,1000,3,1,0,0,0,0,0,0,0,0,0,0,0,0,0,0,2560.0,0,0.003,False,False,False,False,False,True,False,False,False,False,False,False,False,False,False
3015000,1000,3,1,0,0,0,0,0,0,0,0,0,0,0,0,0,0,3015.0,0,0.003,False,False,False,True,False,False,False,False,False,False,False,False,False,False,False
3060000,1000,3,1,0,0,0,0,0,0,0,0,0,0,0,0,0,0,3060.0,0,0.003,False,False,False,True,False,False,False,False,False,False,False,False,False,False,False
2560000,1000,3,1,0,0,0,0,0,0,0,0,0,0,0,0,0,0,2560.0,0,0.003,False,False,False,True,False,False,False,False,False,False,False,False,False,False,False
2890000,1000,3,1,0,0,0,0,0,0,0,0,0,0,0,0,0,0,2890.0,0,0.003,False,False,False,True,False,False,False,False,False,False,False,False,False,False,False
2270000,1000,3,1,0,0,0,0,0,0,0,0,0,0,0,0,0,0,2270.0,0,0.003,False,False,False,True,False,False,False,False,False,False,False,False,False,False,False
2914000,800,2,1,0,0,0,0,0,0,0,0,0,0,0,0,0,0,3642.5,0,0.0025,False,False,False,True,False,False,False,False,False,False,False,False,False,False,False
2800000,1000,3,1,0,0,0,0,0,0,0,0,0,0,0,0,0,0,2800.0,0,0.003,False,False,False,False,False,True,False,False,False,False,False,False,False,False,False
2400000,800,2,1,0,0,0,0,0,0,0,0,0,0,0,0,0,0,3000.0,0,0.0025,False,False,False,True,False,False,False,False,False,False,False,False,False,False,False
2500000,800,2,1,0,0,0,0,0,0,0,0,0,0,0,0,0,0,3125.0,0,0.0025,False,False,False,True,False,False,False,False,False,False,False,False,False,False,False
2100000,1000,2,1,0,0,0,0,0,0,0,0,0,0,0,0,0,0,2100.0,0,0.002,False,False,False,True,False,False,False,False,False,False,False,False,False,False,False
3015000,800,2,1,0,0,0,0,0,0,0,0,0,0,0,0,0,0,3768.75,0,0.0025,False,False,False,True,False,False,False,False,False,False,False,False,False,False,False
3060000,1000,3,1,0,0,0,0,0,0,0,0,0,0,0,0,0,0,3060.0,0,0.003,False,False,False,True,False,False,False,False,False,False,False,False,False,False,False
2560000,1000,3,1,0,0,0,0,0,0,0,0,0,0,0,0,0,0,2560.0,0,0.003,False,False,False,False,False,True,False,False,False,False,False,False,False,False,False
3015000,1000,3,1,0,0,0,0,0,0,0,0,0,0,0,0,0,0,3015.0,0,0.003,False,False,False,True,False,False,False,False,False,False,False,False,False,False,False
3060000,1000,3,1,0,0,0,0,0,0,0,0,0,0,0,0,0,0,3060.0,0,0.003,False,False,False,True,False,False,False,False,False,False,False,False,False,False,False
2560000,1000,3,1,0,0,0,0,0,0,0,0,0,0,0,0,0,0,2560.0,0,0.003,False,False,False,True,False,False,False,False,False,False,False,False,False,False,False
2270000,1000,3,1,0,0,0,0,0,0,0,0,0,0,0,0,0,0,2270.0,0,0.003,False,False,False,True,False,False,False,False,False,False,False,False,False,False,False
2914000,800,2,1,0,0,0,0,0,0,0,0,0,0,0,0,0,0,3642.5,0,0.0025,False,False,False,True,False,False,False,False,False,False,False,False,False,False,False
2890000,1000,3,1,0,0,0,0,0,0,0,0,0,0,0,0,0,0,2890.0,0,0.003,False,False,False,False,False,True,False,False,False,False,False,False,False,False,False
2400000,1000,3,1,0,0,0,0,0,0,0,0,0,0,0,0,0,0,2400.0,0,0.003,False,False,False,True,False,False,False,False,False,False,False,False,False,False,False
2179000,800,2,1,0,0,0,0,0,0,0,0,0,0,0,0,0,0,2723.75,0,0.0025,False,False,False,True,False,False,False,False,False,False,False,False,False,False,False
2350000,800,2,1,0,0,0,0,0,0,0,0,0,0,0,0,0,0,2937.5,0,0.0025,False,False,False,True,False,False,False,False,False,False,False,False,False,False,False
2980000,800,2,1,0,0,0,0,0,0,0,0,0,0,0,0,0,0,3725.0,0,0.0025,False,False,False,True,False,False,False,False,False,False,False,False,False,False,False
2400000,1000,3,1,0,0,0,0,0,0,0,0,0,0,0,0,0,0,2400.0,0,0.003,False,False,False,True,False,False,False,False,False,False,False,False,False,False,False
3000000,800,2,1,0,0,0,0,0,0,0,0,0,0,0,0,0,0,3750.0,0,0.0025,False,False,False,True,False,False,False,False,False,False,False,False,False,False,False
2248000,1000,3,1,0,0,0,0,0,0,0,0,0,0,0,0,0,0,2248.0,0,0.003,False,False,False,True,False,False,False,False,False,False,False,False,False,False,False
2219000,1000,2,1,0,0,0,0,0,0,0,0,0,0,0,0,0,0,2219.0,0,0.002,False,False,False,True,False,False,False,False,False,False,False,False,False,False,False
2300000,800,2,1,0,0,0,0,0,0,0,0,0,0,0,0,0,0,2875.0,0,0.0025,False,False,False,True,False,False,False,False,False,False,False,False,False,False,False
2900000,800,2,1,0,0,0,0,0,0,0,0,0,0,0,0,0,0,3625.0,0,0.0025,False,False,False,True,False,False,False,False,False,False,False,False,False,False,False
2186000,1000,3,1,0,0,0,0,0,0,0,0,0,0,0,0,0,0,2186.0,0,0.003,False,False,False,True,False,False,False,False,False,False,False,False,False,False,False
2986000,800,2,1,0,0,0,0,0,0,0,0,0,0,0,0,0,0,3732.5,0,0.0025,False,False,False,True,False,False,False,False,False,False,False,False,False,False,False
2305000,1000,3,1,0,0,0,0,0,0,0,0,0,0,0,0,0,0,2305.0,0,0.003,False,False,False,True,False,False,False,False,False,False,False,False,False,False,False
2850000,800,2,1,0,0,0,0,0,0,0,0,0,0,0,0,0,0,3562.5,0,0.0025,False,False,False,True,False,False,False,False,False,False,False,False,False,False,False
2115000,1100,3,1,0,0,0,0,0,0,0,0,0,0,0,0,0,0,1922.7272727272727,0,0.0027272727272727275,False,False,False,True,False,False,False,False,False,False,False,False,False,False,False
2610000,800,2,1,0,0,0,0,0,0,0,0,0,0,0,0,0,0,3262.5,0,0.0025,False,False,False,True,False,False,False,False,False,False,False,False,False,False,False
2323000,1000,3,1,0,0,0,0,0,0,0,0,0,0,0,0,0,0,2323.0,0,0.003,False,False,False,True,False,False,False,False,False,False,False,False,False,False,False
2205000,800,2,1,0,0,0,0,0,0,0,0,0,0,0,0,0,0,2756.25,0,0.0025,False,False,False,True,False,False,False,False,False,False,False,False,False,False,False
2980000,800,2,1,0,0,0,0,0,0,0,0,0,0,0,0,0,0,3725.0,0,0.0025,False,False,False,True,False,False,False,False,False,False,False,False,False,False,False
2200000,1000,3,1,0,0,0,0,0,0,0,0,0,0,0,0,0,0,2200.0,0,0.003,False,False,False,True,False,False,False,False,False,False,False,False,False,False,False
2209000,800,2,1,0,0,0,0,0,0,0,0,0,0,0,0,0,0,2761.25,0,0.0025,False,False,False,False,False,True,False,False,False,False,False,False,False,False,False
2939000,800,2,1,0,0,0,0,0,0,0,0,0,0,0,0,0,0,3673.75,0,0.0025,False,False,False,False,False,True,False,False,False,False,False,False,False,False,False
2207000,1000,3,1,0,0,0,0,0,0,0,0,0,0,0,0,0,0,2207.0,0,0.003,False,False,False,True,False,False,False,False,False,False,False,False,False,False,False
2205000,800,2,1,0,0,0,0,0,0,0,0,0,0,0,0,0,0,2756.25,0,0.0025,False,False,False,True,False,False,False,False,False,False,False,False,False,False,False
2308000,800,2,1,0,0,0,0,0,0,0,0,0,0,0,0,0,0,2885.0,0,0.0025,False,False,False,True,False,False,False,False,False,False,False,False,False,False,False
8500000,800,2,1,0,0,0,0,0,0,0,0,0,0,0,0,0,0,10625.0,0,0.0025,False,False,False,True,False,False,False,False,False,False,False,False,False,False,False
6500000,2833,3,1,0,0,0,0,0,0,0,0,0,0,0,0,0,0,2294.3875750088246,0,0.0010589481115425344,False,False,False,False,False,True,False,False,False,False,False,False,False,False,False
5600000,1210,2,1,0,0,0,0,0,0,0,0,0,0,0,0,0,0,4628.099173553719,0,0.001652892561983471,False,False,False,False,False,True,False,False,False,False,False,False,False,False,False
9300000,1210,2,1,0,0,0,0,0,0,0,0,0,0,0,0,0,0,7685.9504132231405,0,0.001652892561983471,False,False,False,False,False,True,False,False,False,False,False,False,False,False,False
15400000,1360,2,1,0,0,0,0,0,0,0,0,0,0,0,0,0,0,11323.529411764706,0,0.0014705882352941176,False,False,False,False,False,True,False,False,False,False,False,False,False,False,False
4000000,1250,3,1,0,0,0,0,0,0,0,0,0,0,0,0,0,0,3200.0,0,0.0024,False,False,False,False,False,True,False,False,False,False,False,False,False,False,False
35000000,1406,2,1,0,0,0,0,0,0,0,0,0,0,0,0,0,0,24893.314366998577,0,0.001422475106685633,False,False,False,False,False,True,False,False,False,False,False,False,False,False,False
33000000,1800,3,1,0,0,0,0,0,0,0,0,0,0,0,0,0,0,18333.333333333332,0,0.0016666666666666668,False,False,False,False,False,False,False,False,False,False,False,False,False,False,True
62500000,2400,3,1,0,0,0,0,0,0,0,0,0,0,0,0,0,0,26041.666666666668,0,0.00125,False,False,False,False,False,False,False,False,False,False,False,False,False,False,True
27200000,1400,3,1,0,0,0,0,0,0,0,0,0,0,0,0,0,0,19428.571428571428,0,0.002142857142857143,False,False,False,False,False,False,False,False,False,False,False,False,False,False,True
35000000,2000,4,1,0,0,0,0,0,0,0,0,0,0,0,0,0,0,17500.0,0,0.002,False,False,False,False,False,False,False,False,False,False,False,False,False,False,True
28500000,1800,3,1,0,0,0,0,0,0,0,0,0,0,0,0,0,0,15833.333333333334,0,0.0016666666666666668,False,False,False,False,False,False,False,False,False,False,False,False,False,False,True
16800000,1600,4,1,0,0,0,0,0,0,0,0,0,0,0,0,0,0,10500.0,0,0.0025,False,False,False,False,False,True,False,False,False,False,False,False,False,False,False
5250000,1750,3,1,0,0,0,0,0,0,0,0,0,0,0,0,0,0,3000.0,0,0.0017142857142857142,False,False,False,False,False,True,False,False,False,False,False,False,False,False,False
13000000,4500,5,1,0,0,0,0,0,0,0,0,0,0,0,0,0,0,2888.8888888888887,0,0.0011111111111111111,False,False,False,False,True,False,False,False,False,False,False,False,False,False,False
10000000,1100,2,1,0,0,0,0,0,0,0,0,0,0,0,0,0,0,9090.90909090909,0,0.0018181818181818182,False,False,False,False,False,True,False,False,False,False,False,False,False,False,False
2000000,1006,2,1,0,0,0,0,0,0,0,0,0,0,0,0,0,0,1988.0715705765408,0,0.0019880715705765406,False,False,False,False,False,True,False,False,False,False,False,False,False,False,False
23000000,2000,2,1,0,0,0,0,0,0,0,0,0,0,0,0,0,0,11500.0,0,0.001,False,False,False,False,False,True,False,False,False,False,False,False,False,False,False
8500000,3600,3,1,0,0,0,0,0,0,0,0,0,0,0,0,0,0,2361.1111111111113,0,0.0008333333333333334,False,False,False,False,False,True,False,False,False,False,False,False,False,False,False
3500000,1485,3,1,0,0,0,0,0,0,0,0,0,0,0,0,0,0,2356.902356902357,0,0.00202020202020202,False,False,False,False,False,True,False,False,False,False,False,False,False,False,False
3100000,675,3,1,0,0,0,0,0,0,0,0,0,0,0,0,0,0,4592.592592592592,0,0.0044444444444444444,False,False,False,False,False,True,False,False,False,False,False,False,False,False,False
3400000,2100,4,1,0,0,0,0,0,0,0,0,0,0,0,0,0,0,1619.047619047619,0,0.0019047619047619048,False,False,False,False,False,True,False,False,False,False,False,False,False,False,False
24500000,1188,2,1,0,0,0,0,0,0,0,0,0,0,0,0,0,0,20622.895622895623,0,0.0016835016835016834,False,False,False,False,False,False,False,False,False,False,False,True,False,False,False
52500000,2500,4,1,0,0,0,0,0,0,0,0,0,0,0,0,0,0,21000.0,0,0.0016,False,False,False,False,True,False,False,False,False,False,False,False,False,False,False
13700000,4500,5,1,0,0,0,0,0,0,0,0,0,0,0,0,0,0,3044.4444444444443,0,0.0011111111111111111,False,False,False,False,False,True,False,False,False,False,False,False,False,False,False
10800000,3650,3,1,0,0,0,0,0,0,0,0,0,0,0,0,0,0,2958.904109589041,0,0.0008219178082191781,False,False,False,False,False,True,False,False,False,False,False,False,False,False,False
2100000,1200,2,1,0,0,0,0,0,0,0,0,0,0,0,0,0,0,1750.0,0,0.0016666666666666668,False,True,False,False,False,False,False,False,False,False,False,False,False,False,False
2100000,1750,3,1,0,0,0,0,0,0,0,0,0,0,0,0,0,0,1200.0,0,0.0017142857142857142,False,True,False,False,False,False,False,False,False,False,False,False,False,False,False
2200000,700,1,1,0,0,0,0,0,0,0,0,0,0,0,0,0,0,3142.8571428571427,0,0.0014285714285714286,False,True,False,False,False,False,False,False,False,False,False,False,False,False,False
9200000,1647,2,1,0,0,0,0,0,0,0,0,0,0,0,0,0,0,5585.913782635094,0,0.0012143290831815423,False,True,False,False,False,False,False,False,False,False,False,False,False,False,False
6500000,1690,3,1,0,0,0,0,0,0,0,0,0,0,0,0,0,0,3846.153846153846,0,0.0017751479289940828,False,False,False,False,False,True,False,False,False,False,False,False,False,False,False
20000000,600,2,1,0,0,0,0,0,0,0,0,0,0,0,0,0,0,33333.333333333336,0,0.0033333333333333335,False,True,False,False,False,False,False,False,False,False,False,False,False,False,False
11500000,1200,3,1,0,0,0,0,0,0,0,0,0,0,0,0,0,0,9583.333333333334,0,0.0025,False,True,False,False,False,False,False,False,False,False,False,False,False,False,False
13200000,1550,3,1,0,0,0,0,0,0,0,0,0,0,0,0,0,0,8516.129032258064,0,0.001935483870967742,False,True,False,False,False,False,False,False,False,False,False,False,False,False,False
6500000,1400,2,1,0,0,0,0,0,0,0,0,0,0,0,0,0,0,4642.857142857143,0,0.0014285714285714286,False,True,False,False,False,False,False,False,False,False,False,False,False,False,False
5000000,648,2,1,0,0,0,0,0,0,0,0,0,0,0,0,0,0,7716.049382716049,0,0.0030864197530864196,False,True,False,False,False,False,False,False,False,False,False,False,False,False,False
13200000,400,1,1,0,0,0,0,0,0,0,0,0,0,0,0,0,0,33000.0,0,0.0025,False,False,False,False,False,True,False,False,False,False,False,False,False,False,False
2200000,1400,2,1,0,0,0,0,0,0,0,0,0,0,0,0,0,0,1571.4285714285713,0,0.0014285714285714286,False,True,False,False,False,False,False,False,False,False,False,False,False,False,False
2100000,1647,2,1,0,0,0,0,0,0,0,0,0,0,0,0,0,0,1275.0455373406194,0,0.0012143290831815423,False,True,False,False,False,False,False,False,False,False,False,False,False,False,False
10000000,1650,3,1,0,0,0,0,0,0,0,0,0,0,0,0,0,0,6060.606060606061,0,0.0018181818181818182,False,False,False,False,False,True,False,False,False,False,False,False,False,False,False
11500000,2700,4,1,0,0,0,0,0,0,0,0,0,0,0,0,0,0,4259.259259259259,0,0.0014814814814814814,False,False,False,False,False,True,False,False,False,False,False,False,False,False,False
16000000,1550,3,1,0,0,0,0,0,0,0,0,0,0,0,0,0,0,10322.58064516129,0,0.001935483870967742,False,True,False,False,False,False,False,False,False,False,False,False,False,False,False
28000000,1650,3,1,0,0,0,0,0,0,0,0,0,0,0,0,0,0,16969.696969696968,0,0.0018181818181818182,False,True,False,False,False,False,False,False,False,False,False,False,False,False,False
15000000,1935,2,1,0,0,0,0,0,0,0,0,0,0,0,0,0,0,7751.937984496124,0,0.0010335917312661498,False,False,False,False,False,True,False,False,False,False,False,False,False,False,False
16000000,1750,3,1,0,0,0,0,0,0,0,0,0,0,0,0,0,0,9142.857142857143,0,0.0017142857142857142,False,True,False,False,False,False,False,False,False,False,False,False,False,False,False
9500000,1653,3,1,0,0,0,0,0,0,0,0,0,0,0,0,0,0,5747.126436781609,0,0.0018148820326678765,False,False,False,False,False,True,False,False,False,False,False,False,False,False,False
7000000,1400,2,1,0,0,0,0,0,0,0,0,0,0,0,0,0,0,5000.0,0,0.0014285714285714286,False,False,False,False,False,True,False,False,False,False,False,False,False,False,False
15500000,900,2,1,0,0,0,0,0,0,0,0,0,0,0,0,0,0,17222.222222222223,0,0.0022222222222222222,False,True,False,False,False,False,False,False,False,False,False,False,False,False,False
28000000,1125,3,1,0,0,0,0,0,0,0,0,0,0,0,0,0,0,24888.88888888889,0,0.0026666666666666666,False,False,False,False,False,True,False,False,False,False,False,False,False,False,False
9000000,1620,4,1,0,0,0,0,0,0,0,0,0,0,0,0,0,0,5555.555555555556,0,0.0024691358024691358,False,False,False,False,False,True,False,False,False,False,False,False,False,False,False
20000000,1386,3,1,0,0,0,0,0,0,0,0,0,0,0,0,0,0,14430.01443001443,0,0.0021645021645021645,False,False,False,False,False,True,False,False,False,False,False,False,False,False,False
5000000,1800,2,1,0,0,0,0,0,0,0,0,0,0,0,0,0,0,2777.777777777778,0,0.0011111111111111111,False,False,False,False,False,True,False,False,False,False,False,False,False,False,False
23000000,900,3,1,0,0,0,0,0,0,0,0,0,0,0,0,0,0,25555.555555555555,0,0.0033333333333333335,False,False,False,False,True,False,False,False,False,False,False,False,False,False,False
13500000,1620,2,1,0,0,0,0,0,0,0,0,0,0,0,0,0,0,8333.333333333334,0,0.0012345679012345679,False,False,False,False,False,True,False,False,False,False,False,False,False,False,False
3700000,1125,2,1,0,0,0,0,0,0,0,0,0,0,0,0,0,0,3288.8888888888887,0,0.0017777777777777779,False,False,False,False,False,True,False,False,False,False,False,False,False,False,False
3500000,1400,3,1,0,0,0,0,0,0,0,0,0,0,0,0,0,0,2500.0,0,0.002142857142857143,False,False,False,False,False,True,False,False,False,False,False,False,False,False,False
20000000,1700,2,1,0,0,0,0,0,0,0,0,0,0,0,0,0,0,11764.70588235294,0,0.001176470588235294,False,True,False,False,False,False,False,False,False,False,False,False,False,False,False
5000000,1800,2,1,0,0,0,0,0,0,0,0,0,0,0,0,0,0,2777.777777777778,0,0.0011111111111111111,False,False,False,False,False,True,False,False,False,False,False,False,False,False,False
23000000,900,3,1,0,0,0,0,0,0,0,0,0,0,0,0,0,0,25555.555555555555,0,0.0033333333333333335,False,False,False,False,True,False,False,False,False,False,False,False,False,False,False
13500000,1620,2,1,0,0,0,0,0,0,0,0,0,0,0,0,0,0,8333.333333333334,0,0.0012345679012345679,False,False,False,False,False,True,False,False,False,False,False,False,False,False,False
11500000,1125,2,1,0,0,0,0,0,0,0,0,0,0,0,0,0,0,10222.222222222223,0,0.0017777777777777779,False,False,False,False,False,True,False,False,False,False,False,False,False,False,False
28000000,1550,3,1,0,0,0,0,0,0,0,0,0,0,0,0,0,0,18064.516129032258,0,0.001935483870967742,False,True,False,False,False,False,False,False,False,False,False,False,False,False,False
15000000,1935,2,1,0,0,0,0,0,0,0,0,0,0,0,0,0,0,7751.937984496124,0,0.0010335917312661498,False,False,False,False,False,True,False,False,False,False,False,False,False,False,False
16000000,1750,3,1,0,0,0,0,0,0,0,0,0,0,0,0,0,0,9142.857142857143,0,0.0017142857142857142,False,True,False,False,False,False,False,False,False,False,False,False,False,False,False
9500000,1653,3,1,0,0,0,0,0,0,0,0,0,0,0,0,0,0,5747.126436781609,0,0.0018148820326678765,False,False,False,False,False,True,False,False,False,False,False,False,False,False,False
7000000,1400,2,1,0,0,0,0,0,0,0,0,0,0,0,0,0,0,5000.0,0,0.0014285714285714286,False,False,False,False,False,True,False,False,False,False,False,False,False,False,False
3700000,900,2,1,0,0,0,0,0,0,0,0,0,0,0,0,0,0,4111.111111111111,0,0.0022222222222222222,False,True,False,False,False,False,False,False,False,False,False,False,False,False,False
3500000,1400,3,1,0,0,0,0,0,0,0,0,0,0,0,0,0,0,2500.0,0,0.002142857142857143,False,False,False,False,False,True,False,False,False,False,False,False,False,False,False
3800000,1700,2,1,0,0,0,0,0,0,0,0,0,0,0,0,0,0,2235.294117647059,0,0.001176470588235294,False,True,False,False,False,False,False,False,False,False,False,False,False,False,False
6200000,801,3,1,0,0,0,0,0,0,0,0,0,0,0,0,0,0,7740.324594257178,0,0.003745318352059925,False,False,False,False,False,True,False,False,False,False,False,False,False,False,False
3800000,1000,3,1,0,0,0,0,0,0,0,0,0,0,0,0,0,0,3800.0,0,0.003,False,False,False,False,False,True,False,False,False,False,False,False,False,False,False
6400000,625,2,1,0,0,0,0,0,0,0,0,0,0,0,0,0,0,10240.0,0,0.0032,False,False,False,False,False,True,False,False,False,False,False,False,False,False,False
4700000,1000,3,1,0,0,0,0,0,0,0,0,0,0,0,0,0,0,4700.0,0,0.003,False,False,False,False,False,True,False,False,False,False,False,False,False,False,False
4500000,700,3,1,0,0,0,0,0,0,0,0,0,0,0,0,0,0,6428.571428571428,0,0.004285714285714286,False,False,False,False,False,True,False,False,False,False,False,False,False,False,False
2100000,690,2,1,0,0,0,0,0,0,0,0,0,0,0,0,0,0,3043.478260869565,0,0.002898550724637681,False,False,False,False,False,True,False,False,False,False,False,False,False,False,False
3600000,700,2,1,0,0,0,0,0,0,0,0,0,0,0,0,0,0,5142.857142857143,0,0.002857142857142857,False,False,False,False,False,True,False,False,False,False,False,False,False,False,False
3800000,521,2,1,0,0,0,0,0,0,0,0,0,0,0,0,0,0,7293.666026871401,0,0.003838771593090211,False,False,False,False,False,True,False,False,False,False,False,False,False,False,False
2800000,520,2,1,0,0,0,0,0,0,0,0,0,0,0,0,0,0,5384.615384615385,0,0.0038461538461538464,False,False,False,False,False,True,False,False,False,False,False,False,False,False,False
6700000,700,2,1,0,0,0,0,0,0,0,0,0,0,0,0,0,0,9571.42857142857,0,0.002857142857142857,False,False,False,False,False,True,False,False,False,False,False,False,False,False,False
2950000,725,3,1,0,0,0,0,0,0,0,0,0,0,0,0,0,0,4068.9655172413795,0,0.004137931034482759,False,False,False,False,False,True,False,False,False,False,False,False,False,False,False
2700000,540,2,1,0,0,0,0,0,0,0,0,0,0,0,0,0,0,5000.0,0,0.003703703703703704,False,False,False,False,False,True,False,False,False,False,False,False,False,False,False
3350000,600,3,0,0,0,0,0,0,0,0,0,0,0,0,0,0,0,5583.333333333333,0,0.005,False,False,False,False,False,False,False,False,False,False,False,False,False,True,False
5400000,630,3,1,0,0,0,0,0,0,0,0,0,0,0,0,0,0,8571.42857142857,0,0.004761904761904762,False,False,False,False,False,True,False,False,False,False,False,False,False,False,False
2600000,900,3,1,0,0,0,0,0,0,0,0,0,0,0,0,0,0,2888.8888888888887,0,0.0033333333333333335,False,False,False,False,False,False,False,False,False,False,False,False,False,True,False
7600000,540,2,1,0,0,0,0,0,0,0,0,0,0,0,0,0,0,14074.074074074075,0,0.003703703703703704,False,False,False,False,False,True,False,False,False,False,False,False,False,False,False
18500000,900,2,1,0,0,0,0,0,0,0,0,0,0,0,0,0,0,20555.555555555555,0,0.0022222222222222222,False,False,False,False,False,True,False,False,False,False,False,False,False,False,False
11000000,1150,2,1,0,0,0,0,0,0,0,0,0,0,0,0,0,0,9565.217391304348,0,0.0017391304347826088,False,False,False,False,False,True,False,False,False,False,False,False,False,False,False
8500000,1100,2,1,0,0,0,0,0,0,0,0,0,0,0,0,0,0,7727.272727272727,0,0.0018181818181818182,False,False,False,False,False,True,False,False,False,False,False,False,False,False,False
11000000,900,2,1,0,0,0,0,0,0,0,0,0,0,0,0,0,0,12222.222222222223,0,0.0022222222222222222,False,False,False,False,False,True,False,False,False,False,False,False,False,False,False
12500000,1500,4,1,0,0,0,0,0,0,0,0,0,0,0,0,0,0,8333.333333333334,0,0.0026666666666666666,False,False,False,False,False,True,False,False,False,False,False,False,False,False,False
2400000,1600,3,1,0,0,0,0,0,0,0,0,0,0,0,0,0,0,1500.0,0,0.001875,False,False,False,False,False,False,True,False,False,False,False,False,False,False,False
2300000,800,2,1,0,0,0,0,0,0,0,0,0,0,0,0,0,0,2875.0,0,0.0025,False,False,False,True,False,False,False,False,False,False,False,False,False,False,False
2000000,800,2,1,0,0,0,0,0,0,0,0,0,0,0,0,0,0,2500.0,0,0.0025,False,False,False,True,False,False,False,False,False,False,False,False,False,False,False
2600000,800,2,1,0,0,0,0,0,0,0,0,0,0,0,0,0,0,3250.0,0,0.0025,False,False,False,True,False,False,False,False,False,False,False,False,False,False,False
3100000,800,2,1,0,0,0,0,0,0,0,0,0,0,0,0,0,0,3875.0,0,0.0025,False,False,False,True,False,False,False,False,False,False,False,False,False,False,False
2750000,1000,3,1,0,0,0,0,0,0,0,0,0,0,0,0,0,0,2750.0,0,0.003,False,False,False,True,False,False,False,False,False,False,False,False,False,False,False
2750000,800,2,1,0,0,0,0,0,0,0,0,0,0,0,0,0,0,3437.5,0,0.0025,False,False,False,True,False,False,False,False,False,False,False,False,False,False,False
2100000,800,2,1,0,0,0,0,0,0,0,0,0,0,0,0,0,0,2625.0,0,0.0025,False,False,False,True,False,False,False,False,False,False,False,False,False,False,False
2900000,800,2,1,0,0,0,0,0,0,0,0,0,0,0,0,0,0,3625.0,0,0.0025,False,False,False,True,False,False,False,False,False,False,False,False,False,False,False
2500000,1000,3,1,0,0,0,0,0,0,0,0,0,0,0,0,0,0,2500.0,0,0.003,False,False,False,True,False,False,False,False,False,False,False,False,False,False,False
2800000,500,2,1,0,0,0,0,0,0,0,0,0,0,0,0,0,0,5600.0,0,0.004,False,False,False,True,False,False,False,False,False,False,False,False,False,False,False
2100000,800,2,1,0,0,0,0,0,0,0,0,0,0,0,0,0,0,2625.0,0,0.0025,False,False,False,True,False,False,False,False,False,False,False,False,False,False,False
3000000,800,2,1,0,0,0,0,0,0,0,0,0,0,0,0,0,0,3750.0,0,0.0025,False,False,False,True,False,False,False,False,False,False,False,False,False,False,False
2000000,1000,3,1,0,0,0,0,0,0,0,0,0,0,0,0,0,0,2000.0,0,0.003,False,False,False,True,False,False,False,False,False,False,False,False,False,False,False
2300000,1000,2,1,0,0,0,0,0,0,0,0,0,0,0,0,0,0,2300.0,0,0.002,False,False,False,True,False,False,False,False,False,False,False,False,False,False,False
2000000,800,2,1,0,0,0,0,0,0,0,0,0,0,0,0,0,0,2500.0,0,0.0025,False,False,False,False,False,True,False,False,False,False,False,False,False,False,False
2300000,800,2,1,0,0,0,0,0,0,0,0,0,0,0,0,0,0,2875.0,0,0.0025,False,False,False,True,False,False,False,False,False,False,False,False,False,False,False
2600000,800,2,1,0,0,0,0,0,0,0,0,0,0,0,0,0,0,3250.0,0,0.0025,False,False,False,True,False,False,False,False,False,False,False,False,False,False,False
3000000,1000,2,1,0,0,0,0,0,0,0,0,0,0,0,0,0,0,3000.0,0,0.002,False,False,False,True,False,False,False,False,False,False,False,False,False,False,False
2550000,1000,3,1,0,0,0,0,0,0,0,0,0,0,0,0,0,0,2550.0,0,0.003,False,False,False,True,False,False,False,False,False,False,False,False,False,False,False
2900000,1000,3,1,0,0,0,0,0,0,0,0,0,0,0,0,0,0,2900.0,0,0.003,False,False,False,True,False,False,False,False,False,False,False,False,False,False,False
2299000,1000,3,1,0,0,0,0,0,0,0,0,0,0,0,0,0,0,2299.0,0,0.003,False,False,False,True,False,False,False,False,False,False,False,False,False,False,False
2400000,800,2,1,0,0,0,0,0,0,0,0,0,0,0,0,0,0,3000.0,0,0.0025,False,False,False,True,False,False,False,False,False,False,False,False,False,False,False
2800000,800,2,1,0,0,0,0,0,0,0,0,0,0,0,0,0,0,3500.0,0,0.0025,False,False,False,True,False,False,False,False,False,False,False,False,False,False,False
3000000,800,2,1,0,0,0,0,0,0,0,0,0,0,0,0,0,0,3750.0,0,0.0025,False,False,False,True,False,False,False,False,False,False,False,False,False,False,False
2500000,1000,3,1,0,0,0,0,0,0,0,0,0,0,0,0,0,0,2500.0,0,0.003,False,False,False,True,False,False,False,False,False,False,False,False,False,False,False
3000000,1000,3,1,0,0,0,0,0,0,0,0,0,0,0,0,0,0,3000.0,0,0.003,False,False,False,True,False,False,False,False,False,False,False,False,False,False,False
2350000,1000,3,1,0,0,0,0,0,0,0,0,0,0,0,0,0,0,2350.0,0,0.003,False,False,False,True,False,False,False,False,False,False,False,False,False,False,False
3000000,1000,3,1,0,0,0,0,0,0,0,0,0,0,0,0,0,0,3000.0,0,0.003,False,False,False,True,False,False,False,False,False,False,False,False,False,False,False
2250000,1000,3,1,0,0,0,0,0,0,0,0,0,0,0,0,0,0,2250.0,0,0.003,False,False,False,True,False,False,False,False,False,False,False,False,False,False,False
2600000,800,2,1,0,0,0,0,0,0,0,0,0,0,0,0,0,0,3250.0,0,0.0025,False,False,False,True,False,False,False,False,False,False,False,False,False,False,False
2740000,1000,3,1,0,0,0,0,0,0,0,0,0,0,0,0,0,0,2740.0,0,0.003,False,False,False,False,False,True,False,False,False,False,False,False,False,False,False
2190000,800,2,1,0,0,0,0,0,0,0,0,0,0,0,0,0,0,2737.5,0,0.0025,False,False,False,True,False,False,False,False,False,False,False,False,False,False,False
2190000,800,2,1,0,0,0,0,0,0,0,0,0,0,0,0,0,0,2737.5,0,0.0025,False,False,False,True,False,False,False,False,False,False,False,False,False,False,False
3000000,800,2,1,0,0,0,0,0,0,0,0,0,0,0,0,0,0,3750.0,0,0.0025,False,False,False,True,False,False,False,False,False,False,False,False,False,False,False
2000000,1000,3,1,0,0,0,0,0,0,0,0,0,0,0,0,0,0,2000.0,0,0.003,False,False,False,True,False,False,False,False,False,False,False,False,False,False,False
2800000,1000,3,1,0,0,0,0,0,0,0,0,0,0,0,0,0,0,2800.0,0,0.003,False,False,False,False,False,True,False,False,False,False,False,False,False,False,False
2200000,800,2,1,0,0,0,0,0,0,0,0,0,0,0,0,0,0,2750.0,0,0.0025,False,False,False,True,False,False,False,False,False,False,False,False,False,False,False
3000000,800,2,1,0,0,0,0,0,0,0,0,0,0,0,0,0,0,3750.0,0,0.0025,False,False,False,True,False,False,False,False,False,False,False,False,False,False,False
2800000,1000,3,1,0,0,0,0,0,0,0,0,0,0,0,0,0,0,2800.0,0,0.003,False,False,False,True,False,False,False,False,False,False,False,False,False,False,False
2200000,800,2,1,0,0,0,0,0,0,0,0,0,0,0,0,0,0,2750.0,0,0.0025,False,False,False,True,False,False,False,False,False,False,False,False,False,False,False
2150000,800,2,1,0,0,0,0,0,0,0,0,0,0,0,0,0,0,2687.5,0,0.0025,False,False,False,True,False,False,False,False,False,False,False,False,False,False,False
2900000,800,2,1,0,0,0,0,0,0,0,0,0,0,0,0,0,0,3625.0,0,0.0025,False,False,False,True,False,False,False,False,False,False,False,False,False,False,False
2490000,1000,3,1,0,0,0,0,0,0,0,0,0,0,0,0,0,0,2490.0,0,0.003,False,False,False,True,False,False,False,False,False,False,False,False,False,False,False
2400000,1000,3,1,0,0,0,0,0,0,0,0,0,0,0,0,0,0,2400.0,0,0.003,False,False,False,False,False,True,False,False,False,False,False,False,False,False,False
2700000,800,2,1,0,0,0,0,0,0,0,0,0,0,0,0,0,0,3375.0,0,0.0025,False,False,False,True,False,False,False,False,False,False,False,False,False,False,False
2800000,800,2,1,0,0,0,0,0,0,0,0,0,0,0,0,0,0,3500.0,0,0.0025,False,False,False,True,False,False,False,False,False,False,False,False,False,False,False
2200000,800,2,1,0,0,0,0,0,0,0,0,0,0,0,0,0,0,2750.0,0,0.0025,False,False,False,True,False,False,False,False,False,False,False,False,False,False,False
3000000,800,2,1,0,0,0,0,0,0,0,0,0,0,0,0,0,0,3750.0,0,0.0025,False,False,False,True,False,False,False,False,False,False,False,False,False,False,False
2400000,1000,3,1,0,0,0,0,0,0,0,0,0,0,0,0,0,0,2400.0,0,0.003,False,False,False,True,False,False,False,False,False,False,False,False,False,False,False
2600000,800,2,1,0,0,0,0,0,0,0,0,0,0,0,0,0,0,3250.0,0,0.0025,False,False,False,True,False,False,False,False,False,False,False,False,False,False,False
2597000,1000,2,1,0,0,0,0,0,0,0,0,0,0,0,0,0,0,2597.0,0,0.002,False,False,False,True,False,False,False,False,False,False,False,False,False,False,False
2300000,1000,3,1,0,0,0,0,0,0,0,0,0,0,0,0,0,0,2300.0,0,0.003,False,False,False,False,False,True,False,False,False,False,False,False,False,False,False
2788000,800,2,1,0,0,0,0,0,0,0,0,0,0,0,0,0,0,3485.0,0,0.0025,False,False,False,True,False,False,False,False,False,False,False,False,False,False,False
3000000,800,2,1,0,0,0,0,0,0,0,0,0,0,0,0,0,0,3750.0,0,0.0025,False,False,False,True,False,False,False,False,False,False,False,False,False,False,False
2350000,1000,3,1,0,0,0,0,0,0,0,0,0,0,0,0,0,0,2350.0,0,0.003,False,False,False,True,False,False,False,False,False,False,False,False,False,False,False
3000000,1000,3,1,0,0,0,0,0,0,0,0,0,0,0,0,0,0,3000.0,0,0.003,False,False,False,True,False,False,False,False,False,False,False,False,False,False,False
2250000,1000,3,1,0,0,0,0,0,0,0,0,0,0,0,0,0,0,2250.0,0,0.003,False,False,False,True,False,False,False,False,False,False,False,False,False,False,False
2600000,800,2,1,0,0,0,0,0,0,0,0,0,0,0,0,0,0,3250.0,0,0.0025,False,False,False,True,False,False,False,False,False,False,False,False,False,False,False
2300000,1000,3,1,0,0,0,0,0,0,0,0,0,0,0,0,0,0,2300.0,0,0.003,False,False,False,False,False,True,False,False,False,False,False,False,False,False,False
3000000,800,2,1,0,0,0,0,0,0,0,0,0,0,0,0,0,0,3750.0,0,0.0025,False,False,False,True,False,False,False,False,False,False,False,False,False,False,False
2400000,1000,3,1,0,0,0,0,0,0,0,0,0,0,0,0,0,0,2400.0,0,0.003,False,False,False,True,False,False,False,False,False,False,False,False,False,False,False
2790000,800,2,1,0,0,0,0,0,0,0,0,0,0,0,0,0,0,3487.5,0,0.0025,False,False,False,True,False,False,False,False,False,False,False,False,False,False,False
2580000,800,2,1,0,0,0,0,0,0,0,0,0,0,0,0,0,0,3225.0,0,0.0025,False,False,False,True,False,False,False,False,False,False,False,False,False,False,False
3100000,1000,3,1,0,0,0,0,0,0,0,0,0,0,0,0,0,0,3100.0,0,0.003,False,False,False,True,False,False,False,False,False,False,False,False,False,False,False
2950000,1000,3,1,0,0,0,0,0,0,0,0,0,0,0,0,0,0,2950.0,0,0.003,False,False,False,True,False,False,False,False,False,False,False,False,False,False,False
2318000,1000,3,1,0,0,0,0,0,0,0,0,0,0,0,0,0,0,2318.0,0,0.003,False,False,False,True,False,False,False,False,False,False,False,False,False,False,False
3014000,800,2,1,0,0,0,0,0,0,0,0,0,0,0,0,0,0,3767.5,0,0.0025,False,False,False,True,False,False,False,False,False,False,False,False,False,False,False
2736000,1000,3,1,0,0,0,0,0,0,0,0,0,0,0,0,0,0,2736.0,0,0.003,False,False,False,True,False,False,False,False,False,False,False,False,False,False,False
2336000,800,2,1,0,0,0,0,0,0,0,0,0,0,0,0,0,0,2920.0,0,0.0025,False,False,False,True,False,False,False,False,False,False,False,False,False,False,False
2790000,800,2,1,0,0,0,0,0,0,0,0,0,0,0,0,0,0,3487.5,0,0.0025,False,False,False,True,False,False,False,False,False,False,False,False,False,False,False
2300000,800,2,1,0,0,0,0,0,0,0,0,0,0,0,0,0,0,2875.0,0,0.0025,False,False,False,True,False,False,False,False,False,False,False,False,False,False,False
3045000,800,2,1,0,0,0,0,0,0,0,0,0,0,0,0,0,0,3806.25,0,0.0025,False,False,False,True,False,False,False,False,False,False,False,False,False,False,False
2300000,1000,3,1,0,0,0,0,0,0,0,0,0,0,0,0,0,0,2300.0,0,0.003,False,False,False,True,False,False,False,False,False,False,False,False,False,False,False
2700000,800,2,1,0,0,0,0,0,0,0,0,0,0,0,0,0,0,3375.0,0,0.0025,False,False,False,True,False,False,False,False,False,False,False,False,False,False,False
2905000,800,2,1,0,0,0,0,0,0,0,0,0,0,0,0,0,0,3631.25,0,0.0025,False,False,False,True,False,False,False,False,False,False,False,False,False,False,False
2890000,1000,3,1,0,0,0,0,0,0,0,0,0,0,0,0,0,0,2890.0,0,0.003,False,False,False,True,False,False,False,False,False,False,False,False,False,False,False
2315000,1000,3,1,0,0,0,0,0,0,0,0,0,0,0,0,0,0,2315.0,0,0.003,False,False,False,True,False,False,False,False,False,False,False,False,False,False,False
2350000,800,2,1,0,0,0,0,0,0,0,0,0,0,0,0,0,0,2937.5,0,0.0025,False,False,False,True,False,False,False,False,False,False,False,False,False,False,False
2700000,800,2,1,0,0,0,0,0,0,0,0,0,0,0,0,0,0,3375.0,0,0.0025,False,False,False,True,False,False,False,False,False,False,False,False,False,False,False
3100000,800,2,1,0,0,0,0,0,0,0,0,0,0,0,0,0,0,3875.0,0,0.0025,False,False,False,True,False,False,False,False,False,False,False,False,False,False,False
2310000,1000,3,1,0,0,0,0,0,0,0,0,0,0,0,0,0,0,2310.0,0,0.003,False,False,False,True,False,False,False,False,False,False,False,False,False,False,False
2800000,800,2,1,0,0,0,0,0,0,0,0,0,0,0,0,0,0,3500.0,0,0.0025,False,False,False,True,False,False,False,False,False,False,False,False,False,False,False
3050000,800,2,1,0,0,0,0,0,0,0,0,0,0,0,0,0,0,3812.5,0,0.0025,False,False,False,True,False,False,False,False,False,False,False,False,False,False,False
2400000,1000,3,1,0,0,0,0,0,0,0,0,0,0,0,0,0,0,2400.0,0,0.003,False,False,False,True,False,False,False,False,False,False,False,False,False,False,False
2450000,800,2,1,0,0,0,0,0,0,0,0,0,0,0,0,0,0,3062.5,0,0.0025,False,False,False,True,False,False,False,False,False,False,False,False,False,False,False
2336000,800,2,1,0,0,0,0,0,0,0,0,0,0,0,0,0,0,2920.0,0,0.0025,False,False,False,True,False,False,False,False,False,False,False,False,False,False,False
2790000,800,2,1,0,0,0,0,0,0,0,0,0,0,0,0,0,0,3487.5,0,0.0025,False,False,False,True,False,False,False,False,False,False,False,False,False,False,False
2300000,800,2,1,0,0,0,0,0,0,0,0,0,0,0,0,0,0,2875.0,0,0.0025,False,False,False,True,False,False,False,False,False,False,False,False,False,False,False
3045000,800,2,1,0,0,0,0,0,0,0,0,0,0,0,0,0,0,3806.25,0,0.0025,False,False,False,True,False,False,False,False,False,False,False,False,False,False,False
2300000,1000,3,1,0,0,0,0,0,0,0,0,0,0,0,0,0,0,2300.0,0,0.003,False,False,False,True,False,False,False,False,False,False,False,False,False,False,False
2700000,800,2,1,0,0,0,0,0,0,0,0,0,0,0,0,0,0,3375.0,0,0.0025,False,False,False,True,False,False,False,False,False,False,False,False,False,False,False
2905000,800,2,1,0,0,0,0,0,0,0,0,0,0,0,0,0,0,3631.25,0,0.0025,False,False,False,True,False,False,False,False,False,False,False,False,False,False,False
2890000,1000,3,1,0,0,0,0,0,0,0,0,0,0,0,0,0,0,2890.0,0,0.003,False,False,False,True,False,False,False,False,False,False,False,False,False,False,False
2315000,1000,3,1,0,0,0,0,0,0,0,0,0,0,0,0,0,0,2315.0,0,0.003,False,False,False,True,False,False,False,False,False,False,False,False,False,False,False
2350000,800,2,1,0,0,0,0,0,0,0,0,0,0,0,0,0,0,2937.5,0,0.0025,False,False,False,True,False,False,False,False,False,False,False,False,False,False,False
2700000,800,2,1,0,0,0,0,0,0,0,0,0,0,0,0,0,0,3375.0,0,0.0025,False,False,False,True,False,False,False,False,False,False,False,False,False,False,False
3100000,800,2,1,0,0,0,0,0,0,0,0,0,0,0,0,0,0,3875.0,0,0.0025,False,False,False,True,False,False,False,False,False,False,False,False,False,False,False
2310000,1000,3,1,0,0,0,0,0,0,0,0,0,0,0,0,0,0,2310.0,0,0.003,False,False,False,True,False,False,False,False,False,False,False,False,False,False,False
2800000,800,2,1,0,0,0,0,0,0,0,0,0,0,0,0,0,0,3500.0,0,0.0025,False,False,False,True,False,False,False,False,False,False,False,False,False,False,False
3050000,800,2,1,0,0,0,0,0,0,0,0,0,0,0,0,0,0,3812.5,0,0.0025,False,False,False,True,False,False,False,False,False,False,False,False,False,False,False
2400000,1000,3,1,0,0,0,0,0,0,0,0,0,0,0,0,0,0,2400.0,0,0.003,False,False,False,True,False,False,False,False,False,False,False,False,False,False,False
2300000,800,2,1,0,0,0,0,0,0,0,0,0,0,0,0,0,0,2875.0,0,0.0025,False,False,False,True,False,False,False,False,False,False,False,False,False,False,False
2950000,800,2,1,0,0,0,0,0,0,0,0,0,0,0,0,0,0,3687.5,0,0.0025,False,False,False,True,False,False,False,False,False,False,False,False,False,False,False
3000000,1000,3,1,0,0,0,0,0,0,0,0,0,0,0,0,0,0,3000.0,0,0.003,False,False,False,True,False,False,False,False,False,False,False,False,False,False,False
2400000,1000,3,1,0,0,0,0,0,0,0,0,0,0,0,0,0,0,2400.0,0,0.003,False,False,False,True,False,False,False,False,False,False,False,False,False,False,False
2700000,800,2,1,0,0,0,0,0,0,0,0,0,0,0,0,0,0,3375.0,0,0.0025,False,False,False,True,False,False,False,False,False,False,False,False,False,False,False
2680000,800,2,1,0,0,0,0,0,0,0,0,0,0,0,0,0,0,3350.0,0,0.0025,False,False,False,True,False,False,False,False,False,False,False,False,False,False,False
2930000,800,2,1,0,0,0,0,0,0,0,0,0,0,0,0,0,0,3662.5,0,0.0025,False,False,False,True,False,False,False,False,False,False,False,False,False,False,False
2315000,1000,3,1,0,0,0,0,0,0,0,0,0,0,0,0,0,0,2315.0,0,0.003,False,False,False,True,False,False,False,False,False,False,False,False,False,False,False
6070000,800,2,1,0,0,0,0,0,0,0,0,0,0,0,0,0,0,7587.5,0,0.0025,False,False,False,True,False,False,False,False,False,False,False,False,False,False,False
3000000,500,1,1,0,0,0,0,0,0,0,0,0,0,0,0,0,0,6000.0,0,0.002,False,False,False,True,False,False,False,False,False,False,False,False,False,False,False
3000000,1000,3,1,0,0,0,0,0,0,0,0,0,0,0,0,0,0,3000.0,0,0.003,False,False,False,True,False,False,False,False,False,False,False,False,False,False,False
2450000,1000,3,1,0,0,0,0,0,0,0,0,0,0,0,0,0,0,2450.0,0,0.003,False,False,False,True,False,False,False,False,False,False,False,False,False,False,False
2300000,800,2,1,0,0,0,0,0,0,0,0,0,0,0,0,0,0,2875.0,0,0.0025,False,False,False,True,False,False,False,False,False,False,False,False,False,False,False
2700000,800,2,1,0,0,0,0,0,0,0,0,0,0,0,0,0,0,3375.0,0,0.0025,False,False,False,True,False,False,False,False,False,False,False,False,False,False,False
3000000,800,2,1,0,0,0,0,0,0,0,0,0,0,0,0,0,0,3750.0,0,0.0025,False,False,False,True,False,False,False,False,False,False,False,False,False,False,False
2300000,1000,3,1,0,0,0,0,0,0,0,0,0,0,0,0,0,0,2300.0,0,0.003,False,False,False,False,False,True,False,False,False,False,False,False,False,False,False
2300000,800,2,1,0,0,0,0,0,0,0,0,0,0,0,0,0,0,2875.0,0,0.0025,False,False,False,True,False,False,False,False,False,False,False,False,False,False,False
2700000,800,2,1,0,0,0,0,0,0,0,0,0,0,0,0,0,0,3375.0,0,0.0025,False,False,False,True,False,False,False,False,False,False,False,False,False,False,False
3010000,800,2,1,0,0,0,0,0,0,0,0,0,0,0,0,0,0,3762.5,0,0.0025,False,False,False,True,False,False,False,False,False,False,False,False,False,False,False
2300000,1000,3,1,0,0,0,0,0,0,0,0,0,0,0,0,0,0,2300.0,0,0.003,False,False,False,True,False,False,False,False,False,False,False,False,False,False,False
2700000,800,2,1,0,0,0,0,0,0,0,0,0,0,0,0,0,0,3375.0,0,0.0025,False,False,False,True,False,False,False,False,False,False,False,False,False,False,False
2300000,800,2,1,0,0,0,0,0,0,0,0,0,0,0,0,0,0,2875.0,0,0.0025,False,False,False,True,False,False,False,False,False,False,False,False,False,False,False
3000000,800,2,1,0,0,0,0,0,0,0,0,0,0,0,0,0,0,3750.0,0,0.0025,False,False,False,True,False,False,False,False,False,False,False,False,False,False,False
2400000,1000,3,1,0,0,0,0,0,0,0,0,0,0,0,0,0,0,2400.0,0,0.003,False,False,False,True,False,False,False,False,False,False,False,False,False,False,False
2790000,800,2,1,0,0,0,0,0,0,0,0,0,0,0,0,0,0,3487.5,0,0.0025,False,False,False,True,False,False,False,False,False,False,False,False,False,False,False
2580000,800,2,1,0,0,0,0,0,0,0,0,0,0,0,0,0,0,3225.0,0,0.0025,False,False,False,True,False,False,False,False,False,False,False,False,False,False,False
3100000,1000,3,1,0,0,0,0,0,0,0,0,0,0,0,0,0,0,3100.0,0,0.003,False,False,False,True,False,False,False,False,False,False,False,False,False,False,False
2950000,1000,3,1,0,0,0,0,0,0,0,0,0,0,0,0,0,0,2950.0,0,0.003,False,False,False,True,False,False,False,False,False,False,False,False,False,False,False
2500000,1000,3,1,0,0,0,0,0,0,0,0,0,0,0,0,0,0,2500.0,0,0.003,False,False,False,True,False,False,False,False,False,False,False,False,False,False,False
2300000,1000,3,1,0,0,0,0,0,0,0,0,0,0,0,0,0,0,2300.0,0,0.003,False,False,False,True,False,False,False,False,False,False,False,False,False,False,False
2788000,800,2,1,0,0,0,0,0,0,0,0,0,0,0,0,0,0,3485.0,0,0.0025,False,False,False,True,False,False,False,False,False,False,False,False,False,False,False
3000000,800,2,1,0,0,0,0,0,0,0,0,0,0,0,0,0,0,3750.0,0,0.0025,False,False,False,True,False,False,False,False,False,False,False,False,False,False,False
2400000,1000,3,1,0,0,0,0,0,0,0,0,0,0,0,0,0,0,2400.0,0,0.003,False,False,False,True,False,False,False,False,False,False,False,False,False,False,False
2600000,800,2,1,0,0,0,0,0,0,0,0,0,0,0,0,0,0,3250.0,0,0.0025,False,False,False,True,False,False,False,False,False,False,False,False,False,False,False
2300000,1000,3,1,0,0,0,0,0,0,0,0,0,0,0,0,0,0,2300.0,0,0.003,False,False,False,True,False,False,False,False,False,False,False,False,False,False,False
2900000,800,2,1,0,0,0,0,0,0,0,0,0,0,0,0,0,0,3625.0,0,0.0025,False,False,False,True,False,False,False,False,False,False,False,False,False,False,False
2600000,1000,3,1,0,0,0,0,0,0,0,0,0,0,0,0,0,0,2600.0,0,0.003,False,False,False,True,False,False,False,False,False,False,False,False,False,False,False
2999000,1000,2,1,0,0,0,0,0,0,0,0,0,0,0,0,0,0,2999.0,0,0.002,False,False,False,True,False,False,False,False,False,False,False,False,False,False,False
2875000,1000,3,1,0,0,0,0,0,0,0,0,0,0,0,0,0,0,2875.0,0,0.003,False,False,False,True,False,False,False,False,False,False,False,False,False,False,False
2400000,800,2,1,0,0,0,0,0,0,0,0,0,0,0,0,0,0,3000.0,0,0.0025,False,False,False,True,False,False,False,False,False,False,False,False,False,False,False
2000000,800,2,1,0,0,0,0,0,0,0,0,0,0,0,0,0,0,2500.0,0,0.0025,False,False,False,True,False,False,False,False,False,False,False,False,False,False,False
2300000,800,2,1,0,0,0,0,0,0,0,0,0,0,0,0,0,0,2875.0,0,0.0025,False,False,False,True,False,False,False,False,False,False,False,False,False,False,False
2500000,800,2,1,0,0,0,0,0,0,0,0,0,0,0,0,0,0,3125.0,0,0.0025,False,False,False,True,False,False,False,False,False,False,False,False,False,False,False
2281000,1000,3,1,0,0,0,0,0,0,0,0,0,0,0,0,0,0,2281.0,0,0.003,False,False,False,True,False,False,False,False,False,False,False,False,False,False,False
3000000,800,2,1,0,0,0,0,0,0,0,0,0,0,0,0,0,0,3750.0,0,0.0025,False,False,False,True,False,False,False,False,False,False,False,False,False,False,False
2400000,1000,3,1,0,0,0,0,0,0,0,0,0,0,0,0,0,0,2400.0,0,0.003,False,False,False,True,False,False,False,False,False,False,False,False,False,False,False
2600000,800,2,1,0,0,0,0,0,0,0,0,0,0,0,0,0,0,3250.0,0,0.0025,False,False,False,True,False,False,False,False,False,False,False,False,False,False,False
2300000,1000,3,1,0,0,0,0,0,0,0,0,0,0,0,0,0,0,2300.0,0,0.003,False,False,False,True,False,False,False,False,False,False,False,False,False,False,False
2900000,800,2,1,0,0,0,0,0,0,0,0,0,0,0,0,0,0,3625.0,0,0.0025,False,False,False,True,False,False,False,False,False,False,False,False,False,False,False
2600000,1000,3,1,0,0,0,0,0,0,0,0,0,0,0,0,0,0,2600.0,0,0.003,False,False,False,True,False,False,False,False,False,False,False,False,False,False,False
2999000,1000,2,1,0,0,0,0,0,0,0,0,0,0,0,0,0,0,2999.0,0,0.002,False,False,False,True,False,False,False,False,False,False,False,False,False,False,False
2875000,1000,3,1,0,0,0,0,0,0,0,0,0,0,0,0,0,0,2875.0,0,0.003,False,False,False,True,False,False,False,False,False,False,False,False,False,False,False
2400000,800,2,1,0,0,0,0,0,0,0,0,0,0,0,0,0,0,3000.0,0,0.0025,False,False,False,True,False,False,False,False,False,False,False,False,False,False,False
2000000,800,2,1,0,0,0,0,0,0,0,0,0,0,0,0,0,0,2500.0,0,0.0025,False,False,False,True,False,False,False,False,False,False,False,False,False,False,False
2300000,800,2,1,0,0,0,0,0,0,0,0,0,0,0,0,0,0,2875.0,0,0.0025,False,False,False,True,False,False,False,False,False,False,False,False,False,False,False
2500000,800,2,1,0,0,0,0,0,0,0,0,0,0,0,0,0,0,3125.0,0,0.0025,False,False,False,True,False,False,False,False,False,False,False,False,False,False,False
2281000,1000,3,1,0,0,0,0,0,0,0,0,0,0,0,0,0,0,2281.0,0,0.003,False,False,False,True,False,False,False,False,False,False,False,False,False,False,False
2900000,800,2,1,0,0,0,0,0,0,0,0,0,0,0,0,0,0,3625.0,0,0.0025,False,False,False,True,False,False,False,False,False,False,False,False,False,False,False
2400000,1000,3,1,0,0,0,0,0,0,0,0,0,0,0,0,0,0,2400.0,0,0.003,False,False,False,True,False,False,False,False,False,False,False,False,False,False,False
2400000,801,2,1,0,0,0,0,0,0,0,0,0,0,0,0,0,0,2996.2546816479403,0,0.0024968789013732834,False,False,False,True,False,False,False,False,False,False,False,False,False,False,False
2800000,800,2,1,0,0,0,0,0,0,0,0,0,0,0,0,0,0,3500.0,0,0.0025,False,False,False,True,False,False,False,False,False,False,False,False,False,False,False
2800000,800,2,1,0,0,0,0,0,0,0,0,0,0,0,0,0,0,3500.0,0,0.0025,False,False,False,True,False,False,False,False,False,False,False,False,False,False,False
3077000,800,2,1,0,0,0,0,0,0,0,0,0,0,0,0,0,0,3846.25,0,0.0025,False,False,False,True,False,False,False,False,False,False,False,False,False,False,False
2597000,1000,3,1,0,0,0,0,0,0,0,0,0,0,0,0,0,0,2597.0,0,0.003,False,False,False,True,False,False,False,False,False,False,False,False,False,False,False
2361000,1000,3,1,0,0,0,0,0,0,0,0,0,0,0,0,0,0,2361.0,0,0.003,False,False,False,True,False,False,False,False,False,False,False,False,False,False,False
2000000,800,2,1,0,0,0,0,0,0,0,0,0,0,0,0,0,0,2500.0,0,0.0025,False,False,False,True,False,False,False,False,False,False,False,False,False,False,False
2250000,1000,3,1,0,0,0,0,0,0,0,0,0,0,0,0,0,0,2250.0,0,0.003,False,False,False,True,False,False,False,False,False,False,False,False,False,False,False
2780000,800,2,1,0,0,0,0,0,0,0,0,0,0,0,0,0,0,3475.0,0,0.0025,False,False,False,True,False,False,False,False,False,False,False,False,False,False,False
2270000,800,2,1,0,0,0,0,0,0,0,0,0,0,0,0,0,0,2837.5,0,0.0025,False,False,False,False,False,True,False,False,False,False,False,False,False,False,False
2590000,800,2,1,0,0,0,0,0,0,0,0,0,0,0,0,0,0,3237.5,0,0.0025,False,False,False,True,False,False,False,False,False,False,False,False,False,False,False
2399000,1000,3,1,0,0,0,0,0,0,0,0,0,0,0,0,0,0,2399.0,0,0.003,False,False,False,True,False,False,False,False,False,False,False,False,False,False,False
19000000,800,2,1,0,0,0,0,0,0,0,0,0,0,0,0,0,0,23750.0,0,0.0025,False,False,False,True,False,False,False,False,False,False,False,False,False,False,False
2300000,500,1,1,0,0,0,0,0,0,0,0,0,0,0,0,0,0,4600.0,0,0.002,False,False,False,True,False,False,False,False,False,False,False,False,False,False,False
2797000,800,2,1,0,0,0,0,0,0,0,0,0,0,0,0,0,0,3496.25,0,0.0025,False,False,False,True,False,False,False,False,False,False,False,False,False,False,False
2390000,800,2,1,0,0,0,0,0,0,0,0,0,0,0,0,0,0,2987.5,0,0.0025,False,False,False,True,False,False,False,False,False,False,False,False,False,False,False
2733000,800,2,1,0,0,0,0,0,0,0,0,0,0,0,0,0,0,3416.25,0,0.0025,False,False,False,True,False,False,False,False,False,False,False,False,False,False,False
2250000,800,2,1,0,0,0,0,0,0,0,0,0,0,0,0,0,0,2812.5,0,0.0025,False,False,False,True,False,False,False,False,False,False,False,False,False,False,False
3070000,800,2,1,0,0,0,0,0,0,0,0,0,0,0,0,0,0,3837.5,0,0.0025,False,False,False,True,False,False,False,False,False,False,False,False,False,False,False
2500000,1000,3,1,0,0,0,0,0,0,0,0,0,0,0,0,0,0,2500.0,0,0.003,False,False,False,True,False,False,False,False,False,False,False,False,False,False,False
2371000,1000,3,1,0,0,0,0,0,0,0,0,0,0,0,0,0,0,2371.0,0,0.003,False,False,False,True,False,False,False,False,False,False,False,False,False,False,False
2580000,800,2,1,0,0,0,0,0,0,0,0,0,0,0,0,0,0,3225.0,0,0.0025,False,False,False,True,False,False,False,False,False,False,False,False,False,False,False
3070000,1000,3,1,0,0,0,0,0,0,0,0,0,0,0,0,0,0,3070.0,0,0.003,False,False,False,True,False,False,False,False,False,False,False,False,False,False,False
5000000,1000,3,1,0,0,0,0,0,0,0,0,0,0,0,0,0,0,5000.0,0,0.003,False,False,False,True,False,False,False,False,False,False,False,False,False,False,False
2200000,500,1,1,0,0,0,0,0,0,0,0,0,0,0,0,0,0,4400.0,0,0.002,False,False,False,True,False,False,False,False,False,False,False,False,False,False,False
2400000,800,2,1,0,0,0,0,0,0,0,0,0,0,0,0,0,0,3000.0,0,0.0025,False,False,False,True,False,False,False,False,False,False,False,False,False,False,False
2325000,800,2,1,0,0,0,0,0,0,0,0,0,0,0,0,0,0,2906.25,0,0.0025,False,False,False,True,False,False,False,False,False,False,False,False,False,False,False
3000000,800,2,1,0,0,0,0,0,0,0,0,0,0,0,0,0,0,3750.0,0,0.0025,False,False,False,True,False,False,False,False,False,False,False,False,False,False,False
2900000,1000,3,1,0,0,0,0,0,0,0,0,0,0,0,0,0,0,2900.0,0,0.003,False,False,False,True,False,False,False,False,False,False,False,False,False,False,False
2300000,1000,3,1,0,0,0,0,0,0,0,0,0,0,0,0,0,0,2300.0,0,0.003,False,False,False,True,False,False,False,False,False,False,False,False,False,False,False
2800000,800,2,1,0,0,0,0,0,0,0,0,0,0,0,0,0,0,3500.0,0,0.0025,False,False,False,True,False,False,False,False,False,False,False,False,False,False,False
2900000,800,2,1,0,0,0,0,0,0,0,0,0,0,0,0,0,0,3625.0,0,0.0025,False,False,False,True,False,False,False,False,False,False,False,False,False,False,False
2400000,1000,3,1,0,0,0,0,0,0,0,0,0,0,0,0,0,0,2400.0,0,0.003,False,False,False,True,False,False,False,False,False,False,False,False,False,False,False
2800000,800,2,1,0,0,0,0,0,0,0,0,0,0,0,0,0,0,3500.0,0,0.0025,False,False,False,True,False,False,False,False,False,False,False,False,False,False,False
3000000,800,2,1,0,0,0,0,0,0,0,0,0,0,0,0,0,0,3750.0,0,0.0025,False,False,False,True,False,False,False,False,False,False,False,False,False,False,False
2300000,1000,3,1,0,0,0,0,0,0,0,0,0,0,0,0,0,0,2300.0,0,0.003,False,False,False,True,False,False,False,False,False,False,False,False,False,False,False
2800000,800,2,1,0,0,0,0,0,0,0,0,0,0,0,0,0,0,3500.0,0,0.0025,False,False,False,True,False,False,False,False,False,False,False,False,False,False,False
2350000,800,2,1,0,0,0,0,0,0,0,0,0,0,0,0,0,0,2937.5,0,0.0025,False,False,False,True,False,False,False,False,False,False,False,False,False,False,False
2700000,800,2,1,0,0,0,0,0,0,0,0,0,0,0,0,0,0,3375.0,0,0.0025,False,False,False,True,False,False,False,False,False,False,False,False,False,False,False
3100000,800,2,1,0,0,0,0,0,0,0,0,0,0,0,0,0,0,3875.0,0,0.0025,False,False,False,True,False,False,False,False,False,False,False,False,False,False,False
2310000,1000,3,1,0,0,0,0,0,0,0,0,0,0,0,0,0,0,2310.0,0,0.003,False,False,False,True,False,False,False,False,False,False,False,False,False,False,False
2800000,800,2,1,0,0,0,0,0,0,0,0,0,0,0,0,0,0,3500.0,0,0.0025,False,False,False,True,False,False,False,False,False,False,False,False,False,False,False
3050000,800,2,1,0,0,0,0,0,0,0,0,0,0,0,0,0,0,3812.5,0,0.0025,False,False,False,True,False,False,False,False,False,False,False,False,False,False,False
2400000,1000,3,1,0,0,0,0,0,0,0,0,0,0,0,0,0,0,2400.0,0,0.003,False,False,False,True,False,False,False,False,False,False,False,False,False,False,False
2350000,800,2,1,0,0,0,0,0,0,0,0,0,0,0,0,0,0,2937.5,0,0.0025,False,False,False,True,False,False,False,False,False,False,False,False,False,False,False
2780000,800,2,1,0,0,0,0,0,0,0,0,0,0,0,0,0,0,3475.0,0,0.0025,False,False,False,True,False,False,False,False,False,False,False,False,False,False,False
3050000,800,2,1,0,0,0,0,0,0,0,0,0,0,0,0,0,0,3812.5,0,0.0025,False,False,False,True,False,False,False,False,False,False,False,False,False,False,False
2800000,1000,3,1,0,0,0,0,0,0,0,0,0,0,0,0,0,0,2800.0,0,0.003,False,False,False,True,False,False,False,False,False,False,False,False,False,False,False
2900000,800,2,1,0,0,0,0,0,0,0,0,0,0,0,0,0,0,3625.0,0,0.0025,False,False,False,True,False,False,False,False,False,False,False,False,False,False,False
2300000,1000,3,1,0,0,0,0,0,0,0,0,0,0,0,0,0,0,2300.0,0,0.003,False,False,False,True,False,False,False,False,False,False,False,False,False,False,False
2800000,800,2,1,0,0,0,0,0,0,0,0,0,0,0,0,0,0,3500.0,0,0.0025,False,False,False,True,False,False,False,False,False,False,False,False,False,False,False
3019000,800,2,1,0,0,0,0,0,0,0,0,0,0,0,0,0,0,3773.75,0,0.0025,False,False,False,True,False,False,False,False,False,False,False,False,False,False,False
2389000,1000,3,1,0,0,0,0,0,0,0,0,0,0,0,0,0,0,2389.0,0,0.003,False,False,False,True,False,False,False,False,False,False,False,False,False,False,False
2800000,800,2,1,0,0,0,0,0,0,0,0,0,0,0,0,0,0,3500.0,0,0.0025,False,False,False,True,False,False,False,False,False,False,False,False,False,False,False
2950000,800,2,1,0,0,0,0,0,0,0,0,0,0,0,0,0,0,3687.5,0,0.0025,False,False,False,True,False,False,False,False,False,False,False,False,False,False,False
2400000,1000,3,1,0,0,0,0,0,0,0,0,0,0,0,0,0,0,2400.0,0,0.003,False,False,False,True,False,False,False,False,False,False,False,False,False,False,False
2325000,800,2,1,0,0,0,0,0,0,0,0,0,0,0,0,0,0,2906.25,0,0.0025,False,False,False,True,False,False,False,False,False,False,False,False,False,False,False
3000000,800,2,1,0,0,0,0,0,0,0,0,0,0,0,0,0,0,3750.0,0,0.0025,False,False,False,True,False,False,False,False,False,False,False,False,False,False,False
2900000,1000,3,1,0,0,0,0,0,0,0,0,0,0,0,0,0,0,2900.0,0,0.003,False,False,False,True,False,False,False,False,False,False,False,False,False,False,False
2300000,1000,3,1,0,0,0,0,0,0,0,0,0,0,0,0,0,0,2300.0,0,0.003,False,False,False,True,False,False,False,False,False,False,False,False,False,False,False
2800000,800,2,1,0,0,0,0,0,0,0,0,0,0,0,0,0,0,3500.0,0,0.0025,False,False,False,True,False,False,False,False,False,False,False,False,False,False,False
2900000,800,2,1,0,0,0,0,0,0,0,0,0,0,0,0,0,0,3625.0,0,0.0025,False,False,False,True,False,False,False,False,False,False,False,False,False,False,False
2400000,1000,3,1,0,0,0,0,0,0,0,0,0,0,0,0,0,0,2400.0,0,0.003,False,False,False,True,False,False,False,False,False,False,False,False,False,False,False
2800000,800,2,1,0,0,0,0,0,0,0,0,0,0,0,0,0,0,3500.0,0,0.0025,False,False,False,True,False,False,False,False,False,False,False,False,False,False,False
3000000,800,2,1,0,0,0,0,0,0,0,0,0,0,0,0,0,0,3750.0,0,0.0025,False,False,False,True,False,False,False,False,False,False,False,False,False,False,False
2300000,1000,3,1,0,0,0,0,0,0,0,0,0,0,0,0,0,0,2300.0,0,0.003,False,False,False,True,False,False,False,False,False,False,False,False,False,False,False
2800000,800,2,1,0,0,0,0,0,0,0,0,0,0,0,0,0,0,3500.0,0,0.0025,False,False,False,True,False,False,False,False,False,False,False,False,False,False,False
2290000,800,2,1,0,0,0,0,0,0,0,0,0,0,0,0,0,0,2862.5,0,0.0025,False,False,False,True,False,False,False,False,False,False,False,False,False,False,False
2780000,800,2,1,0,0,0,0,0,0,0,0,0,0,0,0,0,0,3475.0,0,0.0025,False,False,False,True,False,False,False,False,False,False,False,False,False,False,False
2315000,800,2,1,0,0,0,0,0,0,0,0,0,0,0,0,0,0,2893.75,0,0.0025,False,False,False,True,False,False,False,False,False,False,False,False,False,False,False
3300000,1000,3,1,0,0,0,0,0,0,0,0,0,0,0,0,0,0,3300.0,0,0.003,False,False,False,True,False,False,False,False,False,False,False,False,False,False,False
2206000,1000,3,1,0,0,0,0,0,0,0,0,0,0,0,0,0,0,2206.0,0,0.003,False,False,False,False,False,True,False,False,False,False,False,False,False,False,False
2911000,800,2,1,0,0,0,0,0,0,0,0,0,0,0,0,0,0,3638.75,0,0.0025,False,False,False,True,False,False,False,False,False,False,False,False,False,False,False
2805000,1000,3,1,0,0,0,0,0,0,0,0,0,0,0,0,0,0,2805.0,0,0.003,False,False,False,True,False,False,False,False,False,False,False,False,False,False,False
2229000,1000,3,1,0,0,0,0,0,0,0,0,0,0,0,0,0,0,2229.0,0,0.003,False,False,False,False,False,True,False,False,False,False,False,False,False,False,False
2714000,800,2,1,0,0,0,0,0,0,0,0,0,0,0,0,0,0,3392.5,0,0.0025,False,False,False,True,False,False,False,False,False,False,False,False,False,False,False
2980000,1000,3,1,0,0,0,0,0,0,0,0,0,0,0,0,0,0,2980.0,0,0.003,False,False,False,True,False,False,False,False,False,False,False,False,False,False,False
2143000,1000,3,1,0,0,0,0,0,0,0,0,0,0,0,0,0,0,2143.0,0,0.003,False,False,False,True,False,False,False,False,False,False,False,False,False,False,False
2387000,800,2,1,0,0,0,0,0,0,0,0,0,0,0,0,0,0,2983.75,0,0.0025,False,False,False,False,False,True,False,False,False,False,False,False,False,False,False
2800000,800,2,1,0,0,0,0,0,0,0,0,0,0,0,0,0,0,3500.0,0,0.0025,False,False,False,True,False,False,False,False,False,False,False,False,False,False,False
2180000,1000,3,1,0,0,0,0,0,0,0,0,0,0,0,0,0,0,2180.0,0,0.003,False,False,False,True,False,False,False,False,False,False,False,False,False,False,False
2223000,800,2,1,0,0,0,0,0,0,0,0,0,0,0,0,0,0,2778.75,0,0.0025,False,False,False,True,False,False,False,False,False,False,False,False,False,False,False
2143000,800,2,1,0,0,0,0,0,0,0,0,0,0,0,0,0,0,2678.75,0,0.0025,False,False,False,True,False,False,False,False,False,False,False,False,False,False,False
2122000,800,2,1,0,0,0,0,0,0,0,0,0,0,0,0,0,0,2652.5,0,0.0025,False,False,False,True,False,False,False,False,False,False,False,False,False,False,False
2250000,800,2,1,0,0,0,0,0,0,0,0,0,0,0,0,0,0,2812.5,0,0.0025,False,False,False,True,False,False,False,False,False,False,False,False,False,False,False
2889000,800,2,1,0,0,0,0,0,0,0,0,0,0,0,0,0,0,3611.25,0,0.0025,False,False,False,True,False,False,False,False,False,False,False,False,False,False,False
2188000,1000,3,1,0,0,0,0,0,0,0,0,0,0,0,0,0,0,2188.0,0,0.003,False,False,False,True,False,False,False,False,False,False,False,False,False,False,False
2100000,800,2,1,0,0,0,0,0,0,0,0,0,0,0,0,0,0,2625.0,0,0.0025,False,False,False,True,False,False,False,False,False,False,False,False,False,False,False
2150000,800,2,1,0,0,0,0,0,0,0,0,0,0,0,0,0,0,2687.5,0,0.0025,False,False,False,True,False,False,False,False,False,False,False,False,False,False,False
2205000,1000,3,1,0,0,0,0,0,0,0,0,0,0,0,0,0,0,2205.0,0,0.003,False,False,False,False,False,True,False,False,False,False,False,False,False,False,False
2159000,800,2,1,0,0,0,0,0,0,0,0,0,0,0,0,0,0,2698.75,0,0.0025,False,False,False,True,False,False,False,False,False,False,False,False,False,False,False
2221000,800,2,1,0,0,0,0,0,0,0,0,0,0,0,0,0,0,2776.25,0,0.0025,False,False,False,True,False,False,False,False,False,False,False,False,False,False,False
2282000,800,2,1,0,0,0,0,0,0,0,0,0,0,0,0,0,0,2852.5,0,0.0025,False,False,False,True,False,False,False,False,False,False,False,False,False,False,False
2086000,800,2,1,0,0,0,0,0,0,0,0,0,0,0,0,0,0,2607.5,0,0.0025,False,False,False,True,False,False,False,False,False,False,False,False,False,False,False
2230000,800,2,1,0,0,0,0,0,0,0,0,0,0,0,0,0,0,2787.5,0,0.0025,False,False,False,True,False,False,False,False,False,False,False,False,False,False,False
2535000,800,2,1,0,0,0,0,0,0,0,0,0,0,0,0,0,0,3168.75,0,0.0025,False,False,False,True,False,False,False,False,False,False,False,False,False,False,False
2730000,1000,3,1,0,0,0,0,0,0,0,0,0,0,0,0,0,0,2730.0,0,0.003,False,False,False,True,False,False,False,False,False,False,False,False,False,False,False
2120000,1000,3,1,0,0,0,0,0,0,0,0,0,0,0,0,0,0,2120.0,0,0.003,False,False,False,True,False,False,False,False,False,False,False,False,False,False,False
2235000,800,2,1,0,0,0,0,0,0,0,0,0,0,0,0,0,0,2793.75,0,0.0025,False,False,False,True,False,False,False,False,False,False,False,False,False,False,False
2410000,800,2,1,0,0,0,0,0,0,0,0,0,0,0,0,0,0,3012.5,0,0.0025,False,False,False,True,False,False,False,False,False,False,False,False,False,False,False
2080999,800,2,1,0,0,0,0,0,0,0,0,0,0,0,0,0,0,2601.24875,0,0.0025,False,False,False,True,False,False,False,False,False,False,False,False,False,False,False
2237000,800,2,1,0,0,0,0,0,0,0,0,0,0,0,0,0,0,2796.25,0,0.0025,False,False,False,True,False,False,False,False,False,False,False,False,False,False,False
2194000,800,2,1,0,0,0,0,0,0,0,0,0,0,0,0,0,0,2742.5,0,0.0025,False,False,False,True,False,False,False,False,False,False,False,False,False,False,False
2882000,800,2,1,0,0,0,0,0,0,0,0,0,0,0,0,0,0,3602.5,0,0.0025,False,False,False,True,False,False,False,False,False,False,False,False,False,False,False
2390000,1000,3,1,0,0,0,0,0,0,0,0,0,0,0,0,0,0,2390.0,0,0.003,False,False,False,True,False,False,False,False,False,False,False,False,False,False,False
2414000,800,2,1,0,0,0,0,0,0,0,0,0,0,0,0,0,0,3017.5,0,0.0025,False,False,False,True,False,False,False,False,False,False,False,False,False,False,False
3000000,800,2,1,0,0,0,0,0,0,0,0,0,0,0,0,0,0,3750.0,0,0.0025,False,False,False,True,False,False,False,False,False,False,False,False,False,False,False
2870000,1000,3,1,0,0,0,0,0,0,0,0,0,0,0,0,0,0,2870.0,0,0.003,False,False,False,True,False,False,False,False,False,False,False,False,False,False,False
2256000,1000,3,1,0,0,0,0,0,0,0,0,0,0,0,0,0,0,2256.0,0,0.003,False,False,False,True,False,False,False,False,False,False,False,False,False,False,False
2222000,800,2,1,0,0,0,0,0,0,0,0,0,0,0,0,0,0,2777.5,0,0.0025,False,False,False,True,False,False,False,False,False,False,False,False,False,False,False
2831000,800,2,1,0,0,0,0,0,0,0,0,0,0,0,0,0,0,3538.75,0,0.0025,False,False,False,True,False,False,False,False,False,False,False,False,False,False,False
2211000,1000,3,1,0,0,0,0,0,0,0,0,0,0,0,0,0,0,2211.0,0,0.003,False,False,False,True,False,False,False,False,False,False,False,False,False,False,False
2635000,800,2,1,0,0,0,0,0,0,0,0,0,0,0,0,0,0,3293.75,0,0.0025,False,False,False,True,False,False,False,False,False,False,False,False,False,False,False
2229000,801,2,1,0,0,0,0,0,0,0,0,0,0,0,0,0,0,2782.7715355805244,0,0.0024968789013732834,False,False,False,True,False,False,False,False,False,False,False,False,False,False,False
2190000,800,2,1,0,0,0,0,0,0,0,0,0,0,0,0,0,0,2737.5,0,0.0025,False,False,False,True,False,False,False,False,False,False,False,False,False,False,False
2361000,800,2,1,0,0,0,0,0,0,0,0,0,0,0,0,0,0,2951.25,0,0.0025,False,False,False,True,False,False,False,False,False,False,False,False,False,False,False
2980000,800,2,1,0,0,0,0,0,0,0,0,0,0,0,0,0,0,3725.0,0,0.0025,False,False,False,True,False,False,False,False,False,False,False,False,False,False,False
2358000,1000,3,1,0,0,0,0,0,0,0,0,0,0,0,0,0,0,2358.0,0,0.003,False,False,False,True,False,False,False,False,False,False,False,False,False,False,False
2073000,820,2,1,0,0,0,0,0,0,0,0,0,0,0,0,0,0,2528.048780487805,0,0.0024390243902439024,False,False,False,True,False,False,False,False,False,False,False,False,False,False,False
2336000,800,2,1,0,0,0,0,0,0,0,0,0,0,0,0,0,0,2920.0,0,0.0025,False,False,False,True,False,False,False,False,False,False,False,False,False,False,False
2943000,800,2,1,0,0,0,0,0,0,0,0,0,0,0,0,0,0,3678.75,0,0.0025,False,False,False,True,False,False,False,False,False,False,False,False,False,False,False
2820000,1000,3,1,0,0,0,0,0,0,0,0,0,0,0,0,0,0,2820.0,0,0.003,False,False,False,True,False,False,False,False,False,False,False,False,False,False,False
2211000,1000,3,1,0,0,0,0,0,0,0,0,0,0,0,0,0,0,2211.0,0,0.003,False,False,False,True,False,False,False,False,False,False,False,False,False,False,False
2353000,800,2,1,0,0,0,0,0,0,0,0,0,0,0,0,0,0,2941.25,0,0.0025,False,False,False,True,False,False,False,False,False,False,False,False,False,False,False
2942000,800,2,1,0,0,0,0,0,0,0,0,0,0,0,0,0,0,3677.5,0,0.0025,False,False,False,True,False,False,False,False,False,False,False,False,False,False,False
2883000,1000,3,1,0,0,0,0,0,0,0,0,0,0,0,0,0,0,2883.0,0,0.003,False,False,False,True,False,False,False,False,False,False,False,False,False,False,False
2181000,1000,3,1,0,0,0,0,0,0,0,0,0,0,0,0,0,0,2181.0,0,0.003,False,False,False,True,False,False,False,False,False,False,False,False,False,False,False
2207000,800,2,1,0,0,0,0,0,0,0,0,0,0,0,0,0,0,2758.75,0,0.0025,False,False,False,True,False,False,False,False,False,False,False,False,False,False,False
2800000,800,2,1,0,0,0,0,0,0,0,0,0,0,0,0,0,0,3500.0,0,0.0025,False,False,False,True,False,False,False,False,False,False,False,False,False,False,False
2714000,1000,3,1,0,0,0,0,0,0,0,0,0,0,0,0,0,0,2714.0,0,0.003,False,False,False,True,False,False,False,False,False,False,False,False,False,False,False
2132000,1000,3,1,0,0,0,0,0,0,0,0,0,0,0,0,0,0,2132.0,0,0.003,False,False,False,True,False,False,False,False,False,False,False,False,False,False,False
2184000,800,2,1,0,0,0,0,0,0,0,0,0,0,0,0,0,0,2730.0,0,0.0025,False,False,False,True,False,False,False,False,False,False,False,False,False,False,False
2263000,800,2,1,0,0,0,0,0,0,0,0,0,0,0,0,0,0,2828.75,0,0.0025,False,False,False,False,False,True,False,False,False,False,False,False,False,False,False
2777000,800,2,1,0,0,0,0,0,0,0,0,0,0,0,0,0,0,3471.25,0,0.0025,False,False,False,True,False,False,False,False,False,False,False,False,False,False,False
2239000,1000,3,1,0,0,0,0,0,0,0,0,0,0,0,0,0,0,2239.0,0,0.003,False,False,False,True,False,False,False,False,False,False,False,False,False,False,False
2810000,800,2,1,0,0,0,0,0,0,0,0,0,0,0,0,0,0,3512.5,0,0.0025,False,False,False,True,False,False,False,False,False,False,False,False,False,False,False
2059000,1000,3,1,0,0,0,0,0,0,0,0,0,0,0,0,0,0,2059.0,0,0.003,False,False,False,True,False,False,False,False,False,False,False,False,False,False,False
2273000,800,2,1,0,0,0,0,0,0,0,0,0,0,0,0,0,0,2841.25,0,0.0025,False,False,False,True,False,False,False,False,False,False,False,False,False,False,False
2780000,800,2,1,0,0,0,0,0,0,0,0,0,0,0,0,0,0,3475.0,0,0.0025,False,False,False,True,False,False,False,False,False,False,False,False,False,False,False
2286000,800,2,1,0,0,0,0,0,0,0,0,0,0,0,0,0,0,2857.5,0,0.0025,False,False,False,True,False,False,False,False,False,False,False,False,False,False,False
2150000,800,2,1,0,0,0,0,0,0,0,0,0,0,0,0,0,0,2687.5,0,0.0025,False,False,False,True,False,False,False,False,False,False,False,False,False,False,False
2213000,800,2,1,0,0,0,0,0,0,0,0,0,0,0,0,0,0,2766.25,0,0.0025,False,False,False,True,False,False,False,False,False,False,False,False,False,False,False
2900000,800,2,1,0,0,0,0,0,0,0,0,0,0,0,0,0,0,3625.0,0,0.0025,False,False,False,True,False,False,False,False,False,False,False,False,False,False,False
2987000,1000,3,1,0,0,0,0,0,0,0,0,0,0,0,0,0,0,2987.0,0,0.003,False,False,False,True,False,False,False,False,False,False,False,False,False,False,False
2258000,1000,3,1,0,0,0,0,0,0,0,0,0,0,0,0,0,0,2258.0,0,0.003,False,False,False,True,False,False,False,False,False,False,False,False,False,False,False
2897000,800,2,1,0,0,0,0,0,0,0,0,0,0,0,0,0,0,3621.25,0,0.0025,False,False,False,True,False,False,False,False,False,False,False,False,False,False,False
2223000,1000,3,1,0,0,0,0,0,0,0,0,0,0,0,0,0,0,2223.0,0,0.003,False,False,False,True,False,False,False,False,False,False,False,False,False,False,False
2100000,800,2,1,0,0,0,0,0,0,0,0,0,0,0,0,0,0,2625.0,0,0.0025,False,False,False,False,False,True,False,False,False,False,False,False,False,False,False
2700000,800,2,1,0,0,0,0,0,0,0,0,0,0,0,0,0,0,3375.0,0,0.0025,False,False,False,True,False,False,False,False,False,False,False,False,False,False,False
2011000,1000,3,1,0,0,0,0,0,0,0,0,0,0,0,0,0,0,2011.0,0,0.003,False,False,False,True,False,False,False,False,False,False,False,False,False,False,False
2188000,800,2,1,0,0,0,0,0,0,0,0,0,0,0,0,0,0,2735.0,0,0.0025,False,False,False,True,False,False,False,False,False,False,False,False,False,False,False
2887000,800,2,1,0,0,0,0,0,0,0,0,0,0,0,0,0,0,3608.75,0,0.0025,False,False,False,True,False,False,False,False,False,False,False,False,False,False,False
3029000,1000,3,1,0,0,0,0,0,0,0,0,0,0,0,0,0,0,3029.0,0,0.003,False,False,False,True,False,False,False,False,False,False,False,False,False,False,False
3021000,1000,3,1,0,0,0,0,0,0,0,0,0,0,0,0,0,0,3021.0,0,0.003,False,False,False,True,False,False,False,False,False,False,False,False,False,False,False
2361000,1000,3,1,0,0,0,0,0,0,0,0,0,0,0,0,0,0,2361.0,0,0.003,False,False,False,True,False,False,False,False,False,False,False,False,False,False,False
2900000,800,2,1,0,0,0,0,0,0,0,0,0,0,0,0,0,0,3625.0,0,0.0025,False,False,False,True,False,False,False,False,False,False,False,False,False,False,False
2247000,1000,3,1,0,0,0,0,0,0,0,0,0,0,0,0,0,0,2247.0,0,0.003,False,False,False,True,False,False,False,False,False,False,False,False,False,False,False
2180000,800,2,1,0,0,0,0,0,0,0,0,0,0,0,0,0,0,2725.0,0,0.0025,False,False,False,True,False,False,False,False,False,False,False,False,False,False,False
2110000,800,2,1,0,0,0,0,0,0,0,0,0,0,0,0,0,0,2637.5,0,0.0025,False,False,False,True,False,False,False,False,False,False,False,False,False,False,False
2840000,800,2,1,0,0,0,0,0,0,0,0,0,0,0,0,0,0,3550.0,0,0.0025,False,False,False,True,False,False,False,False,False,False,False,False,False,False,False
2300000,1000,3,1,0,0,0,0,0,0,0,0,0,0,0,0,0,0,2300.0,0,0.003,False,False,False,True,False,False,False,False,False,False,False,False,False,False,False
2012000,800,2,1,0,0,0,0,0,0,0,0,0,0,0,0,0,0,2515.0,0,0.0025,False,False,False,True,False,False,False,False,False,False,False,False,False,False,False
5000000,800,2,1,0,0,0,0,0,0,0,0,0,0,0,0,0,0,6250.0,0,0.0025,False,False,False,False,False,True,False,False,False,False,False,False,False,False,False
2303000,1000,3,1,0,0,0,0,0,0,0,0,0,0,0,0,0,0,2303.0,0,0.003,False,False,False,True,False,False,False,False,False,False,False,False,False,False,False
2362000,1000,3,1,0,0,0,0,0,0,0,0,0,0,0,0,0,0,2362.0,0,0.003,False,False,False,True,False,False,False,False,False,False,False,False,False,False,False
3132000,800,2,1,0,0,0,0,0,0,0,0,0,0,0,0,0,0,3915.0,0,0.0025,False,False,False,True,False,False,False,False,False,False,False,False,False,False,False
2087000,1000,3,1,0,0,0,0,0,0,0,0,0,0,0,0,0,0,2087.0,0,0.003,False,False,False,True,False,False,False,False,False,False,False,False,False,False,False
2900000,800,2,1,0,0,0,0,0,0,0,0,0,0,0,0,0,0,3625.0,0,0.0025,False,False,False,True,False,False,False,False,False,False,False,False,False,False,False
2129000,1000,3,1,0,0,0,0,0,0,0,0,0,0,0,0,0,0,2129.0,0,0.003,False,False,False,True,False,False,False,False,False,False,False,False,False,False,False
2952000,800,2,1,0,0,0,0,0,0,0,0,0,0,0,0,0,0,3690.0,0,0.0025,False,False,False,True,False,False,False,False,False,False,False,False,False,False,False
2240000,1000,3,1,0,0,0,0,0,0,0,0,0,0,0,0,0,0,2240.0,0,0.003,False,False,False,True,False,False,False,False,False,False,False,False,False,False,False
2210000,800,2,1,0,0,0,0,0,0,0,0,0,0,0,0,0,0,2762.5,0,0.0025,False,False,False,True,False,False,False,False,False,False,False,False,False,False,False
2909000,800,2,1,0,0,0,0,0,0,0,0,0,0,0,0,0,0,3636.25,0,0.0025,False,False,False,True,False,False,False,False,False,False,False,False,False,False,False
2053000,1000,3,1,0,0,0,0,0,0,0,0,0,0,0,0,0,0,2053.0,0,0.003,False,False,False,True,False,False,False,False,False,False,False,False,False,False,False
2180000,800,2,1,0,0,0,0,0,0,0,0,0,0,0,0,0,0,2725.0,0,0.0025,False,False,False,False,False,True,False,False,False,False,False,False,False,False,False
2891000,800,2,1,0,0,0,0,0,0,0,0,0,0,0,0,0,0,3613.75,0,0.0025,False,False,False,True,False,False,False,False,False,False,False,False,False,False,False
2350000,1000,3,1,0,0,0,0,0,0,0,0,0,0,0,0,0,0,2350.0,0,0.003,False,False,False,True,False,False,False,False,False,False,False,False,False,False,False
2900000,800,2,1,0,0,0,0,0,0,0,0,0,0,0,0,0,0,3625.0,0,0.0025,False,False,False,True,False,False,False,False,False,False,False,False,False,False,False
2900000,1005,3,1,0,0,0,0,0,0,0,0,0,0,0,0,0,0,2885.572139303483,0,0.0029850746268656717,False,False,False,True,False,False,False,False,False,False,False,False,False,False,False
2102000,1000,3,1,0,0,0,0,0,0,0,0,0,0,0,0,0,0,2102.0,0,0.003,False,False,False,True,False,False,False,False,False,False,False,False,False,False,False
2545000,800,2,1,0,0,0,0,0,0,0,0,0,0,0,0,0,0,3181.25,0,0.0025,False,False,False,True,False,False,False,False,False,False,False,False,False,False,False
2308000,1000,3,1,0,0,0,0,0,0,0,0,0,0,0,0,0,0,2308.0,0,0.003,False,False,False,True,False,False,False,False,False,False,False,False,False,False,False
2931000,800,2,1,0,0,0,0,0,0,0,0,0,0,0,0,0,0,3663.75,0,0.0025,False,False,False,True,False,False,False,False,False,False,False,False,False,False,False
2283000,1000,3,1,0,0,0,0,0,0,0,0,0,0,0,0,0,0,2283.0,0,0.003,False,False,False,True,False,False,False,False,False,False,False,False,False,False,False
2226000,800,2,1,0,0,0,0,0,0,0,0,0,0,0,0,0,0,2782.5,0,0.0025,False,False,False,True,False,False,False,False,False,False,False,False,False,False,False
2967000,800,2,1,0,0,0,0,0,0,0,0,0,0,0,0,0,0,3708.75,0,0.0025,False,False,False,True,False,False,False,False,False,False,False,False,False,False,False
2094000,1000,3,1,0,0,0,0,0,0,0,0,0,0,0,0,0,0,2094.0,0,0.003,False,False,False,True,False,False,False,False,False,False,False,False,False,False,False
2305000,800,2,1,0,0,0,0,0,0,0,0,0,0,0,0,0,0,2881.25,0,0.0025,False,False,False,True,False,False,False,False,False,False,False,False,False,False,False
2941000,800,2,1,0,0,0,0,0,0,0,0,0,0,0,0,0,0,3676.25,0,0.0025,False,False,False,True,False,False,False,False,False,False,False,False,False,False,False
2312000,1000,3,1,0,0,0,0,0,0,0,0,0,0,0,0,0,0,2312.0,0,0.003,False,False,False,True,False,False,False,False,False,False,False,False,False,False,False
2919000,800,2,1,0,0,0,0,0,0,0,0,0,0,0,0,0,0,3648.75,0,0.0025,False,False,False,True,False,False,False,False,False,False,False,False,False,False,False
2227000,800,2,1,0,0,0,0,0,0,0,0,0,0,0,0,0,0,2783.75,0,0.0025,False,False,False,True,False,False,False,False,False,False,False,False,False,False,False
2700000,800,2,1,0,0,0,0,0,0,0,0,0,0,0,0,0,0,3375.0,0,0.0025,False,False,False,True,False,False,False,False,False,False,False,False,False,False,False
2314000,1000,3,1,0,0,0,0,0,0,0,0,0,0,0,0,0,0,2314.0,0,0.003,False,False,False,True,False,False,False,False,False,False,False,False,False,False,False
2256000,800,2,1,0,0,0,0,0,0,0,0,0,0,0,0,0,0,2820.0,0,0.0025,False,False,False,True,False,False,False,False,False,False,False,False,False,False,False
2138000,800,2,1,0,0,0,0,0,0,0,0,0,0,0,0,0,0,2672.5,0,0.0025,False,False,False,True,False,False,False,False,False,False,False,False,False,False,False
2144000,800,2,1,0,0,0,0,0,0,0,0,0,0,0,0,0,0,2680.0,0,0.0025,False,False,False,True,False,False,False,False,False,False,False,False,False,False,False
2700000,800,2,1,0,0,0,0,0,0,0,0,0,0,0,0,0,0,3375.0,0,0.0025,False,False,False,True,False,False,False,False,False,False,False,False,False,False,False
2302000,1000,3,1,0,0,0,0,0,0,0,0,0,0,0,0,0,0,2302.0,0,0.003,False,False,False,True,False,False,False,False,False,False,False,False,False,False,False
2950000,800,2,1,0,0,0,0,0,0,0,0,0,0,0,0,0,0,3687.5,0,0.0025,False,False,False,True,False,False,False,False,False,False,False,False,False,False,False
2895000,1000,3,1,0,0,0,0,0,0,0,0,0,0,0,0,0,0,2895.0,0,0.003,False,False,False,True,False,False,False,False,False,False,False,False,False,False,False
2224000,1000,3,1,0,0,0,0,0,0,0,0,0,0,0,0,0,0,2224.0,0,0.003,False,False,False,True,False,False,False,False,False,False,False,False,False,False,False
2800000,800,2,1,0,0,0,0,0,0,0,0,0,0,0,0,0,0,3500.0,0,0.0025,False,False,False,True,False,False,False,False,False,False,False,False,False,False,False
2400000,1000,3,1,0,0,0,0,0,0,0,0,0,0,0,0,0,0,2400.0,0,0.003,False,False,False,False,False,True,False,False,False,False,False,False,False,False,False
2100000,800,2,1,0,0,0,0,0,0,0,0,0,0,0,0,0,0,2625.0,0,0.0025,False,False,False,True,False,False,False,False,False,False,False,False,False,False,False
2211000,800,2,1,0,0,0,0,0,0,0,0,0,0,0,0,0,0,2763.75,0,0.0025,False,False,False,True,False,False,False,False,False,False,False,False,False,False,False
2635000,800,2,1,0,0,0,0,0,0,0,0,0,0,0,0,0,0,3293.75,0,0.0025,False,False,False,True,False,False,False,False,False,False,False,False,False,False,False
2229000,801,2,1,0,0,0,0,0,0,0,0,0,0,0,0,0,0,2782.7715355805244,0,0.0024968789013732834,False,False,False,True,False,False,False,False,False,False,False,False,False,False,False
2190000,800,2,1,0,0,0,0,0,0,0,0,0,0,0,0,0,0,2737.5,0,0.0025,False,False,False,True,False,False,False,False,False,False,False,False,False,False,False
2361000,800,2,1,0,0,0,0,0,0,0,0,0,0,0,0,0,0,2951.25,0,0.0025,False,False,False,True,False,False,False,False,False,False,False,False,False,False,False
2980000,800,2,1,0,0,0,0,0,0,0,0,0,0,0,0,0,0,3725.0,0,0.0025,False,False,False,True,False,False,False,False,False,False,False,False,False,False,False
2358000,1000,3,1,0,0,0,0,0,0,0,0,0,0,0,0,0,0,2358.0,0,0.003,False,False,False,True,False,False,False,False,False,False,False,False,False,False,False
2073000,820,2,1,0,0,0,0,0,0,0,0,0,0,0,0,0,0,2528.048780487805,0,0.0024390243902439024,False,False,False,True,False,False,False,False,False,False,False,False,False,False,False
2336000,800,2,1,0,0,0,0,0,0,0,0,0,0,0,0,0,0,2920.0,0,0.0025,False,False,False,True,False,False,False,False,False,False,False,False,False,False,False
2943000,800,2,1,0,0,0,0,0,0,0,0,0,0,0,0,0,0,3678.75,0,0.0025,False,False,False,True,False,False,False,False,False,False,False,False,False,False,False
2820000,1000,3,1,0,0,0,0,0,0,0,0,0,0,0,0,0,0,2820.0,0,0.003,False,False,False,True,False,False,False,False,False,False,False,False,False,False,False
2211000,1000,3,1,0,0,0,0,0,0,0,0,0,0,0,0,0,0,2211.0,0,0.003,False,False,False,True,False,False,False,False,False,False,False,False,False,False,False
2353000,800,2,1,0,0,0,0,0,0,0,0,0,0,0,0,0,0,2941.25,0,0.0025,False,False,False,True,False,False,False,False,False,False,False,False,False,False,False
2942000,800,2,1,0,0,0,0,0,0,0,0,0,0,0,0,0,0,3677.5,0,0.0025,False,False,False,True,False,False,False,False,False,False,False,False,False,False,False
3020000,1000,3,1,0,0,0,0,0,0,0,0,0,0,0,0,0,0,3020.0,0,0.003,False,False,False,True,False,False,False,False,False,False,False,False,False,False,False
2293000,1000,3,1,0,0,0,0,0,0,0,0,0,0,0,0,0,0,2293.0,0,0.003,False,False,False,True,False,False,False,False,False,False,False,False,False,False,False
2222000,800,2,1,0,0,0,0,0,0,0,0,0,0,0,0,0,0,2777.5,0,0.0025,False,False,False,True,False,False,False,False,False,False,False,False,False,False,False
2870000,800,2,1,0,0,0,0,0,0,0,0,0,0,0,0,0,0,3587.5,0,0.0025,False,False,False,True,False,False,False,False,False,False,False,False,False,False,False
2350000,1000,3,1,0,0,0,0,0,0,0,0,0,0,0,0,0,0,2350.0,0,0.003,False,False,False,True,False,False,False,False,False,False,False,False,False,False,False
2900000,800,2,1,0,0,0,0,0,0,0,0,0,0,0,0,0,0,3625.0,0,0.0025,False,False,False,True,False,False,False,False,False,False,False,False,False,False,False
2356000,1000,3,1,0,0,0,0,0,0,0,0,0,0,0,0,0,0,2356.0,0,0.003,False,False,False,True,False,False,False,False,False,False,False,False,False,False,False
2400000,800,2,1,0,0,0,0,0,0,0,0,0,0,0,0,0,0,3000.0,0,0.0025,False,False,False,True,False,False,False,False,False,False,False,False,False,False,False
3000000,800,2,1,0,0,0,0,0,0,0,0,0,0,0,0,0,0,3750.0,0,0.0025,False,False,False,True,False,False,False,False,False,False,False,False,False,False,False
2055000,1000,3,1,0,0,0,0,0,0,0,0,0,0,0,0,0,0,2055.0,0,0.003,False,False,False,True,False,False,False,False,False,False,False,False,False,False,False
2199000,800,2,1,0,0,0,0,0,0,0,0,0,0,0,0,0,0,2748.75,0,0.0025,False,False,False,True,False,False,False,False,False,False,False,False,False,False,False
2200000,800,2,1,0,0,0,0,0,0,0,0,0,0,0,0,0,0,2750.0,0,0.0025,False,False,False,True,False,False,False,False,False,False,False,False,False,False,False
2900000,800,2,1,0,0,0,0,0,0,0,0,0,0,0,0,0,0,3625.0,0,0.0025,False,False,False,True,False,False,False,False,False,False,False,False,False,False,False
2790000,1000,3,1,0,0,0,0,0,0,0,0,0,0,0,0,0,0,2790.0,0,0.003,False,False,False,True,False,False,False,False,False,False,False,False,False,False,False
2100000,1000,3,1,0,0,0,0,0,0,0,0,0,0,0,0,0,0,2100.0,0,0.003,False,False,False,True,False,False,False,False,False,False,False,False,False,False,False
2169000,800,2,1,0,0,0,0,0,0,0,0,0,0,0,0,0,0,2711.25,0,0.0025,False,False,False,True,False,False,False,False,False,False,False,False,False,False,False
2383000,800,2,1,0,0,0,0,0,0,0,0,0,0,0,0,0,0,2978.75,0,0.0025,False,False,False,True,False,False,False,False,False,False,False,False,False,False,False
2952000,800,2,1,0,0,0,0,0,0,0,0,0,0,0,0,0,0,3690.0,0,0.0025,False,False,False,True,False,False,False,False,False,False,False,False,False,False,False
2167000,1000,3,1,0,0,0,0,0,0,0,0,0,0,0,0,0,0,2167.0,0,0.003,False,False,False,True,False,False,False,False,False,False,False,False,False,False,False
2750000,800,2,1,0,0,0,0,0,0,0,0,0,0,0,0,0,0,3437.5,0,0.0025,False,False,False,True,False,False,False,False,False,False,False,False,False,False,False
2107000,1000,3,1,0,0,0,0,0,0,0,0,0,0,0,0,0,0,2107.0,0,0.003,False,False,False,True,False,False,False,False,False,False,False,False,False,False,False
2400000,800,2,1,0,0,0,0,0,0,0,0,0,0,0,0,0,0,3000.0,0,0.0025,False,False,False,True,False,False,False,False,False,False,False,False,False,False,False
2350000,800,2,1,0,0,0,0,0,0,0,0,0,0,0,0,0,0,2937.5,0,0.0025,False,False,False,True,False,False,False,False,False,False,False,False,False,False,False
2116000,800,2,1,0,0,0,0,0,0,0,0,0,0,0,0,0,0,2645.0,0,0.0025,False,False,False,True,False,False,False,False,False,False,False,False,False,False,False
2019000,810,2,1,0,0,0,0,0,0,0,0,0,0,0,0,0,0,2492.5925925925926,0,0.0024691358024691358,False,False,False,True,False,False,False,False,False,False,False,False,False,False,False
2266000,800,2,1,0,0,0,0,0,0,0,0,0,0,0,0,0,0,2832.5,0,0.0025,False,False,False,True,False,False,False,False,False,False,False,False,False,False,False
2700000,800,2,1,0,0,0,0,0,0,0,0,0,0,0,0,0,0,3375.0,0,0.0025,False,False,False,True,False,False,False,False,False,False,False,False,False,False,False
2314000,1000,3,1,0,0,0,0,0,0,0,0,0,0,0,0,0,0,2314.0,0,0.003,False,False,False,True,False,False,False,False,False,False,False,False,False,False,False
2256000,800,2,1,0,0,0,0,0,0,0,0,0,0,0,0,0,0,2820.0,0,0.0025,False,False,False,True,False,False,False,False,False,False,False,False,False,False,False
2138000,800,2,1,0,0,0,0,0,0,0,0,0,0,0,0,0,0,2672.5,0,0.0025,False,False,False,True,False,False,False,False,False,False,False,False,False,False,False
2144000,800,2,1,0,0,0,0,0,0,0,0,0,0,0,0,0,0,2680.0,0,0.0025,False,False,False,True,False,False,False,False,False,False,False,False,False,False,False
2700000,800,2,1,0,0,0,0,0,0,0,0,0,0,0,0,0,0,3375.0,0,0.0025,False,False,False,True,False,False,False,False,False,False,False,False,False,False,False
2302000,1000,3,1,0,0,0,0,0,0,0,0,0,0,0,0,0,0,2302.0,0,0.003,False,False,False,True,False,False,False,False,False,False,False,False,False,False,False
2950000,800,2,1,0,0,0,0,0,0,0,0,0,0,0,0,0,0,3687.5,0,0.0025,False,False,False,True,False,False,False,False,False,False,False,False,False,False,False
2895000,1000,3,1,0,0,0,0,0,0,0,0,0,0,0,0,0,0,2895.0,0,0.003,False,False,False,True,False,False,False,False,False,False,False,False,False,False,False
2224000,1000,3,1,0,0,0,0,0,0,0,0,0,0,0,0,0,0,2224.0,0,0.003,False,False,False,True,False,False,False,False,False,False,False,False,False,False,False
2800000,800,2,1,0,0,0,0,0,0,0,0,0,0,0,0,0,0,3500.0,0,0.0025,False,False,False,True,False,False,False,False,False,False,False,False,False,False,False
2310000,1000,3,1,0,0,0,0,0,0,0,0,0,0,0,0,0,0,2310.0,0,0.003,False,False,False,False,False,True,False,False,False,False,False,False,False,False,False
2400000,800,2,1,0,0,0,0,0,0,0,0,0,0,0,0,0,0,3000.0,0,0.0025,False,False,False,True,False,False,False,False,False,False,False,False,False,False,False
2100000,800,2,1,0,0,0,0,0,0,0,0,0,0,0,0,0,0,2625.0,0,0.0025,False,False,False,True,False,False,False,False,False,False,False,False,False,False,False
2900000,800,2,1,0,0,0,0,0,0,0,0,0,0,0,0,0,0,3625.0,0,0.0025,False,False,False,True,False,False,False,False,False,False,False,False,False,False,False
2000000,1000,3,1,0,0,0,0,0,0,0,0,0,0,0,0,0,0,2000.0,0,0.003,False,False,False,True,False,False,False,False,False,False,False,False,False,False,False
2800000,800,2,1,0,0,0,0,0,0,0,0,0,0,0,0,0,0,3500.0,0,0.0025,False,False,False,True,False,False,False,False,False,False,False,False,False,False,False
2100000,800,2,1,0,0,0,0,0,0,0,0,0,0,0,0,0,0,2625.0,0,0.0025,False,False,False,True,False,False,False,False,False,False,False,False,False,False,False
2700000,800,2,1,0,0,0,0,0,0,0,0,0,0,0,0,0,0,3375.0,0,0.0025,False,False,False,True,False,False,False,False,False,False,False,False,False,False,False
2120000,800,2,1,0,0,0,0,0,0,0,0,0,0,0,0,0,0,2650.0,0,0.0025,False,False,False,True,False,False,False,False,False,False,False,False,False,False,False
2100000,800,2,1,0,0,0,0,0,0,0,0,0,0,0,0,0,0,2625.0,0,0.0025,False,False,False,True,False,False,False,False,False,False,False,False,False,False,False
2254000,800,2,1,0,0,0,0,0,0,0,0,0,0,0,0,0,0,2817.5,0,0.0025,False,False,False,False,False,True,False,False,False,False,False,False,False,False,False
2800000,800,2,1,0,0,0,0,0,0,0,0,0,0,0,0,0,0,3500.0,0,0.0025,False,False,False,False,False,True,False,False,False,False,False,False,False,False,False
2900000,1000,3,1,0,0,0,0,0,0,0,0,0,0,0,0,0,0,2900.0,0,0.003,False,False,False,False,False,True,False,False,False,False,False,False,False,False,False
2283000,1000,3,1,0,0,0,0,0,0,0,0,0,0,0,0,0,0,2283.0,0,0.003,False,False,False,False,False,True,False,False,False,False,False,False,False,False,False
2292000,800,2,1,0,0,0,0,0,0,0,0,0,0,0,0,0,0,2865.0,0,0.0025,False,False,False,False,False,True,False,False,False,False,False,False,False,False,False
2400000,800,2,1,0,0,0,0,0,0,0,0,0,0,0,0,0,0,3000.0,0,0.0025,False,False,False,False,False,True,False,False,False,False,False,False,False,False,False
2100000,800,2,1,0,0,0,0,0,0,0,0,0,0,0,0,0,0,2625.0,0,0.0025,False,False,False,True,False,False,False,False,False,False,False,False,False,False,False
2900000,800,2,1,0,0,0,0,0,0,0,0,0,0,0,0,0,0,3625.0,0,0.0025,False,False,False,True,False,False,False,False,False,False,False,False,False,False,False
2000000,1000,3,1,0,0,0,0,0,0,0,0,0,0,0,0,0,0,2000.0,0,0.003,False,False,False,True,False,False,False,False,False,False,False,False,False,False,False
2800000,800,2,1,0,0,0,0,0,0,0,0,0,0,0,0,0,0,3500.0,0,0.0025,False,False,False,True,False,False,False,False,False,False,False,False,False,False,False
2100000,800,2,1,0,0,0,0,0,0,0,0,0,0,0,0,0,0,2625.0,0,0.0025,False,False,False,True,False,False,False,False,False,False,False,False,False,False,False
2700000,800,2,1,0,0,0,0,0,0,0,0,0,0,0,0,0,0,3375.0,0,0.0025,False,False,False,True,False,False,False,False,False,False,False,False,False,False,False
2120000,800,2,1,0,0,0,0,0,0,0,0,0,0,0,0,0,0,2650.0,0,0.0025,False,False,False,True,False,False,False,False,False,False,False,False,False,False,False
2350000,800,2,1,0,0,0,0,0,0,0,0,0,0,0,0,0,0,2937.5,0,0.0025,False,False,False,True,False,False,False,False,False,False,False,False,False,False,False
3000000,800,2,1,0,0,0,0,0,0,0,0,0,0,0,0,0,0,3750.0,0,0.0025,False,False,False,True,False,False,False,False,False,False,False,False,False,False,False
2980000,1000,3,1,0,0,0,0,0,0,0,0,0,0,0,0,0,0,2980.0,0,0.003,False,False,False,False,False,True,False,False,False,False,False,False,False,False,False
2819000,800,2,1,0,0,0,0,0,0,0,0,0,0,0,0,0,0,3523.75,0,0.0025,False,False,False,True,False,False,False,False,False,False,False,False,False,False,False
2129000,1000,3,1,0,0,0,0,0,0,0,0,0,0,0,0,0,0,2129.0,0,0.003,False,False,False,True,False,False,False,False,False,False,False,False,False,False,False
2207000,800,2,1,0,0,0,0,0,0,0,0,0,0,0,0,0,0,2758.75,0,0.0025,False,False,False,True,False,False,False,False,False,False,False,False,False,False,False
2205000,800,2,1,0,0,0,0,0,0,0,0,0,0,0,0,0,0,2756.25,0,0.0025,False,False,False,True,False,False,False,False,False,False,False,False,False,False,False
2159000,800,2,1,0,0,0,0,0,0,0,0,0,0,0,0,0,0,2698.75,0,0.0025,False,False,False,True,False,False,False,False,False,False,False,False,False,False,False
2221000,800,2,1,0,0,0,0,0,0,0,0,0,0,0,0,0,0,2776.25,0,0.0025,False,False,False,True,False,False,False,False,False,False,False,False,False,False,False
2282000,800,2,1,0,0,0,0,0,0,0,0,0,0,0,0,0,0,2852.5,0,0.0025,False,False,False,True,False,False,False,False,False,False,False,False,False,False,False
2086000,800,2,1,0,0,0,0,0,0,0,0,0,0,0,0,0,0,2607.5,0,0.0025,False,False,False,True,False,False,False,False,False,False,False,False,False,False,False
2230000,800,2,1,0,0,0,0,0,0,0,0,0,0,0,0,0,0,2787.5,0,0.0025,False,False,False,True,False,False,False,False,False,False,False,False,False,False,False
2535000,800,2,1,0,0,0,0,0,0,0,0,0,0,0,0,0,0,3168.75,0,0.0025,False,False,False,True,False,False,False,False,False,False,False,False,False,False,False
2730000,1000,3,1,0,0,0,0,0,0,0,0,0,0,0,0,0,0,2730.0,0,0.003,False,False,False,True,False,False,False,False,False,False,False,False,False,False,False
2120000,1000,3,1,0,0,0,0,0,0,0,0,0,0,0,0,0,0,2120.0,0,0.003,False,False,False,True,False,False,False,False,False,False,False,False,False,False,False
2235000,800,2,1,0,0,0,0,0,0,0,0,0,0,0,0,0,0,2793.75,0,0.0025,False,False,False,True,False,False,False,False,False,False,False,False,False,False,False
2410000,800,2,1,0,0,0,0,0,0,0,0,0,0,0,0,0,0,3012.5,0,0.0025,False,False,False,True,False,False,False,False,False,False,False,False,False,False,False
2080999,800,2,1,0,0,0,0,0,0,0,0,0,0,0,0,0,0,2601.24875,0,0.0025,False,False,False,True,False,False,False,False,False,False,False,False,False,False,False
2237000,800,2,1,0,0,0,0,0,0,0,0,0,0,0,0,0,0,2796.25,0,0.0025,False,False,False,True,False,False,False,False,False,False,False,False,False,False,False
2194000,800,2,1,0,0,0,0,0,0,0,0,0,0,0,0,0,0,2742.5,0,0.0025,False,False,False,True,False,False,False,False,False,False,False,False,False,False,False
2882000,800,2,1,0,0,0,0,0,0,0,0,0,0,0,0,0,0,3602.5,0,0.0025,False,False,False,True,False,False,False,False,False,False,False,False,False,False,False
2390000,1000,3,1,0,0,0,0,0,0,0,0,0,0,0,0,0,0,2390.0,0,0.003,False,False,False,True,False,False,False,False,False,False,False,False,False,False,False
2910000,800,2,1,0,0,0,0,0,0,0,0,0,0,0,0,0,0,3637.5,0,0.0025,False,False,False,True,False,False,False,False,False,False,False,False,False,False,False
2236000,1000,3,1,0,0,0,0,0,0,0,0,0,0,0,0,0,0,2236.0,0,0.003,False,False,False,True,False,False,False,False,False,False,False,False,False,False,False
2913000,800,3,1,0,0,0,0,0,0,0,0,0,0,0,0,0,0,3641.25,0,0.00375,False,False,False,True,False,False,False,False,False,False,False,False,False,False,False
2814000,1000,3,1,0,0,0,0,0,0,0,0,0,0,0,0,0,0,2814.0,0,0.003,False,False,False,True,False,False,False,False,False,False,False,False,False,False,False
2165000,1000,3,1,0,0,0,0,0,0,0,0,0,0,0,0,0,0,2165.0,0,0.003,False,False,False,True,False,False,False,False,False,False,False,False,False,False,False
2246000,800,2,1,0,0,0,0,0,0,0,0,0,0,0,0,0,0,2807.5,0,0.0025,False,False,False,True,False,False,False,False,False,False,False,False,False,False,False
2350000,800,2,1,0,0,0,0,0,0,0,0,0,0,0,0,0,0,2937.5,0,0.0025,False,False,False,True,False,False,False,False,False,False,False,False,False,False,False
2843000,800,2,1,0,0,0,0,0,0,0,0,0,0,0,0,0,0,3553.75,0,0.0025,False,False,False,True,False,False,False,False,False,False,False,False,False,False,False
2284000,1000,3,1,0,0,0,0,0,0,0,0,0,0,0,0,0,0,2284.0,0,0.003,False,False,False,True,False,False,False,False,False,False,False,False,False,False,False
2883000,1000,3,1,0,0,0,0,0,0,0,0,0,0,0,0,0,0,2883.0,0,0.003,False,False,False,True,False,False,False,False,False,False,False,False,False,False,False
2181000,1000,3,1,0,0,0,0,0,0,0,0,0,0,0,0,0,0,2181.0,0,0.003,False,False,False,True,False,False,False,False,False,False,False,False,False,False,False
2207000,800,2,1,0,0,0,0,0,0,0,0,0,0,0,0,0,0,2758.75,0,0.0025,False,False,False,True,False,False,False,False,False,False,False,False,False,False,False
2800000,800,2,1,0,0,0,0,0,0,0,0,0,0,0,0,0,0,3500.0,0,0.0025,False,False,False,True,False,False,False,False,False,False,False,False,False,False,False
2714000,1000,3,1,0,0,0,0,0,0,0,0,0,0,0,0,0,0,2714.0,0,0.003,False,False,False,True,False,False,False,False,False,False,False,False,False,False,False
2132000,1000,3,1,0,0,0,0,0,0,0,0,0,0,0,0,0,0,2132.0,0,0.003,False,False,False,True,False,False,False,False,False,False,False,False,False,False,False
2184000,800,2,1,0,0,0,0,0,0,0,0,0,0,0,0,0,0,2730.0,0,0.0025,False,False,False,True,False,False,False,False,False,False,False,False,False,False,False
2263000,800,2,1,0,0,0,0,0,0,0,0,0,0,0,0,0,0,2828.75,0,0.0025,False,False,False,False,False,True,False,False,False,False,False,False,False,False,False
2777000,800,2,1,0,0,0,0,0,0,0,0,0,0,0,0,0,0,3471.25,0,0.0025,False,False,False,True,False,False,False,False,False,False,False,False,False,False,False
2239000,1000,3,1,0,0,0,0,0,0,0,0,0,0,0,0,0,0,2239.0,0,0.003,False,False,False,True,False,False,False,False,False,False,False,False,False,False,False
2810000,800,2,1,0,0,0,0,0,0,0,0,0,0,0,0,0,0,3512.5,0,0.0025,False,False,False,True,False,False,False,False,False,False,False,False,False,False,False
2059000,1000,3,1,0,0,0,0,0,0,0,0,0,0,0,0,0,0,2059.0,0,0.003,False,False,False,True,False,False,False,False,False,False,False,False,False,False,False
2273000,800,2,1,0,0,0,0,0,0,0,0,0,0,0,0,0,0,2841.25,0,0.0025,False,False,False,True,False,False,False,False,False,False,False,False,False,False,False
2780000,800,2,1,0,0,0,0,0,0,0,0,0,0,0,0,0,0,3475.0,0,0.0025,False,False,False,True,False,False,False,False,False,False,False,False,False,False,False
2800000,800,2,1,0,0,0,0,0,0,0,0,0,0,0,0,0,0,3500.0,0,0.0025,False,False,False,True,False,False,False,False,False,False,False,False,False,False,False
2980000,800,2,1,0,0,0,0,0,0,0,0,0,0,0,0,0,0,3725.0,0,0.0025,False,False,False,True,False,False,False,False,False,False,False,False,False,False,False
2700000,1000,3,1,0,0,0,0,0,0,0,0,0,0,0,0,0,0,2700.0,0,0.003,False,False,False,True,False,False,False,False,False,False,False,False,False,False,False
2150000,1000,3,1,0,0,0,0,0,0,0,0,0,0,0,0,0,0,2150.0,0,0.003,False,False,False,True,False,False,False,False,False,False,False,False,False,False,False
2125000,780,2,1,0,0,0,0,0,0,0,0,0,0,0,0,0,0,2724.358974358974,0,0.002564102564102564,False,False,False,True,False,False,False,False,False,False,False,False,False,False,False
2750000,800,2,1,0,0,0,0,0,0,0,0,0,0,0,0,0,0,3437.5,0,0.0025,False,False,False,True,False,False,False,False,False,False,False,False,False,False,False
3000000,1000,3,1,0,0,0,0,0,0,0,0,0,0,0,0,0,0,3000.0,0,0.003,False,False,False,True,False,False,False,False,False,False,False,False,False,False,False
3014000,1000,3,1,0,0,0,0,0,0,0,0,0,0,0,0,0,0,3014.0,0,0.003,False,False,False,True,False,False,False,False,False,False,False,False,False,False,False
2249000,1000,3,1,0,0,0,0,0,0,0,0,0,0,0,0,0,0,2249.0,0,0.003,False,False,False,False,False,True,False,False,False,False,False,False,False,False,False
2300000,800,2,1,0,0,0,0,0,0,0,0,0,0,0,0,0,0,2875.0,0,0.0025,False,False,False,False,False,True,False,False,False,False,False,False,False,False,False
2253000,800,2,1,0,0,0,0,0,0,0,0,0,0,0,0,0,0,2816.25,0,0.0025,False,False,False,True,False,False,False,False,False,False,False,False,False,False,False
2980000,1000,3,1,0,0,0,0,0,0,0,0,0,0,0,0,0,0,2980.0,0,0.003,False,False,False,True,False,False,False,False,False,False,False,False,False,False,False
2075000,1000,3,1,0,0,0,0,0,0,0,0,0,0,0,0,0,0,2075.0,0,0.003,False,False,False,True,False,False,False,False,False,False,False,False,False,False,False
2800000,800,2,1,0,0,0,0,0,0,0,0,0,0,0,0,0,0,3500.0,0,0.0025,False,False,False,True,False,False,False,False,False,False,False,False,False,False,False
2980000,1000,3,1,0,0,0,0,0,0,0,0,0,0,0,0,0,0,2980.0,0,0.003,False,False,False,False,False,True,False,False,False,False,False,False,False,False,False
2819000,800,2,1,0,0,0,0,0,0,0,0,0,0,0,0,0,0,3523.75,0,0.0025,False,False,False,True,False,False,False,False,False,False,False,False,False,False,False
2129000,1000,3,1,0,0,0,0,0,0,0,0,0,0,0,0,0,0,2129.0,0,0.003,False,False,False,True,False,False,False,False,False,False,False,False,False,False,False
2207000,800,2,1,0,0,0,0,0,0,0,0,0,0,0,0,0,0,2758.75,0,0.0025,False,False,False,True,False,False,False,False,False,False,False,False,False,False,False
2700000,800,2,1,0,0,0,0,0,0,0,0,0,0,0,0,0,0,3375.0,0,0.0025,False,False,False,True,False,False,False,False,False,False,False,False,False,False,False
2122000,1000,3,1,0,0,0,0,0,0,0,0,0,0,0,0,0,0,2122.0,0,0.003,False,False,False,True,False,False,False,False,False,False,False,False,False,False,False
2061000,800,2,1,0,0,0,0,0,0,0,0,0,0,0,0,0,0,2576.25,0,0.0025,False,False,False,True,False,False,False,False,False,False,False,False,False,False,False
2258000,800,2,1,0,0,0,0,0,0,0,0,0,0,0,0,0,0,2822.5,0,0.0025,False,False,False,True,False,False,False,False,False,False,False,False,False,False,False
2100000,800,2,1,0,0,0,0,0,0,0,0,0,0,0,0,0,0,2625.0,0,0.0025,False,False,False,True,False,False,False,False,False,False,False,False,False,False,False
2350000,800,2,1,0,0,0,0,0,0,0,0,0,0,0,0,0,0,2937.5,0,0.0025,False,False,False,True,False,False,False,False,False,False,False,False,False,False,False
2920000,800,2,1,0,0,0,0,0,0,0,0,0,0,0,0,0,0,3650.0,0,0.0025,False,False,False,True,False,False,False,False,False,False,False,False,False,False,False
2480000,1000,3,1,0,0,0,0,0,0,0,0,0,0,0,0,0,0,2480.0,0,0.003,False,False,False,True,False,False,False,False,False,False,False,False,False,False,False
2214000,800,2,1,0,0,0,0,0,0,0,0,0,0,0,0,0,0,2767.5,0,0.0025,False,False,False,True,False,False,False,False,False,False,False,False,False,False,False
2947000,800,2,1,0,0,0,0,0,0,0,0,0,0,0,0,0,0,3683.75,0,0.0025,False,False,False,True,False,False,False,False,False,False,False,False,False,False,False
3042000,1000,3,1,0,0,0,0,0,0,0,0,0,0,0,0,0,0,3042.0,0,0.003,False,False,False,True,False,False,False,False,False,False,False,False,False,False,False
3057000,1000,3,1,0,0,0,0,0,0,0,0,0,0,0,0,0,0,3057.0,0,0.003,False,False,False,True,False,False,False,False,False,False,False,False,False,False,False
2356000,1000,3,1,0,0,0,0,0,0,0,0,0,0,0,0,0,0,2356.0,0,0.003,False,False,False,True,False,False,False,False,False,False,False,False,False,False,False
2400000,800,2,1,0,0,0,0,0,0,0,0,0,0,0,0,0,0,3000.0,0,0.0025,False,False,False,True,False,False,False,False,False,False,False,False,False,False,False
3000000,800,2,1,0,0,0,0,0,0,0,0,0,0,0,0,0,0,3750.0,0,0.0025,False,False,False,True,False,False,False,False,False,False,False,False,False,False,False
2055000,1000,3,1,0,0,0,0,0,0,0,0,0,0,0,0,0,0,2055.0,0,0.003,False,False,False,True,False,False,False,False,False,False,False,False,False,False,False
2199000,800,2,1,0,0,0,0,0,0,0,0,0,0,0,0,0,0,2748.75,0,0.0025,False,False,False,True,False,False,False,False,False,False,False,False,False,False,False
2200000,800,2,1,0,0,0,0,0,0,0,0,0,0,0,0,0,0,2750.0,0,0.0025,False,False,False,True,False,False,False,False,False,False,False,False,False,False,False
2900000,800,2,1,0,0,0,0,0,0,0,0,0,0,0,0,0,0,3625.0,0,0.0025,False,False,False,True,False,False,False,False,False,False,False,False,False,False,False
2310000,1000,3,1,0,0,0,0,0,0,0,0,0,0,0,0,0,0,2310.0,0,0.003,False,False,False,True,False,False,False,False,False,False,False,False,False,False,False
2350000,800,2,1,0,0,0,0,0,0,0,0,0,0,0,0,0,0,2937.5,0,0.0025,False,False,False,True,False,False,False,False,False,False,False,False,False,False,False
2700000,800,2,1,0,0,0,0,0,0,0,0,0,0,0,0,0,0,3375.0,0,0.0025,False,False,False,True,False,False,False,False,False,False,False,False,False,False,False
3010000,800,2,1,0,0,0,0,0,0,0,0,0,0,0,0,0,0,3762.5,0,0.0025,False,False,False,True,False,False,False,False,False,False,False,False,False,False,False
2300000,1000,3,1,0,0,0,0,0,0,0,0,0,0,0,0,0,0,2300.0,0,0.003,False,False,False,True,False,False,False,False,False,False,False,False,False,False,False
2700000,800,2,1,0,0,0,0,0,0,0,0,0,0,0,0,0,0,3375.0,0,0.0025,False,False,False,True,False,False,False,False,False,False,False,False,False,False,False
2780000,800,2,1,0,0,0,0,0,0,0,0,0,0,0,0,0,0,3475.0,0,0.0025,False,False,False,True,False,False,False,False,False,False,False,False,False,False,False
2800000,800,2,1,0,0,0,0,0,0,0,0,0,0,0,0,0,0,3500.0,0,0.0025,False,False,False,True,False,False,False,False,False,False,False,False,False,False,False
2600000,800,2,1,0,0,0,0,0,0,0,0,0,0,0,0,0,0,3250.0,0,0.0025,False,False,False,True,False,False,False,False,False,False,False,False,False,False,False
2350000,1000,3,1,0,0,0,0,0,0,0,0,0,0,0,0,0,0,2350.0,0,0.003,False,False,False,True,False,False,False,False,False,False,False,False,False,False,False
3010000,800,2,1,0,0,0,0,0,0,0,0,0,0,0,0,0,0,3762.5,0,0.0025,False,False,False,True,False,False,False,False,False,False,False,False,False,False,False
2300000,1000,3,1,0,0,0,0,0,0,0,0,0,0,0,0,0,0,2300.0,0,0.003,False,False,False,True,False,False,False,False,False,False,False,False,False,False,False
2800000,800,2,1,0,0,0,0,0,0,0,0,0,0,0,0,0,0,3500.0,0,0.0025,False,False,False,True,False,False,False,False,False,False,False,False,False,False,False
2980000,800,2,1,0,0,0,0,0,0,0,0,0,0,0,0,0,0,3725.0,0,0.0025,False,False,False,True,False,False,False,False,False,False,False,False,False,False,False
2800000,1000,3,1,0,0,0,0,0,0,0,0,0,0,0,0,0,0,2800.0,0,0.003,False,False,False,True,False,False,False,False,False,False,False,False,False,False,False
3100000,800,2,1,0,0,0,0,0,0,0,0,0,0,0,0,0,0,3875.0,0,0.0025,False,False,False,True,False,False,False,False,False,False,False,False,False,False,False
2390000,1000,3,1,0,0,0,0,0,0,0,0,0,0,0,0,0,0,2390.0,0,0.003,False,False,False,True,False,False,False,False,False,False,False,False,False,False,False
2700000,800,2,1,0,0,0,0,0,0,0,0,0,0,0,0,0,0,3375.0,0,0.0025,False,False,False,True,False,False,False,False,False,False,False,False,False,False,False
5000000,800,2,1,0,0,0,0,0,0,0,0,0,0,0,0,0,0,6250.0,0,0.0025,False,False,False,True,False,False,False,False,False,False,False,False,False,False,False
3034000,500,1,1,0,0,0,0,0,0,0,0,0,0,0,0,0,0,6068.0,0,0.002,False,False,False,True,False,False,False,False,False,False,False,False,False,False,False
2350000,1000,3,1,0,0,0,0,0,0,0,0,0,0,0,0,0,0,2350.0,0,0.003,False,False,False,True,False,False,False,False,False,False,False,False,False,False,False
2500000,800,2,1,0,0,0,0,0,0,0,0,0,0,0,0,0,0,3125.0,0,0.0025,False,False,False,True,False,False,False,False,False,False,False,False,False,False,False
2700000,1000,3,1,0,0,0,0,0,0,0,0,0,0,0,0,0,0,2700.0,0,0.003,False,False,False,True,False,False,False,False,False,False,False,False,False,False,False
3000000,800,2,1,0,0,0,0,0,0,0,0,0,0,0,0,0,0,3750.0,0,0.0025,False,False,False,True,False,False,False,False,False,False,False,False,False,False,False
3300000,1000,3,1,0,0,0,0,0,0,0,0,0,0,0,0,0,0,3300.0,0,0.003,False,False,False,True,False,False,False,False,False,False,False,False,False,False,False
2450000,1000,3,1,0,0,0,0,0,0,0,0,0,0,0,0,0,0,2450.0,0,0.003,False,False,False,False,False,True,False,False,False,False,False,False,False,False,False
20299999,800,2,1,0,0,0,0,0,0,0,0,0,0,0,0,0,0,25374.99875,0,0.0025,False,False,False,True,False,False,False,False,False,False,False,False,False,False,False
3021000,1000,3,1,0,0,0,0,0,0,0,0,0,0,0,0,0,0,3021.0,0,0.003,False,False,False,True,False,False,False,False,False,False,False,False,False,False,False
2242000,1000,3,1,0,0,0,0,0,0,0,0,0,0,0,0,0,0,2242.0,0,0.003,False,False,False,True,False,False,False,False,False,False,False,False,False,False,False
2819000,800,2,1,0,0,0,0,0,0,0,0,0,0,0,0,0,0,3523.75,0,0.0025,False,False,False,True,False,False,False,False,False,False,False,False,False,False,False
2207000,1000,3,1,0,0,0,0,0,0,0,0,0,0,0,0,0,0,2207.0,0,0.003,False,False,False,True,False,False,False,False,False,False,False,False,False,False,False
2355000,800,2,1,0,0,0,0,0,0,0,0,0,0,0,0,0,0,2943.75,0,0.0025,False,False,False,True,False,False,False,False,False,False,False,False,False,False,False
2400000,800,2,1,0,0,0,0,0,0,0,0,0,0,0,0,0,0,3000.0,0,0.0025,False,False,False,True,False,False,False,False,False,False,False,False,False,False,False
2030000,800,2,1,0,0,0,0,0,0,0,0,0,0,0,0,0,0,2537.5,0,0.0025,False,False,False,True,False,False,False,False,False,False,False,False,False,False,False
2248000,1000,3,1,0,0,0,0,0,0,0,0,0,0,0,0,0,0,2248.0,0,0.003,False,False,False,True,False,False,False,False,False,False,False,False,False,False,False
2840000,800,2,1,0,0,0,0,0,0,0,0,0,0,0,0,0,0,3550.0,0,0.0025,False,False,False,True,False,False,False,False,False,False,False,False,False,False,False
2948000,1000,3,1,0,0,0,0,0,0,0,0,0,0,0,0,0,0,2948.0,0,0.003,False,False,False,True,False,False,False,False,False,False,False,False,False,False,False
2075000,1000,3,1,0,0,0,0,0,0,0,0,0,0,0,0,0,0,2075.0,0,0.003,False,False,False,True,False,False,False,False,False,False,False,False,False,False,False
2098000,800,2,1,0,0,0,0,0,0,0,0,0,0,0,0,0,0,2622.5,0,0.0025,False,False,False,True,False,False,False,False,False,False,False,False,False,False,False
2287000,800,2,1,0,0,0,0,0,0,0,0,0,0,0,0,0,0,2858.75,0,0.0025,False,False,False,True,False,False,False,False,False,False,False,False,False,False,False
2235000,810,2,1,0,0,0,0,0,0,0,0,0,0,0,0,0,0,2759.259259259259,0,0.0024691358024691358,False,False,False,True,False,False,False,False,False,False,False,False,False,False,False
2350000,800,2,1,0,0,0,0,0,0,0,0,0,0,0,0,0,0,2937.5,0,0.0025,False,False,False,True,False,False,False,False,False,False,False,False,False,False,False
2910000,800,2,1,0,0,0,0,0,0,0,0,0,0,0,0,0,0,3637.5,0,0.0025,False,False,False,True,False,False,False,False,False,False,False,False,False,False,False
2222000,1000,3,1,0,0,0,0,0,0,0,0,0,0,0,0,0,0,2222.0,0,0.003,False,False,False,True,False,False,False,False,False,False,False,False,False,False,False
2278000,800,2,1,0,0,0,0,0,0,0,0,0,0,0,0,0,0,2847.5,0,0.0025,False,False,False,True,False,False,False,False,False,False,False,False,False,False,False
2242000,800,2,1,0,0,0,0,0,0,0,0,0,0,0,0,0,0,2802.5,0,0.0025,False,False,False,True,False,False,False,False,False,False,False,False,False,False,False
2242000,800,2,1,0,0,0,0,0,0,0,0,0,0,0,0,0,0,2802.5,0,0.0025,False,False,False,True,False,False,False,False,False,False,False,False,False,False,False
2953000,800,2,1,0,0,0,0,0,0,0,0,0,0,0,0,0,0,3691.25,0,0.0025,False,False,False,True,False,False,False,False,False,False,False,False,False,False,False
2150000,1000,2,1,0,0,0,0,0,0,0,0,0,0,0,0,0,0,2150.0,0,0.002,False,False,False,True,False,False,False,False,False,False,False,False,False,False,False
2129000,800,2,1,0,0,0,0,0,0,0,0,0,0,0,0,0,0,2661.25,0,0.0025,False,False,False,False,False,True,False,False,False,False,False,False,False,False,False
2207000,800,2,1,0,0,0,0,0,0,0,0,0,0,0,0,0,0,2758.75,0,0.0025,False,False,False,True,False,False,False,False,False,False,False,False,False,False,False
2715000,800,2,1,0,0,0,0,0,0,0,0,0,0,0,0,0,0,3393.75,0,0.0025,False,False,False,True,False,False,False,False,False,False,False,False,False,False,False
2122000,1000,3,1,0,0,0,0,0,0,0,0,0,0,0,0,0,0,2122.0,0,0.003,False,False,False,True,False,False,False,False,False,False,False,False,False,False,False
2950000,800,2,1,0,0,0,0,0,0,0,0,0,0,0,0,0,0,3687.5,0,0.0025,False,False,False,True,False,False,False,False,False,False,False,False,False,False,False
2300000,1000,3,1,0,0,0,0,0,0,0,0,0,0,0,0,0,0,2300.0,0,0.003,False,False,False,True,False,False,False,False,False,False,False,False,False,False,False
2100000,800,2,1,0,0,0,0,0,0,0,0,0,0,0,0,0,0,2625.0,0,0.0025,False,False,False,True,False,False,False,False,False,False,False,False,False,False,False
2933000,800,2,1,0,0,0,0,0,0,0,0,0,0,0,0,0,0,3666.25,0,0.0025,False,False,False,True,False,False,False,False,False,False,False,False,False,False,False
2910000,1000,3,1,0,0,0,0,0,0,0,0,0,0,0,0,0,0,2910.0,0,0.003,False,False,False,True,False,False,False,False,False,False,False,False,False,False,False
2237000,1000,3,1,0,0,0,0,0,0,0,0,0,0,0,0,0,0,2237.0,0,0.003,False,False,False,True,False,False,False,False,False,False,False,False,False,False,False
2285000,800,2,1,0,0,0,0,0,0,0,0,0,0,0,0,0,0,2856.25,0,0.0025,False,False,False,True,False,False,False,False,False,False,False,False,False,False,False
2983000,800,2,1,0,0,0,0,0,0,0,0,0,0,0,0,0,0,3728.75,0,0.0025,False,False,False,True,False,False,False,False,False,False,False,False,False,False,False
2073999,1000,3,1,0,0,0,0,0,0,0,0,0,0,0,0,0,0,2073.999,0,0.003,False,False,False,True,False,False,False,False,False,False,False,False,False,False,False
2870000,800,2,1,0,0,0,0,0,0,0,0,0,0,0,0,0,0,3587.5,0,0.0025,False,False,False,True,False,False,False,False,False,False,False,False,False,False,False
2180000,1000,3,1,0,0,0,0,0,0,0,0,0,0,0,0,0,0,2180.0,0,0.003,False,False,False,True,False,False,False,False,False,False,False,False,False,False,False
2819000,800,2,1,0,0,0,0,0,0,0,0,0,0,0,0,0,0,3523.75,0,0.0025,False,False,False,True,False,False,False,False,False,False,False,False,False,False,False
2207000,1000,3,1,0,0,0,0,0,0,0,0,0,0,0,0,0,0,2207.0,0,0.003,False,False,False,True,False,False,False,False,False,False,False,False,False,False,False
2355000,800,2,1,0,0,0,0,0,0,0,0,0,0,0,0,0,0,2943.75,0,0.0025,False,False,False,True,False,False,False,False,False,False,False,False,False,False,False
2400000,800,2,1,0,0,0,0,0,0,0,0,0,0,0,0,0,0,3000.0,0,0.0025,False,False,False,True,False,False,False,False,False,False,False,False,False,False,False
2030000,800,2,1,0,0,0,0,0,0,0,0,0,0,0,0,0,0,2537.5,0,0.0025,False,False,False,True,False,False,False,False,False,False,False,False,False,False,False
2248000,1000,3,1,0,0,0,0,0,0,0,0,0,0,0,0,0,0,2248.0,0,0.003,False,False,False,True,False,False,False,False,False,False,False,False,False,False,False
2840000,800,2,1,0,0,0,0,0,0,0,0,0,0,0,0,0,0,3550.0,0,0.0025,False,False,False,True,False,False,False,False,False,False,False,False,False,False,False
2948000,1000,3,1,0,0,0,0,0,0,0,0,0,0,0,0,0,0,2948.0,0,0.003,False,False,False,True,False,False,False,False,False,False,False,False,False,False,False
2075000,1000,3,1,0,0,0,0,0,0,0,0,0,0,0,0,0,0,2075.0,0,0.003,False,False,False,True,False,False,False,False,False,False,False,False,False,False,False
2098000,800,2,1,0,0,0,0,0,0,0,0,0,0,0,0,0,0,2622.5,0,0.0025,False,False,False,True,False,False,False,False,False,False,False,False,False,False,False
2287000,800,2,1,0,0,0,0,0,0,0,0,0,0,0,0,0,0,2858.75,0,0.0025,False,False,False,True,False,False,False,False,False,False,False,False,False,False,False
2235000,810,2,1,0,0,0,0,0,0,0,0,0,0,0,0,0,0,2759.259259259259,0,0.0024691358024691358,False,False,False,True,False,False,False,False,False,False,False,False,False,False,False
2350000,800,2,1,0,0,0,0,0,0,0,0,0,0,0,0,0,0,2937.5,0,0.0025,False,False,False,True,False,False,False,False,False,False,False,False,False,False,False
2910000,800,2,1,0,0,0,0,0,0,0,0,0,0,0,0,0,0,3637.5,0,0.0025,False,False,False,True,False,False,False,False,False,False,False,False,False,False,False
2222000,1000,3,1,0,0,0,0,0,0,0,0,0,0,0,0,0,0,2222.0,0,0.003,False,False,False,True,False,False,False,False,False,False,False,False,False,False,False
2278000,800,2,1,0,0,0,0,0,0,0,0,0,0,0,0,0,0,2847.5,0,0.0025,False,False,False,True,False,False,False,False,False,False,False,False,False,False,False
2242000,800,2,1,0,0,0,0,0,0,0,0,0,0,0,0,0,0,2802.5,0,0.0025,False,False,False,True,False,False,False,False,False,False,False,False,False,False,False
2242000,800,2,1,0,0,0,0,0,0,0,0,0,0,0,0,0,0,2802.5,0,0.0025,False,False,False,True,False,False,False,False,False,False,False,False,False,False,False
2953000,800,2,1,0,0,0,0,0,0,0,0,0,0,0,0,0,0,3691.25,0,0.0025,False,False,False,True,False,False,False,False,False,False,False,False,False,False,False
2150000,1000,2,1,0,0,0,0,0,0,0,0,0,0,0,0,0,0,2150.0,0,0.002,False,False,False,True,False,False,False,False,False,False,False,False,False,False,False
2129000,800,2,1,0,0,0,0,0,0,0,0,0,0,0,0,0,0,2661.25,0,0.0025,False,False,False,False,False,True,False,False,False,False,False,False,False,False,False
2207000,800,2,1,0,0,0,0,0,0,0,0,0,0,0,0,0,0,2758.75,0,0.0025,False,False,False,True,False,False,False,False,False,False,False,False,False,False,False
2715000,800,2,1,0,0,0,0,0,0,0,0,0,0,0,0,0,0,3393.75,0,0.0025,False,False,False,True,False,False,False,False,False,False,False,False,False,False,False
2122000,1000,3,1,0,0,0,0,0,0,0,0,0,0,0,0,0,0,2122.0,0,0.003,False,False,False,True,False,False,False,False,False,False,False,False,False,False,False
2950000,800,2,1,0,0,0,0,0,0,0,0,0,0,0,0,0,0,3687.5,0,0.0025,False,False,False,True,False,False,False,False,False,False,False,False,False,False,False
2300000,1000,3,1,0,0,0,0,0,0,0,0,0,0,0,0,0,0,2300.0,0,0.003,False,False,False,True,False,False,False,False,False,False,False,False,False,False,False
2100000,800,2,1,0,0,0,0,0,0,0,0,0,0,0,0,0,0,2625.0,0,0.0025,False,False,False,True,False,False,False,False,False,False,False,False,False,False,False
2933000,800,2,1,0,0,0,0,0,0,0,0,0,0,0,0,0,0,3666.25,0,0.0025,False,False,False,True,False,False,False,False,False,False,False,False,False,False,False
2910000,1000,3,1,0,0,0,0,0,0,0,0,0,0,0,0,0,0,2910.0,0,0.003,False,False,False,True,False,False,False,False,False,False,False,False,False,False,False
2237000,1000,3,1,0,0,0,0,0,0,0,0,0,0,0,0,0,0,2237.0,0,0.003,False,False,False,True,False,False,False,False,False,False,False,False,False,False,False
2285000,800,2,1,0,0,0,0,0,0,0,0,0,0,0,0,0,0,2856.25,0,0.0025,False,False,False,True,False,False,False,False,False,False,False,False,False,False,False
2983000,800,2,1,0,0,0,0,0,0,0,0,0,0,0,0,0,0,3728.75,0,0.0025,False,False,False,True,False,False,False,False,False,False,False,False,False,False,False
2073999,1000,3,1,0,0,0,0,0,0,0,0,0,0,0,0,0,0,2073.999,0,0.003,False,False,False,True,False,False,False,False,False,False,False,False,False,False,False
2870000,800,2,1,0,0,0,0,0,0,0,0,0,0,0,0,0,0,3587.5,0,0.0025,False,False,False,True,False,False,False,False,False,False,False,False,False,False,False
2180000,1000,3,1,0,0,0,0,0,0,0,0,0,0,0,0,0,0,2180.0,0,0.003,False,False,False,True,False,False,False,False,False,False,False,False,False,False,False
2832000,800,2,1,0,0,0,0,0,0,0,0,0,0,0,0,0,0,3540.0,0,0.0025,False,False,False,True,False,False,False,False,False,False,False,False,False,False,False
3015000,1000,3,1,0,0,0,0,0,0,0,0,0,0,0,0,0,0,3015.0,0,0.003,False,False,False,True,False,False,False,False,False,False,False,False,False,False,False
3023000,1000,3,1,0,0,0,0,0,0,0,0,0,0,0,0,0,0,3023.0,0,0.003,False,False,False,True,False,False,False,False,False,False,False,False,False,False,False
2400000,800,3,1,0,0,0,0,0,0,0,0,0,0,0,0,0,0,3000.0,0,0.00375,False,False,False,True,False,False,False,False,False,False,False,False,False,False,False
2900000,800,2,1,0,0,0,0,0,0,0,0,0,0,0,0,0,0,3625.0,0,0.0025,False,False,False,True,False,False,False,False,False,False,False,False,False,False,False
2200000,1000,3,1,0,0,0,0,0,0,0,0,0,0,0,0,0,0,2200.0,0,0.003,False,False,False,True,False,False,False,False,False,False,False,False,False,False,False
3005000,800,2,1,0,0,0,0,0,0,0,0,0,0,0,0,0,0,3756.25,0,0.0025,False,False,False,True,False,False,False,False,False,False,False,False,False,False,False
2106000,1000,3,1,0,0,0,0,0,0,0,0,0,0,0,0,0,0,2106.0,0,0.003,False,False,False,True,False,False,False,False,False,False,False,False,False,False,False
2306000,800,2,1,0,0,0,0,0,0,0,0,0,0,0,0,0,0,2882.5,0,0.0025,False,False,False,True,False,False,False,False,False,False,False,False,False,False,False
2122000,800,2,1,0,0,0,0,0,0,0,0,0,0,0,0,0,0,2652.5,0,0.0025,False,False,False,True,False,False,False,False,False,False,False,False,False,False,False
3016000,800,2,1,0,0,0,0,0,0,0,0,0,0,0,0,0,0,3770.0,0,0.0025,False,False,False,True,False,False,False,False,False,False,False,False,False,False,False
3900000,1100,3,1,0,0,0,0,0,0,0,0,0,0,0,0,0,0,3545.4545454545455,0,0.0027272727272727275,False,False,False,True,False,False,False,False,False,False,False,False,False,False,False
2451000,750,2,1,0,0,0,0,0,0,0,0,0,0,0,0,0,0,3268.0,0,0.0026666666666666666,False,False,False,False,False,True,False,False,False,False,False,False,False,False,False
8500000,500,2,0,0,0,0,0,0,0,0,0,0,0,0,0,0,0,17000.0,0,0.004,False,False,False,False,False,False,False,False,False,False,False,False,False,True,False
20000000,855,2,1,0,0,0,0,0,0,0,0,0,0,0,0,0,0,23391.812865497075,0,0.0023391812865497076,False,False,False,False,False,True,False,False,False,False,False,False,False,False,False
4500000,1000,2,1,0,0,0,0,0,0,0,0,0,0,0,0,0,0,4500.0,0,0.002,False,False,False,False,False,True,False,False,False,False,False,False,False,False,False
6500000,850,2,1,0,0,0,0,0,0,0,0,0,0,0,0,0,0,7647.058823529412,0,0.002352941176470588,False,False,False,False,False,True,False,False,False,False,False,False,False,False,False
9500000,850,2,1,0,0,0,0,0,0,0,0,0,0,0,0,0,0,11176.470588235294,0,0.002352941176470588,False,False,False,False,False,True,False,False,False,False,False,False,False,False,False
4500000,850,3,1,0,0,0,0,0,0,0,0,0,0,0,0,0,0,5294.117647058823,0,0.0035294117647058825,False,False,False,False,False,True,False,False,False,False,False,False,False,False,False
5500000,800,2,1,0,0,0,0,0,0,0,0,0,0,0,0,0,0,6875.0,0,0.0025,False,False,False,False,False,True,False,False,False,False,False,False,False,False,False
8000000,750,2,1,0,0,0,0,0,0,0,0,0,0,0,0,0,0,10666.666666666666,0,0.0026666666666666666,False,False,False,False,False,True,False,False,False,False,False,False,False,False,False
6500000,950,3,1,0,0,0,0,0,0,0,0,0,0,0,0,0,0,6842.105263157895,0,0.003157894736842105,False,False,False,False,False,True,False,False,False,False,False,False,False,False,False
10000000,800,2,1,0,0,0,0,0,0,0,0,0,0,0,0,0,0,12500.0,0,0.0025,False,False,False,False,False,True,False,False,False,False,False,False,False,False,False
10000000,1100,3,1,0,0,0,0,0,0,0,0,0,0,0,0,0,0,9090.90909090909,0,0.0027272727272727275,False,False,False,False,False,True,False,False,False,False,False,False,False,False,False
7500000,850,2,1,0,0,0,0,0,0,0,0,0,0,0,0,0,0,8823.529411764706,0,0.002352941176470588,False,False,False,False,False,True,False,False,False,False,False,False,False,False,False
4700000,1000,3,0,0,0,0,0,0,0,0,0,0,0,0,0,0,0,4700.0,0,0.003,False,True,False,False,False,False,False,False,False,False,False,False,False,False,False
2000000,820,3,0,0,0,0,0,0,0,0,0,0,0,0,0,0,0,2439.0243902439024,0,0.003658536585365854,False,True,False,False,False,False,False,False,False,False,False,False,False,False,False
2700000,500,1,0,0,0,0,0,0,0,0,0,0,0,0,0,0,0,5400.0,0,0.002,False,True,False,False,False,False,False,False,False,False,False,False,False,False,False
2400000,625,2,0,0,0,0,0,0,0,0,0,0,0,0,0,0,0,3840.0,0,0.0032,False,True,False,False,False,False,False,False,False,False,False,False,False,False,False
8900000,525,2,0,0,0,0,0,0,0,0,0,0,0,0,0,0,0,16952.380952380954,0,0.0038095238095238095,False,True,False,False,False,False,False,False,False,False,False,False,False,False,False
3500000,1050,4,0,0,0,0,0,0,0,0,0,0,0,0,0,0,0,3333.3333333333335,0,0.0038095238095238095,False,True,False,False,False,False,False,False,False,False,False,False,False,False,False
4200000,750,2,0,0,0,0,0,0,0,0,0,0,0,0,0,0,0,5600.0,0,0.0026666666666666666,False,True,False,False,False,False,False,False,False,False,False,False,False,False,False
3651000,850,3,0,0,0,0,0,0,0,0,0,0,0,0,0,0,0,4295.294117647059,0,0.0035294117647058825,False,True,False,False,False,False,False,False,False,False,False,False,False,False,False
2451000,720,3,0,0,0,0,0,0,0,0,0,0,0,0,0,0,0,3404.1666666666665,0,0.004166666666666667,False,False,False,False,False,False,False,False,False,False,False,False,False,True,False
4551000,540,2,0,0,0,0,0,0,0,0,0,0,0,0,0,0,0,8427.777777777777,0,0.003703703703703704,False,False,False,False,False,False,False,False,False,False,False,False,False,True,False
3251000,900,3,0,0,0,0,0,0,0,0,0,0,0,0,0,0,0,3612.222222222222,0,0.0033333333333333335,False,False,False,False,False,False,False,False,False,False,False,False,False,True,False
2800000,675,3,0,0,0,0,0,0,0,0,0,0,0,0,0,0,0,4148.148148148148,0,0.0044444444444444444,False,False,False,False,False,False,False,False,False,False,False,False,False,True,False
4551000,650,2,0,0,0,0,0,0,0,0,0,0,0,0,0,0,0,7001.538461538462,0,0.003076923076923077,False,False,False,False,False,False,False,False,False,False,False,False,False,True,False
13000000,900,3,0,0,0,0,0,0,0,0,0,0,0,0,0,0,0,14444.444444444445,0,0.0033333333333333335,False,False,False,False,False,False,False,False,False,False,False,False,False,True,False
35500000,1700,3,1,0,0,0,0,0,0,0,0,0,0,0,0,0,0,20882.352941176472,0,0.0017647058823529412,False,False,False,False,False,False,True,False,False,False,False,False,False,False,False
5000000,2450,3,1,0,0,0,0,0,0,0,0,0,0,0,0,0,0,2040.8163265306123,0,0.0012244897959183673,False,False,False,False,False,True,False,False,False,False,False,False,False,False,False
4000000,1000,3,0,0,0,0,0,0,0,0,0,0,0,0,0,0,0,4000.0,0,0.003,False,True,False,False,False,False,False,False,False,False,False,False,False,False,False
2000000,900,3,0,0,0,0,0,0,0,0,0,0,0,0,0,0,0,2222.222222222222,0,0.0033333333333333335,False,True,False,False,False,False,False,False,False,False,False,False,False,False,False
5000000,500,1,0,0,0,0,0,0,0,0,0,0,0,0,0,0,0,10000.0,0,0.002,False,True,False,False,False,False,False,False,False,False,False,False,False,False,False
3000000,1000,3,0,0,0,0,0,0,0,0,0,0,0,0,0,0,0,3000.0,0,0.003,False,False,False,False,False,False,False,False,False,False,False,False,False,True,False
4000000,750,2,0,0,0,0,0,0,0,0,0,0,0,0,0,0,0,5333.333333333333,0,0.0026666666666666666,False,True,False,False,False,False,False,False,False,False,False,False,False,False,False
2600000,900,3,0,0,0,0,0,0,0,0,0,0,0,0,0,0,0,2888.8888888888887,0,0.0033333333333333335,False,False,False,False,False,False,False,False,False,False,False,False,False,True,False
3000000,650,2,0,0,0,0,0,0,0,0,0,0,0,0,0,0,0,4615.384615384615,0,0.003076923076923077,False,True,False,False,False,False,False,False,False,False,False,False,False,False,False
3500000,750,2,0,0,0,0,0,0,0,0,0,0,0,0,0,0,0,4666.666666666667,0,0.0026666666666666666,False,False,False,False,False,False,False,False,False,False,False,False,False,True,False
3500000,850,3,0,0,0,0,0,0,0,0,0,0,0,0,0,0,0,4117.64705882353,0,0.0035294117647058825,False,True,False,False,False,False,False,False,False,False,False,False,False,False,False
2500000,850,3,0,0,0,0,0,0,0,0,0,0,0,0,0,0,0,2941.176470588235,0,0.0035294117647058825,False,False,False,False,False,False,False,False,False,False,False,False,False,True,False
2500000,600,2,0,0,0,0,0,0,0,0,0,0,0,0,0,0,0,4166.666666666667,0,0.0033333333333333335,False,True,False,False,False,False,False,False,False,False,False,False,False,False,False
5500000,600,2,0,0,0,0,0,0,0,0,0,0,0,0,0,0,0,9166.666666666666,0,0.0033333333333333335,False,False,False,False,False,False,False,False,False,False,False,False,False,True,False
4000000,1050,3,0,0,0,0,0,0,0,0,0,0,0,0,0,0,0,3809.5238095238096,0,0.002857142857142857,False,False,False,False,False,False,False,False,False,False,False,False,False,True,False
7500000,800,2,0,0,0,0,0,0,0,0,0,0,0,0,0,0,0,9375.0,0,0.0025,False,False,False,False,False,False,False,False,False,False,False,False,False,True,False
7500000,850,1,1,0,0,0,0,0,0,0,0,0,0,0,0,0,0,8823.529411764706,0,0.001176470588235294,False,False,False,False,False,False,False,False,False,False,False,True,False,False,False
12000000,850,1,1,0,0,0,0,0,0,0,0,0,0,0,0,0,0,14117.64705882353,0,0.001176470588235294,False,False,False,False,False,False,False,False,False,False,False,True,False,False,False
54200000,1400,2,1,0,0,0,0,0,0,0,0,0,0,0,0,0,0,38714.28571428572,0,0.0014285714285714286,False,False,False,False,False,True,False,False,False,False,False,False,False,False,False
42300000,4376,4,1,0,0,0,0,0,0,0,0,0,0,0,0,0,0,9666.36197440585,0,0.0009140767824497258,False,False,False,False,False,True,False,False,False,False,False,False,False,False,False
5200000,1225,3,1,0,0,0,0,0,0,0,0,0,0,0,0,0,0,4244.897959183673,0,0.0024489795918367346,False,False,False,False,False,False,False,False,True,False,False,False,False,False,False
6500000,600,1,1,0,0,0,0,0,0,0,0,0,0,0,0,0,0,10833.333333333334,0,0.0016666666666666668,False,False,False,False,False,False,False,False,False,False,True,False,False,False,False
6500000,2360,3,1,0,0,0,0,0,0,0,0,0,0,0,0,0,0,2754.237288135593,0,0.001271186440677966,False,False,False,False,False,True,False,False,False,False,False,False,False,False,False
4500000,1020,2,1,0,0,0,0,0,0,0,0,0,0,0,0,0,0,4411.764705882353,0,0.00196078431372549,False,False,False,False,False,False,False,False,False,False,True,False,False,False,False
12800000,600,1,1,0,0,0,0,0,0,0,0,0,0,0,0,0,0,21333.333333333332,0,0.0016666666666666668,False,False,False,False,False,False,False,False,False,False,True,False,False,False,False
15000000,1400,2,1,0,0,0,0,0,0,0,0,0,0,0,0,0,0,10714.285714285714,0,0.0014285714285714286,False,False,False,False,False,False,False,False,False,False,False,False,True,False,False
60000000,1900,3,1,0,0,0,0,0,0,0,0,0,0,0,0,0,0,31578.947368421053,0,0.0015789473684210526,False,False,False,False,False,True,False,False,False,False,False,False,False,False,False
80000000,1103,2,1,0,0,0,0,0,0,0,0,0,0,0,0,0,0,72529.46509519493,0,0.001813236627379873,False,False,False,False,False,True,False,False,False,False,False,False,False,False,False
20000000,1105,2,1,0,0,0,0,0,0,0,0,0,0,0,0,0,0,18099.547511312216,0,0.0018099547511312218,False,False,False,False,False,True,False,False,False,False,False,False,False,False,False
50000000,1106,2,1,0,0,0,0,0,0,0,0,0,0,0,0,0,0,45207.956600361664,0,0.0018083182640144665,False,False,False,False,False,True,False,False,False,False,False,False,False,False,False
50000000,1107,2,1,0,0,0,0,0,0,0,0,0,0,0,0,0,0,45167.11833785004,0,0.0018066847335140017,False,False,False,False,False,True,False,False,False,False,False,False,False,False,False
55000000,1207,2,1,0,0,0,0,0,0,0,0,0,0,0,0,0,0,45567.52278376139,0,0.0016570008285004142,False,False,False,False,False,True,False,False,False,False,False,False,False,False,False
3500000,1201,2,1,0,0,0,0,0,0,0,0,0,0,0,0,0,0,2914.238134887594,0,0.0016652789342214821,False,False,False,False,False,True,False,False,False,False,False,False,False,False,False
2300000,585,2,1,0,0,0,0,0,0,0,0,0,0,0,0,0,0,3931.6239316239316,0,0.003418803418803419,False,False,False,False,False,True,False,False,False,False,False,False,False,False,False
3000000,800,2,1,0,0,0,0,0,0,0,0,0,0,0,0,0,0,3750.0,0,0.0025,False,False,False,False,False,True,False,False,False,False,False,False,False,False,False
2600000,1000,3,1,0,0,0,0,0,0,0,0,0,0,0,0,0,0,2600.0,0,0.003,False,False,False,True,False,False,False,False,False,False,False,False,False,False,False
2350000,1000,3,1,0,0,0,0,0,0,0,0,0,0,0,0,0,0,2350.0,0,0.003,False,False,False,True,False,False,False,False,False,False,False,False,False,False,False
17800000,800,2,1,0,0,0,0,0,0,0,0,0,0,0,0,0,0,22250.0,0,0.0025,False,False,False,True,False,False,False,False,False,False,False,False,False,False,False
2800000,800,2,1,0,0,0,0,0,0,0,0,0,0,0,0,0,0,3500.0,0,0.0025,False,False,False,True,False,False,False,False,False,False,False,False,False,False,False
2200000,800,2,1,0,0,0,0,0,0,0,0,0,0,0,0,0,0,2750.0,0,0.0025,False,False,False,True,False,False,False,False,False,False,False,False,False,False,False
2900000,800,2,1,0,0,0,0,0,0,0,0,0,0,0,0,0,0,3625.0,0,0.0025,False,False,False,True,False,False,False,False,False,False,False,False,False,False,False
2600000,1000,2,1,0,0,0,0,0,0,0,0,0,0,0,0,0,0,2600.0,0,0.002,False,False,False,True,False,False,False,False,False,False,False,False,False,False,False
2000000,1000,3,1,0,0,0,0,0,0,0,0,0,0,0,0,0,0,2000.0,0,0.003,False,False,False,True,False,False,False,False,False,False,False,False,False,False,False
8500000,800,2,1,0,0,0,0,0,0,0,0,0,0,0,0,0,0,10625.0,0,0.0025,False,False,False,True,False,False,False,False,False,False,False,False,False,False,False
16500000,1498,3,1,0,0,0,0,0,0,0,0,0,0,0,0,0,0,11014.686248331109,0,0.0020026702269692926,False,False,False,False,False,True,False,False,False,False,False,False,False,False,False
2700000,1965,3,1,0,0,0,0,0,0,0,0,0,0,0,0,0,0,1374.0458015267175,0,0.0015267175572519084,False,False,False,False,False,True,False,False,False,False,False,False,False,False,False
28000000,586,2,1,0,0,0,0,0,0,0,0,0,0,0,0,0,0,47781.56996587031,0,0.0034129692832764505,False,False,False,False,False,True,False,False,False,False,False,False,False,False,False
2500000,1600,4,1,0,0,0,0,0,0,0,0,0,0,0,0,0,0,1562.5,0,0.0025,False,False,False,False,False,True,False,False,False,False,False,False,False,False,False
2600000,600,1,1,0,0,0,0,0,0,0,0,0,0,0,0,0,0,4333.333333333333,0,0.0016666666666666668,False,False,False,False,False,True,False,False,False,False,False,False,False,False,False
2400000,600,1,1,0,0,0,0,0,0,0,0,0,0,0,0,0,0,4000.0,0,0.0016666666666666668,False,False,False,False,False,True,False,False,False,False,False,False,False,False,False
2600000,650,1,1,0,0,0,0,0,0,0,0,0,0,0,0,0,0,4000.0,0,0.0015384615384615385,False,False,False,False,False,True,False,False,False,False,False,False,False,False,False
3500000,750,2,1,0,0,0,0,0,0,0,0,0,0,0,0,0,0,4666.666666666667,0,0.0026666666666666666,False,False,False,False,False,True,False,False,False,False,False,False,False,False,False
6500000,1200,2,1,0,0,0,0,0,0,0,0,0,0,0,0,0,0,5416.666666666667,0,0.0016666666666666668,False,False,False,False,False,True,False,False,False,False,False,False,False,False,False
4700000,2900,4,1,0,0,0,0,0,0,0,0,0,0,0,0,0,0,1620.6896551724137,0,0.001379310344827586,False,False,False,False,False,True,False,False,False,False,False,False,False,False,False
2100000,650,2,1,0,0,0,0,0,0,0,0,0,0,0,0,0,0,3230.769230769231,0,0.003076923076923077,False,False,False,False,False,True,False,False,False,False,False,False,False,False,False
2500000,550,1,1,0,0,0,0,0,0,0,0,0,0,0,0,0,0,4545.454545454545,0,0.0018181818181818182,False,False,False,False,False,True,False,False,False,False,False,False,False,False,False
2500000,810,2,1,0,0,0,0,0,0,0,0,0,0,0,0,0,0,3086.41975308642,0,0.0024691358024691358,False,False,False,False,False,True,False,False,False,False,False,False,False,False,False
12500000,600,3,1,0,0,0,0,0,0,0,0,0,0,0,0,0,0,20833.333333333332,0,0.005,False,False,False,False,False,True,False,False,False,False,False,False,False,False,False
3600000,2700,6,1,0,0,0,0,0,0,0,0,0,0,0,0,0,0,1333.3333333333333,0,0.0022222222222222222,False,False,False,False,False,True,False,False,False,False,False,False,False,False,False
5400000,750,2,1,0,0,0,0,0,0,0,0,0,0,0,0,0,0,7200.0,0,0.0026666666666666666,False,False,False,False,False,True,False,False,False,False,False,False,False,False,False
4500000,1200,2,1,0,0,0,0,0,0,0,0,0,0,0,0,0,0,3750.0,0,0.0016666666666666668,False,False,False,False,False,True,False,False,False,False,False,False,False,False,False
5400000,1000,4,1,0,0,0,0,0,0,0,0,0,0,0,0,0,0,5400.0,0,0.004,False,False,False,False,False,True,False,False,False,False,False,False,False,False,False
5600000,550,1,1,0,0,0,0,0,0,0,0,0,0,0,0,0,0,10181.818181818182,0,0.0018181818181818182,False,False,False,False,False,True,False,False,False,False,False,False,False,False,False
2900000,810,2,1,0,0,0,0,0,0,0,0,0,0,0,0,0,0,3580.246913580247,0,0.0024691358024691358,False,False,False,False,False,True,False,False,False,False,False,False,False,False,False
11500000,900,2,1,0,0,0,0,0,0,0,0,0,0,0,0,0,0,12777.777777777777,0,0.0022222222222222222,False,False,False,False,False,True,False,False,False,False,False,False,False,False,False
6000000,1000,2,1,0,0,0,0,0,0,0,0,0,0,0,0,0,0,6000.0,0,0.002,False,False,False,False,False,False,False,False,True,False,False,False,False,False,False
35900000,240,1,1,0,0,0,0,0,0,0,0,0,0,0,0,0,0,149583.33333333334,0,0.004166666666666667,False,False,False,False,False,True,False,False,False,False,False,False,False,False,False
3590000,2000,3,1,0,0,0,0,0,0,0,0,0,0,0,0,0,0,1795.0,0,0.0015,False,False,False,False,False,True,False,False,False,False,False,False,False,False,False
3590999,2000,3,1,0,0,0,0,0,0,0,0,0,0,0,0,0,0,1795.4995,0,0.0015,False,False,False,False,False,True,False,False,False,False,False,False,False,False,False
6900000,2000,3,1,0,0,0,0,0,0,0,0,0,0,0,0,0,0,3450.0,0,0.0015,False,False,False,False,False,True,False,False,False,False,False,False,False,False,False
8600000,1537,3,1,0,0,0,0,0,0,0,0,0,0,0,0,0,0,5595.315549772284,0,0.001951854261548471,False,False,False,False,False,True,False,False,False,False,False,False,False,False,False
3700000,1709,3,1,0,0,0,0,0,0,0,0,0,0,0,0,0,0,2165.0087770626096,0,0.0017554125219426564,False,False,False,False,False,True,False,False,False,False,False,False,False,False,False
4500000,1100,2,1,0,0,0,0,0,0,0,0,0,0,0,0,0,0,4090.909090909091,0,0.0018181818181818182,False,False,False,False,False,True,False,False,False,False,False,False,False,False,False
13000000,2911,3,1,0,0,0,0,0,0,0,0,0,0,0,0,0,0,4465.819306080385,0,0.0010305736860185502,False,False,False,False,False,True,False,False,False,False,False,False,False,False,False
17500000,900,2,1,0,0,0,0,0,0,0,0,0,0,0,0,0,0,19444.444444444445,0,0.0022222222222222222,False,False,False,False,False,True,False,False,False,False,False,False,False,False,False
24000000,1200,3,1,0,0,0,0,0,0,0,0,0,0,0,0,0,0,20000.0,0,0.0025,False,False,False,False,False,True,False,False,False,False,False,False,False,False,False
24000000,1200,3,1,0,0,0,0,0,0,0,0,0,0,0,0,0,0,20000.0,0,0.0025,False,False,False,False,False,False,False,False,False,False,False,False,False,False,False
17500000,1200,3,1,0,0,0,0,0,0,0,0,0,0,0,0,0,0,14583.333333333334,0,0.0025,False,False,False,False,False,False,False,False,False,False,False,False,False,False,False
8500000,1200,3,1,0,0,0,0,0,0,0,0,0,0,0,0,0,0,7083.333333333333,0,0.0025,False,False,False,False,False,True,False,False,False,False,False,False,False,False,False
9000000,750,1,1,0,0,0,0,0,0,0,0,0,0,0,0,0,0,12000.0,0,0.0013333333333333333,False,False,False,False,False,False,False,False,False,False,False,False,False,False,True
3800000,750,1,1,0,0,0,0,0,0,0,0,0,0,0,0,0,0,5066.666666666667,0,0.0013333333333333333,False,False,False,False,False,False,False,False,False,False,False,False,False,False,True
6200000,720,3,1,0,0,0,0,0,0,0,0,0,0,0,0,0,0,8611.111111111111,0,0.004166666666666667,False,False,False,False,False,False,False,False,False,False,False,False,False,True,False
4700000,900,3,1,0,0,0,0,0,0,0,0,0,0,0,0,0,0,5222.222222222223,0,0.0033333333333333335,False,False,False,False,False,False,False,False,False,False,False,False,False,True,False
15500000,900,3,1,0,0,0,0,0,0,0,0,0,0,0,0,0,0,17222.222222222223,0,0.0033333333333333335,False,False,False,False,False,False,False,False,False,False,False,False,False,True,False
18000000,1050,2,1,0,0,0,0,0,0,0,0,0,0,0,0,0,0,17142.85714285714,0,0.0019047619047619048,False,False,False,False,False,False,False,False,False,False,False,False,False,False,True
2500000,1350,3,1,0,0,0,0,0,0,0,0,0,0,0,0,0,0,1851.851851851852,0,0.0022222222222222222,False,False,False,False,False,False,False,False,False,False,False,False,False,False,True
4000000,600,3,1,0,0,0,0,0,0,0,0,0,0,0,0,0,0,6666.666666666667,0,0.005,False,False,False,False,False,True,False,False,False,False,False,False,False,False,False
17500000,810,2,1,0,0,0,0,0,0,0,0,0,0,0,0,0,0,21604.938271604937,0,0.0024691358024691358,False,False,False,False,False,True,False,False,False,False,False,False,False,False,False
17500000,1442,3,1,0,0,0,0,0,0,0,0,0,0,0,0,0,0,12135.922330097088,0,0.0020804438280166435,False,False,False,False,False,True,False,False,False,False,False,False,False,False,False
4500000,1400,3,1,0,0,0,0,0,0,0,0,0,0,0,0,0,0,3214.285714285714,0,0.002142857142857143,False,False,False,False,False,True,False,False,False,False,False,False,False,False,False
14000000,677,2,1,0,0,0,0,0,0,0,0,0,0,0,0,0,0,20679.4682422452,0,0.0029542097488921715,False,False,False,False,False,True,False,False,False,False,False,False,False,False,False
43500000,1143,3,1,0,0,0,0,0,0,0,0,0,0,0,0,0,0,38057.74278215223,0,0.0026246719160104987,False,False,False,False,False,True,False,False,False,False,False,False,False,False,False
2800000,2340,4,1,0,0,0,0,0,0,0,0,0,0,0,0,0,0,1196.5811965811965,0,0.0017094017094017094,False,False,False,False,False,True,False,False,False,False,False,False,False,False,False
20000000,1250,3,1,0,0,0,0,0,0,0,0,0,0,0,0,0,0,16000.0,0,0.0024,False,False,False,False,False,True,False,False,False,False,False,False,False,False,False
32500000,1200,3,1,0,0,0,0,0,0,0,0,0,0,0,0,0,0,27083.333333333332,0,0.0025,False,False,False,False,False,False,False,False,False,False,True,False,False,False,False
198900000,2111,4,1,0,0,0,0,0,0,0,0,0,0,0,0,0,0,94220.74846044529,0,0.0018948365703458077,False,False,False,False,False,True,False,False,False,False,False,False,False,False,False
12500000,700,1,1,0,0,0,0,0,0,0,0,0,0,0,0,0,0,17857.14285714286,0,0.0014285714285714286,False,True,False,False,False,False,False,False,False,False,False,False,False,False,False
8500000,1490,3,1,0,0,0,0,0,0,0,0,0,0,0,0,0,0,5704.697986577181,0,0.0020134228187919465,False,False,False,False,False,True,False,False,False,False,False,False,False,False,False
17500000,1197,3,1,0,0,0,0,0,0,0,0,0,0,0,0,0,0,14619.883040935672,0,0.002506265664160401,False,False,False,False,False,True,False,False,False,False,False,False,False,False,False
18000000,605,3,1,0,0,0,0,0,0,0,0,0,0,0,0,0,0,29752.06611570248,0,0.0049586776859504135,False,False,False,False,False,True,False,False,False,False,False,False,False,False,False
30000000,1620,3,1,0,0,0,0,0,0,0,0,0,0,0,0,0,0,18518.51851851852,0,0.001851851851851852,False,False,False,False,False,True,False,False,False,False,False,False,False,False,False
12500000,2808,2,1,0,0,0,0,0,0,0,0,0,0,0,0,0,0,4451.5669515669515,0,0.0007122507122507123,False,False,False,False,False,True,False,False,False,False,False,False,False,False,False
30000000,1620,3,1,0,0,0,0,0,0,0,0,0,0,0,0,0,0,18518.51851851852,0,0.001851851851851852,False,False,False,False,False,True,False,False,False,False,False,False,False,False,False
2700000,2808,2,1,0,0,0,0,0,0,0,0,0,0,0,0,0,0,961.5384615384615,0,0.0007122507122507123,False,False,False,False,False,True,False,False,False,False,False,False,False,False,False
2100000,450,2,1,0,0,0,0,0,0,0,0,0,0,0,0,0,0,4666.666666666667,0,0.0044444444444444444,False,False,False,False,False,True,False,False,False,False,False,False,False,False,False
6500000,2160,4,1,0,0,0,0,0,0,0,0,0,0,0,0,0,0,3009.259259259259,0,0.001851851851851852,False,False,False,False,False,True,False,False,False,False,False,False,False,False,False
19000000,900,2,1,0,0,0,0,0,0,0,0,0,0,0,0,0,0,21111.11111111111,0,0.0022222222222222222,False,False,False,False,False,True,False,False,False,False,False,False,False,False,False
28000000,1610,2,1,0,0,0,0,0,0,0,0,0,0,0,0,0,0,17391.304347826088,0,0.0012422360248447205,False,False,False,False,False,True,False,False,False,False,False,False,False,False,False
11500000,1629,2,1,0,0,0,0,0,0,0,0,0,0,0,0,0,0,7059.545733578882,0,0.0012277470841006752,False,False,False,False,False,True,False,False,False,False,False,False,False,False,False
6000000,2700,6,1,0,0,0,0,0,0,0,0,0,0,0,0,0,0,2222.222222222222,0,0.0022222222222222222,False,False,False,False,False,True,False,False,False,False,False,False,False,False,False
6500000,1102,2,1,0,0,0,0,0,0,0,0,0,0,0,0,0,0,5898.366606170599,0,0.0018148820326678765,False,False,False,False,False,True,False,False,False,False,False,False,False,False,False
18000000,945,2,1,0,0,0,0,0,0,0,0,0,0,0,0,0,0,19047.619047619046,0,0.0021164021164021165,False,False,False,False,False,True,False,False,False,False,False,False,False,False,False
5500000,1620,2,1,0,0,0,0,0,0,0,0,0,0,0,0,0,0,3395.061728395062,0,0.0012345679012345679,False,False,False,False,False,True,False,False,False,False,False,False,False,False,False
17500000,738,2,1,0,0,0,0,0,0,0,0,0,0,0,0,0,0,23712.737127371274,0,0.0027100271002710027,False,False,False,False,False,True,False,False,False,False,False,False,False,False,False
5500000,1401,2,1,0,0,0,0,0,0,0,0,0,0,0,0,0,0,3925.7673090649537,0,0.0014275517487508922,False,False,False,False,False,True,False,False,False,False,False,False,False,False,False
8500000,738,2,1,0,0,0,0,0,0,0,0,0,0,0,0,0,0,11517.615176151761,0,0.0027100271002710027,False,False,False,False,False,True,False,False,False,False,False,False,False,False,False
6500000,1101,2,1,0,0,0,0,0,0,0,0,0,0,0,0,0,0,5903.723887375114,0,0.0018165304268846503,False,False,False,False,False,True,False,False,False,False,False,False,False,False,False
18000000,945,2,1,0,0,0,0,0,0,0,0,0,0,0,0,0,0,19047.619047619046,0,0.0021164021164021165,False,False,False,False,False,True,False,False,False,False,False,False,False,False,False
20000000,1620,3,1,0,0,0,0,0,0,0,0,0,0,0,0,0,0,12345.67901234568,0,0.001851851851851852,False,False,False,False,False,True,False,False,False,False,False,False,False,False,False
21000000,1800,2,1,0,0,0,0,0,0,0,0,0,0,0,0,0,0,11666.666666666666,0,0.0011111111111111111,False,False,False,False,False,True,False,False,False,False,False,False,False,False,False
13000000,1728,3,1,0,0,0,0,0,0,0,0,0,0,0,0,0,0,7523.148148148148,0,0.001736111111111111,False,False,False,False,False,True,False,False,False,False,False,False,False,False,False
70000000,1323,3,1,0,0,0,0,0,0,0,0,0,0,0,0,0,0,52910.05291005291,0,0.0022675736961451248,False,False,False,False,False,True,False,False,False,False,False,False,False,False,False
5500000,1422,3,1,0,0,0,0,0,0,0,0,0,0,0,0,0,0,3867.7918424753866,0,0.002109704641350211,False,False,False,False,False,True,False,False,False,False,False,False,False,False,False
6000000,1000,2,1,0,0,0,0,0,0,0,0,0,0,0,0,0,0,6000.0,0,0.002,False,False,False,False,False,True,False,False,False,False,False,False,False,False,False
2500000,927,2,1,0,0,0,0,0,0,0,0,0,0,0,0,0,0,2696.8716289104636,0,0.002157497303128371,False,False,False,False,False,True,False,False,False,False,False,False,False,False,False
66500000,450,2,1,0,0,0,0,0,0,0,0,0,0,0,0,0,0,147777.77777777778,0,0.0044444444444444444,False,False,False,False,False,True,False,False,False,False,False,False,False,False,False
6500000,400,2,1,0,0,0,0,0,0,0,0,0,0,0,0,0,0,16250.0,0,0.005,False,False,False,False,False,True,False,False,False,False,False,False,False,False,False
23500000,2195,4,1,0,0,0,0,0,0,0,0,0,0,0,0,0,0,10706.150341685649,0,0.0018223234624145787,False,False,False,False,False,True,False,False,False,False,False,False,False,False,False
3650000,2600,4,1,0,0,0,0,0,0,0,0,0,0,0,0,0,0,1403.8461538461538,0,0.0015384615384615385,False,False,False,False,False,False,False,False,False,True,False,False,False,False,False
2700000,540,2,1,0,0,0,0,0,0,0,0,0,0,0,0,0,0,5000.0,0,0.003703703703703704,False,False,False,False,False,True,False,False,False,False,False,False,False,False,False
4700000,585,2,1,0,0,0,0,0,0,0,0,0,0,0,0,0,0,8034.188034188034,0,0.003418803418803419,False,False,False,False,False,True,False,False,False,False,False,False,False,False,False
5100000,900,3,1,0,0,0,0,0,0,0,0,0,0,0,0,0,0,5666.666666666667,0,0.0033333333333333335,False,False,False,False,False,True,False,False,False,False,False,False,False,False,False
2300000,900,3,1,0,0,0,0,0,0,0,0,0,0,0,0,0,0,2555.5555555555557,0,0.0033333333333333335,False,False,False,False,False,True,False,False,False,False,False,False,False,False,False
3700000,500,2,1,0,0,0,0,0,0,0,0,0,0,0,0,0,0,7400.0,0,0.004,False,False,False,False,False,True,False,False,False,False,False,False,False,False,False
2500000,675,3,1,0,0,0,0,0,0,0,0,0,0,0,0,0,0,3703.703703703704,0,0.0044444444444444444,False,False,False,False,False,True,False,False,False,False,False,False,False,False,False
5015000,550,2,1,0,0,0,0,0,0,0,0,0,0,0,0,0,0,9118.181818181818,0,0.0036363636363636364,False,False,False,False,False,True,False,False,False,False,False,False,False,False,False
5800000,1930,4,1,0,0,0,0,0,0,0,0,0,0,0,0,0,0,3005.181347150259,0,0.002072538860103627,False,False,False,False,False,True,False,False,False,False,False,False,False,False,False
2500000,900,3,1,0,0,0,0,0,0,0,0,0,0,0,0,0,0,2777.777777777778,0,0.0033333333333333335,False,False,False,False,False,False,False,False,False,False,False,False,False,True,False
8750000,600,1,0,0,0,0,0,0,0,0,0,0,0,0,0,0,0,14583.333333333334,0,0.0016666666666666668,False,False,False,False,False,True,False,False,False,False,False,False,False,False,False
2100000,950,2,1,0,0,0,0,0,0,0,0,0,0,0,0,0,0,2210.5263157894738,0,0.002105263157894737,False,False,False,False,False,True,False,False,False,False,False,False,False,False,False
2950000,800,2,1,0,0,0,0,0,0,0,0,0,0,0,0,0,0,3687.5,0,0.0025,False,False,False,True,False,False,False,False,False,False,False,False,False,False,False
2400000,1000,3,1,0,0,0,0,0,0,0,0,0,0,0,0,0,0,2400.0,0,0.003,False,False,False,True,False,False,False,False,False,False,False,False,False,False,False
2400000,800,2,1,0,0,0,0,0,0,0,0,0,0,0,0,0,0,3000.0,0,0.0025,False,False,False,True,False,False,False,False,False,False,False,False,False,False,False
2715000,1000,3,1,0,0,0,0,0,0,0,0,0,0,0,0,0,0,2715.0,0,0.003,False,False,False,True,False,False,False,False,False,False,False,False,False,False,False
2600000,800,2,1,0,0,0,0,0,0,0,0,0,0,0,0,0,0,3250.0,0,0.0025,False,False,False,True,False,False,False,False,False,False,False,False,False,False,False
2330000,1000,3,1,0,0,0,0,0,0,0,0,0,0,0,0,0,0,2330.0,0,0.003,False,False,False,True,False,False,False,False,False,False,False,False,False,False,False
2871000,800,2,1,0,0,0,0,0,0,0,0,0,0,0,0,0,0,3588.75,0,0.0025,False,False,False,True,False,False,False,False,False,False,False,False,False,False,False
2254000,1000,3,1,0,0,0,0,0,0,0,0,0,0,0,0,0,0,2254.0,0,0.003,False,False,False,True,False,False,False,False,False,False,False,False,False,False,False
2247000,800,2,1,0,0,0,0,0,0,0,0,0,0,0,0,0,0,2808.75,0,0.0025,False,False,False,True,False,False,False,False,False,False,False,False,False,False,False
2880000,800,2,1,0,0,0,0,0,0,0,0,0,0,0,0,0,0,3600.0,0,0.0025,False,False,False,True,False,False,False,False,False,False,False,False,False,False,False
2378000,800,3,1,0,0,0,0,0,0,0,0,0,0,0,0,0,0,2972.5,0,0.00375,False,False,False,True,False,False,False,False,False,False,False,False,False,False,False
2249000,800,2,1,0,0,0,0,0,0,0,0,0,0,0,0,0,0,2811.25,0,0.0025,False,False,False,True,False,False,False,False,False,False,False,False,False,False,False
2500000,800,2,1,0,0,0,0,0,0,0,0,0,0,0,0,0,0,3125.0,0,0.0025,False,False,False,True,False,False,False,False,False,False,False,False,False,False,False
2900000,1000,3,1,0,0,0,0,0,0,0,0,0,0,0,0,0,0,2900.0,0,0.003,False,False,False,True,False,False,False,False,False,False,False,False,False,False,False
2250000,1000,3,1,0,0,0,0,0,0,0,0,0,0,0,0,0,0,2250.0,0,0.003,False,False,False,True,False,False,False,False,False,False,False,False,False,False,False
2255000,800,2,1,0,0,0,0,0,0,0,0,0,0,0,0,0,0,2818.75,0,0.0025,False,False,False,True,False,False,False,False,False,False,False,False,False,False,False
2900000,800,2,1,0,0,0,0,0,0,0,0,0,0,0,0,0,0,3625.0,0,0.0025,False,False,False,True,False,False,False,False,False,False,False,False,False,False,False
2900000,1000,3,1,0,0,0,0,0,0,0,0,0,0,0,0,0,0,2900.0,0,0.003,False,False,False,True,False,False,False,False,False,False,False,False,False,False,False
2828000,1000,3,1,0,0,0,0,0,0,0,0,0,0,0,0,0,0,2828.0,0,0.003,False,False,False,True,False,False,False,False,False,False,False,False,False,False,False
2100000,1000,3,1,0,0,0,0,0,0,0,0,0,0,0,0,0,0,2100.0,0,0.003,False,False,False,True,False,False,False,False,False,False,False,False,False,False,False
2900000,800,2,1,0,0,0,0,0,0,0,0,0,0,0,0,0,0,3625.0,0,0.0025,False,False,False,True,False,False,False,False,False,False,False,False,False,False,False
2138000,1000,3,1,0,0,0,0,0,0,0,0,0,0,0,0,0,0,2138.0,0,0.003,False,False,False,True,False,False,False,False,False,False,False,False,False,False,False
2250000,800,2,1,0,0,0,0,0,0,0,0,0,0,0,0,0,0,2812.5,0,0.0025,False,False,False,True,False,False,False,False,False,False,False,False,False,False,False
2326000,800,2,1,0,0,0,0,0,0,0,0,0,0,0,0,0,0,2907.5,0,0.0025,False,False,False,True,False,False,False,False,False,False,False,False,False,False,False
2900000,800,2,1,0,0,0,0,0,0,0,0,0,0,0,0,0,0,3625.0,0,0.0025,False,False,False,True,False,False,False,False,False,False,False,False,False,False,False
2650000,1000,3,1,0,0,0,0,0,0,0,0,0,0,0,0,0,0,2650.0,0,0.003,False,False,False,True,False,False,False,False,False,False,False,False,False,False,False
2250000,1000,3,1,0,0,0,0,0,0,0,0,0,0,0,0,0,0,2250.0,0,0.003,False,False,False,True,False,False,False,False,False,False,False,False,False,False,False
2715000,800,2,1,0,0,0,0,0,0,0,0,0,0,0,0,0,0,3393.75,0,0.0025,False,False,False,False,False,True,False,False,False,False,False,False,False,False,False
2250000,800,2,1,0,0,0,0,0,0,0,0,0,0,0,0,0,0,2812.5,0,0.0025,False,False,False,True,False,False,False,False,False,False,False,False,False,False,False
2980000,800,2,1,0,0,0,0,0,0,0,0,0,0,0,0,0,0,3725.0,0,0.0025,False,False,False,True,False,False,False,False,False,False,False,False,False,False,False
3025000,1000,3,1,0,0,0,0,0,0,0,0,0,0,0,0,0,0,3025.0,0,0.003,False,False,False,False,False,True,False,False,False,False,False,False,False,False,False
2240000,1000,3,1,0,0,0,0,0,0,0,0,0,0,0,0,0,0,2240.0,0,0.003,False,False,False,False,False,True,False,False,False,False,False,False,False,False,False
2300000,800,2,1,0,0,0,0,0,0,0,0,0,0,0,0,0,0,2875.0,0,0.0025,False,False,False,False,False,True,False,False,False,False,False,False,False,False,False
2398000,800,2,1,0,0,0,0,0,0,0,0,0,0,0,0,0,0,2997.5,0,0.0025,False,False,False,False,False,True,False,False,False,False,False,False,False,False,False
2990000,800,2,1,0,0,0,0,0,0,0,0,0,0,0,0,0,0,3737.5,0,0.0025,False,False,False,False,False,True,False,False,False,False,False,False,False,False,False
2896000,1000,3,1,0,0,0,0,0,0,0,0,0,0,0,0,0,0,2896.0,0,0.003,False,False,False,False,False,True,False,False,False,False,False,False,False,False,False
2262000,1000,3,1,0,0,0,0,0,0,0,0,0,0,0,0,0,0,2262.0,0,0.003,False,False,False,False,False,True,False,False,False,False,False,False,False,False,False
2813000,800,2,1,0,0,0,0,0,0,0,0,0,0,0,0,0,0,3516.25,0,0.0025,False,False,False,False,False,True,False,False,False,False,False,False,False,False,False
2205000,1000,3,1,0,0,0,0,0,0,0,0,0,0,0,0,0,0,2205.0,0,0.003,False,False,False,False,False,True,False,False,False,False,False,False,False,False,False
2262000,800,2,1,0,0,0,0,0,0,0,0,0,0,0,0,0,0,2827.5,0,0.0025,False,False,False,False,False,True,False,False,False,False,False,False,False,False,False
2813000,800,2,1,0,0,0,0,0,0,0,0,0,0,0,0,0,0,3516.25,0,0.0025,False,False,False,False,False,True,False,False,False,False,False,False,False,False,False
2205000,1000,3,1,0,0,0,0,0,0,0,0,0,0,0,0,0,0,2205.0,0,0.003,False,False,False,False,False,True,False,False,False,False,False,False,False,False,False
3005000,800,2,1,0,0,0,0,0,0,0,0,0,0,0,0,0,0,3756.25,0,0.0025,False,False,False,False,False,True,False,False,False,False,False,False,False,False,False
2374000,1000,3,1,0,0,0,0,0,0,0,0,0,0,0,0,0,0,2374.0,0,0.003,False,False,False,False,False,True,False,False,False,False,False,False,False,False,False
2980000,800,2,1,0,0,0,0,0,0,0,0,0,0,0,0,0,0,3725.0,0,0.0025,False,False,False,False,False,True,False,False,False,False,False,False,False,False,False
2957000,1000,3,1,0,0,0,0,0,0,0,0,0,0,0,0,0,0,2957.0,0,0.003,False,False,False,True,False,False,False,False,False,False,False,False,False,False,False
2950000,1000,3,1,0,0,0,0,0,0,0,0,0,0,0,0,0,0,2950.0,0,0.003,False,False,False,True,False,False,False,False,False,False,False,False,False,False,False
2053000,1000,3,1,0,0,0,0,0,0,0,0,0,0,0,0,0,0,2053.0,0,0.003,False,False,False,False,False,True,False,False,False,False,False,False,False,False,False
2817000,800,2,1,0,0,0,0,0,0,0,0,0,0,0,0,0,0,3521.25,0,0.0025,False,False,False,True,False,False,False,False,False,False,False,False,False,False,False
2650000,1000,3,1,0,0,0,0,0,0,0,0,0,0,0,0,0,0,2650.0,0,0.003,False,False,False,True,False,False,False,False,False,False,False,False,False,False,False
2250000,1000,3,1,0,0,0,0,0,0,0,0,0,0,0,0,0,0,2250.0,0,0.003,False,False,False,True,False,False,False,False,False,False,False,False,False,False,False
2250000,800,2,1,0,0,0,0,0,0,0,0,0,0,0,0,0,0,2812.5,0,0.0025,False,False,False,False,False,True,False,False,False,False,False,False,False,False,False
2980000,800,2,1,0,0,0,0,0,0,0,0,0,0,0,0,0,0,3725.0,0,0.0025,False,False,False,True,False,False,False,False,False,False,False,False,False,False,False
3025000,1000,3,1,0,0,0,0,0,0,0,0,0,0,0,0,0,0,3025.0,0,0.003,False,False,False,False,False,True,False,False,False,False,False,False,False,False,False
2240000,1000,3,1,0,0,0,0,0,0,0,0,0,0,0,0,0,0,2240.0,0,0.003,False,False,False,False,False,True,False,False,False,False,False,False,False,False,False
2300000,800,2,1,0,0,0,0,0,0,0,0,0,0,0,0,0,0,2875.0,0,0.0025,False,False,False,False,False,True,False,False,False,False,False,False,False,False,False
2398000,800,2,1,0,0,0,0,0,0,0,0,0,0,0,0,0,0,2997.5,0,0.0025,False,False,False,False,False,True,False,False,False,False,False,False,False,False,False
2990000,800,2,1,0,0,0,0,0,0,0,0,0,0,0,0,0,0,3737.5,0,0.0025,False,False,False,False,False,True,False,False,False,False,False,False,False,False,False
2321000,1000,3,1,0,0,0,0,0,0,0,0,0,0,0,0,0,0,2321.0,0,0.003,False,False,False,False,False,True,False,False,False,False,False,False,False,False,False
2850000,800,2,1,0,0,0,0,0,0,0,0,0,0,0,0,0,0,3562.5,0,0.0025,False,False,False,True,False,False,False,False,False,False,False,False,False,False,False
3020000,1000,3,1,0,0,0,0,0,0,0,0,0,0,0,0,0,0,3020.0,0,0.003,False,False,False,True,False,False,False,False,False,False,False,False,False,False,False
2197000,1000,3,1,0,0,0,0,0,0,0,0,0,0,0,0,0,0,2197.0,0,0.003,False,False,False,True,False,False,False,False,False,False,False,False,False,False,False
2100000,800,2,1,0,0,0,0,0,0,0,0,0,0,0,0,0,0,2625.0,0,0.0025,False,False,False,True,False,False,False,False,False,False,False,False,False,False,False
2126000,800,2,1,0,0,0,0,0,0,0,0,0,0,0,0,0,0,2657.5,0,0.0025,False,False,False,True,False,False,False,False,False,False,False,False,False,False,False
2350000,800,2,1,0,0,0,0,0,0,0,0,0,0,0,0,0,0,2937.5,0,0.0025,False,False,False,True,False,False,False,False,False,False,False,False,False,False,False
2950000,800,2,1,0,0,0,0,0,0,0,0,0,0,0,0,0,0,3687.5,0,0.0025,False,False,False,True,False,False,False,False,False,False,False,False,False,False,False
2915000,1000,3,1,0,0,0,0,0,0,0,0,0,0,0,0,0,0,2915.0,0,0.003,False,False,False,True,False,False,False,False,False,False,False,False,False,False,False
2000000,1000,3,1,0,0,0,0,0,0,0,0,0,0,0,0,0,0,2000.0,0,0.003,False,False,False,True,False,False,False,False,False,False,False,False,False,False,False
2718000,800,2,1,0,0,0,0,0,0,0,0,0,0,0,0,0,0,3397.5,0,0.0025,False,False,False,True,False,False,False,False,False,False,False,False,False,False,False
2200000,1000,3,1,0,0,0,0,0,0,0,0,0,0,0,0,0,0,2200.0,0,0.003,False,False,False,True,False,False,False,False,False,False,False,False,False,False,False
2250000,800,2,1,0,0,0,0,0,0,0,0,0,0,0,0,0,0,2812.5,0,0.0025,False,False,False,False,False,True,False,False,False,False,False,False,False,False,False
2326000,800,2,1,0,0,0,0,0,0,0,0,0,0,0,0,0,0,2907.5,0,0.0025,False,False,False,True,False,False,False,False,False,False,False,False,False,False,False
2900000,800,2,1,0,0,0,0,0,0,0,0,0,0,0,0,0,0,3625.0,0,0.0025,False,False,False,True,False,False,False,False,False,False,False,False,False,False,False
2730000,1000,3,1,0,0,0,0,0,0,0,0,0,0,0,0,0,0,2730.0,0,0.003,False,False,False,True,False,False,False,False,False,False,False,False,False,False,False
2236000,800,2,1,0,0,0,0,0,0,0,0,0,0,0,0,0,0,2795.0,0,0.0025,False,False,False,True,False,False,False,False,False,False,False,False,False,False,False
2400000,820,2,1,0,0,0,0,0,0,0,0,0,0,0,0,0,0,2926.829268292683,0,0.0024390243902439024,False,False,False,True,False,False,False,False,False,False,False,False,False,False,False
2119000,500,2,1,0,0,0,0,0,0,0,0,0,0,0,0,0,0,4238.0,0,0.004,False,False,False,True,False,False,False,False,False,False,False,False,False,False,False
2318000,800,2,1,0,0,0,0,0,0,0,0,0,0,0,0,0,0,2897.5,0,0.0025,False,False,False,True,False,False,False,False,False,False,False,False,False,False,False
2560000,800,2,1,0,0,0,0,0,0,0,0,0,0,0,0,0,0,3200.0,0,0.0025,False,False,False,True,False,False,False,False,False,False,False,False,False,False,False
2918000,1000,3,1,0,0,0,0,0,0,0,0,0,0,0,0,0,0,2918.0,0,0.003,False,False,False,True,False,False,False,False,False,False,False,False,False,False,False
2700000,800,2,1,0,0,0,0,0,0,0,0,0,0,0,0,0,0,3375.0,0,0.0025,False,False,False,True,False,False,False,False,False,False,False,False,False,False,False
2016000,1000,3,1,0,0,0,0,0,0,0,0,0,0,0,0,0,0,2016.0,0,0.003,False,False,False,True,False,False,False,False,False,False,False,False,False,False,False
2216000,800,2,1,0,0,0,0,0,0,0,0,0,0,0,0,0,0,2770.0,0,0.0025,False,False,False,True,False,False,False,False,False,False,False,False,False,False,False
2910000,800,2,1,0,0,0,0,0,0,0,0,0,0,0,0,0,0,3637.5,0,0.0025,False,False,False,True,False,False,False,False,False,False,False,False,False,False,False
2100000,1000,3,1,0,0,0,0,0,0,0,0,0,0,0,0,0,0,2100.0,0,0.003,False,False,False,True,False,False,False,False,False,False,False,False,False,False,False
5030000,800,2,1,0,0,0,0,0,0,0,0,0,0,0,0,0,0,6287.5,0,0.0025,False,False,False,True,False,False,False,False,False,False,False,False,False,False,False
2360000,1000,3,1,0,0,0,0,0,0,0,0,0,0,0,0,0,0,2360.0,0,0.003,False,False,False,True,False,False,False,False,False,False,False,False,False,False,False
3016000,800,2,1,0,0,0,0,0,0,0,0,0,0,0,0,0,0,3770.0,0,0.0025,False,False,False,True,False,False,False,False,False,False,False,False,False,False,False
4500000,1000,3,1,0,0,0,0,0,0,0,0,0,0,0,0,0,0,4500.0,0,0.003,False,False,False,True,False,False,False,False,False,False,False,False,False,False,False
3800000,1125,4,0,0,0,0,0,0,0,0,0,0,0,0,0,0,0,3377.777777777778,0,0.0035555555555555557,False,False,False,False,False,True,False,False,False,False,False,False,False,False,False
15800000,980,3,0,0,0,0,0,0,0,0,0,0,0,0,0,0,0,16122.448979591836,0,0.003061224489795918,False,False,False,False,False,True,False,False,False,False,False,False,False,False,False
12600000,1700,3,1,0,0,0,0,0,0,0,0,0,0,0,0,0,0,7411.764705882353,0,0.0017647058823529412,False,False,False,False,False,False,False,True,False,False,False,False,False,False,False
21900000,1400,2,1,0,0,0,0,0,0,0,0,0,0,0,0,0,0,15642.857142857143,0,0.0014285714285714286,False,False,False,False,False,False,False,False,True,False,False,False,False,False,False
3600000,2100,3,1,0,0,0,0,0,0,0,0,0,0,0,0,0,0,1714.2857142857142,0,0.0014285714285714286,False,False,False,False,False,False,False,False,False,False,True,False,False,False,False
3700000,700,2,1,0,0,0,0,0,0,0,0,0,0,0,0,0,0,5285.714285714285,0,0.002857142857142857,False,False,False,False,False,True,False,False,False,False,False,False,False,False,False
3500000,700,2,1,0,0,0,0,0,0,0,0,0,0,0,0,0,0,5000.0,0,0.002857142857142857,False,False,False,False,False,True,False,False,False,False,False,False,False,False,False
2650000,700,2,1,0,0,0,0,0,0,0,0,0,0,0,0,0,0,3785.714285714286,0,0.002857142857142857,False,False,False,False,False,True,False,False,False,False,False,False,False,False,False
4999000,600,2,1,0,0,0,0,0,0,0,0,0,0,0,0,0,0,8331.666666666666,0,0.0033333333333333335,False,False,False,False,False,True,False,False,False,False,False,False,False,False,False
2600000,950,3,0,0,0,0,0,0,0,0,0,0,0,0,0,0,0,2736.842105263158,0,0.003157894736842105,False,False,False,False,False,False,False,False,False,False,False,False,False,True,False
4200000,450,2,0,0,0,0,0,0,0,0,0,0,0,0,0,0,0,9333.333333333334,0,0.0044444444444444444,False,False,False,False,False,False,False,False,False,False,False,False,False,True,False
20000000,1300,4,0,0,0,0,0,0,0,0,0,0,0,0,0,0,0,15384.615384615385,0,0.003076923076923077,False,False,False,False,False,True,False,False,False,False,False,False,False,False,False
13500000,1500,3,1,0,0,0,0,0,0,0,0,0,0,0,0,0,0,9000.0,0,0.002,False,False,False,False,False,True,False,False,False,False,False,False,False,False,False
12500000,900,2,1,0,0,0,0,0,0,0,0,0,0,0,0,0,0,13888.888888888889,0,0.0022222222222222222,False,False,False,False,False,True,False,False,False,False,False,False,False,False,False
11000000,1100,2,1,0,0,0,0,0,0,0,0,0,0,0,0,0,0,10000.0,0,0.0018181818181818182,False,False,False,False,False,True,False,False,False,False,False,False,False,False,False
120000000,1100,2,1,0,0,0,0,0,0,0,0,0,0,0,0,0,0,109090.90909090909,0,0.0018181818181818182,False,False,False,False,False,True,False,False,False,False,False,False,False,False,False
80000000,3460,4,1,0,0,0,0,0,0,0,0,0,0,0,0,0,0,23121.387283236993,0,0.0011560693641618498,False,False,False,False,False,True,False,False,False,False,False,False,False,False,False
45000000,2250,4,1,0,0,0,0,0,0,0,0,0,0,0,0,0,0,20000.0,0,0.0017777777777777779,False,False,False,False,False,True,False,False,False,False,False,False,False,False,False
2500000,3850,4,1,0,0,0,0,0,0,0,0,0,0,0,0,0,0,649.3506493506494,0,0.001038961038961039,False,False,False,False,False,True,False,False,False,False,False,False,False,False,False
3999000,750,2,1,0,0,0,0,0,0,0,0,0,0,0,0,0,0,5332.0,0,0.0026666666666666666,False,False,False,False,False,True,False,False,False,False,False,False,False,False,False
2499000,720,3,0,0,0,0,0,0,0,0,0,0,0,0,0,0,0,3470.8333333333335,0,0.004166666666666667,False,True,False,False,False,False,False,False,False,False,False,False,False,False,False
2300000,435,2,0,0,0,0,0,0,0,0,0,0,0,0,0,0,0,5287.35632183908,0,0.004597701149425287,False,True,False,False,False,False,False,False,False,False,False,False,False,False,False
2600000,410,2,0,0,0,0,0,0,0,0,0,0,0,0,0,0,0,6341.463414634146,0,0.004878048780487805,False,True,False,False,False,False,False,False,False,False,False,False,False,False,False
6498999,450,2,0,0,0,0,0,0,0,0,0,0,0,0,0,0,0,14442.22,0,0.0044444444444444444,False,True,False,False,False,False,False,False,False,False,False,False,False,False,False
5000000,990,3,0,0,0,0,0,0,0,0,0,0,0,0,0,0,0,5050.50505050505,0,0.0030303030303030303,False,True,False,False,False,False,False,False,False,False,False,False,False,False,False
4299000,810,3,0,0,0,0,0,0,0,0,0,0,0,0,0,0,0,5307.407407407408,0,0.003703703703703704,False,True,False,False,False,False,False,False,False,False,False,False,False,False,False
2600000,725,3,0,0,0,0,0,0,0,0,0,0,0,0,0,0,0,3586.206896551724,0,0.004137931034482759,False,True,False,False,False,False,False,False,False,False,False,False,False,False,False
20000000,675,3,0,0,0,0,0,0,0,0,0,0,0,0,0,0,0,29629.62962962963,0,0.0044444444444444444,False,True,False,False,False,False,False,False,False,False,False,False,False,False,False
60000000,1485,3,1,0,0,0,0,0,0,0,0,0,0,0,0,0,0,40404.0404040404,0,0.00202020202020202,False,False,False,False,False,True,False,False,False,False,False,False,False,False,False
6500000,1800,4,1,0,0,0,0,0,0,0,0,0,0,0,0,0,0,3611.1111111111113,0,0.0022222222222222222,False,False,False,False,False,True,False,False,False,False,False,False,False,False,False
4000000,1300,4,0,0,0,0,0,0,0,0,0,0,0,0,0,0,0,3076.923076923077,0,0.003076923076923077,False,False,False,False,False,False,False,False,False,False,False,False,False,True,False
3500000,950,3,0,0,0,0,0,0,0,0,0,0,0,0,0,0,0,3684.2105263157896,0,0.003157894736842105,False,False,False,False,False,False,False,False,False,False,False,False,False,True,False
3000000,850,3,0,0,0,0,0,0,0,0,0,0,0,0,0,0,0,3529.4117647058824,0,0.0035294117647058825,False,False,False,False,False,False,False,False,False,False,False,False,False,True,False
2400000,750,3,0,0,0,0,0,0,0,0,0,0,0,0,0,0,0,3200.0,0,0.004,False,False,False,False,False,False,False,False,False,False,False,False,False,True,False
2000000,600,2,0,0,0,0,0,0,0,0,0,0,0,0,0,0,0,3333.3333333333335,0,0.0033333333333333335,False,False,False,False,False,False,False,False,False,False,False,False,False,True,False
4500000,550,2,0,0,0,0,0,0,0,0,0,0,0,0,0,0,0,8181.818181818182,0,0.0036363636363636364,False,False,False,False,False,False,False,False,False,False,False,False,False,True,False
130000000,1000,3,0,0,0,0,0,0,0,0,0,0,0,0,0,0,0,130000.0,0,0.003,False,False,False,False,False,False,False,False,False,False,False,False,False,True,False
9000000,4300,4,1,0,0,0,0,0,0,0,0,0,0,0,0,0,0,2093.0232558139537,0,0.0009302325581395349,False,False,False,False,False,True,False,False,False,False,False,False,False,False,False
3000000,900,2,1,0,0,0,0,0,0,0,0,0,0,0,0,0,0,3333.3333333333335,0,0.0022222222222222222,False,False,False,False,False,True,False,False,False,False,False,False,False,False,False
2500000,540,2,1,0,0,0,0,0,0,0,0,0,0,0,0,0,0,4629.62962962963,0,0.003703703703703704,False,False,False,False,False,False,False,False,False,False,False,False,False,True,False
3000000,500,2,1,0,0,0,0,0,0,0,0,0,0,0,0,0,0,6000.0,0,0.004,False,False,False,False,False,True,False,False,False,False,False,False,False,False,False
2100000,550,2,0,0,0,0,0,0,0,0,0,0,0,0,0,0,0,3818.181818181818,0,0.0036363636363636364,False,False,False,False,False,False,False,False,False,False,False,False,False,True,False
2800000,540,2,1,0,0,0,0,0,0,0,0,0,0,0,0,0,0,5185.185185185185,0,0.003703703703703704,False,False,False,False,False,False,False,False,False,False,False,False,False,True,False
3600000,400,1,1,0,0,0,0,0,0,0,0,0,0,0,0,0,0,9000.0,0,0.0025,False,False,False,False,False,True,False,False,False,False,False,False,False,False,False
4200000,675,2,1,0,0,0,0,0,0,0,0,0,0,0,0,0,0,6222.222222222223,0,0.002962962962962963,False,False,False,False,False,False,False,False,False,False,False,False,False,True,False
2800000,1000,3,0,0,0,0,0,0,0,0,0,0,0,0,0,0,0,2800.0,0,0.003,False,False,False,False,False,False,False,False,False,False,False,False,False,True,False
14500000,540,2,1,0,0,0,0,0,0,0,0,0,0,0,0,0,0,26851.85185185185,0,0.003703703703703704,False,False,False,False,False,False,False,False,False,False,False,False,False,True,False
14500000,1600,3,1,0,0,0,0,0,0,0,0,0,0,0,0,0,0,9062.5,0,0.001875,False,False,False,False,False,False,False,True,False,False,False,False,False,False,False
11800000,1600,3,1,0,0,0,0,0,0,0,0,0,0,0,0,0,0,7375.0,0,0.001875,False,False,False,False,False,False,False,False,False,False,False,True,False,False,False
2700000,1250,2,1,0,0,0,0,0,0,0,0,0,0,0,0,0,0,2160.0,0,0.0016,False,False,False,False,False,True,False,False,False,False,False,False,False,False,False
11800000,675,2,1,0,0,0,0,0,0,0,0,0,0,0,0,0,0,17481.48148148148,0,0.002962962962962963,False,False,False,False,False,True,False,False,False,False,False,False,False,False,False
3600000,1250,2,1,0,0,0,0,0,0,0,0,0,0,0,0,0,0,2880.0,0,0.0016,False,False,False,False,False,True,False,False,False,False,False,False,False,False,False
4200000,675,2,1,0,0,0,0,0,0,0,0,0,0,0,0,0,0,6222.222222222223,0,0.002962962962962963,False,False,False,False,False,False,False,False,False,False,False,False,False,True,False
2800000,1000,3,0,0,0,0,0,0,0,0,0,0,0,0,0,0,0,2800.0,0,0.003,False,False,False,False,False,False,False,False,False,False,False,False,False,True,False
6680000,540,2,1,0,0,0,0,0,0,0,0,0,0,0,0,0,0,12370.37037037037,0,0.003703703703703704,False,False,False,False,False,False,False,False,False,False,False,False,False,True,False
2500000,1200,4,0,0,0,0,0,0,0,0,0,0,0,0,0,0,0,2083.3333333333335,0,0.0033333333333333335,False,False,False,False,False,True,False,False,False,False,False,False,False,False,False
18000000,500,2,1,0,0,0,0,0,0,0,0,0,0,0,0,0,0,36000.0,0,0.004,False,False,False,False,False,True,False,False,False,False,False,False,False,False,False
2951000,1800,3,1,0,0,0,0,0,0,0,0,0,0,0,0,0,0,1639.4444444444443,0,0.0016666666666666668,False,False,False,False,False,True,False,False,False,False,False,False,False,False,False
4500000,650,1,0,0,0,0,0,0,0,0,0,0,0,0,0,0,0,6923.076923076923,0,0.0015384615384615385,False,False,False,False,False,False,False,False,False,False,False,False,False,True,False
2000000,1000,3,1,0,0,0,0,0,0,0,0,0,0,0,0,0,0,2000.0,0,0.003,False,False,False,False,False,True,False,False,False,False,False,False,False,False,False
3750000,550,2,1,0,0,0,0,0,0,0,0,0,0,0,0,0,0,6818.181818181818,0,0.0036363636363636364,False,False,False,False,False,False,False,False,False,False,False,False,False,True,False
18000000,750,3,0,0,0,0,0,0,0,0,0,0,0,0,0,0,0,24000.0,0,0.004,False,False,False,False,False,False,False,False,False,False,False,False,False,True,False
16000000,1500,3,1,0,0,0,0,0,0,0,0,0,0,0,0,0,0,10666.666666666666,0,0.002,False,False,False,False,False,False,False,False,False,False,False,False,False,False,False
2800000,1500,2,1,0,0,0,0,0,0,0,0,0,0,0,0,0,0,1866.6666666666667,0,0.0013333333333333333,False,False,False,False,False,False,False,False,False,False,False,False,False,False,False
3600000,400,1,1,0,0,0,0,0,0,0,0,0,0,0,0,0,0,9000.0,0,0.0025,False,False,False,False,False,True,False,False,False,False,False,False,False,False,False
3300000,710,2,0,0,0,0,0,0,0,0,0,0,0,0,0,0,0,4647.887323943662,0,0.0028169014084507044,False,False,False,False,False,False,False,False,False,False,False,False,False,True,False
4600000,650,2,0,0,0,0,0,0,0,0,0,0,0,0,0,0,0,7076.923076923077,0,0.003076923076923077,False,False,False,False,False,False,False,False,False,False,False,False,False,True,False
4200000,850,3,0,0,0,0,0,0,0,0,0,0,0,0,0,0,0,4941.176470588235,0,0.0035294117647058825,False,False,False,False,False,False,False,False,False,False,False,False,False,True,False
2700000,750,3,0,0,0,0,0,0,0,0,0,0,0,0,0,0,0,3600.0,0,0.004,False,False,False,False,False,False,False,False,False,False,False,False,False,True,False
2700000,550,2,0,0,0,0,0,0,0,0,0,0,0,0,0,0,0,4909.090909090909,0,0.0036363636363636364,False,False,False,False,False,False,False,False,False,False,False,False,False,True,False
3651000,550,2,0,0,0,0,0,0,0,0,0,0,0,0,0,0,0,6638.181818181818,0,0.0036363636363636364,False,False,False,False,False,False,False,False,False,False,False,False,False,True,False
3675000,830,1,0,0,0,0,0,0,0,0,0,0,0,0,0,0,0,4427.710843373494,0,0.0012048192771084338,False,False,False,False,False,False,False,False,False,False,False,False,False,True,False
35000000,750,3,0,0,0,0,0,0,0,0,0,0,0,0,0,0,0,46666.666666666664,0,0.004,False,False,False,False,False,False,False,False,False,False,False,False,False,True,False
3200000,1900,3,1,0,0,0,0,0,0,0,0,0,0,0,0,0,0,1684.2105263157894,0,0.0015789473684210526,False,False,False,False,False,True,False,False,False,False,False,False,False,False,False
55000000,850,2,0,0,0,0,0,0,0,0,0,0,0,0,0,0,0,64705.882352941175,0,0.002352941176470588,False,False,False,False,False,False,False,False,False,False,False,False,False,True,False
77500000,1786,3,1,0,0,0,0,0,0,0,0,0,0,0,0,0,0,43393.05711086226,0,0.0016797312430011197,False,False,False,False,False,True,False,False,False,False,False,False,False,False,False
30000000,2340,4,1,0,0,0,0,0,0,0,0,0,0,0,0,0,0,12820.51282051282,0,0.0017094017094017094,False,False,False,False,False,True,False,False,False,False,False,False,False,False,False
47500000,979,2,1,0,0,0,0,0,0,0,0,0,0,0,0,0,0,48518.896833503575,0,0.0020429009193054137,False,False,False,False,False,True,False,False,False,False,False,False,False,False,False
77500000,1440,2,1,0,0,0,0,0,0,0,0,0,0,0,0,0,0,53819.444444444445,0,0.001388888888888889,False,False,False,False,False,True,False,False,False,False,False,False,False,False,False
65000000,2234,4,1,0,0,0,0,0,0,0,0,0,0,0,0,0,0,29095.79230080573,0,0.0017905102954341987,False,False,False,False,False,True,False,False,False,False,False,False,False,False,False
55000000,1872,3,1,0,0,0,0,0,0,0,0,0,0,0,0,0,0,29380.34188034188,0,0.0016025641025641025,False,False,False,False,False,True,False,False,False,False,False,False,False,False,False
35000000,405,2,1,0,0,0,0,0,0,0,0,0,0,0,0,0,0,86419.75308641975,0,0.0049382716049382715,False,False,False,False,True,False,False,False,False,False,False,False,False,False,False
2868000,2500,4,1,0,0,0,0,0,0,0,0,0,0,0,0,0,0,1147.2,0,0.0016,False,False,False,False,True,False,False,False,False,False,False,False,False,False,False
22500000,562,2,1,0,0,0,0,0,0,0,0,0,0,0,0,0,0,40035.5871886121,0,0.0035587188612099642,False,False,False,False,False,True,False,False,False,False,False,False,False,False,False
12500000,2020,3,1,0,0,0,0,0,0,0,0,0,0,0,0,0,0,6188.118811881188,0,0.0014851485148514852,False,False,False,False,False,True,False,False,False,False,False,False,False,False,False
2300000,1650,3,1,0,0,0,0,0,0,0,0,0,0,0,0,0,0,1393.939393939394,0,0.0018181818181818182,False,True,False,False,False,False,False,False,False,False,False,False,False,False,False
2100000,1650,3,1,0,0,0,0,0,0,0,0,0,0,0,0,0,0,1272.7272727272727,0,0.0018181818181818182,False,True,False,False,False,False,False,False,False,False,False,False,False,False,False
2400000,1700,3,1,0,0,0,0,0,0,0,0,0,0,0,0,0,0,1411.764705882353,0,0.0017647058823529412,False,True,False,False,False,False,False,False,False,False,False,False,False,False,False
16000000,2100,2,1,0,0,0,0,0,0,0,0,0,0,0,0,0,0,7619.047619047619,0,0.0009523809523809524,False,True,False,False,False,False,False,False,False,False,False,False,False,False,False
16000000,1700,2,1,0,0,0,0,0,0,0,0,0,0,0,0,0,0,9411.764705882353,0,0.001176470588235294,False,True,False,False,False,False,False,False,False,False,False,False,False,False,False
7500000,1700,2,1,0,0,0,0,0,0,0,0,0,0,0,0,0,0,4411.764705882353,0,0.001176470588235294,False,True,False,False,False,False,False,False,False,False,False,False,False,False,False
7000000,1615,3,1,0,0,0,0,0,0,0,0,0,0,0,0,0,0,4334.3653250774,0,0.0018575851393188853,False,False,False,False,False,True,False,False,False,False,False,False,False,False,False
12500000,1080,2,1,0,0,0,0,0,0,0,0,0,0,0,0,0,0,11574.074074074075,0,0.001851851851851852,False,False,False,False,False,True,False,False,False,False,False,False,False,False,False
7000000,1490,2,1,0,0,0,0,0,0,0,0,0,0,0,0,0,0,4697.986577181208,0,0.0013422818791946308,False,True,False,False,False,False,False,False,False,False,False,False,False,False,False
2400000,1250,2,1,0,0,0,0,0,0,0,0,0,0,0,0,0,0,1920.0,0,0.0016,False,False,False,False,False,True,False,False,False,False,False,False,False,False,False
2200000,2100,2,1,0,0,0,0,0,0,0,0,0,0,0,0,0,0,1047.6190476190477,0,0.0009523809523809524,False,True,False,False,False,False,False,False,False,False,False,False,False,False,False
3200000,2700,4,1,0,0,0,0,0,0,0,0,0,0,0,0,0,0,1185.1851851851852,0,0.0014814814814814814,False,False,False,False,False,True,False,False,False,False,False,False,False,False,False
85399999,1400,2,1,0,0,0,0,0,0,0,0,0,0,0,0,0,0,60999.999285714286,0,0.0014285714285714286,False,False,False,False,False,True,False,False,False,False,False,False,False,False,False
6500000,2210,3,1,0,0,0,0,0,0,0,0,0,0,0,0,0,0,2941.176470588235,0,0.0013574660633484162,False,False,False,False,False,True,False,False,False,False,False,False,False,False,False
13200000,600,2,1,0,0,0,0,0,0,0,0,0,0,0,0,0,0,22000.0,0,0.0033333333333333335,False,True,False,False,False,False,False,False,False,False,False,False,False,False,False
90000000,1400,3,1,0,0,0,0,0,0,0,0,0,0,0,0,0,0,64285.71428571428,0,0.002142857142857143,False,False,False,False,False,True,False,False,False,False,False,False,False,False,False
13000000,720,2,1,0,0,0,0,0,0,0,0,0,0,0,0,0,0,18055.555555555555,0,0.002777777777777778,False,False,False,False,False,True,False,False,False,False,False,False,False,False,False
5500000,1323,3,1,0,0,0,0,0,0,0,0,0,0,0,0,0,0,4157.218442932729,0,0.0022675736961451248,False,False,False,False,False,True,False,False,False,False,False,False,False,False,False
13500000,981,2,1,0,0,0,0,0,0,0,0,0,0,0,0,0,0,13761.467889908257,0,0.0020387359836901123,False,False,False,False,False,True,False,False,False,False,False,False,False,False,False
25000000,1152,2,1,0,0,0,0,0,0,0,0,0,0,0,0,0,0,21701.38888888889,0,0.001736111111111111,False,False,False,False,False,True,False,False,False,False,False,False,False,False,False
22500000,1809,3,1,0,0,0,0,0,0,0,0,0,0,0,0,0,0,12437.810945273632,0,0.001658374792703151,False,False,False,False,True,False,False,False,False,False,False,False,False,False,False
6000000,1620,3,1,0,0,0,0,0,0,0,0,0,0,0,0,0,0,3703.703703703704,0,0.001851851851851852,False,False,False,False,True,False,False,False,False,False,False,False,False,False,False
5500000,1102,2,1,0,0,0,0,0,0,0,0,0,0,0,0,0,0,4990.925589836661,0,0.0018148820326678765,False,False,False,False,False,True,False,False,False,False,False,False,False,False,False
254100000,981,2,1,0,0,0,0,0,0,0,0,0,0,0,0,0,0,259021.40672782875,0,0.0020387359836901123,False,False,False,False,True,False,False,False,False,False,False,False,False,False,False
8000000,3652,4,0,0,0,0,0,0,0,0,0,0,0,0,0,0,0,2190.580503833516,0,0.001095290251916758,False,False,False,False,False,True,False,False,False,False,False,False,False,False,False
3600000,450,1,1,0,0,0,0,0,0,0,0,0,0,0,0,0,0,8000.0,0,0.0022222222222222222,False,False,False,False,False,True,False,False,False,False,False,False,False,False,False
10800000,1269,2,1,0,0,0,0,0,0,0,0,0,0,0,0,0,0,8510.63829787234,0,0.0015760441292356187,False,False,False,False,False,True,False,False,False,False,False,False,False,False,False
141100000,1200,2,1,0,0,0,0,0,0,0,0,0,0,0,0,0,0,117583.33333333333,0,0.0016666666666666668,False,True,False,False,False,False,False,False,False,False,False,False,False,False,False
4500000,2741,3,0,0,0,0,0,0,0,0,0,0,0,0,0,0,0,1641.7365924844946,0,0.0010944910616563297,False,False,False,False,False,True,False,False,False,False,False,False,False,False,False
4500000,1035,3,1,0,0,0,0,0,0,0,0,0,0,0,0,0,0,4347.826086956522,0,0.002898550724637681,False,True,False,False,False,False,False,False,False,False,False,False,False,False,False
2900000,1035,3,1,0,0,0,0,0,0,0,0,0,0,0,0,0,0,2801.9323671497586,0,0.002898550724637681,False,True,False,False,False,False,False,False,False,False,False,False,False,False,False
4400000,650,2,0,0,0,0,0,0,0,0,0,0,0,0,0,0,0,6769.2307692307695,0,0.003076923076923077,False,False,False,False,False,False,False,False,False,False,False,False,False,True,False
4999000,800,3,0,0,0,0,0,0,0,0,0,0,0,0,0,0,0,6248.75,0,0.00375,False,False,False,False,False,False,False,False,False,False,False,False,False,True,False
2599000,950,3,0,0,0,0,0,0,0,0,0,0,0,0,0,0,0,2735.7894736842104,0,0.003157894736842105,False,False,False,False,False,False,False,False,False,False,False,False,False,True,False
2899000,450,2,0,0,0,0,0,0,0,0,0,0,0,0,0,0,0,6442.222222222223,0,0.0044444444444444444,False,False,False,False,False,False,False,False,False,False,False,False,False,True,False
4400000,650,2,0,0,0,0,0,0,0,0,0,0,0,0,0,0,0,6769.2307692307695,0,0.003076923076923077,False,False,False,False,False,False,False,False,False,False,False,False,False,True,False
4200000,800,3,0,0,0,0,0,0,0,0,0,0,0,0,0,0,0,5250.0,0,0.00375,False,False,False,False,False,False,False,False,False,False,False,False,False,True,False
4500000,600,3,1,0,0,0,0,0,0,0,0,0,0,0,0,0,0,7500.0,0,0.005,False,False,False,False,False,False,False,False,False,False,False,False,False,True,False
5700000,890,3,1,0,0,0,0,0,0,0,0,0,0,0,0,0,0,6404.494382022472,0,0.0033707865168539327,False,False,False,False,False,False,False,False,False,False,False,False,False,True,False
2500000,1089,3,0,0,0,0,0,0,0,0,0,0,0,0,0,0,0,2295.684113865932,0,0.0027548209366391185,False,False,False,False,False,True,False,False,False,False,False,False,False,False,False
4800000,540,2,1,0,0,0,0,0,0,0,0,0,0,0,0,0,0,8888.888888888889,0,0.003703703703703704,False,False,False,False,False,True,False,False,False,False,False,False,False,False,False
5000000,810,3,1,0,0,0,0,0,0,0,0,0,0,0,0,0,0,6172.83950617284,0,0.003703703703703704,False,False,False,False,False,True,False,False,False,False,False,False,False,False,False
4200000,765,3,1,0,0,0,0,0,0,0,0,0,0,0,0,0,0,5490.196078431372,0,0.00392156862745098,False,False,False,False,False,False,False,False,False,False,False,False,False,True,False
17500000,720,3,1,0,0,0,0,0,0,0,0,0,0,0,0,0,0,24305.555555555555,0,0.004166666666666667,False,False,False,False,False,True,False,False,False,False,False,False,False,False,False
73000000,1500,2,1,0,0,0,0,0,0,0,0,0,0,0,0,0,0,48666.666666666664,0,0.0013333333333333333,False,False,False,False,False,True,False,False,False,False,False,False,False,False,False
23500000,2700,4,1,0,0,0,0,0,0,0,0,0,0,0,0,0,0,8703.703703703704,0,0.0014814814814814814,False,False,False,False,False,True,False,False,False,False,False,False,False,False,False
2200000,2200,4,1,0,0,0,0,0,0,0,0,0,0,0,0,0,0,1000.0,0,0.0018181818181818182,False,False,False,False,False,True,False,False,False,False,False,False,False,False,False
2200000,800,2,1,0,0,0,0,0,0,0,0,0,0,0,0,0,0,2750.0,0,0.0025,False,False,False,True,False,False,False,False,False,False,False,False,False,False,False
2211000,800,2,1,0,0,0,0,0,0,0,0,0,0,0,0,0,0,2763.75,0,0.0025,False,False,False,True,False,False,False,False,False,False,False,False,False,False,False
2050000,800,2,1,0,0,0,0,0,0,0,0,0,0,0,0,0,0,2562.5,0,0.0025,False,False,False,True,False,False,False,False,False,False,False,False,False,False,False
2549000,800,2,1,0,0,0,0,0,0,0,0,0,0,0,0,0,0,3186.25,0,0.0025,False,False,False,True,False,False,False,False,False,False,False,False,False,False,False
2195000,1000,3,1,0,0,0,0,0,0,0,0,0,0,0,0,0,0,2195.0,0,0.003,False,False,False,True,False,False,False,False,False,False,False,False,False,False,False
2082000,800,2,1,0,0,0,0,0,0,0,0,0,0,0,0,0,0,2602.5,0,0.0025,False,False,False,True,False,False,False,False,False,False,False,False,False,False,False
2124000,800,2,1,0,0,0,0,0,0,0,0,0,0,0,0,0,0,2655.0,0,0.0025,False,False,False,False,False,True,False,False,False,False,False,False,False,False,False
2723000,800,2,1,0,0,0,0,0,0,0,0,0,0,0,0,0,0,3403.75,0,0.0025,False,False,False,False,False,True,False,False,False,False,False,False,False,False,False
2250000,1000,3,1,0,0,0,0,0,0,0,0,0,0,0,0,0,0,2250.0,0,0.003,False,False,False,False,False,True,False,False,False,False,False,False,False,False,False
2815000,800,2,1,0,0,0,0,0,0,0,0,0,0,0,0,0,0,3518.75,0,0.0025,False,False,False,True,False,False,False,False,False,False,False,False,False,False,False
2930000,1000,3,1,0,0,0,0,0,0,0,0,0,0,0,0,0,0,2930.0,0,0.003,False,False,False,True,False,False,False,False,False,False,False,False,False,False,False
2238000,1000,3,1,0,0,0,0,0,0,0,0,0,0,0,0,0,0,2238.0,0,0.003,False,False,False,True,False,False,False,False,False,False,False,False,False,False,False
2809000,800,2,1,0,0,0,0,0,0,0,0,0,0,0,0,0,0,3511.25,0,0.0025,False,False,False,True,False,False,False,False,False,False,False,False,False,False,False
3000000,1000,3,1,0,0,0,0,0,0,0,0,0,0,0,0,0,0,3000.0,0,0.003,False,False,False,True,False,False,False,False,False,False,False,False,False,False,False
2893000,1000,3,1,0,0,0,0,0,0,0,0,0,0,0,0,0,0,2893.0,0,0.003,False,False,False,True,False,False,False,False,False,False,False,False,False,False,False
2300000,1000,3,1,0,0,0,0,0,0,0,0,0,0,0,0,0,0,2300.0,0,0.003,False,False,False,True,False,False,False,False,False,False,False,False,False,False,False
2250000,810,2,1,0,0,0,0,0,0,0,0,0,0,0,0,0,0,2777.777777777778,0,0.0024691358024691358,False,False,False,True,False,False,False,False,False,False,False,False,False,False,False
2452000,800,2,1,0,0,0,0,0,0,0,0,0,0,0,0,0,0,3065.0,0,0.0025,False,False,False,True,False,False,False,False,False,False,False,False,False,False,False
2151000,800,2,1,0,0,0,0,0,0,0,0,0,0,0,0,0,0,2688.75,0,0.0025,False,False,False,True,False,False,False,False,False,False,False,False,False,False,False
2950000,800,2,1,0,0,0,0,0,0,0,0,0,0,0,0,0,0,3687.5,0,0.0025,False,False,False,True,False,False,False,False,False,False,False,False,False,False,False
2809000,1000,3,1,0,0,0,0,0,0,0,0,0,0,0,0,0,0,2809.0,0,0.003,False,False,False,True,False,False,False,False,False,False,False,False,False,False,False
3000000,1000,3,1,0,0,0,0,0,0,0,0,0,0,0,0,0,0,3000.0,0,0.003,False,False,False,True,False,False,False,False,False,False,False,False,False,False,False
2082000,1000,3,1,0,0,0,0,0,0,0,0,0,0,0,0,0,0,2082.0,0,0.003,False,False,False,True,False,False,False,False,False,False,False,False,False,False,False
2124000,800,2,1,0,0,0,0,0,0,0,0,0,0,0,0,0,0,2655.0,0,0.0025,False,False,False,False,False,True,False,False,False,False,False,False,False,False,False
2723000,800,2,1,0,0,0,0,0,0,0,0,0,0,0,0,0,0,3403.75,0,0.0025,False,False,False,False,False,True,False,False,False,False,False,False,False,False,False
2893000,1000,3,1,0,0,0,0,0,0,0,0,0,0,0,0,0,0,2893.0,0,0.003,False,False,False,False,False,True,False,False,False,False,False,False,False,False,False
2336000,1000,3,1,0,0,0,0,0,0,0,0,0,0,0,0,0,0,2336.0,0,0.003,False,False,False,True,False,False,False,False,False,False,False,False,False,False,False
2243000,800,2,1,0,0,0,0,0,0,0,0,0,0,0,0,0,0,2803.75,0,0.0025,False,False,False,False,False,True,False,False,False,False,False,False,False,False,False
2914000,800,2,1,0,0,0,0,0,0,0,0,0,0,0,0,0,0,3642.5,0,0.0025,False,False,False,True,False,False,False,False,False,False,False,False,False,False,False
2937000,1000,3,1,0,0,0,0,0,0,0,0,0,0,0,0,0,0,2937.0,0,0.003,False,False,False,True,False,False,False,False,False,False,False,False,False,False,False
2810000,800,2,1,0,0,0,0,0,0,0,0,0,0,0,0,0,0,3512.5,0,0.0025,False,False,False,True,False,False,False,False,False,False,False,False,False,False,False
2224000,1000,3,1,0,0,0,0,0,0,0,0,0,0,0,0,0,0,2224.0,0,0.003,False,False,False,True,False,False,False,False,False,False,False,False,False,False,False
2151000,800,2,1,0,0,0,0,0,0,0,0,0,0,0,0,0,0,2688.75,0,0.0025,False,False,False,True,False,False,False,False,False,False,False,False,False,False,False
2259000,800,2,1,0,0,0,0,0,0,0,0,0,0,0,0,0,0,2823.75,0,0.0025,False,False,False,True,False,False,False,False,False,False,False,False,False,False,False
4450000,800,2,1,0,0,0,0,0,0,0,0,0,0,0,0,0,0,5562.5,0,0.0025,False,False,False,True,False,False,False,False,False,False,False,False,False,False,False
4179999,1250,3,1,0,0,0,0,0,0,0,0,0,0,0,0,0,0,3343.9992,0,0.0024,False,False,False,False,False,True,False,False,False,False,False,False,False,False,False
8900000,1100,2,1,0,0,0,0,0,0,0,0,0,0,0,0,0,0,8090.909090909091,0,0.0018181818181818182,False,False,False,False,False,True,False,False,False,False,False,False,False,False,False
3270000,2021,3,1,0,0,0,0,0,0,0,0,0,0,0,0,0,0,1618.0108857001485,0,0.0014844136566056407,False,False,False,False,False,True,False,False,False,False,False,False,False,False,False
7400000,2341,3,1,0,0,0,0,0,0,0,0,0,0,0,0,0,0,3161.0422896198206,0,0.0012815036309269544,False,False,False,True,False,False,False,False,False,False,False,False,False,False,False
3800000,2010,2,1,0,0,0,0,0,0,0,0,0,0,0,0,0,0,1890.547263681592,0,0.0009950248756218905,False,False,False,False,False,True,False,False,False,False,False,False,False,False,False
3600000,650,2,1,0,0,0,0,0,0,0,0,0,0,0,0,0,0,5538.461538461538,0,0.003076923076923077,False,False,False,False,False,True,False,False,False,False,False,False,False,False,False
2500000,650,2,1,0,0,0,0,0,0,0,0,0,0,0,0,0,0,3846.153846153846,0,0.003076923076923077,False,False,False,False,False,True,False,False,False,False,False,False,False,False,False
8500000,450,1,1,0,0,0,0,0,0,0,0,0,0,0,0,0,0,18888.88888888889,0,0.0022222222222222222,False,False,False,False,False,True,False,False,False,False,False,False,False,False,False
11000000,900,2,1,0,0,0,0,0,0,0,0,0,0,0,0,0,0,12222.222222222223,0,0.0022222222222222222,False,False,False,False,False,True,False,False,False,False,False,False,False,False,False
11000000,800,3,1,0,0,0,0,0,0,0,0,0,0,0,0,0,0,13750.0,0,0.00375,False,False,False,False,False,True,False,False,False,False,False,False,False,False,False
2100000,800,3,1,0,0,0,0,0,0,0,0,0,0,0,0,0,0,2625.0,0,0.00375,False,False,False,False,False,True,False,False,False,False,False,False,False,False,False
14100000,1600,2,1,0,0,0,0,0,0,0,0,0,0,0,0,0,0,8812.5,0,0.00125,False,False,False,False,False,False,False,False,False,False,False,False,False,False,True
3600000,3375,6,1,0,0,0,0,0,0,0,0,0,0,0,0,0,0,1066.6666666666667,0,0.0017777777777777779,False,False,False,False,False,True,False,False,False,False,False,False,False,False,False
6900000,1200,2,1,0,0,0,0,0,0,0,0,0,0,0,0,0,0,5750.0,0,0.0016666666666666668,False,False,False,False,False,True,False,False,False,False,False,False,False,False,False
5200000,2140,3,1,0,0,0,0,0,0,0,0,0,0,0,0,0,0,2429.9065420560746,0,0.0014018691588785046,False,False,False,False,False,True,False,False,False,False,False,False,False,False,False
170000000,1800,3,1,0,0,0,0,0,0,0,0,0,0,0,0,0,0,94444.44444444444,0,0.0016666666666666668,False,False,False,False,False,True,False,False,False,False,False,False,False,False,False
2499000,2500,5,1,0,0,0,0,0,0,0,0,0,0,0,0,0,0,999.6,0,0.002,False,False,False,False,False,True,False,False,False,False,False,False,False,False,False
2300000,435,2,0,0,0,0,0,0,0,0,0,0,0,0,0,0,0,5287.35632183908,0,0.004597701149425287,False,True,False,False,False,False,False,False,False,False,False,False,False,False,False
2600000,410,2,0,0,0,0,0,0,0,0,0,0,0,0,0,0,0,6341.463414634146,0,0.004878048780487805,False,True,False,False,False,False,False,False,False,False,False,False,False,False,False
4500000,450,2,0,0,0,0,0,0,0,0,0,0,0,0,0,0,0,10000.0,0,0.0044444444444444444,False,True,False,False,False,False,False,False,False,False,False,False,False,False,False
4500000,750,2,1,0,0,0,0,0,0,0,0,0,0,0,0,0,0,6000.0,0,0.0026666666666666666,False,False,False,False,False,True,False,False,False,False,False,False,False,False,False
4500000,750,2,1,0,0,0,0,0,0,0,0,0,0,0,0,0,0,6000.0,0,0.0026666666666666666,False,False,False,False,False,True,False,False,False,False,False,False,False,False,False
4500000,750,2,1,0,0,0,0,0,0,0,0,0,0,0,0,0,0,6000.0,0,0.0026666666666666666,False,False,False,False,False,True,False,False,False,False,False,False,False,False,False
4500000,750,2,1,0,0,0,0,0,0,0,0,0,0,0,0,0,0,6000.0,0,0.0026666666666666666,False,False,False,False,False,True,False,False,False,False,False,False,False,False,False
4500000,750,2,1,0,0,0,0,0,0,0,0,0,0,0,0,0,0,6000.0,0,0.0026666666666666666,False,False,False,False,False,True,False,False,False,False,False,False,False,False,False
2500000,750,2,1,0,0,0,0,0,0,0,0,0,0,0,0,0,0,3333.3333333333335,0,0.0026666666666666666,False,False,False,False,False,True,False,False,False,False,False,False,False,False,False
2500000,750,2,1,0,0,0,0,0,0,0,0,0,0,0,0,0,0,3333.3333333333335,0,0.0026666666666666666,False,False,False,False,False,True,False,False,False,False,False,False,False,False,False
2500000,750,2,1,0,0,0,0,0,0,0,0,0,0,0,0,0,0,3333.3333333333335,0,0.0026666666666666666,False,False,False,False,False,True,False,False,False,False,False,False,False,False,False
2700000,750,2,1,0,0,0,0,0,0,0,0,0,0,0,0,0,0,3600.0,0,0.0026666666666666666,False,False,False,False,False,True,False,False,False,False,False,False,False,False,False
3200000,450,1,1,0,0,0,0,0,0,0,0,0,0,0,0,0,0,7111.111111111111,0,0.0022222222222222222,False,False,False,False,False,True,False,False,False,False,False,False,False,False,False
17400000,800,3,1,0,0,0,0,0,0,0,0,0,0,0,0,0,0,21750.0,0,0.00375,False,False,False,False,False,True,False,False,False,False,False,False,False,False,False
13500000,1450,3,1,0,0,0,0,0,0,0,0,0,0,0,0,0,0,9310.344827586207,0,0.0020689655172413794,False,False,False,False,False,True,False,False,False,False,False,False,False,False,False
4600000,1500,3,1,0,0,0,0,0,0,0,0,0,0,0,0,0,0,3066.6666666666665,0,0.002,False,False,False,False,False,False,False,False,True,False,False,False,False,False,False
13500000,450,1,1,0,0,0,0,0,0,0,0,0,0,0,0,0,0,30000.0,0,0.0022222222222222222,False,False,False,False,False,True,False,False,False,False,False,False,False,False,False
5500000,1800,3,1,0,0,0,0,0,0,0,0,0,0,0,0,0,0,3055.5555555555557,0,0.0016666666666666668,False,False,False,False,False,False,False,False,False,False,True,False,False,False,False
4500000,450,1,1,0,0,0,0,0,0,0,0,0,0,0,0,0,0,10000.0,0,0.0022222222222222222,False,False,False,False,False,True,False,False,False,False,False,False,False,False,False
38900000,500,2,1,0,0,0,0,0,0,0,0,0,0,0,0,0,0,77800.0,0,0.004,False,False,False,False,False,True,False,False,False,False,False,False,False,False,False
28400000,1350,3,1,0,0,0,0,0,0,0,0,0,0,0,0,0,0,21037.037037037036,0,0.0022222222222222222,False,False,False,False,False,True,False,False,False,False,False,False,False,False,False
36500000,1350,3,1,0,0,0,0,0,0,0,0,0,0,0,0,0,0,27037.037037037036,0,0.0022222222222222222,False,False,False,False,False,True,False,False,False,False,False,False,False,False,False
3600000,1500,3,1,0,0,0,0,0,0,0,0,0,0,0,0,0,0,2400.0,0,0.002,False,False,False,False,False,True,False,False,False,False,False,False,False,False,False
35000000,350,1,1,0,0,0,0,0,0,0,0,0,0,0,0,0,0,100000.0,0,0.002857142857142857,False,False,False,False,False,True,False,False,False,False,False,False,False,False,False
18800000,1800,3,1,0,0,0,0,0,0,0,0,0,0,0,0,0,0,10444.444444444445,0,0.0016666666666666668,False,False,False,False,False,True,False,False,False,False,False,False,False,False,False
2200000,2000,3,1,0,0,0,0,0,0,0,0,0,0,0,0,0,0,1100.0,0,0.0015,False,False,False,False,False,False,False,False,False,False,False,True,False,False,False
5500000,450,2,1,0,0,0,0,0,0,0,0,0,0,0,0,0,0,12222.222222222223,0,0.0044444444444444444,False,False,False,False,False,True,False,False,False,False,False,False,False,False,False
4700000,900,3,0,0,0,0,0,0,0,0,0,0,0,0,0,0,0,5222.222222222223,0,0.0033333333333333335,False,False,False,False,False,False,False,False,False,False,False,False,False,True,False
2700000,820,3,0,0,0,0,0,0,0,0,0,0,0,0,0,0,0,3292.682926829268,0,0.003658536585365854,False,False,False,False,False,False,False,False,False,False,False,False,False,True,False
2400000,625,2,0,0,0,0,0,0,0,0,0,0,0,0,0,0,0,3840.0,0,0.0032,False,False,False,False,False,False,False,False,False,False,False,False,False,True,False
3500000,525,2,0,0,0,0,0,0,0,0,0,0,0,0,0,0,0,6666.666666666667,0,0.0038095238095238095,False,False,False,False,False,False,False,False,False,False,False,False,False,True,False
4200000,750,2,0,0,0,0,0,0,0,0,0,0,0,0,0,0,0,5600.0,0,0.0026666666666666666,False,False,False,False,False,False,False,False,False,False,False,False,False,True,False
47500000,850,3,0,0,0,0,0,0,0,0,0,0,0,0,0,0,0,55882.35294117647,0,0.0035294117647058825,False,False,False,False,False,False,False,False,False,False,False,False,False,True,False
55000000,1442,2,1,0,0,0,0,0,0,0,0,0,0,0,0,0,0,38141.47018030513,0,0.0013869625520110957,False,False,False,False,False,True,False,False,False,False,False,False,False,False,False
7500000,1784,3,1,0,0,0,0,0,0,0,0,0,0,0,0,0,0,4204.035874439462,0,0.0016816143497757848,False,False,False,False,False,True,False,False,False,False,False,False,False,False,False
65000000,1500,3,1,0,0,0,0,0,0,0,0,0,0,0,0,0,0,43333.333333333336,0,0.002,False,False,False,False,False,True,False,False,False,False,False,False,False,False,False
52500000,1881,3,1,0,0,0,0,0,0,0,0,0,0,0,0,0,0,27910.685805422647,0,0.001594896331738437,False,False,False,False,False,True,False,False,False,False,False,False,False,False,False
55000000,4504,5,1,0,0,0,0,0,0,0,0,0,0,0,0,0,0,12211.367673179397,0,0.0011101243339253996,False,False,False,False,False,True,False,False,False,False,False,False,False,False,False
2100000,4502,5,1,0,0,0,0,0,0,0,0,0,0,0,0,0,0,466.4593513993781,0,0.0011106175033318525,False,False,False,False,False,True,False,False,False,False,False,False,False,False,False
2200000,888,2,1,0,0,0,0,0,0,0,0,0,0,0,0,0,0,2477.4774774774774,0,0.0022522522522522522,False,False,False,False,False,True,False,False,False,False,False,False,False,False,False
2600000,400,2,1,0,0,0,0,0,0,0,0,0,0,0,0,0,0,6500.0,0,0.005,False,False,False,False,False,True,False,False,False,False,False,False,False,False,False
2600000,1651,2,1,0,0,0,0,0,0,0,0,0,0,0,0,0,0,1574.8031496062993,0,0.0012113870381586917,False,False,False,False,False,False,False,False,True,False,False,False,False,False,False
2400000,1651,2,1,0,0,0,0,0,0,0,0,0,0,0,0,0,0,1453.6644457904301,0,0.0012113870381586917,False,False,False,False,False,False,False,False,True,False,False,False,False,False,False
4000000,1600,2,1,0,0,0,0,0,0,0,0,0,0,0,0,0,0,2500.0,0,0.00125,False,False,False,False,False,True,False,False,False,False,False,False,False,False,False
10000000,540,2,1,0,0,0,0,0,0,0,0,0,0,0,0,0,0,18518.51851851852,0,0.003703703703703704,False,False,False,False,False,True,False,False,False,False,False,False,False,False,False
13500000,1053,2,1,0,0,0,0,0,0,0,0,0,0,0,0,0,0,12820.51282051282,0,0.001899335232668566,False,False,False,False,False,True,False,False,False,False,False,False,False,False,False
17500000,1134,3,1,0,0,0,0,0,0,0,0,0,0,0,0,0,0,15432.098765432098,0,0.0026455026455026454,False,False,False,False,False,True,False,False,False,False,False,False,False,False,False
8500000,1401,2,1,0,0,0,0,0,0,0,0,0,0,0,0,0,0,6067.094932191292,0,0.0014275517487508922,False,False,False,False,False,True,False,False,False,False,False,False,False,False,False
6000000,1101,2,1,0,0,0,0,0,0,0,0,0,0,0,0,0,0,5449.591280653951,0,0.0018165304268846503,False,False,False,False,False,True,False,False,False,False,False,False,False,False,False
6500000,954,2,1,0,0,0,0,0,0,0,0,0,0,0,0,0,0,6813.417190775682,0,0.0020964360587002098,False,False,False,False,False,True,False,False,False,False,False,False,False,False,False
4200000,900,2,1,0,0,0,0,0,0,0,0,0,0,0,0,0,0,4666.666666666667,0,0.0022222222222222222,False,False,False,False,False,True,False,False,False,False,False,False,False,False,False
3900000,2100,3,1,0,0,0,0,0,0,0,0,0,0,0,0,0,0,1857.142857142857,0,0.0014285714285714286,False,False,False,False,False,True,False,False,False,False,False,False,False,False,False
5500000,1650,3,1,0,0,0,0,0,0,0,0,0,0,0,0,0,0,3333.3333333333335,0,0.0018181818181818182,False,False,False,False,False,False,False,False,False,False,False,True,False,False,False
17500000,720,2,1,0,0,0,0,0,0,0,0,0,0,0,0,0,0,24305.555555555555,0,0.002777777777777778,False,False,False,False,False,True,False,False,False,False,False,False,False,False,False
3700000,1422,3,1,0,0,0,0,0,0,0,0,0,0,0,0,0,0,2601.96905766526,0,0.002109704641350211,False,False,False,False,False,True,False,False,False,False,False,False,False,False,False
4200000,600,2,1,0,0,0,0,0,0,0,0,0,0,0,0,0,0,7000.0,0,0.0033333333333333335,False,False,False,False,False,True,False,False,False,False,False,False,False,False,False
19000000,720,3,0,0,0,0,0,0,0,0,0,0,0,0,0,0,0,26388.88888888889,0,0.004166666666666667,False,True,False,False,False,False,False,False,False,False,False,False,False,False,False
2600000,1800,2,1,0,0,0,0,0,0,0,0,0,0,0,0,0,0,1444.4444444444443,0,0.0011111111111111111,False,False,False,False,False,True,False,False,False,False,False,False,False,False,False
4500000,1000,3,1,0,0,0,0,0,0,0,0,0,0,0,0,0,0,4500.0,0,0.003,False,False,False,True,False,False,False,False,False,False,False,False,False,False,False
80000000,900,2,1,0,0,0,0,0,0,0,0,0,0,0,0,0,0,88888.88888888889,0,0.0022222222222222222,False,False,False,False,False,True,False,False,False,False,False,False,False,False,False
8900000,1000,2,1,0,0,0,0,0,0,0,0,0,0,0,0,0,0,8900.0,0,0.002,False,False,False,False,False,True,False,False,False,False,False,False,False,False,False
3667000,1415,3,1,0,0,0,0,0,0,0,0,0,0,0,0,0,0,2591.5194346289754,0,0.0021201413427561835,False,False,False,False,False,True,False,False,False,False,False,False,False,False,False
8000000,965,2,1,0,0,0,0,0,0,0,0,0,0,0,0,0,0,8290.155440414508,0,0.002072538860103627,False,False,False,False,False,True,False,False,False,False,False,False,False,False,False
9600000,1223,2,1,0,0,0,0,0,0,0,0,0,0,0,0,0,0,7849.550286181521,0,0.001635322976287817,False,False,False,False,False,True,False,False,False,False,False,False,False,False,False
3667000,4010,3,1,0,0,0,0,0,0,0,0,0,0,0,0,0,0,914.4638403990025,0,0.0007481296758104738,False,False,False,True,False,False,False,False,False,False,False,False,False,False,False
5200000,2320,2,1,0,0,0,0,0,0,0,0,0,0,0,0,0,0,2241.3793103448274,0,0.0008620689655172414,False,False,False,True,False,False,False,False,False,False,False,False,False,False,False
5712000,2210,2,1,0,0,0,0,0,0,0,0,0,0,0,0,0,0,2584.6153846153848,0,0.0009049773755656109,False,False,False,False,False,True,False,False,False,False,False,False,False,False,False
3250000,1160,2,1,0,0,0,0,0,0,0,0,0,0,0,0,0,0,2801.7241379310344,0,0.0017241379310344827,False,False,False,True,False,False,False,False,False,False,False,False,False,False,False
7100000,1000,2,1,0,0,0,0,0,0,0,0,0,0,0,0,0,0,7100.0,0,0.002,False,False,False,True,False,False,False,False,False,False,False,False,False,False,False
2300000,2423,2,1,0,0,0,0,0,0,0,0,0,0,0,0,0,0,949.2364836978952,0,0.0008254230293025176,False,False,False,False,False,True,False,False,False,False,False,False,False,False,False
3500000,450,1,1,0,0,0,0,0,0,0,0,0,0,0,0,0,0,7777.777777777777,0,0.0022222222222222222,False,False,False,False,False,False,False,False,False,False,False,False,False,True,False
2500000,630,2,1,0,0,0,0,0,0,0,0,0,0,0,0,0,0,3968.253968253968,0,0.0031746031746031746,False,False,False,False,False,True,False,False,False,False,False,False,False,False,False
2000000,450,1,1,0,0,0,0,0,0,0,0,0,0,0,0,0,0,4444.444444444444,0,0.0022222222222222222,False,False,False,False,False,True,False,False,False,False,False,False,False,False,False
2000000,450,1,1,0,0,0,0,0,0,0,0,0,0,0,0,0,0,4444.444444444444,0,0.0022222222222222222,False,False,False,False,False,True,False,False,False,False,False,False,False,False,False
5000000,450,1,1,0,0,0,0,0,0,0,0,0,0,0,0,0,0,11111.111111111111,0,0.0022222222222222222,False,False,False,False,False,True,False,False,False,False,False,False,False,False,False
4500000,1000,3,0,0,0,0,0,0,0,0,0,0,0,0,0,0,0,4500.0,0,0.003,False,False,False,False,False,False,False,False,False,False,False,False,False,True,False
2100000,900,3,0,0,0,0,0,0,0,0,0,0,0,0,0,0,0,2333.3333333333335,0,0.0033333333333333335,False,False,False,False,False,False,False,False,False,False,False,False,False,True,False
2000000,500,2,0,0,0,0,0,0,0,0,0,0,0,0,0,0,0,4000.0,0,0.004,False,False,False,False,False,False,False,False,False,False,False,False,False,True,False
6000000,520,2,0,0,0,0,0,0,0,0,0,0,0,0,0,0,0,11538.461538461539,0,0.0038461538461538464,False,False,False,False,False,False,False,False,False,False,False,False,False,True,False
2200000,1050,3,0,0,0,0,0,0,0,0,0,0,0,0,0,0,0,2095.2380952380954,0,0.002857142857142857,False,False,False,False,False,False,False,False,False,False,False,False,False,True,False
6500000,510,2,0,0,0,0,0,0,0,0,0,0,0,0,0,0,0,12745.098039215687,0,0.00392156862745098,False,False,False,False,False,False,False,False,False,False,False,False,False,True,False
3500000,1100,3,0,0,0,0,0,0,0,0,0,0,0,0,0,0,0,3181.818181818182,0,0.0027272727272727275,False,False,False,False,False,False,False,False,False,False,False,False,False,True,False
3100000,800,3,0,0,0,0,0,0,0,0,0,0,0,0,0,0,0,3875.0,0,0.00375,False,False,False,False,False,False,False,False,False,False,False,False,False,True,False
2800000,750,3,0,0,0,0,0,0,0,0,0,0,0,0,0,0,0,3733.3333333333335,0,0.004,False,False,False,False,False,False,False,False,False,False,False,False,False,True,False
4500000,600,2,0,0,0,0,0,0,0,0,0,0,0,0,0,0,0,7500.0,0,0.0033333333333333335,False,False,False,False,False,False,False,False,False,False,False,False,False,True,False
13500000,900,3,0,0,0,0,0,0,0,0,0,0,0,0,0,0,0,15000.0,0,0.0033333333333333335,False,False,False,False,False,False,False,False,False,False,False,False,False,True,False
20000000,1800,3,0,0,0,0,0,0,0,0,0,0,0,0,0,0,0,11111.111111111111,0,0.0016666666666666668,False,False,False,False,False,False,True,False,False,False,False,False,False,False,False
10000000,1900,3,1,0,0,0,0,0,0,0,0,0,0,0,0,0,0,5263.1578947368425,0,0.0015789473684210526,False,False,False,False,False,True,False,False,False,False,False,False,False,False,False
2800000,750,3,1,0,0,0,0,0,0,0,0,0,0,0,0,0,0,3733.3333333333335,0,0.004,False,False,False,False,False,True,False,False,False,False,False,False,False,False,False
4500000,750,2,1,0,0,0,0,0,0,0,0,0,0,0,0,0,0,6000.0,0,0.0026666666666666666,False,False,False,False,False,True,False,False,False,False,False,False,False,False,False
3700000,900,3,1,0,0,0,0,0,0,0,0,0,0,0,0,0,0,4111.111111111111,0,0.0033333333333333335,False,False,False,False,False,True,False,False,False,False,False,False,False,False,False
3700000,900,3,1,0,0,0,0,0,0,0,0,0,0,0,0,0,0,4111.111111111111,0,0.0033333333333333335,False,False,False,False,False,True,False,False,False,False,False,False,False,False,False
23500000,900,3,1,0,0,0,0,0,0,0,0,0,0,0,0,0,0,26111.11111111111,0,0.0033333333333333335,False,False,False,False,False,True,False,False,False,False,False,False,False,False,False
30000000,2000,3,1,0,0,0,0,0,0,0,0,0,0,0,0,0,0,15000.0,0,0.0015,False,False,False,False,False,False,False,False,False,False,False,False,False,False,True
5400000,978,2,1,0,0,0,0,0,0,0,0,0,0,0,0,0,0,5521.472392638037,0,0.002044989775051125,False,False,False,False,False,True,False,False,False,False,False,False,False,False,False
16500000,900,3,0,0,0,0,0,0,0,0,0,0,0,0,0,0,0,18333.333333333332,0,0.0033333333333333335,False,False,False,False,False,True,False,False,False,False,False,False,False,False,False
5800000,1400,4,0,0,0,0,0,0,0,0,0,0,0,0,0,0,0,4142.857142857143,0,0.002857142857142857,False,False,False,False,False,True,False,False,False,False,False,False,False,False,False
4600000,704,2,0,0,0,0,0,0,0,0,0,0,0,0,0,0,0,6534.090909090909,0,0.002840909090909091,False,False,False,False,False,True,False,False,False,False,False,False,False,False,False
3800000,572,2,0,0,0,0,0,0,0,0,0,0,0,0,0,0,0,6643.356643356643,0,0.0034965034965034965,False,False,False,False,False,True,False,False,False,False,False,False,False,False,False
28000000,450,2,0,0,0,0,0,0,0,0,0,0,0,0,0,0,0,62222.22222222222,0,0.0044444444444444444,False,False,False,False,False,True,False,False,False,False,False,False,False,False,False
11500000,2250,4,0,0,0,0,0,0,0,0,0,0,0,0,0,0,0,5111.111111111111,0,0.0017777777777777779,False,False,False,False,False,True,False,False,False,False,False,False,False,False,False
16500000,1125,3,0,0,0,0,0,0,0,0,0,0,0,0,0,0,0,14666.666666666666,0,0.0026666666666666666,False,False,False,False,False,True,False,False,False,False,False,False,False,False,False
5800000,1400,4,0,0,0,0,0,0,0,0,0,0,0,0,0,0,0,4142.857142857143,0,0.002857142857142857,False,False,False,False,False,True,False,False,False,False,False,False,False,False,False
4600000,704,2,0,0,0,0,0,0,0,0,0,0,0,0,0,0,0,6534.090909090909,0,0.002840909090909091,False,False,False,False,False,True,False,False,False,False,False,False,False,False,False
3800000,572,2,0,0,0,0,0,0,0,0,0,0,0,0,0,0,0,6643.356643356643,0,0.0034965034965034965,False,False,False,False,False,True,False,False,False,False,False,False,False,False,False
28000000,450,2,0,0,0,0,0,0,0,0,0,0,0,0,0,0,0,62222.22222222222,0,0.0044444444444444444,False,False,False,False,False,True,False,False,False,False,False,False,False,False,False
11500000,2250,4,0,0,0,0,0,0,0,0,0,0,0,0,0,0,0,5111.111111111111,0,0.0017777777777777779,False,False,False,False,False,True,False,False,False,False,False,False,False,False,False
3400000,1125,3,0,0,0,0,0,0,0,0,0,0,0,0,0,0,0,3022.222222222222,0,0.0026666666666666666,False,False,False,False,False,True,False,False,False,False,False,False,False,False,False
2800000,400,1,0,0,0,0,0,0,0,0,0,0,0,0,0,0,0,7000.0,0,0.0025,False,False,False,False,False,True,False,False,False,False,False,False,False,False,False
7500000,350,1,0,0,0,0,0,0,0,0,0,0,0,0,0,0,0,21428.571428571428,0,0.002857142857142857,False,False,False,False,False,True,False,False,False,False,False,False,False,False,False
5600000,800,3,0,0,0,0,0,0,0,0,0,0,0,0,0,0,0,7000.0,0,0.00375,False,False,False,False,False,True,False,False,False,False,False,False,False,False,False
5100000,750,3,0,0,0,0,0,0,0,0,0,0,0,0,0,0,0,6800.0,0,0.004,False,False,False,False,False,True,False,False,False,False,False,False,False,False,False
3100000,1125,2,1,0,0,0,0,0,0,0,0,0,0,0,0,0,0,2755.5555555555557,0,0.0017777777777777779,False,False,False,False,False,True,False,False,False,False,False,False,False,False,False
2299000,600,3,0,0,0,0,0,0,0,0,0,0,0,0,0,0,0,3831.6666666666665,0,0.005,False,True,False,False,False,False,False,False,False,False,False,False,False,False,False
2600000,540,2,0,0,0,0,0,0,0,0,0,0,0,0,0,0,0,4814.814814814815,0,0.003703703703703704,False,False,False,False,False,False,False,False,False,False,False,False,False,True,False
35000000,630,2,0,0,0,0,0,0,0,0,0,0,0,0,0,0,0,55555.555555555555,0,0.0031746031746031746,False,False,False,False,False,False,False,False,False,False,False,False,False,True,False
2224000,2300,4,1,0,0,0,0,0,0,0,0,0,0,0,0,0,0,966.9565217391304,0,0.0017391304347826088,False,False,False,False,False,False,False,False,False,False,False,False,False,False,True
2700000,800,2,1,0,0,0,0,0,0,0,0,0,0,0,0,0,0,3375.0,0,0.0025,False,False,False,True,False,False,False,False,False,False,False,False,False,False,False
2100000,1000,3,1,0,0,0,0,0,0,0,0,0,0,0,0,0,0,2100.0,0,0.003,False,False,False,True,False,False,False,False,False,False,False,False,False,False,False
2716000,800,2,1,0,0,0,0,0,0,0,0,0,0,0,0,0,0,3395.0,0,0.0025,False,False,False,True,False,False,False,False,False,False,False,False,False,False,False
3500000,1000,3,1,0,0,0,0,0,0,0,0,0,0,0,0,0,0,3500.0,0,0.003,False,False,False,True,False,False,False,False,False,False,False,False,False,False,False
3200000,760,2,1,0,0,0,0,0,0,0,0,0,0,0,0,0,0,4210.526315789473,0,0.002631578947368421,False,False,False,False,False,True,False,False,False,False,False,False,False,False,False
2250000,760,2,1,0,0,0,0,0,0,0,0,0,0,0,0,0,0,2960.5263157894738,0,0.002631578947368421,False,False,False,False,False,True,False,False,False,False,False,False,False,False,False
11500000,900,2,1,0,0,0,0,0,0,0,0,0,0,0,0,0,0,12777.777777777777,0,0.0022222222222222222,False,False,False,False,False,True,False,False,False,False,False,False,False,False,False
2450000,1125,4,1,0,0,0,0,0,0,0,0,0,0,0,0,0,0,2177.777777777778,0,0.0035555555555555557,False,False,False,False,False,True,False,False,False,False,False,False,False,False,False
5712000,965,2,1,0,0,0,0,0,0,0,0,0,0,0,0,0,0,5919.170984455958,0,0.002072538860103627,False,False,False,False,False,True,False,False,False,False,False,False,False,False,False
2450000,1220,2,1,0,0,0,0,0,0,0,0,0,0,0,0,0,0,2008.1967213114754,0,0.001639344262295082,False,False,False,False,False,True,False,False,False,False,False,False,False,False,False
32000000,2412,2,1,0,0,0,0,0,0,0,0,0,0,0,0,0,0,13266.998341625207,0,0.0008291873963515755,False,False,False,False,False,True,False,False,False,False,False,False,False,False,False
5712000,2620,2,1,0,0,0,0,0,0,0,0,0,0,0,0,0,0,2180.1526717557254,0,0.0007633587786259542,False,False,False,False,False,True,False,False,False,False,False,False,False,False,False
9200000,1190,2,1,0,0,0,0,0,0,0,0,0,0,0,0,0,0,7731.09243697479,0,0.0016806722689075631,False,False,False,True,False,False,False,False,False,False,False,False,False,False,False
5712000,2312,2,1,0,0,0,0,0,0,0,0,0,0,0,0,0,0,2470.5882352941176,0,0.0008650519031141869,False,False,False,False,False,True,False,False,False,False,False,False,False,False,False
6950000,2031,2,1,0,0,0,0,0,0,0,0,0,0,0,0,0,0,3421.9596258000984,0,0.0009847365829640572,False,False,False,True,False,False,False,False,False,False,False,False,False,False,False
2550000,1275,3,1,0,0,0,0,0,0,0,0,0,0,0,0,0,0,2000.0,0,0.002352941176470588,False,False,False,False,False,True,False,False,False,False,False,False,False,False,False
4900000,600,2,0,0,0,0,0,0,0,0,0,0,0,0,0,0,0,8166.666666666667,0,0.0033333333333333335,False,False,False,False,False,False,False,False,False,False,False,False,False,True,False
2450000,900,3,1,0,0,0,0,0,0,0,0,0,0,0,0,0,0,2722.222222222222,0,0.0033333333333333335,False,False,False,False,False,True,False,False,False,False,False,False,False,False,False
3800000,530,2,0,0,0,0,0,0,0,0,0,0,0,0,0,0,0,7169.811320754717,0,0.0037735849056603774,False,False,False,False,False,False,False,False,False,False,False,False,False,True,False
5000000,900,3,0,0,0,0,0,0,0,0,0,0,0,0,0,0,0,5555.555555555556,0,0.0033333333333333335,False,False,False,False,False,False,False,False,False,False,False,False,False,True,False
11600000,900,3,1,0,0,0,0,0,0,0,0,0,0,0,0,0,0,12888.888888888889,0,0.0033333333333333335,False,False,False,False,False,True,False,False,False,False,False,False,False,False,False
4800000,1050,2,1,0,0,0,0,0,0,0,0,0,0,0,0,0,0,4571.428571428572,0,0.0019047619047619048,False,False,False,False,False,True,False,False,False,False,False,False,False,False,False
16500000,900,3,1,0,0,0,0,0,0,0,0,0,0,0,0,0,0,18333.333333333332,0,0.0033333333333333335,False,False,False,False,False,True,False,False,False,False,False,False,False,False,False
2400000,1400,4,0,0,0,0,0,0,0,0,0,0,0,0,0,0,0,1714.2857142857142,0,0.002857142857142857,False,False,False,False,False,True,False,False,False,False,False,False,False,False,False
2500000,450,2,0,0,0,0,0,0,0,0,0,0,0,0,0,0,0,5555.555555555556,0,0.0044444444444444444,False,False,False,False,False,True,False,False,False,False,False,False,False,False,False
3200000,600,2,0,0,0,0,0,0,0,0,0,0,0,0,0,0,0,5333.333333333333,0,0.0033333333333333335,False,False,False,False,False,False,False,False,False,False,False,False,False,True,False
2250000,800,3,0,0,0,0,0,0,0,0,0,0,0,0,0,0,0,2812.5,0,0.00375,False,False,False,False,False,False,False,False,False,False,False,False,False,True,False
2450000,550,2,0,0,0,0,0,0,0,0,0,0,0,0,0,0,0,4454.545454545455,0,0.0036363636363636364,False,False,False,False,False,False,False,False,False,False,False,False,False,True,False
2700000,530,2,0,0,0,0,0,0,0,0,0,0,0,0,0,0,0,5094.33962264151,0,0.0037735849056603774,False,False,False,False,False,False,False,False,False,False,False,False,False,True,False
14000000,600,2,0,0,0,0,0,0,0,0,0,0,0,0,0,0,0,23333.333333333332,0,0.0033333333333333335,False,False,False,False,False,False,False,False,False,False,False,False,False,True,False
13500000,1100,2,1,0,0,0,0,0,0,0,0,0,0,0,0,0,0,12272.727272727272,0,0.0018181818181818182,False,False,False,False,False,True,False,False,False,False,False,False,False,False,False
4900000,1100,2,1,0,0,0,0,0,0,0,0,0,0,0,0,0,0,4454.545454545455,0,0.0018181818181818182,False,False,False,False,False,True,False,False,False,False,False,False,False,False,False
2400000,900,3,1,0,0,0,0,0,0,0,0,0,0,0,0,0,0,2666.6666666666665,0,0.0033333333333333335,False,False,False,False,False,True,False,False,False,False,False,False,False,False,False
3500000,530,2,0,0,0,0,0,0,0,0,0,0,0,0,0,0,0,6603.773584905661,0,0.0037735849056603774,False,False,False,False,False,False,False,False,False,False,False,False,False,True,False
3500000,800,3,0,0,0,0,0,0,0,0,0,0,0,0,0,0,0,4375.0,0,0.00375,False,False,False,False,False,False,False,False,False,False,False,False,False,True,False
16500000,900,3,0,0,0,0,0,0,0,0,0,0,0,0,0,0,0,18333.333333333332,0,0.0033333333333333335,False,False,False,False,False,False,False,False,False,False,False,False,False,True,False
2400000,1400,4,0,0,0,0,0,0,0,0,0,0,0,0,0,0,0,1714.2857142857142,0,0.002857142857142857,False,False,False,False,False,True,False,False,False,False,False,False,False,False,False
6800000,450,2,0,0,0,0,0,0,0,0,0,0,0,0,0,0,0,15111.111111111111,0,0.0044444444444444444,False,False,False,False,False,True,False,False,False,False,False,False,False,False,False
6000000,800,2,0,0,0,0,0,0,0,0,0,0,0,0,0,0,0,7500.0,0,0.0025,False,False,False,False,False,True,False,False,False,False,False,False,False,False,False
8000000,700,2,0,0,0,0,0,0,0,0,0,0,0,0,0,0,0,11428.57142857143,0,0.002857142857142857,False,False,False,False,False,True,False,False,False,False,False,False,False,False,False
4800000,850,3,0,0,0,0,0,0,0,0,0,0,0,0,0,0,0,5647.058823529412,0,0.0035294117647058825,False,False,False,False,False,True,False,False,False,False,False,False,False,False,False
5500000,810,3,1,0,0,0,0,0,0,0,0,0,0,0,0,0,0,6790.123456790124,0,0.003703703703703704,False,False,False,False,False,True,False,False,False,False,False,False,False,False,False
2400000,900,3,1,0,0,0,0,0,0,0,0,0,0,0,0,0,0,2666.6666666666665,0,0.0033333333333333335,False,False,False,False,False,False,False,False,False,False,False,False,False,True,False
2400000,450,2,1,0,0,0,0,0,0,0,0,0,0,0,0,0,0,5333.333333333333,0,0.0044444444444444444,False,False,False,False,False,True,False,False,False,False,False,False,False,False,False
2400000,495,2,1,0,0,0,0,0,0,0,0,0,0,0,0,0,0,4848.484848484848,0,0.00404040404040404,False,False,False,False,False,True,False,False,False,False,False,False,False,False,False
3300000,495,2,1,0,0,0,0,0,0,0,0,0,0,0,0,0,0,6666.666666666667,0,0.00404040404040404,False,False,False,False,False,True,False,False,False,False,False,False,False,False,False
2450000,760,3,0,0,0,0,0,0,0,0,0,0,0,0,0,0,0,3223.684210526316,0,0.003947368421052632,False,False,False,False,False,False,False,False,False,False,False,False,False,True,False
3500000,600,2,0,0,0,0,0,0,0,0,0,0,0,0,0,0,0,5833.333333333333,0,0.0033333333333333335,False,False,False,False,False,False,False,False,False,False,False,False,False,True,False
3300000,750,3,0,0,0,0,0,0,0,0,0,0,0,0,0,0,0,4400.0,0,0.004,False,False,False,False,False,False,False,False,False,False,False,False,False,True,False
2250000,800,3,0,0,0,0,0,0,0,0,0,0,0,0,0,0,0,2812.5,0,0.00375,False,False,False,False,False,False,False,False,False,False,False,False,False,True,False
3150000,600,2,0,0,0,0,0,0,0,0,0,0,0,0,0,0,0,5250.0,0,0.0033333333333333335,False,False,False,False,False,False,False,False,False,False,False,False,False,True,False
2450000,760,3,0,0,0,0,0,0,0,0,0,0,0,0,0,0,0,3223.684210526316,0,0.003947368421052632,False,False,False,False,False,False,False,False,False,False,False,False,False,True,False
3250000,580,2,0,0,0,0,0,0,0,0,0,0,0,0,0,0,0,5603.448275862069,0,0.0034482758620689655,False,False,False,False,False,False,False,False,False,False,False,False,False,True,False
2500000,760,3,0,0,0,0,0,0,0,0,0,0,0,0,0,0,0,3289.4736842105262,0,0.003947368421052632,False,False,False,False,False,False,False,False,False,False,False,False,False,True,False
2500000,600,2,0,0,0,0,0,0,0,0,0,0,0,0,0,0,0,4166.666666666667,0,0.0033333333333333335,False,False,False,False,False,False,False,False,False,False,False,False,False,True,False
3500000,600,2,0,0,0,0,0,0,0,0,0,0,0,0,0,0,0,5833.333333333333,0,0.0033333333333333335,False,False,False,False,False,False,False,False,False,False,False,False,False,True,False
2400000,800,3,0,0,0,0,0,0,0,0,0,0,0,0,0,0,0,3000.0,0,0.00375,False,False,False,False,False,False,False,False,False,False,False,False,False,True,False
2450000,580,2,0,0,0,0,0,0,0,0,0,0,0,0,0,0,0,4224.137931034483,0,0.0034482758620689655,False,False,False,False,False,False,False,False,False,False,False,False,False,True,False
3300000,600,2,0,0,0,0,0,0,0,0,0,0,0,0,0,0,0,5500.0,0,0.0033333333333333335,False,False,False,False,False,False,False,False,False,False,False,False,False,True,False
2500000,750,3,0,0,0,0,0,0,0,0,0,0,0,0,0,0,0,3333.3333333333335,0,0.004,False,False,False,False,False,False,False,False,False,False,False,False,False,True,False
2250000,600,2,0,0,0,0,0,0,0,0,0,0,0,0,0,0,0,3750.0,0,0.0033333333333333335,False,False,False,False,False,False,False,False,False,False,False,False,False,True,False
2450000,600,2,0,0,0,0,0,0,0,0,0,0,0,0,0,0,0,4083.3333333333335,0,0.0033333333333333335,False,False,False,False,False,False,False,False,False,False,False,False,False,True,False
3600000,600,2,0,0,0,0,0,0,0,0,0,0,0,0,0,0,0,6000.0,0,0.0033333333333333335,False,False,False,False,False,False,False,False,False,False,False,False,False,True,False
3300000,750,3,0,0,0,0,0,0,0,0,0,0,0,0,0,0,0,4400.0,0,0.004,False,False,False,False,False,False,False,False,False,False,False,False,False,True,False
2550000,800,3,0,0,0,0,0,0,0,0,0,0,0,0,0,0,0,3187.5,0,0.00375,False,False,False,False,False,False,False,False,False,False,False,False,False,True,False
3200000,600,2,0,0,0,0,0,0,0,0,0,0,0,0,0,0,0,5333.333333333333,0,0.0033333333333333335,False,False,False,False,False,False,False,False,False,False,False,False,False,True,False
2300000,750,3,0,0,0,0,0,0,0,0,0,0,0,0,0,0,0,3066.6666666666665,0,0.004,False,False,False,False,False,False,False,False,False,False,False,False,False,True,False
18000000,600,2,0,0,0,0,0,0,0,0,0,0,0,0,0,0,0,30000.0,0,0.0033333333333333335,False,False,False,False,False,False,False,False,False,False,False,False,False,True,False
18000000,3500,4,0,0,0,0,0,0,0,0,0,0,0,0,0,0,0,5142.857142857143,0,0.001142857142857143,False,False,False,False,False,True,False,False,False,False,False,False,False,False,False
16500000,1900,3,1,0,0,0,0,0,0,0,0,0,0,0,0,0,0,8684.21052631579,0,0.0015789473684210526,False,False,False,False,False,False,False,False,False,True,False,False,False,False,False
18500000,1800,3,1,0,0,0,0,0,0,0,0,0,0,0,0,0,0,10277.777777777777,0,0.0016666666666666668,False,False,False,False,False,True,False,False,False,False,False,False,False,False,False
15000000,1800,3,1,0,0,0,0,0,0,0,0,0,0,0,0,0,0,8333.333333333334,0,0.0016666666666666668,False,False,False,False,False,True,False,False,False,False,False,False,False,False,False
15500000,1800,3,1,0,0,0,0,0,0,0,0,0,0,0,0,0,0,8611.111111111111,0,0.0016666666666666668,False,False,False,False,False,True,False,False,False,False,False,False,False,False,False
15000000,1700,3,1,0,0,0,0,0,0,0,0,0,0,0,0,0,0,8823.529411764706,0,0.0017647058823529412,False,False,False,False,False,False,False,True,False,False,False,False,False,False,False
2700000,1800,3,1,0,0,0,0,0,0,0,0,0,0,0,0,0,0,1500.0,0,0.0016666666666666668,False,False,False,False,False,False,False,False,True,False,False,False,False,False,False
13500000,562,2,1,0,0,0,0,0,0,0,0,0,0,0,0,0,0,24021.35231316726,0,0.0035587188612099642,False,False,False,False,False,False,False,False,False,False,False,False,False,True,False
2500000,950,2,1,0,0,0,0,0,0,0,0,0,0,0,0,0,0,2631.5789473684213,0,0.002105263157894737,False,False,False,False,False,False,False,False,False,False,False,False,False,False,True
15000000,540,2,1,0,0,0,0,0,0,0,0,0,0,0,0,0,0,27777.777777777777,0,0.003703703703703704,False,False,False,False,False,True,False,False,False,False,False,False,False,False,False
2500000,1100,3,1,0,0,0,0,0,0,0,0,0,0,0,0,0,0,2272.7272727272725,0,0.0027272727272727275,False,False,False,False,False,True,False,False,False,False,False,False,False,False,False
2500000,540,2,1,0,0,0,0,0,0,0,0,0,0,0,0,0,0,4629.62962962963,0,0.003703703703703704,False,False,False,False,False,True,False,False,False,False,False,False,False,False,False
3000000,540,2,1,0,0,0,0,0,0,0,0,0,0,0,0,0,0,5555.555555555556,0,0.003703703703703704,False,False,False,False,False,True,False,False,False,False,False,False,False,False,False
2600000,415,1,1,0,0,0,0,0,0,0,0,0,0,0,0,0,0,6265.060240963855,0,0.0024096385542168677,False,False,False,False,False,True,False,False,False,False,False,False,False,False,False
5500000,415,1,1,0,0,0,0,0,0,0,0,0,0,0,0,0,0,13253.012048192772,0,0.0024096385542168677,False,False,False,False,False,True,False,False,False,False,False,False,False,False,False
4200000,900,3,1,0,0,0,0,0,0,0,0,0,0,0,0,0,0,4666.666666666667,0,0.0033333333333333335,False,False,False,False,False,False,False,False,False,False,False,False,False,True,False
